# lod20022 — tools/dat-extract layout 이 만든다. 손으로 고치지 말 것.
size 100 100
blocked
####################################################################################################
#...................................................................................................
#...................................................................................................
#...................................................................................................
#..............#....................................................................................
#...................................................................................................
#...............##..................................................................................
#...............#...................................................................................
#...................................................................................................
#...................................................................................................
#...................................................................................................
#...................................................................................#...............
#...................................................................................#...............
#..................................................................................##...............
#..................................................................................##...............
#..................................................................................#................
#..................................................................................#................
#...................................................................................................
#...................................................................................................
#...................................................................................................
#...................................................................................................
#...................................................................................................
#...................................................................................................
#...................................................................................................
#...................................................................................................
#...................................................................................................
#...................................................................................................
#...................................................................................................
#..................................##...............................................................
#.................................####..............................................................
#.................................##................................................................
#......................#.................................##.........................................
#.....................###................................#..........................................
#......................#............................................................................
#.......................................................................................##..........
#......................................................................................###..........
#......................................................................................##...........
#...................................................................................................
#...................................................................................................
#...................................................................................................
#...................................................................................................
#...................................................................................................
#...................................................................................................
#............................................................###....................................
#...................................................................................................
#...................................................................................................
#...................................................................................................
#............###....................................................................................
#............#......................................................................................
#...................................................................................................
#...................................................................................................
#...................................................................................................
#...................................................................................................
#............................................###....................................................
#.............................................#.....................................................
#.............................................#.....................................................
#.............................................#.....................................................
#.............................................#.....................................................
#...................................................................................................
#...................................................................................................
#......#........................##..................................................................
#......#........................###.................................................................
#......##........................#..................................................................
#......#............................................................................................
#...................................................................................................
#...................................................................................................
#...............................................................................#...................
#..............................................................................##..........#........
#..........................................................................................#........
#..........................................................................................#........
#..........................................................................................#........
#...................................................................................................
#...................................................................................................
#...................................................................................................
#...................................................................................................
#...................................................................................................
#...................................................................................................
#...................................................................................................
#...................................................................................................
#...................................................................................................
#......................................................###..........................................
#.......................................................##..........................................
#...................................................................................................
#...................................................................................................
#...................................................................................................
#...................................................................................................
#...................................................................................................
#...................................................................................................
#..........##.......................................................................................
#.........###.......................................................................................
#..........#........................................................................................
#...................................................................................................
#...................................................................................................
#...................................................................................................
#...................................#..............................................#................
#...................................##............................................###...............
#...................................#.............................................###...............
#...................................#...............................................................
#...................................................................................................
#...................................................................................................
floor
0 0 0 0 0 0 0 0 0 0 0 0 0 0 0 0 0 0 0 0 0 0 0 0 0 0 0 0 0 0 0 0 0 0 0 0 0 0 0 0 0 0 0 0 0 0 0 0 0 0 0 0 0 0 0 0 0 0 0 0 0 0 0 0 0 0 0 0 0 0 0 0 0 0 0 0 0 0 0 0 0 0 0 0 0 0 0 0 0 0 0 0 0 0 0 0 0 0 0 0
0 14469 14479 14489 14493 14496 14499 14502 14505 14508 14511 14514 14517 14520 14523 14526 14530 14533 14536 14539 14542 14545 14548 14551 14554 14469 14469 14479 14489 14493 14496 14499 14502 14505 14508 14511 14514 14517 14520 14523 14526 14530 14533 14536 14539 14542 14545 14548 14551 14554 14469 14469 14479 14489 14493 14496 14499 14502 14505 14508 14511 14514 14517 14520 14523 14526 14530 14533 14536 14539 14542 14545 14548 14551 14554 14469 14469 14479 14489 14493 14496 14499 14502 14505 14508 14511 14514 14517 14520 14523 14526 14530 14533 14536 14539 14542 14545 14548 14551 14554
0 14468 14478 14488 14492 14495 14498 14501 14504 14507 14510 14513 14516 14519 14522 14525 14529 14532 14535 14538 14541 14544 14547 14550 14492 14495 14468 14478 14488 14492 14495 14498 14501 14504 14507 14510 14513 14516 14519 14522 14525 14529 14532 14535 14538 14541 14544 14547 14550 14492 14495 14468 14478 14488 14492 14495 14498 14501 14504 14507 14510 14513 14516 14519 14522 14525 14529 14532 14535 14538 14541 14544 14547 14550 14492 14495 14468 14478 14488 14492 14495 14498 14501 14504 14507 14510 14513 14516 14519 14522 14525 14529 14532 14535 14538 14541 14544 14547 14550 14492
0 14467 14477 14487 14491 14494 14497 14500 14503 14506 14509 14512 14515 14518 14521 14524 14528 14531 14534 14537 14540 14543 14546 14549 14491 14494 14467 14477 14487 14491 14494 14497 14500 14503 14506 14509 14512 14515 14518 14521 14524 14528 14531 14534 14537 14540 14543 14546 14549 14491 14494 14467 14477 14487 14491 14494 14497 14500 14503 14506 14509 14512 14515 14518 14521 14524 14528 14531 14534 14537 14540 14543 14546 14549 14491 14494 14543 14546 14487 14491 14494 14497 14500 14503 14506 14509 14512 14515 14518 14521 14524 14528 14531 14534 14537 14540 14543 14546 14549 14491
0 14466 14476 14486 14403 14407 14411 14415 14403 14407 14411 14415 14403 14407 14411 14415 14403 14407 14411 14415 14403 14407 14411 14415 14403 14407 14411 14415 14403 14407 14411 14415 14403 14407 14411 14415 14403 14407 14411 14415 14403 14407 14411 14415 14403 14407 14411 14415 14403 14407 14411 14415 14403 14407 14411 14415 14403 14407 14411 14415 14403 14407 14411 14415 14403 14407 14411 14415 14403 14407 14411 14415 14403 14407 14411 14415 14403 14407 14411 14415 14403 14407 14411 14415 14403 14407 14411 14415 14403 14407 14411 14415 14403 14407 14411 14415 14403 14407 14411 14415
0 14465 14475 14485 14402 14406 14410 14414 14402 14406 14410 14414 14402 14406 14410 14414 14402 14406 14410 14414 14402 14406 14410 14414 14402 14406 14410 14414 14402 14406 14410 14414 14402 14406 14410 14414 14402 14406 14410 14414 14402 14406 14410 14414 14402 14406 14410 14414 14402 14406 14410 14414 14402 14406 14410 14414 14402 14406 14410 14414 14402 14406 14410 14414 14402 14406 14410 14414 14402 14406 14410 14414 14402 14406 14410 14414 14402 14406 14410 14414 14402 14406 14410 14414 14402 14406 14410 14414 14402 14406 14410 14414 14402 14406 14410 14414 14402 14406 14410 14414
0 14464 14474 14484 14401 14405 14409 14413 14401 14405 14409 14413 14401 14405 14409 14413 14401 14405 14409 14413 14401 14405 14409 14413 14401 14405 14409 14413 14401 14405 14409 14413 14401 14405 14409 14413 14401 14405 14409 14413 14401 14405 14409 14413 14401 14405 14409 14413 14401 14405 14409 14413 14401 14405 14409 14413 14401 14405 14409 14413 14401 14405 14409 14413 14401 14405 14409 14413 14401 14405 14409 14413 14401 14405 14409 14413 14401 14405 14409 14413 14401 14405 14409 14413 14401 14405 14409 14413 14401 14405 14409 14413 14401 14405 14409 14413 14401 14405 14409 14413
0 14463 14473 14483 14400 14404 14408 14412 14400 14404 14408 14412 14400 14404 14408 14412 14400 14404 14408 14412 14400 14404 14408 14412 14400 14404 14408 14412 14400 14404 14408 14412 14400 14404 14408 14412 14400 14404 14408 14412 14400 14404 14408 14412 14400 14404 14408 14412 14400 14404 14408 14412 14400 14404 14408 14412 14400 14404 14408 14412 14400 14404 14408 14412 14400 14404 14408 14412 14400 14404 14408 14412 14400 14404 14408 14412 14400 14404 14408 14412 14400 14404 14408 14412 14400 14404 14408 14412 14400 14404 14408 14412 14400 14404 14408 14412 14400 14404 14408 14412
0 14462 14472 14482 14403 14407 14411 14415 14403 14407 14411 14415 14403 14407 14411 14415 14403 14407 14411 14415 14403 14407 14411 14415 14403 14407 14411 14415 14403 14407 14411 14415 14403 14407 14411 14415 14403 14407 14411 14415 14403 14407 14411 14415 14403 14407 14411 14415 14403 14407 14411 14415 14403 14407 14411 14415 14403 14407 14411 14415 14403 14407 14411 14415 14403 14407 14411 14415 14403 14407 14411 14415 14403 14407 14411 14415 14403 14407 14411 14415 14403 14407 14411 14415 14403 14407 14411 14415 14403 14407 14411 14415 14403 14407 14411 14415 14403 14407 14411 14415
0 14461 14471 14481 14402 14406 14410 14414 14402 14406 14410 14414 14402 14406 14410 14414 14402 14406 14410 14414 14402 14406 14410 14414 14402 14406 14410 14414 14402 14406 14410 14414 14402 14406 14410 14414 14402 14406 14410 14414 14402 14406 14410 14414 14402 14406 14410 14414 14402 14406 14410 14414 14402 14406 14410 14414 14402 14406 14410 14414 14402 14406 14410 14414 14402 14406 14410 14414 14402 14406 14410 14414 14402 14406 14410 14414 14402 14406 14410 14414 14402 14406 14410 14414 14402 14406 14410 14414 14402 14406 14410 14414 14402 14406 14410 14414 14402 14406 14410 14414
0 14460 14470 14480 14401 14405 14409 14413 14401 14405 14409 14413 14401 14405 14409 14413 14401 14405 14409 14413 14401 14405 14409 14413 14401 14405 14409 14760 14764 14768 14772 14840 14844 14848 14852 14840 14844 14848 14852 14808 14812 14816 14820 15016 15020 15024 15028 15048 15052 15056 15060 14840 14844 14848 14852 14808 14812 14816 14820 15016 15020 15024 15028 15048 15052 15056 15060 14792 14796 14800 14804 14413 14401 14405 14409 14413 14401 14405 14409 14413 14401 14405 14409 14413 14401 14405 14409 14413 14401 14405 14409 14413 14401 14405 14409 14413 14401 14405 14409 14413
0 14430 14444 14458 14400 14404 14408 14412 14400 14404 14408 14412 14400 14404 14408 14412 14400 14404 14408 14412 14400 14404 14408 14412 14400 14404 14408 14759 14763 14767 14771 14839 14843 14847 14851 14839 14843 14847 14851 14807 14811 14815 14819 15015 15019 15023 15027 15047 15051 15055 15059 14839 14843 14847 14851 14807 14811 14815 14819 15015 15019 15023 15027 15047 15051 15055 15059 14791 14795 14799 14803 14412 14400 14404 14408 14412 14400 14404 14408 14412 14400 14404 14408 14412 14400 14404 14408 14412 14400 14404 14408 14412 14400 14404 14408 14412 14400 14404 14408 14412
0 14429 14443 14457 14403 14407 14411 14415 14403 14407 14411 14415 14403 14407 14411 14415 14403 14407 14411 14415 14403 14407 14411 14415 14403 14407 14411 14758 14762 14766 14770 14838 14842 14846 14850 14838 14842 14846 14850 14806 14810 14814 14818 15014 15018 15022 15026 15046 15050 15054 15058 14838 14842 14846 14850 14806 14810 14814 14818 15014 15018 15022 15026 15046 15050 15054 15058 14790 14794 14798 14802 14415 14403 14407 14411 14415 14403 14407 14411 14415 14403 14407 14411 14415 14403 14407 14411 14415 14403 14407 14411 14415 14403 14407 14411 14415 14403 14407 14411 14415
0 14428 14442 14456 14402 14406 14410 14414 14402 14406 14410 14414 14402 14406 14410 14414 14402 14406 14410 14414 14402 14406 14410 14414 14402 14406 14410 14757 14761 14765 14769 14837 14841 14845 14849 14837 14841 14845 14849 14805 14809 14813 14817 15013 15017 15021 15025 15045 15049 15053 15057 14837 14841 14845 14849 14805 14809 14813 14817 15013 15017 15021 15025 15045 15049 15053 15057 14789 14793 14797 14801 14414 14402 14406 14410 14414 14402 14406 14410 14414 14402 14406 14410 14414 14402 14406 14410 14414 14402 14406 14410 14414 14402 14406 14410 14414 14402 14406 14410 14414
0 14427 14441 14455 14401 14405 14409 14760 14764 14768 14772 14840 14844 14848 14852 14840 14844 14848 14852 14808 14812 14816 14820 15016 15020 15024 15028 14728 14732 14736 14740 14696 14700 14704 14708 14856 14860 14864 14868 15000 15004 15008 15012 15032 15036 15040 15044 14824 14828 14832 14836 14856 14860 14864 14868 15000 15004 15008 15012 15032 15036 15040 15044 14712 14716 14720 14724 14872 14876 14880 14884 14413 14401 14405 14409 14413 14401 14405 14409 14413 14401 14405 14409 14413 14401 14405 14409 14413 14401 14405 14409 14413 14401 14405 14409 14413 14401 14405 14409 14413
0 14426 14440 14454 14400 14404 14408 14759 14763 14767 14771 14839 14843 14847 14851 14839 14843 14847 14851 14807 14811 14815 14819 15015 15019 15023 15027 14727 14731 14735 14739 14695 14699 14703 14707 14855 14859 14863 14867 14999 15003 15007 15011 15031 15035 15039 15043 14823 14827 14831 14835 14855 14859 14863 14867 14999 15003 15007 15011 15031 15035 15039 15043 14711 14715 14719 14723 14871 14875 14879 14883 14412 14400 14404 14408 14412 14400 14404 14408 14412 14400 14404 14408 14412 14400 14404 14408 14412 14400 14404 14408 14412 14400 14404 14408 14412 14400 14404 14408 14412
0 14425 14439 14453 14403 14407 14411 14758 14762 14766 14770 14838 14842 14846 14850 14838 14842 14846 14850 14806 14810 14814 14818 15014 15018 15022 15026 14726 14730 14734 14738 14694 14698 14702 14706 14854 14858 14862 14866 14998 15002 15006 15010 15030 15034 15038 15042 14822 14826 14830 14834 14854 14858 14862 14866 14998 15002 15006 15010 15030 15034 15038 15042 14710 14714 14718 14722 14870 14874 14878 14882 14415 14403 14407 14411 14415 14403 14407 14411 14415 14403 14407 14411 14415 14403 14407 14411 14415 14403 14407 14411 14415 14403 14407 14411 14415 14403 14407 14411 14415
0 14424 14438 14452 14402 14406 14410 14757 14761 14765 14769 14837 14841 14845 14849 14837 14841 14845 14849 14805 14809 14813 14817 15013 15017 15021 15025 14725 14729 14733 14737 14693 14697 14701 14705 14853 14857 14861 14865 14997 15001 15005 15009 15029 15033 15037 15041 14821 14825 14829 14833 14853 14857 14861 14865 14997 15001 15005 15009 15029 15033 15037 15041 14709 14713 14717 14721 14869 14873 14877 14881 14414 14402 14406 14410 14414 14402 14406 14410 14414 14402 14406 14410 14414 14402 14406 14410 14414 14402 14406 14410 14414 14402 14406 14410 14414 14402 14406 14410 14414
0 14423 14437 14451 14401 14405 14409 14920 14924 14928 14932 14696 14700 14704 14708 14856 14860 14864 14868 15000 15004 15008 15012 15032 15036 15040 15044 14824 14828 14832 14836 14776 14780 14784 14788 14403 14407 14411 14415 14403 14407 14411 14415 14403 14407 14411 14415 14403 14407 14411 14415 14403 14407 14411 14415 14403 14407 14411 14415 14403 14407 14411 14415 14904 14908 14912 14916 14680 14684 14688 14692 15060 14840 14844 14848 14852 14792 14796 14800 14804 14401 14405 14409 14413 14401 14405 14409 14413 14401 14405 14409 14413 14401 14405 14409 14413 14401 14405 14409 14413
0 14422 14436 14450 14400 14404 14408 14919 14923 14927 14931 14695 14699 14703 14707 14855 14859 14863 14867 14999 15003 15007 15011 15031 15035 15039 15043 14823 14827 14831 14835 14775 14779 14783 14787 14402 14406 14410 14414 14402 14406 14410 14414 14402 14406 14410 14414 14402 14406 14410 14414 14402 14406 14410 14414 14402 14406 14410 14414 14402 14406 14410 14414 14903 14907 14911 14915 14679 14683 14687 14691 15059 14839 14843 14847 14851 14791 14795 14799 14803 14400 14404 14408 14412 14400 14404 14408 14412 14400 14404 14408 14412 14400 14404 14408 14412 14400 14404 14408 14412
0 14421 14435 14449 14403 14407 14411 14918 14922 14926 14930 14694 14698 14702 14706 14854 14858 14862 14866 14998 15002 15006 15010 15030 15034 15038 15042 14822 14826 14830 14834 14774 14778 14782 14786 14401 14405 14409 14413 14401 14405 14409 14413 14401 14405 14409 14413 14401 14405 14409 14413 14401 14405 14409 14413 14401 14405 14409 14413 14401 14405 14409 14413 14902 14906 14910 14914 14678 14682 14686 14690 15058 14838 14842 14846 14850 14790 14794 14798 14802 14403 14407 14411 14415 14403 14407 14411 14415 14403 14407 14411 14415 14403 14407 14411 14415 14403 14407 14411 14415
0 14420 14434 14448 14402 14406 14410 14917 14921 14925 14929 14693 14697 14701 14705 14853 14857 14861 14865 14997 15001 15005 15009 15029 15033 15037 15041 14821 14825 14829 14833 14773 14777 14781 14785 14400 14404 14408 14412 14400 14404 14408 14412 14400 14404 14408 14412 14400 14404 14408 14412 14400 14404 14408 14412 14400 14404 14408 14412 14400 14404 14408 14412 14901 14905 14909 14913 14677 14681 14685 14689 15057 14837 14841 14845 14849 14789 14793 14797 14801 14402 14406 14410 14414 14402 14406 14410 14414 14402 14406 14410 14414 14402 14406 14410 14414 14402 14406 14410 14414
0 14419 14433 14447 14401 14405 14409 14920 14924 14928 14932 14968 14972 14976 14980 14403 14407 14411 14415 14403 14407 14411 14415 14403 14407 14411 14415 14403 14407 14411 14415 14403 14407 14411 14415 14403 14407 14411 14415 14403 14407 14411 14415 14403 14407 14411 14415 14403 14407 14411 14415 14403 14407 14411 14415 14403 14407 14411 14415 14403 14407 14411 14415 14744 14748 14752 14756 15044 14824 14828 14832 14836 14712 14716 14720 14724 14968 14972 14976 14980 14401 14405 14409 14413 14401 14405 14409 14413 14401 14405 14409 14413 14401 14405 14409 14413 14401 14405 14409 14413
0 14418 14432 14446 14400 14404 14408 14919 14923 14927 14931 14967 14971 14975 14979 14402 14406 14410 14414 14402 14406 14410 14414 14402 14406 14410 14414 14402 14406 14410 14414 14402 14406 14410 14414 14402 14406 14410 14414 14402 14406 14410 14414 14402 14406 14410 14414 14402 14406 14410 14414 14402 14406 14410 14414 14402 14406 14410 14414 14402 14406 14410 14414 14743 14747 14751 14755 15043 14823 14827 14831 14835 14711 14715 14719 14723 14967 14971 14975 14979 14400 14404 14408 14412 14400 14404 14408 14412 14400 14404 14408 14412 14400 14404 14408 14412 14400 14404 14408 14412
0 14417 14431 14445 14403 14407 14411 14918 14922 14926 14930 14966 14970 14974 14978 14401 14405 14409 14413 14401 14405 14409 14413 14401 14405 14409 14413 14401 14405 14409 14413 14401 14405 14409 14413 14401 14405 14409 14413 14401 14405 14409 14413 14401 14405 14409 14413 14401 14405 14409 14413 14401 14405 14409 14413 14401 14405 14409 14413 14401 14405 14409 14413 14742 14746 14750 14754 15042 14822 14826 14830 14834 14710 14714 14718 14722 14966 14970 14974 14978 14403 14407 14411 14415 14403 14407 14411 14415 14403 14407 14411 14415 14403 14407 14411 14415 14403 14407 14411 14415
0 14422 14436 14450 14402 14406 14410 14917 14921 14925 14929 14965 14969 14973 14977 14400 14404 14408 14412 14400 14404 14408 14412 14400 14404 14408 14412 14400 14404 14408 14412 14400 14404 14408 14412 14400 14404 14408 14412 14400 14404 14408 14412 14400 14404 14408 14412 14400 14404 14408 14412 14400 14404 14408 14412 14400 14404 14408 14412 14400 14404 14408 14412 14741 14745 14749 14753 15041 14821 14825 14829 14833 14709 14713 14717 14721 14965 14969 14973 14977 14402 14406 14410 14414 14402 14406 14410 14414 14402 14406 14410 14414 14402 14406 14410 14414 14402 14406 14410 14414
0 14469 14479 14486 14401 14405 14409 14936 14940 14944 14948 14984 14988 14992 14996 14403 14407 14411 14415 14403 14407 14411 14415 14403 14407 14411 14415 14403 14407 14411 14415 14403 14407 14411 14415 14403 14407 14411 14415 14403 14407 14411 14415 14403 14407 14411 14415 14403 14407 14411 14415 14403 14407 14411 14415 14403 14407 14411 14415 14403 14407 14411 14415 14403 14407 14411 14415 14403 14407 14411 14415 14403 14920 14924 14928 14932 14968 14972 14976 14980 14401 14405 14409 14413 14401 14405 14409 14413 14401 14405 14409 14413 14401 14405 14409 14413 14401 14405 14409 14413
0 14468 14478 14488 14400 14404 14408 14935 14939 14943 14947 14983 14987 14991 14995 14402 14406 14410 14414 14402 14406 14410 14414 14402 14406 14410 14414 14402 14406 14410 14414 14402 14406 14410 14414 14402 14406 14410 14414 14402 14406 14410 14414 14402 14406 14410 14414 14402 14406 14410 14414 14402 14406 14410 14414 14561 14567 14573 14579 14585 14406 14410 14414 14402 14406 14410 14414 14402 14406 14410 14414 14402 14919 14923 14927 14931 14967 14971 14975 14979 14400 14404 14408 14412 14400 14404 14408 14412 14400 14404 14408 14412 14400 14404 14408 14412 14400 14404 14408 14412
0 14467 14477 14487 14403 14407 14411 14934 14938 14942 14946 14982 14986 14990 14994 14401 14405 14409 14413 14401 14405 14621 14627 14633 14639 14645 14413 14401 14405 14409 14413 14401 14405 14409 14413 14401 14405 14409 14413 14401 14405 14409 14413 14401 14405 14409 14413 14401 14405 14409 14413 14401 14405 14409 14413 14560 14566 14572 14578 14584 14405 14409 14413 14401 14405 14409 14413 14401 14405 14409 14413 14401 14918 14922 14926 14930 14966 14970 14974 14978 14403 14407 14411 14415 14403 14407 14411 14415 14403 14407 14411 14415 14403 14407 14411 14415 14403 14407 14411 14415
0 14466 14476 14486 14402 14406 14410 14933 14937 14941 14945 14981 14985 14989 14993 14400 14404 14408 14412 14400 14404 14620 14626 14632 14638 14644 14412 14400 14404 14408 14412 14400 14404 14408 14412 14400 14404 14408 14412 14400 14404 14408 14412 14400 14404 14408 14412 14400 14404 14408 14412 14400 14404 14408 14412 14559 14565 14571 14577 14583 14404 14408 14412 14400 14404 14408 14412 14400 14404 14408 14412 14400 14917 14921 14925 14929 14965 14969 14973 14977 14402 14406 14410 14414 14402 14406 14410 14414 14402 14406 14410 14414 14402 14406 14410 14414 14402 14406 14410 14414
0 14465 14475 14485 14401 14405 14409 14952 14956 14960 14964 14888 14892 14896 14900 14403 14407 14411 14415 14403 14407 14619 14625 14631 14637 14643 14415 14403 14407 14411 14415 14403 14407 14411 14415 14403 14407 14411 14415 14403 14407 14411 14415 14403 14407 14411 14415 14403 14407 14411 14415 14403 14407 14411 14415 14558 14564 14570 14576 14582 14407 14411 14415 14403 14407 14411 14415 14403 14407 14411 14415 14403 14936 14940 14944 14948 14984 14988 14992 14996 14401 14405 14409 14413 14401 14405 14409 14413 14401 14405 14409 14413 14401 14405 14409 14413 14401 14405 14409 14413
0 14464 14474 14484 14400 14404 14408 14951 14955 14959 14963 14887 14891 14895 14899 14402 14406 14410 14414 14402 14406 14618 14624 14630 14636 14642 14414 14402 14406 14410 14414 14402 14406 14410 14414 14402 14406 14410 14414 14402 14406 14410 14414 14402 14406 14410 14414 14402 14406 14410 14414 14402 14406 14410 14414 14557 14563 14569 14575 14581 14406 14410 14414 14402 14406 14410 14414 14402 14406 14410 14414 14402 14935 14939 14943 14947 14983 14987 14991 14995 14400 14404 14408 14412 14400 14404 14408 14412 14400 14404 14408 14412 14400 14404 14408 14412 14400 14404 14408 14412
0 14463 14473 14483 14403 14407 14411 14950 14954 14958 14962 14886 14890 14894 14898 14401 14405 14409 14413 14401 14405 14617 14623 14629 14635 14641 14413 14401 14405 14409 14413 14401 14405 14409 14413 14401 14405 14409 14413 14401 14405 14409 14413 14401 14405 14409 14413 14401 14405 14409 14413 14401 14405 14409 14413 14556 14562 14568 14574 14580 14405 14409 14413 14401 14405 14409 14413 14401 14405 14409 14413 14401 14934 14938 14942 14946 14982 14986 14990 14994 14403 14407 14411 14415 14403 14407 14411 14415 14403 14407 14411 14415 14403 14407 14411 14415 14403 14407 14411 14415
0 14462 14472 14482 14402 14406 14410 14949 14953 14957 14961 14885 14889 14893 14897 14400 14404 14408 14412 14400 14404 14616 14622 14628 14634 14640 14412 14400 14404 14408 14412 14400 14404 14408 14412 14400 14404 14408 14412 14400 14404 14408 14412 14400 14404 14408 14412 14400 14404 14408 14412 14400 14404 14408 14412 14400 14404 14408 14412 14400 14404 14408 14412 14400 14404 14408 14412 14400 14404 14408 14412 14400 14933 14937 14941 14945 14981 14985 14989 14993 14402 14406 14410 14414 14402 14406 14410 14414 14402 14406 14410 14414 14402 14406 14410 14414 14402 14406 14410 14414
0 14461 14471 14481 14401 14405 14409 14904 14908 14912 14916 14872 14876 14880 14884 14403 14407 14411 14415 14403 14407 14411 14415 14403 14407 14411 14415 14403 14407 14411 14415 14403 14407 14411 14415 14403 14407 14411 14415 14403 14407 14411 14415 14403 14407 14411 14415 14403 14407 14411 14415 14403 14407 14411 14415 14403 14407 14411 14415 14403 14407 14411 14415 14403 14407 14411 14415 14403 14407 14411 14415 14403 14952 14956 14960 14964 14888 14892 14896 14900 14401 14405 14409 14413 14401 14405 14409 14413 14401 14405 14409 14413 14401 14405 14409 14413 14401 14405 14409 14413
0 14460 14470 14480 14400 14404 14408 14903 14907 14911 14915 14871 14875 14879 14883 14402 14406 14410 14414 14402 14406 14410 14414 14402 14406 14410 14414 14402 14406 14410 14414 14402 14406 14410 14414 14402 14406 14410 14414 14402 14406 14410 14414 14402 14406 14410 14414 14402 14406 14410 14414 14402 14406 14410 14414 14402 14406 14410 14414 14402 14406 14410 14414 14402 14406 14410 14414 14402 14406 14410 14414 14402 14951 14955 14959 14963 14887 14891 14895 14899 14400 14404 14408 14412 14400 14404 14408 14412 14400 14404 14408 14412 14400 14404 14408 14412 14400 14404 14408 14412
0 14430 14444 14458 14403 14407 14411 14902 14906 14910 14914 14870 14874 14878 14882 14401 14405 14409 14413 14401 14405 14409 14413 14401 14405 14409 14413 14401 14405 14409 14413 14401 14405 14409 14413 14401 14405 14409 14413 14401 14405 14409 14413 14401 14405 14409 14413 14401 14405 14409 14413 14401 14405 14409 14413 14401 14405 14409 14413 14401 14405 14409 14413 14401 14405 14409 14413 14401 14405 14409 14413 14401 14950 14954 14958 14962 14886 14890 14894 14898 14403 14407 14411 14415 14403 14407 14411 14415 14403 14407 14411 14415 14403 14407 14411 14415 14403 14407 14411 14415
0 14429 14443 14457 14402 14406 14410 14901 14905 14909 14913 14869 14873 14877 14881 14400 14404 14408 14412 14400 14404 14408 14412 14400 14404 14408 14412 14400 14404 14408 14412 14400 14404 14408 14412 14400 14404 14408 14412 14400 14404 14408 14412 14400 14404 14408 14412 14400 14404 14408 14412 14400 14404 14408 14412 14400 14404 14408 14412 14400 14404 14408 14412 14400 14404 14408 14412 14400 14404 14408 14412 14400 14949 14953 14957 14961 14885 14889 14893 14897 14402 14406 14410 14414 14402 14406 14410 14414 14402 14406 14410 14414 14402 14406 14410 14414 14402 14406 14410 14414
0 14428 14442 14456 14401 14405 14409 14920 14924 14928 14932 14680 14684 14688 14692 14840 14844 14848 14852 14792 14796 14800 14804 14403 14407 14411 14415 14403 14407 14411 14415 14403 14407 14411 14415 14403 14407 14411 14415 14403 14407 14411 14415 14403 14407 14411 14415 14403 14407 14411 14415 14403 14407 14411 14415 14403 14407 14411 14415 14403 14407 14411 14415 14403 14407 14411 14415 14403 14407 14411 14415 14403 14904 14908 14912 14916 14872 14876 14880 14884 14401 14405 14409 14413 14401 14405 14409 14413 14401 14405 14409 14413 14401 14405 14409 14413 14401 14405 14409 14413
0 14427 14441 14455 14400 14404 14408 14919 14923 14927 14931 14679 14683 14687 14691 14839 14843 14847 14851 14791 14795 14799 14803 14402 14406 14410 14414 14402 14406 14410 14414 14402 14406 14410 14414 14402 14406 14410 14414 14402 14406 14410 14414 14402 14406 14410 14414 14402 14406 14410 14414 14402 14406 14410 14414 14402 14406 14410 14414 14402 14406 14410 14414 14402 14406 14410 14414 14402 14406 14410 14414 14402 14903 14907 14911 14915 14871 14875 14879 14883 14400 14404 14408 14412 14400 14404 14408 14412 14400 14404 14408 14412 14400 14404 14408 14412 14400 14404 14408 14412
0 14426 14440 14454 14403 14407 14411 14918 14922 14926 14930 14678 14682 14686 14690 14838 14842 14846 14850 14790 14794 14798 14802 14401 14405 14409 14413 14401 14405 14409 14413 14401 14405 14409 14413 14401 14405 14409 14413 14401 14405 14409 14413 14401 14405 14409 14413 14401 14405 14409 14413 14401 14405 14409 14413 14401 14405 14409 14413 14401 14405 14409 14413 14401 14405 14409 14413 14401 14405 14409 14413 14401 14902 14906 14910 14914 14870 14874 14878 14882 14403 14407 14411 14415 14403 14407 14411 14415 14403 14407 14411 14415 14403 14407 14411 14415 14403 14407 14411 14415
0 14425 14439 14453 14402 14406 14410 14917 14921 14925 14929 14677 14681 14685 14689 14837 14841 14845 14849 14789 14793 14797 14801 14400 14404 14408 14412 14400 14404 14408 14412 14400 14404 14408 14412 14400 14404 14408 14412 14400 14404 14408 14412 14400 14404 14408 14412 14400 14404 14408 14412 14400 14404 14408 14412 14400 14404 14408 14412 14400 14404 14408 14412 14400 14404 14408 14412 14400 14404 14408 14412 14400 14901 14905 14909 14913 14869 14873 14877 14881 14402 14406 14410 14414 14402 14406 14410 14414 14402 14406 14410 14414 14402 14406 14410 14414 14402 14406 14410 14414
0 14424 14438 14452 14401 14405 14409 14744 14748 14752 14756 14856 14860 14864 14868 14712 14716 14720 14724 14968 14972 14976 14980 14403 14407 14411 14415 14403 14407 14411 14415 14403 14407 14411 14415 14403 14407 14411 14415 14403 14407 14411 14415 14403 14407 14411 14415 14403 14407 14411 14415 14403 14407 14411 14415 14403 14407 14411 14415 14403 14407 14411 14415 14403 14407 14411 14415 14403 14407 14411 14415 14403 14920 14924 14928 14932 14680 14684 14688 14692 14840 14844 14848 14852 14808 14812 14816 14820 15016 15020 15024 15028 14840 14844 14848 14852 14808 14812 14816 14820
0 14423 14437 14451 14400 14404 14408 14743 14747 14751 14755 14855 14859 14863 14867 14711 14715 14719 14723 14967 14971 14975 14979 14402 14406 14410 14414 14402 14406 14410 14414 14402 14406 14410 14414 14402 14406 14410 14414 14402 14406 14410 14414 14402 14406 14410 14414 14402 14406 14410 14414 14402 14406 14410 14414 14402 14406 14410 14414 14402 14406 14410 14414 14402 14406 14410 14414 14402 14406 14410 14414 14402 14919 14923 14927 14931 14679 14683 14687 14691 14839 14843 14847 14851 14807 14811 14815 14819 15015 15019 15023 15027 14839 14843 14847 14851 14807 14811 14815 14819
0 14422 14436 14450 14403 14407 14411 14742 14746 14750 14754 14854 14858 14862 14866 14710 14714 14718 14722 14966 14970 14974 14978 14401 14405 14409 14413 14401 14405 14409 14413 14401 14405 14409 14413 14401 14405 14409 14413 14401 14405 14409 14413 14401 14405 14409 14413 14401 14405 14409 14413 14401 14405 14409 14413 14401 14405 14409 14413 14401 14405 14409 14413 14401 14405 14409 14413 14401 14405 14409 14413 14401 14918 14922 14926 14930 14678 14682 14686 14690 14838 14842 14846 14850 14806 14810 14814 14818 15014 15018 15022 15026 14838 14842 14846 14850 14806 14810 14814 14818
0 14421 14435 14449 14402 14406 14410 14741 14745 14749 14753 14853 14857 14861 14865 14709 14713 14717 14721 14965 14969 14973 14977 14400 14404 14408 14412 14400 14404 14408 14412 14400 14404 14408 14412 14400 14404 14408 14412 14400 14404 14408 14412 14400 14404 14408 14412 14400 14404 14408 14412 14400 14404 14408 14412 14400 14404 14408 14412 14400 14404 14408 14412 14400 14404 14408 14412 14400 14404 14408 14412 14400 14917 14921 14925 14929 14677 14681 14685 14689 14837 14841 14845 14849 14805 14809 14813 14817 15013 15017 15021 15025 14837 14841 14845 14849 14805 14809 14813 14817
0 14420 14434 14448 14401 14405 14409 14413 14401 14405 14409 14413 14401 14405 14409 14936 14940 14944 14948 14984 14988 14992 14996 14403 14407 14411 14415 14403 14407 14411 14415 14403 14407 14411 14415 14403 14407 14411 14415 14403 14407 14411 14415 14403 14407 14411 14415 14403 14407 14411 14415 14403 14407 14411 14415 14403 14407 14411 14415 14403 14407 14411 14415 14403 14407 14411 14415 14403 14407 14411 14415 14403 14744 14748 14752 14756 14856 14860 14864 14868 14856 14860 14864 14712 14716 14720 14724 14696 14700 14704 14708 15044 14856 14860 14864 14868 15000 15004 15008 15012
0 14419 14433 14447 14400 14404 14408 14412 14400 14404 14408 14412 14400 14404 14408 14935 14939 14943 14947 14983 14987 14991 14995 14402 14406 14410 14414 14402 14406 14410 14414 14402 14406 14410 14414 14402 14406 14410 14414 14402 14406 14410 14414 14402 14406 14410 14414 14402 14406 14410 14414 14402 14406 14410 14414 14402 14406 14410 14414 14402 14406 14410 14414 14402 14406 14410 14414 14402 14406 14410 14414 14402 14743 14747 14751 14755 14855 14859 14863 14867 14855 14859 14863 14711 14715 14719 14723 14695 14699 14703 14707 15043 14855 14859 14863 14867 14999 15003 15007 15011
0 14418 14432 14446 14403 14407 14411 14415 14403 14407 14411 14415 14403 14407 14411 14934 14938 14942 14946 14982 14986 14990 14994 14401 14405 14409 14413 14401 14405 14409 14413 14401 14405 14409 14413 14401 14405 14409 14413 14401 14405 14409 14413 14401 14405 14409 14413 14401 14405 14409 14413 14401 14405 14409 14413 14401 14405 14409 14413 14401 14405 14409 14413 14401 14405 14409 14413 14401 14405 14409 14413 14401 14742 14746 14750 14754 14854 14858 14862 14866 14854 14858 14862 14710 14714 14718 14722 14694 14698 14702 14706 15042 14854 14858 14862 14866 14998 15002 15006 15010
0 14417 14431 14445 14402 14406 14410 14414 14402 14406 14410 14414 14402 14406 14410 14933 14937 14941 14945 14981 14985 14989 14993 14400 14404 14408 14412 14400 14404 14408 14412 14400 14404 14408 14412 14400 14404 14408 14412 14400 14404 14408 14412 14400 14404 14408 14412 14400 14404 14408 14412 14400 14404 14408 14412 14400 14404 14408 14412 14400 14404 14408 14412 14400 14404 14408 14412 14400 14404 14408 14412 14400 14741 14745 14749 14753 14853 14857 14861 14865 14853 14857 14861 14709 14713 14717 14721 14967 14697 14701 14705 15041 14853 14857 14861 14865 14997 15001 15005 15009
0 14422 14436 14450 14401 14405 14409 14413 14401 14405 14409 14413 14401 14405 14409 14952 14956 14960 14964 14888 14892 14896 14900 14403 14407 14411 14415 14403 14407 14411 14415 14403 14407 14411 14415 14403 14407 14411 14415 14403 14407 14411 14415 14403 14407 14411 14415 14403 14407 14411 14415 14403 14407 14411 14415 14403 14407 14411 14415 14403 14407 14411 14415 14403 14407 14411 14415 14403 14407 14411 14415 14403 14407 14411 14415 14403 14407 14411 14415 14403 14407 14411 14415 14919 14923 14927 14967 14968 14972 14976 14980 14413 14401 14405 14409 14413 14401 14405 14409 14413
0 14469 14479 14486 14400 14404 14408 14412 14400 14404 14408 14412 14400 14404 14408 14951 14955 14959 14963 14887 14891 14895 14899 14402 14406 14410 14414 14402 14406 14410 14414 14402 14406 14410 14414 14402 14406 14410 14414 14402 14406 14410 14414 14402 14406 14410 14414 14402 14406 14410 14414 14402 14406 14410 14414 14402 14406 14410 14414 14402 14406 14410 14414 14402 14406 14410 14414 14402 14406 14410 14414 14402 14406 14410 14414 14402 14406 14410 14414 14402 14406 14410 14414 14918 14922 14926 14930 14967 14971 14975 14979 14412 14400 14404 14408 14412 14400 14404 14408 14412
0 14468 14478 14488 14403 14407 14411 14415 14403 14407 14411 14415 14403 14407 14411 14950 14954 14958 14962 14886 14890 14894 14898 14401 14405 14409 14413 14401 14405 14409 14413 14401 14405 14409 14413 14401 14405 14409 14413 14401 14405 14409 14413 14401 14405 14409 14413 14401 14405 14409 14413 14401 14405 14409 14413 14401 14405 14409 14413 14401 14405 14409 14413 14401 14405 14409 14413 14401 14405 14409 14413 14401 14405 14409 14413 14401 14405 14409 14413 14401 14405 14409 14413 14917 14921 14925 14929 14966 14970 14974 14978 14415 14403 14407 14411 14415 14403 14407 14411 14415
0 14467 14477 14487 14402 14406 14410 14414 14402 14406 14410 14414 14402 14406 14410 14949 14953 14957 14961 14885 14889 14893 14897 14400 14404 14408 14412 14400 14404 14408 14412 14400 14404 14408 14412 14400 14404 14408 14412 14400 14404 14408 14412 14400 14404 14408 14412 14400 14404 14408 14412 14400 14404 14408 14412 14400 14404 14408 14412 14400 14404 14408 14412 14400 14404 14408 14412 14400 14404 14408 14412 14400 14404 14408 14412 14400 14404 14408 14412 14400 14404 14408 14412 14904 14908 14912 14916 14965 14969 14973 14977 14414 14402 14406 14410 14414 14402 14406 14410 14414
0 14466 14476 14486 14401 14405 14409 14413 14401 14405 14409 14413 14401 14405 14409 14904 14908 14912 14916 14872 14876 14880 14884 14403 14407 14411 14415 14403 14407 14411 14415 14403 14407 14411 14415 14403 14407 14411 14415 14403 14407 14411 14415 14403 14407 14411 14415 14403 14407 14411 14415 14403 14407 14411 14415 14403 14407 14411 14415 14403 14407 14411 14415 14403 14407 14411 14415 14403 14407 14411 14415 14403 14407 14411 14415 14403 14407 14411 14415 14403 14407 14411 14415 14903 14907 14911 14915 14984 14988 14992 14996 14413 14401 14405 14409 14413 14401 14405 14409 14413
0 14465 14475 14485 14400 14404 14408 14412 14400 14404 14408 14412 14400 14404 14408 14903 14907 14911 14915 14871 14875 14879 14883 14402 14406 14410 14414 14402 14406 14410 14414 14402 14406 14410 14414 14402 14406 14410 14414 14402 14406 14410 14414 14402 14406 14410 14414 14402 14406 14410 14414 14402 14406 14410 14414 14402 14406 14410 14414 14402 14406 14410 14414 14402 14406 14410 14414 14402 14406 14410 14414 14402 14406 14410 14414 14402 14406 14410 14414 14402 14406 14410 14414 14902 14906 14910 14914 14983 14987 14991 14995 14412 14400 14404 14408 14412 14400 14404 14408 14412
0 14464 14474 14484 14403 14407 14411 14415 14403 14407 14411 14415 14403 14407 14411 14902 14906 14910 14914 14870 14874 14878 14882 14401 14405 14409 14413 14401 14405 14409 14413 14401 14405 14409 14413 14401 14405 14409 14413 14401 14405 14409 14413 14401 14405 14409 14413 14401 14405 14409 14413 14401 14405 14409 14413 14401 14405 14409 14413 14401 14405 14409 14413 14401 14405 14409 14413 14401 14405 14409 14413 14401 14405 14409 14413 14401 14405 14409 14413 14401 14405 14409 14413 14901 14905 14909 14913 14869 14873 14877 14881 14415 14403 14407 14411 14415 14403 14407 14411 14415
0 14463 14473 14483 14402 14406 14410 14414 14402 14406 14410 14414 14402 14406 14410 14901 14905 14909 14913 14869 14873 14877 14881 14400 14404 14408 14412 14400 14404 14408 14412 14651 14657 14663 14669 14675 14404 14408 14412 14400 14404 14408 14412 14400 14404 14408 14412 14400 14404 14408 14412 14400 14404 14408 14412 14400 14404 14408 14412 14400 14404 14408 14412 14400 14404 14408 14412 14400 14404 14408 14412 14400 14404 14408 14412 14400 14404 14408 14412 14400 14404 14408 14412 14920 14924 14928 14932 14968 14972 14976 14980 14414 14402 14406 14410 14414 14402 14406 14410 14414
0 14462 14472 14482 14401 14405 14409 14413 14401 14405 14409 14413 14401 14405 14409 14920 14924 14928 14932 14968 14972 14976 14980 14403 14407 14411 14415 14403 14407 14411 14415 14650 14656 14662 14668 14674 14407 14411 14415 14403 14407 14411 14415 14403 14407 14411 14415 14403 14407 14411 14415 14403 14407 14411 14415 14403 14407 14411 14415 14403 14407 14411 14415 14403 14407 14411 14415 14403 14407 14411 14415 14403 14407 14411 14415 14403 14407 14411 14415 14403 14407 14411 14415 14919 14923 14927 14931 14967 14971 14975 14979 14413 14401 14405 14409 14413 14401 14405 14409 14413
0 14461 14471 14481 14400 14404 14408 14412 14400 14404 14408 14412 14400 14404 14408 14919 14923 14927 14931 14967 14971 14975 14979 14402 14406 14410 14414 14402 14406 14410 14414 14649 14655 14661 14667 14673 14406 14410 14414 14402 14406 14410 14414 14402 14406 14410 14414 14402 14406 14410 14414 14402 14406 14410 14414 14402 14406 14410 14414 14402 14406 14410 14414 14402 14406 14410 14414 14402 14406 14410 14414 14402 14406 14410 14414 14402 14406 14410 14414 14402 14406 14410 14414 14918 14922 14926 14930 14966 14970 14974 14978 14412 14400 14404 14408 14412 14400 14404 14408 14412
0 14460 14470 14480 14403 14407 14411 14415 14403 14407 14411 14415 14403 14407 14411 14918 14922 14926 14930 14966 14970 14974 14978 14401 14405 14409 14413 14401 14405 14409 14413 14648 14654 14660 14666 14672 14405 14409 14413 14401 14405 14409 14413 14401 14405 14409 14413 14401 14405 14409 14413 14401 14405 14409 14413 14401 14405 14409 14413 14401 14405 14409 14413 14401 14405 14409 14413 14401 14405 14409 14413 14401 14405 14409 14413 14401 14405 14409 14413 14401 14405 14409 14413 14917 14921 14925 14929 14965 14969 14973 14977 14415 14403 14407 14411 14415 14403 14407 14411 14415
0 14430 14444 14458 14402 14406 14410 14414 14402 14406 14410 14414 14402 14406 14410 14917 14921 14925 14929 14965 14969 14973 14977 14400 14404 14408 14412 14400 14404 14408 14412 14647 14653 14659 14665 14671 14404 14408 14412 14760 14764 14768 14772 14840 14844 14848 14852 14840 14844 14848 14852 14808 14812 14816 14820 15016 15020 15024 15028 15048 15052 15056 15060 14840 14844 14848 14852 14792 14796 14800 14804 14400 14404 14408 14412 14400 14404 14408 14412 14400 14404 14408 14412 14936 14940 14944 14948 14984 14988 14992 14996 14414 14402 14406 14410 14414 14402 14406 14410 14414
0 14429 14443 14457 14401 14405 14409 14413 14401 14405 14409 14413 14401 14405 14409 14936 14940 14944 14948 14984 14988 14992 14996 14403 14407 14411 14415 14403 14407 14411 14415 14646 14652 14658 14664 14670 14407 14411 14415 14759 14763 14767 14771 14839 14843 14847 14851 14839 14843 14847 14851 14807 14811 14815 14819 15015 15019 15023 15027 15047 15051 15055 15059 14839 14843 14847 14851 14791 14795 14799 14803 14403 14407 14411 14415 14403 14407 14591 14597 14603 14609 14615 14415 14935 14939 14943 14947 14983 14987 14991 14995 14413 14401 14405 14409 14413 14401 14405 14409 14413
0 14428 14442 14456 14400 14404 14408 14412 14400 14404 14408 14412 14400 14404 14408 14935 14939 14943 14947 14983 14987 14991 14995 14402 14406 14410 14414 14402 14406 14410 14414 14402 14406 14410 14414 14402 14406 14410 14414 14758 14762 14766 14770 14838 14842 14846 14850 14838 14842 14846 14850 14806 14810 14814 14818 15014 15018 15022 15026 15046 15050 15054 15058 14838 14842 14846 14850 14790 14794 14798 14802 14402 14406 14410 14414 14402 14406 14590 14596 14602 14608 14614 14414 14934 14938 14942 14946 14982 14986 14990 14994 14412 14400 14404 14408 14412 14400 14404 14408 14412
0 14427 14441 14455 14403 14407 14411 14415 14403 14407 14411 14415 14403 14407 14411 14934 14938 14942 14946 14982 14986 14990 14994 14401 14405 14409 14413 14401 14405 14409 14413 14401 14405 14409 14413 14401 14405 14409 14413 14757 14761 14765 14769 14837 14841 14845 14849 14837 14841 14845 14849 14805 14809 14813 14817 15013 15017 15021 15025 15045 15049 15053 15057 14837 14841 14845 14849 14789 14793 14797 14801 14401 14405 14409 14413 14401 14405 14589 14595 14601 14607 14613 14413 14933 14937 14941 14945 14981 14985 14989 14993 14415 14403 14407 14411 14415 14403 14407 14411 14415
0 14426 14440 14454 14402 14406 14410 14414 14402 14406 14410 14414 14402 14406 14410 14933 14937 14941 14945 14981 14985 14989 14993 14400 14404 14408 14412 14400 14404 14408 14412 14400 14404 14408 14412 14400 14404 14408 14412 14920 14924 14928 14932 14696 14700 14704 14708 14856 14860 14864 14868 15000 15004 15008 15012 15032 15036 15040 15044 14824 14828 14832 14836 14712 14716 14720 14724 14968 14972 14976 14980 14400 14404 14408 14412 14400 14404 14588 14594 14600 14606 14612 14412 14952 14956 14960 14964 14888 14892 14896 14900 14414 14402 14406 14410 14414 14402 14406 14410 14414
0 14425 14439 14453 14401 14405 14409 14413 14401 14405 14409 14413 14401 14405 14409 14952 14956 14960 14964 14888 14892 14896 14900 14403 14407 14411 14415 14403 14407 14411 14415 14403 14407 14411 14415 14403 14407 14411 14415 14919 14923 14927 14931 14695 14699 14703 14707 14855 14859 14863 14867 14999 15003 15007 15011 15031 15035 15039 15043 14823 14827 14831 14835 14711 14715 14719 14723 14967 14971 14975 14979 14403 14407 14411 14415 14403 14407 14587 14593 14599 14605 14611 14415 14951 14955 14959 14963 14887 14891 14895 14899 14413 14401 14405 14409 14413 14401 14405 14409 14413
0 14424 14438 14452 14400 14404 14408 14412 14400 14404 14408 14412 14400 14404 14408 14951 14955 14959 14963 14887 14891 14895 14899 14402 14406 14410 14414 14402 14406 14410 14414 14402 14406 14410 14414 14402 14406 14410 14414 14918 14922 14926 14930 14694 14698 14702 14706 14854 14858 14862 14866 14998 15002 15006 15010 15030 15034 15038 15042 14822 14826 14830 14834 14710 14714 14718 14722 14966 14970 14974 14978 14402 14406 14410 14414 14402 14406 14586 14592 14598 14604 14610 14414 14950 14954 14958 14962 14886 14890 14894 14898 14412 14400 14404 14408 14412 14400 14404 14408 14412
0 14423 14437 14451 14403 14407 14411 14415 14403 14407 14411 14415 14403 14407 14411 14950 14954 14958 14962 14886 14890 14894 14898 14401 14405 14409 14413 14401 14405 14409 14413 14401 14405 14409 14413 14401 14405 14409 14413 14917 14921 14925 14929 14693 14697 14701 14705 14853 14857 14861 14865 14997 15001 15005 15009 15029 15033 15037 15041 14821 14825 14829 14833 14709 14713 14717 14721 14965 14969 14973 14977 14401 14405 14409 14413 14401 14405 14409 14413 14401 14405 14409 14413 14949 14953 14957 14961 14885 14889 14893 14897 14415 14403 14407 14411 14415 14403 14407 14411 14415
0 14422 14436 14450 14402 14406 14410 14414 14402 14406 14410 14414 14402 14406 14410 14949 14953 14957 14961 14885 14889 14893 14897 14400 14404 14408 14412 14400 14404 14408 14412 14400 14404 14408 14412 14400 14404 14408 14412 14949 14953 14957 14961 14885 14889 14893 14897 14414 14402 14406 14410 14414 14402 14406 14410 14414 14402 14406 14410 14414 14402 14406 14410 14920 14924 14928 14932 14968 14972 14976 14980 14400 14404 14408 14412 14400 14404 14408 14412 14400 14404 14408 14412 14904 14908 14912 14916 14872 14876 14880 14884 14414 14402 14406 14410 14414 14402 14406 14410 14414
0 14421 14435 14449 14401 14405 14409 14413 14401 14405 14409 14413 14401 14405 14409 14904 14908 14912 14916 14872 14876 14880 14884 14403 14407 14411 14415 14403 14407 14411 14415 14403 14407 14411 14415 14403 14407 14411 14415 14904 14908 14912 14916 14872 14876 14880 14884 14413 14401 14405 14409 14413 14401 14405 14409 14413 14401 14405 14409 14413 14401 14405 14409 14919 14923 14927 14931 14967 14971 14975 14979 14403 14407 14411 14415 14403 14407 14411 14415 14403 14407 14411 14415 14903 14907 14911 14915 14871 14875 14879 14883 14413 14401 14405 14409 14413 14401 14405 14409 14413
0 14420 14434 14448 14400 14404 14408 14412 14400 14404 14408 14412 14400 14404 14408 14903 14907 14911 14915 14871 14875 14879 14883 14402 14406 14410 14414 14402 14406 14410 14414 14402 14406 14410 14414 14402 14406 14410 14414 14903 14907 14911 14915 14871 14875 14879 14883 14412 14400 14404 14408 14412 14400 14404 14408 14412 14400 14404 14408 14412 14400 14404 14408 14918 14922 14926 14930 14966 14970 14974 14978 14402 14406 14410 14414 14402 14406 14410 14414 14402 14406 14410 14414 14902 14906 14910 14914 14870 14874 14878 14882 14412 14400 14404 14408 14412 14400 14404 14408 14412
0 14419 14433 14447 14403 14407 14411 14415 14403 14407 14411 14415 14403 14407 14411 14902 14906 14910 14914 14870 14874 14878 14882 14401 14405 14409 14413 14401 14405 14409 14413 14401 14405 14409 14413 14401 14405 14409 14413 14902 14906 14910 14914 14870 14874 14878 14882 14415 14403 14407 14411 14415 14403 14407 14411 14415 14403 14407 14411 14415 14403 14407 14411 14917 14921 14925 14929 14965 14969 14973 14977 14401 14405 14409 14413 14401 14405 14409 14413 14401 14405 14409 14413 14901 14905 14909 14913 14869 14873 14877 14881 14415 14403 14407 14411 14415 14403 14407 14411 14415
0 14418 14432 14446 14402 14406 14410 14414 14402 14406 14410 14414 14402 14406 14410 14901 14905 14909 14913 14869 14873 14877 14881 14400 14404 14408 14412 14400 14404 14408 14412 14400 14404 14408 14412 14400 14404 14408 14412 14901 14905 14909 14913 14869 14873 14877 14881 14414 14402 14406 14410 14414 14402 14406 14410 14414 14402 14406 14410 14414 14402 14406 14410 14920 14924 14928 14932 14680 14684 14688 14692 14840 14844 14848 14852 14808 14812 14816 14820 15016 15020 15024 15028 14728 14732 14736 14740 14968 14972 14976 14980 14414 14402 14406 14410 14414 14402 14406 14410 14414
0 14417 14431 14445 14401 14405 14409 14413 14401 14405 14409 14413 14401 14405 14409 14920 14924 14928 14932 14680 14684 14688 14692 14840 14844 14848 14852 14808 14812 14816 14820 15016 15020 15024 15028 15048 15052 15056 15060 14728 14732 14736 14740 14968 14972 14976 14980 14413 14401 14405 14409 14413 14401 14405 14409 14413 14401 14405 14409 14413 14401 14405 14409 14919 14923 14927 14931 14679 14683 14687 14691 14839 14843 14847 14851 14807 14811 14815 14819 15015 15019 15023 15027 14727 14731 14735 14739 14967 14971 14975 14979 14413 14401 14405 14409 14413 14401 14405 14409 14413
0 14422 14436 14450 14400 14404 14408 14412 14400 14404 14408 14412 14400 14404 14408 14919 14923 14927 14931 14679 14683 14687 14691 14839 14843 14847 14851 14807 14811 14815 14819 15015 15019 15023 15027 15047 15051 15055 15059 14727 14731 14735 14739 14967 14971 14975 14979 14412 14400 14404 14408 14412 14400 14404 14408 14412 14400 14404 14408 14412 14400 14404 14408 14918 14922 14926 14930 14678 14682 14686 14690 14838 14842 14846 14850 14806 14810 14814 14818 15014 15018 15022 15026 14726 14730 14734 14738 14966 14970 14974 14978 14412 14400 14404 14408 14412 14400 14404 14408 14412
0 14469 14479 14486 14403 14407 14411 14415 14403 14407 14411 14415 14403 14407 14411 14918 14922 14926 14930 14678 14682 14686 14690 14838 14842 14846 14850 14806 14810 14814 14818 15014 15018 15022 15026 15046 15050 15054 15058 14726 14730 14734 14738 14966 14970 14974 14978 14415 14403 14407 14411 14415 14403 14407 14411 14415 14403 14407 14411 14415 14403 14407 14411 14917 14921 14925 14929 14677 14681 14685 14689 14837 14841 14845 14849 14805 14809 14813 14817 15013 15017 15021 15025 14725 14729 14733 14737 14965 14969 14973 14977 14415 14403 14407 14411 14415 14403 14407 14411 14415
0 14468 14478 14488 14402 14406 14410 14414 14402 14406 14410 14414 14402 14406 14410 14917 14921 14925 14929 14677 14681 14685 14689 14837 14841 14845 14849 14805 14809 14813 14817 15013 15017 15021 15025 15045 15049 15053 15057 14725 14729 14733 14737 14965 14969 14973 14977 14414 14402 14406 14410 14414 14402 14406 14410 14414 14402 14406 14410 14414 14402 14406 14410 14744 14748 14752 14756 14856 14860 14864 14868 14856 14860 14864 14868 15000 15004 15008 15012 15032 15036 15040 15044 14824 14828 14832 14836 14776 14780 14784 14788 14414 14402 14406 14410 14414 14402 14406 14410 14414
0 14467 14477 14487 14401 14405 14409 14413 14401 14405 14409 14413 14401 14405 14409 14744 14748 14752 14756 14856 14860 14864 14868 14856 14860 14864 14868 15000 15004 15008 15012 15032 15036 15040 15044 14824 14828 14832 14836 14856 14860 14864 14868 14776 14780 14784 14788 14413 14401 14405 14409 14413 14401 14405 14409 14413 14401 14405 14409 14413 14401 14405 14409 14743 14747 14751 14755 14855 14859 14863 14867 14855 14859 14863 14867 14999 15003 15007 15011 15031 15035 15039 15043 14823 14827 14831 14835 14775 14779 14783 14787 14413 14401 14405 14409 14413 14401 14405 14409 14413
0 14466 14476 14486 14400 14404 14408 14412 14400 14404 14408 14412 14400 14404 14408 14743 14747 14751 14755 14855 14859 14863 14867 14855 14859 14863 14867 14999 15003 15007 15011 15031 15035 15039 15043 14823 14827 14831 14835 14855 14859 14863 14867 14775 14779 14783 14787 14412 14400 14404 14408 14412 14400 14404 14408 14412 14400 14404 14408 14412 14400 14404 14408 14742 14746 14750 14754 14854 14858 14862 14866 14854 14858 14862 14866 14998 15002 15006 15010 15030 15034 15038 15042 14822 14826 14830 14834 14774 14778 14782 14786 14412 14400 14404 14408 14412 14400 14404 14408 14412
0 14465 14475 14485 14403 14407 14411 14415 14403 14407 14411 14415 14403 14407 14411 14742 14746 14750 14754 14854 14858 14862 14866 14854 14858 14862 14866 14998 15002 15006 15010 15030 15034 15038 15042 14822 14826 14830 14834 14854 14858 14862 14866 14774 14778 14782 14786 14415 14403 14407 14411 14415 14403 14407 14411 14415 14403 14407 14411 14415 14403 14407 14411 14741 14745 14749 14753 14853 14857 14861 14865 14853 14857 14861 14865 14997 15001 15005 15009 15029 15033 15037 15041 14821 14825 14829 14833 14773 14777 14781 14785 14415 14403 14407 14411 14415 14403 14407 14411 14415
0 14464 14474 14484 14402 14406 14410 14414 14402 14406 14410 14414 14402 14406 14410 14741 14745 14749 14753 14853 14857 14861 14865 14853 14857 14861 14865 14997 15001 15005 15009 15029 15033 15037 15041 14821 14825 14829 14833 14853 14857 14861 14865 14773 14777 14781 14785 14414 14402 14406 14410 14414 14402 14406 14410 14414 14402 14406 14410 14414 14402 14406 14410 14414 14402 14406 14410 14414 14402 14406 14410 14414 14402 14406 14410 14414 14402 14406 14410 14414 14402 14406 14410 14414 14402 14406 14410 14414 14402 14406 14410 14414 14402 14406 14410 14414 14402 14406 14410 14414
0 14463 14473 14483 14401 14405 14409 14413 14401 14405 14409 14413 14401 14405 14409 14413 14401 14405 14409 14413 14401 14405 14409 14413 14401 14405 14409 14413 14401 14405 14409 14413 14401 14405 14409 14413 14401 14405 14409 14413 14401 14405 14409 14413 14401 14405 14409 14413 14401 14405 14409 14413 14401 14405 14409 14413 14401 14405 14409 14413 14401 14405 14409 14413 14401 14405 14409 14413 14401 14405 14409 14413 14401 14405 14409 14413 14401 14405 14409 14413 14401 14405 14409 14413 14401 14405 14409 14413 14401 14405 14409 14413 14401 14405 14409 14413 14401 14405 14409 14413
0 14462 14472 14482 14400 14404 14408 14412 14400 14404 14408 14412 14400 14404 14408 14412 14400 14404 14408 14412 14400 14404 14408 14412 14400 14404 14408 14412 14400 14404 14408 14412 14400 14404 14408 14412 14400 14404 14408 14412 14400 14404 14408 14412 14400 14404 14408 14412 14400 14404 14408 14412 14400 14404 14408 14412 14400 14404 14408 14412 14400 14404 14408 14412 14400 14404 14408 14412 14400 14404 14408 14412 14400 14404 14408 14412 14400 14404 14408 14412 14400 14404 14408 14412 14400 14404 14408 14412 14400 14404 14408 14412 14400 14404 14408 14412 14400 14404 14408 14412
0 14461 14471 14481 14403 14407 14411 14415 14403 14407 14411 14415 14403 14407 14411 14415 14403 14407 14411 14415 14403 14407 14411 14415 14403 14407 14411 14415 14403 14407 14411 14415 14403 14407 14411 14415 14403 14407 14411 14415 14403 14407 14411 14415 14403 14407 14411 14415 14403 14407 14411 14415 14403 14407 14411 14415 14403 14407 14411 14415 14403 14407 14411 14415 14403 14407 14411 14415 14403 14407 14411 14415 14403 14407 14411 14415 14403 14407 14411 14415 14403 14407 14411 14415 14403 14407 14411 14415 14403 14407 14411 14415 14403 14407 14411 14415 14403 14407 14411 14415
0 14460 14470 14480 14402 14406 14410 14414 14402 14406 14410 14414 14402 14406 14410 14414 14402 14406 14410 14414 14402 14406 14410 14414 14402 14406 14410 14414 14402 14406 14410 14414 14402 14406 14410 14414 14402 14406 14410 14414 14402 14406 14410 14414 14402 14406 14410 14414 14402 14406 14410 14414 14402 14406 14410 14414 14402 14406 14410 14414 14402 14406 14410 14414 14402 14406 14410 14414 14402 14406 14410 14414 14402 14406 14410 14414 14402 14406 14410 14414 14402 14406 14410 14414 14402 14406 14410 14414 14402 14406 14410 14414 14402 14406 14410 14414 14402 14406 14410 14414
0 14430 14444 14458 14401 14405 14409 14413 14401 14405 14409 14413 14401 14405 14409 14413 14401 14405 14409 14413 14401 14405 14409 14413 14401 14405 14409 14413 14401 14405 14409 14413 14401 14405 14409 14413 14401 14405 14409 14413 14401 14405 14409 14413 14401 14405 14409 14413 14401 14405 14409 14413 14401 14405 14409 14413 14401 14405 14409 14413 14401 14405 14409 14413 14401 14405 14409 14413 14401 14405 14409 14413 14401 14405 14409 14413 14401 14405 14409 14413 14401 14405 14409 14413 14401 14405 14409 14413 14401 14405 14409 14413 14401 14405 14409 14413 14401 14405 14409 14413
0 14429 14443 14457 14400 14404 14408 14412 14400 14404 14408 14412 14400 14404 14408 14412 14400 14404 14408 14412 14400 14404 14408 14412 14400 14404 14408 14412 14400 14404 14408 14412 14400 14404 14408 14412 14400 14404 14408 14412 14400 14404 14408 14412 14400 14404 14408 14412 14400 14404 14408 14412 14400 14404 14408 14412 14400 14404 14408 14412 14400 14404 14408 14412 14400 14404 14408 14412 14400 14404 14408 14412 14400 14404 14408 14412 14400 14404 14408 14412 14400 14404 14408 14412 14400 14404 14408 14412 14400 14404 14408 14412 14400 14404 14408 14412 14400 14404 14408 14412
0 14428 14442 14456 14403 14407 14411 14415 14403 14407 14411 14415 14403 14407 14411 14415 14403 14407 14411 14415 14403 14407 14411 14415 14403 14407 14411 14415 14403 14407 14411 14415 14403 14407 14411 14415 14403 14407 14411 14415 14403 14407 14411 14415 14403 14407 14411 14415 14403 14407 14411 14415 14403 14407 14411 14415 14403 14407 14411 14415 14403 14407 14411 14415 14403 14407 14411 14415 14403 14407 14411 14415 14403 14407 14411 14415 14403 14407 14411 14415 14403 14407 14411 14415 14403 14407 14411 14415 14403 14407 14411 14415 14403 14407 14411 14415 14403 14407 14411 14415
0 14427 14441 14455 14402 14406 14410 14414 14402 14406 14410 14414 14402 14406 14410 14414 14402 14406 14410 14414 14402 14406 14410 14414 14402 14406 14410 14414 14402 14406 14410 14414 14402 14406 14410 14414 14402 14406 14410 14414 14402 14406 14410 14414 14402 14406 14410 14414 14402 14406 14410 14414 14402 14406 14410 14414 14402 14406 14410 14414 14402 14406 14410 14414 14402 14406 14410 14414 14402 14406 14410 14414 14402 14406 14410 14414 14402 14406 14410 14414 14402 14406 14410 14414 14402 14406 14410 14414 14402 14406 14410 14414 14402 14406 14410 14414 14402 14406 14410 14414
0 14426 14440 14454 14401 14405 14409 14413 14401 14405 14409 14413 14401 14405 14409 14413 14401 14405 14409 14413 14401 14405 14409 14413 14401 14405 14409 14413 14401 14405 14409 14413 14401 14405 14409 14413 14401 14405 14409 14413 14401 14405 14409 14413 14401 14405 14409 14413 14401 14405 14409 14413 14401 14405 14409 14413 14401 14405 14409 14413 14401 14405 14409 14413 14401 14405 14409 14413 14401 14405 14409 14413 14401 14405 14409 14413 14401 14405 14409 14413 14401 14405 14409 14413 14401 14405 14409 14413 14401 14405 14409 14413 14401 14405 14409 14413 14401 14405 14409 14413
0 14425 14439 14453 14400 14404 14408 14412 14400 14404 14408 14412 14400 14404 14408 14412 14400 14404 14408 14412 14400 14404 14408 14412 14400 14404 14408 14412 14400 14404 14408 14412 14400 14404 14408 14412 14400 14404 14408 14412 14400 14404 14408 14412 14400 14404 14408 14412 14400 14404 14408 14412 14400 14404 14408 14412 14400 14404 14408 14412 14400 14404 14408 14412 14400 14404 14408 14412 14400 14404 14408 14412 14400 14404 14408 14412 14400 14404 14408 14412 14400 14404 14408 14412 14400 14404 14408 14412 14400 14404 14408 14412 14400 14404 14408 14412 14400 14404 14408 14412
0 14424 14438 14452 14403 14407 14411 14415 14403 14407 14411 14415 14403 14407 14411 14415 14403 14407 14411 14415 14403 14407 14411 14415 14403 14407 14411 14415 14403 14407 14411 14415 14403 14407 14411 14415 14403 14407 14411 14415 14403 14407 14411 14415 14403 14407 14411 14415 14403 14407 14411 14415 14403 14407 14411 14415 14403 14407 14411 14415 14403 14407 14411 14415 14403 14407 14411 14415 14403 14407 14411 14415 14403 14407 14411 14415 14403 14407 14411 14415 14403 14407 14411 14415 14403 14407 14411 14415 14403 14407 14411 14415 14403 14407 14411 14415 14403 14407 14411 14415
0 14423 14437 14451 14402 14406 14410 14414 14402 14406 14410 14414 14402 14406 14410 14414 14402 14406 14410 14414 14402 14406 14410 14414 14402 14406 14410 14414 14402 14406 14410 14414 14402 14406 14410 14414 14402 14406 14410 14414 14402 14406 14410 14414 14402 14406 14410 14414 14402 14406 14410 14414 14402 14406 14410 14414 14402 14406 14410 14414 14402 14406 14410 14414 14402 14406 14410 14414 14402 14406 14410 14414 14402 14406 14410 14414 14402 14406 14410 14414 14402 14406 14410 14414 14402 14406 14410 14414 14402 14406 14410 14414 14402 14406 14410 14414 14402 14406 14410 14414
0 14422 14436 14450 14401 14405 14409 14413 14401 14405 14409 14413 14401 14405 14409 14413 14401 14405 14409 14413 14401 14405 14409 14413 14401 14405 14409 14413 14401 14405 14409 14413 14401 14405 14409 14413 14401 14405 14409 14413 14401 14405 14409 14413 14401 14405 14409 14413 14401 14405 14409 14413 14401 14405 14409 14413 14401 14405 14409 14413 14401 14405 14409 14413 14401 14405 14409 14413 14401 14405 14409 14413 14401 14405 14409 14413 14401 14405 14409 14413 14401 14405 14409 14413 14401 14405 14409 14413 14401 14405 14409 14413 14401 14405 14409 14413 14401 14405 14409 14413
0 14421 14435 14449 14400 14404 14408 14412 14400 14404 14408 14412 14400 14404 14408 14412 14400 14404 14408 14412 14400 14404 14408 14412 14400 14404 14408 14412 14400 14404 14408 14412 14400 14404 14408 14412 14400 14404 14408 14412 14400 14404 14408 14412 14400 14404 14408 14412 14400 14404 14408 14412 14400 14404 14408 14412 14400 14404 14408 14412 14400 14404 14408 14412 14400 14404 14408 14412 14400 14404 14408 14412 14400 14404 14408 14412 14400 14404 14408 14412 14400 14404 14408 14412 14400 14404 14408 14412 14400 14404 14408 14412 14400 14404 14408 14412 14400 14404 14408 14412
0 14420 14434 14448 14403 14407 14411 14415 14403 14407 14411 14415 14403 14407 14411 14415 14403 14407 14411 14415 14403 14407 14411 14415 14403 14407 14411 14415 14403 14407 14411 14415 14403 14407 14411 14415 14403 14407 14411 14415 14403 14407 14411 14415 14403 14407 14411 14415 14403 14407 14411 14415 14403 14407 14411 14415 14403 14407 14411 14415 14403 14407 14411 14415 14403 14407 14411 14415 14403 14407 14411 14415 14403 14407 14411 14415 14403 14407 14411 14415 14403 14407 14411 14415 14403 14407 14411 14415 14403 14407 14411 14415 14403 14407 14411 14415 14403 14407 14411 14415
0 14419 14433 14447 14402 14406 14410 14414 14402 14406 14410 14414 14402 14406 14410 14414 14402 14406 14410 14414 14402 14406 14410 14414 14402 14406 14410 14414 14402 14406 14410 14414 14402 14406 14410 14414 14402 14406 14410 14414 14402 14406 14410 14414 14402 14406 14410 14414 14402 14406 14410 14414 14402 14406 14410 14414 14402 14406 14410 14414 14402 14406 14410 14414 14402 14406 14410 14414 14402 14406 14410 14414 14402 14406 14410 14414 14402 14406 14410 14414 14402 14406 14410 14414 14402 14406 14410 14414 14402 14406 14410 14414 14402 14406 14410 14414 14402 14406 14410 14414
0 14418 14432 14446 14401 14405 14409 14413 14401 14405 14409 14413 14401 14405 14409 14413 14401 14405 14409 14413 14401 14405 14409 14413 14401 14405 14409 14413 14401 14405 14409 14413 14401 14405 14409 14413 14401 14405 14409 14413 14401 14405 14409 14413 14401 14405 14409 14413 14401 14405 14409 14413 14401 14405 14409 14413 14401 14405 14409 14413 14401 14405 14409 14413 14401 14405 14409 14413 14401 14405 14409 14413 14401 14405 14409 14413 14401 14405 14409 14413 14401 14405 14409 14413 14401 14405 14409 14413 14401 14405 14409 14413 14401 14405 14409 14413 14401 14405 14409 14413
0 14417 14431 14445 14400 14404 14408 14412 14400 14404 14408 14412 14400 14404 14408 14412 14400 14404 14408 14412 14400 14404 14408 14412 14400 14404 14408 14412 14400 14404 14408 14412 14400 14404 14408 14412 14400 14404 14408 14412 14400 14404 14408 14412 14400 14404 14408 14412 14400 14404 14408 14412 14400 14404 14408 14412 14400 14404 14408 14412 14400 14404 14408 14412 14400 14404 14408 14412 14400 14404 14408 14412 14400 14404 14408 14412 14400 14404 14408 14412 14400 14404 14408 14412 14400 14404 14408 14412 14400 14404 14408 14412 14400 14404 14408 14412 14400 14404 14408 14412
tile 14400 0 0
tile 14401 56 0
tile 14402 112 0
tile 14403 168 0
tile 14404 224 0
tile 14405 280 0
tile 14406 336 0
tile 14407 392 0
tile 14408 448 0
tile 14409 504 0
tile 14410 560 0
tile 14411 616 0
tile 14412 672 0
tile 14413 728 0
tile 14414 784 0
tile 14415 840 0
tile 14417 896 0
tile 14418 952 0
tile 14419 1008 0
tile 14420 1064 0
tile 14421 1120 0
tile 14422 1176 0
tile 14423 1232 0
tile 14424 1288 0
tile 14425 1344 0
tile 14426 1400 0
tile 14427 0 27
tile 14428 56 27
tile 14429 112 27
tile 14430 168 27
tile 14431 224 27
tile 14432 280 27
tile 14433 336 27
tile 14434 392 27
tile 14435 448 27
tile 14436 504 27
tile 14437 560 27
tile 14438 616 27
tile 14439 672 27
tile 14440 728 27
tile 14441 784 27
tile 14442 840 27
tile 14443 896 27
tile 14444 952 27
tile 14445 1008 27
tile 14446 1064 27
tile 14447 1120 27
tile 14448 1176 27
tile 14449 1232 27
tile 14450 1288 27
tile 14451 1344 27
tile 14452 1400 27
tile 14453 0 54
tile 14454 56 54
tile 14455 112 54
tile 14456 168 54
tile 14457 224 54
tile 14458 280 54
tile 14460 336 54
tile 14461 392 54
tile 14462 448 54
tile 14463 504 54
tile 14464 560 54
tile 14465 616 54
tile 14466 672 54
tile 14467 728 54
tile 14468 784 54
tile 14469 840 54
tile 14470 896 54
tile 14471 952 54
tile 14472 1008 54
tile 14473 1064 54
tile 14474 1120 54
tile 14475 1176 54
tile 14476 1232 54
tile 14477 1288 54
tile 14478 1344 54
tile 14479 1400 54
tile 14480 0 81
tile 14481 56 81
tile 14482 112 81
tile 14483 168 81
tile 14484 224 81
tile 14485 280 81
tile 14486 336 81
tile 14487 392 81
tile 14488 448 81
tile 14489 504 81
tile 14491 560 81
tile 14492 616 81
tile 14493 672 81
tile 14494 728 81
tile 14495 784 81
tile 14496 840 81
tile 14497 896 81
tile 14498 952 81
tile 14499 1008 81
tile 14500 1064 81
tile 14501 1120 81
tile 14502 1176 81
tile 14503 1232 81
tile 14504 1288 81
tile 14505 1344 81
tile 14506 1400 81
tile 14507 0 108
tile 14508 56 108
tile 14509 112 108
tile 14510 168 108
tile 14511 224 108
tile 14512 280 108
tile 14513 336 108
tile 14514 392 108
tile 14515 448 108
tile 14516 504 108
tile 14517 560 108
tile 14518 616 108
tile 14519 672 108
tile 14520 728 108
tile 14521 784 108
tile 14522 840 108
tile 14523 896 108
tile 14524 952 108
tile 14525 1008 108
tile 14526 1064 108
tile 14528 1120 108
tile 14529 1176 108
tile 14530 1232 108
tile 14531 1288 108
tile 14532 1344 108
tile 14533 1400 108
tile 14534 0 135
tile 14535 56 135
tile 14536 112 135
tile 14537 168 135
tile 14538 224 135
tile 14539 280 135
tile 14540 336 135
tile 14541 392 135
tile 14542 448 135
tile 14543 504 135
tile 14544 560 135
tile 14545 616 135
tile 14546 672 135
tile 14547 728 135
tile 14548 784 135
tile 14549 840 135
tile 14550 896 135
tile 14551 952 135
tile 14554 1008 135
tile 14556 1064 135
tile 14557 1120 135
tile 14558 1176 135
tile 14559 1232 135
tile 14560 1288 135
tile 14561 1344 135
tile 14562 1400 135
tile 14563 0 162
tile 14564 56 162
tile 14565 112 162
tile 14566 168 162
tile 14567 224 162
tile 14568 280 162
tile 14569 336 162
tile 14570 392 162
tile 14571 448 162
tile 14572 504 162
tile 14573 560 162
tile 14574 616 162
tile 14575 672 162
tile 14576 728 162
tile 14577 784 162
tile 14578 840 162
tile 14579 896 162
tile 14580 952 162
tile 14581 1008 162
tile 14582 1064 162
tile 14583 1120 162
tile 14584 1176 162
tile 14585 1232 162
tile 14586 1288 162
tile 14587 1344 162
tile 14588 1400 162
tile 14589 0 189
tile 14590 56 189
tile 14591 112 189
tile 14592 168 189
tile 14593 224 189
tile 14594 280 189
tile 14595 336 189
tile 14596 392 189
tile 14597 448 189
tile 14598 504 189
tile 14599 560 189
tile 14600 616 189
tile 14601 672 189
tile 14602 728 189
tile 14603 784 189
tile 14604 840 189
tile 14605 896 189
tile 14606 952 189
tile 14607 1008 189
tile 14608 1064 189
tile 14609 1120 189
tile 14610 1176 189
tile 14611 1232 189
tile 14612 1288 189
tile 14613 1344 189
tile 14614 1400 189
tile 14615 0 216
tile 14616 56 216
tile 14617 112 216
tile 14618 168 216
tile 14619 224 216
tile 14620 280 216
tile 14621 336 216
tile 14622 392 216
tile 14623 448 216
tile 14624 504 216
tile 14625 560 216
tile 14626 616 216
tile 14627 672 216
tile 14628 728 216
tile 14629 784 216
tile 14630 840 216
tile 14631 896 216
tile 14632 952 216
tile 14633 1008 216
tile 14634 1064 216
tile 14635 1120 216
tile 14636 1176 216
tile 14637 1232 216
tile 14638 1288 216
tile 14639 1344 216
tile 14640 1400 216
tile 14641 0 243
tile 14642 56 243
tile 14643 112 243
tile 14644 168 243
tile 14645 224 243
tile 14646 280 243
tile 14647 336 243
tile 14648 392 243
tile 14649 448 243
tile 14650 504 243
tile 14651 560 243
tile 14652 616 243
tile 14653 672 243
tile 14654 728 243
tile 14655 784 243
tile 14656 840 243
tile 14657 896 243
tile 14658 952 243
tile 14659 1008 243
tile 14660 1064 243
tile 14661 1120 243
tile 14662 1176 243
tile 14663 1232 243
tile 14664 1288 243
tile 14665 1344 243
tile 14666 1400 243
tile 14667 0 270
tile 14668 56 270
tile 14669 112 270
tile 14670 168 270
tile 14671 224 270
tile 14672 280 270
tile 14673 336 270
tile 14674 392 270
tile 14675 448 270
tile 14677 504 270
tile 14678 560 270
tile 14679 616 270
tile 14680 672 270
tile 14681 728 270
tile 14682 784 270
tile 14683 840 270
tile 14684 896 270
tile 14685 952 270
tile 14686 1008 270
tile 14687 1064 270
tile 14688 1120 270
tile 14689 1176 270
tile 14690 1232 270
tile 14691 1288 270
tile 14692 1344 270
tile 14693 1400 270
tile 14694 0 297
tile 14695 56 297
tile 14696 112 297
tile 14697 168 297
tile 14698 224 297
tile 14699 280 297
tile 14700 336 297
tile 14701 392 297
tile 14702 448 297
tile 14703 504 297
tile 14704 560 297
tile 14705 616 297
tile 14706 672 297
tile 14707 728 297
tile 14708 784 297
tile 14709 840 297
tile 14710 896 297
tile 14711 952 297
tile 14712 1008 297
tile 14713 1064 297
tile 14714 1120 297
tile 14715 1176 297
tile 14716 1232 297
tile 14717 1288 297
tile 14718 1344 297
tile 14719 1400 297
tile 14720 0 324
tile 14721 56 324
tile 14722 112 324
tile 14723 168 324
tile 14724 224 324
tile 14725 280 324
tile 14726 336 324
tile 14727 392 324
tile 14728 448 324
tile 14729 504 324
tile 14730 560 324
tile 14731 616 324
tile 14732 672 324
tile 14733 728 324
tile 14734 784 324
tile 14735 840 324
tile 14736 896 324
tile 14737 952 324
tile 14738 1008 324
tile 14739 1064 324
tile 14740 1120 324
tile 14741 1176 324
tile 14742 1232 324
tile 14743 1288 324
tile 14744 1344 324
tile 14745 1400 324
tile 14746 0 351
tile 14747 56 351
tile 14748 112 351
tile 14749 168 351
tile 14750 224 351
tile 14751 280 351
tile 14752 336 351
tile 14753 392 351
tile 14754 448 351
tile 14755 504 351
tile 14756 560 351
tile 14757 616 351
tile 14758 672 351
tile 14759 728 351
tile 14760 784 351
tile 14761 840 351
tile 14762 896 351
tile 14763 952 351
tile 14764 1008 351
tile 14765 1064 351
tile 14766 1120 351
tile 14767 1176 351
tile 14768 1232 351
tile 14769 1288 351
tile 14770 1344 351
tile 14771 1400 351
tile 14772 0 378
tile 14773 56 378
tile 14774 112 378
tile 14775 168 378
tile 14776 224 378
tile 14777 280 378
tile 14778 336 378
tile 14779 392 378
tile 14780 448 378
tile 14781 504 378
tile 14782 560 378
tile 14783 616 378
tile 14784 672 378
tile 14785 728 378
tile 14786 784 378
tile 14787 840 378
tile 14788 896 378
tile 14789 952 378
tile 14790 1008 378
tile 14791 1064 378
tile 14792 1120 378
tile 14793 1176 378
tile 14794 1232 378
tile 14795 1288 378
tile 14796 1344 378
tile 14797 1400 378
tile 14798 0 405
tile 14799 56 405
tile 14800 112 405
tile 14801 168 405
tile 14802 224 405
tile 14803 280 405
tile 14804 336 405
tile 14805 392 405
tile 14806 448 405
tile 14807 504 405
tile 14808 560 405
tile 14809 616 405
tile 14810 672 405
tile 14811 728 405
tile 14812 784 405
tile 14813 840 405
tile 14814 896 405
tile 14815 952 405
tile 14816 1008 405
tile 14817 1064 405
tile 14818 1120 405
tile 14819 1176 405
tile 14820 1232 405
tile 14821 1288 405
tile 14822 1344 405
tile 14823 1400 405
tile 14824 0 432
tile 14825 56 432
tile 14826 112 432
tile 14827 168 432
tile 14828 224 432
tile 14829 280 432
tile 14830 336 432
tile 14831 392 432
tile 14832 448 432
tile 14833 504 432
tile 14834 560 432
tile 14835 616 432
tile 14836 672 432
tile 14837 728 432
tile 14838 784 432
tile 14839 840 432
tile 14840 896 432
tile 14841 952 432
tile 14842 1008 432
tile 14843 1064 432
tile 14844 1120 432
tile 14845 1176 432
tile 14846 1232 432
tile 14847 1288 432
tile 14848 1344 432
tile 14849 1400 432
tile 14850 0 459
tile 14851 56 459
tile 14852 112 459
tile 14853 168 459
tile 14854 224 459
tile 14855 280 459
tile 14856 336 459
tile 14857 392 459
tile 14858 448 459
tile 14859 504 459
tile 14860 560 459
tile 14861 616 459
tile 14862 672 459
tile 14863 728 459
tile 14864 784 459
tile 14865 840 459
tile 14866 896 459
tile 14867 952 459
tile 14868 1008 459
tile 14869 1064 459
tile 14870 1120 459
tile 14871 1176 459
tile 14872 1232 459
tile 14873 1288 459
tile 14874 1344 459
tile 14875 1400 459
tile 14876 0 486
tile 14877 56 486
tile 14878 112 486
tile 14879 168 486
tile 14880 224 486
tile 14881 280 486
tile 14882 336 486
tile 14883 392 486
tile 14884 448 486
tile 14885 504 486
tile 14886 560 486
tile 14887 616 486
tile 14888 672 486
tile 14889 728 486
tile 14890 784 486
tile 14891 840 486
tile 14892 896 486
tile 14893 952 486
tile 14894 1008 486
tile 14895 1064 486
tile 14896 1120 486
tile 14897 1176 486
tile 14898 1232 486
tile 14899 1288 486
tile 14900 1344 486
tile 14901 1400 486
tile 14902 0 513
tile 14903 56 513
tile 14904 112 513
tile 14905 168 513
tile 14906 224 513
tile 14907 280 513
tile 14908 336 513
tile 14909 392 513
tile 14910 448 513
tile 14911 504 513
tile 14912 560 513
tile 14913 616 513
tile 14914 672 513
tile 14915 728 513
tile 14916 784 513
tile 14917 840 513
tile 14918 896 513
tile 14919 952 513
tile 14920 1008 513
tile 14921 1064 513
tile 14922 1120 513
tile 14923 1176 513
tile 14924 1232 513
tile 14925 1288 513
tile 14926 1344 513
tile 14927 1400 513
tile 14928 0 540
tile 14929 56 540
tile 14930 112 540
tile 14931 168 540
tile 14932 224 540
tile 14933 280 540
tile 14934 336 540
tile 14935 392 540
tile 14936 448 540
tile 14937 504 540
tile 14938 560 540
tile 14939 616 540
tile 14940 672 540
tile 14941 728 540
tile 14942 784 540
tile 14943 840 540
tile 14944 896 540
tile 14945 952 540
tile 14946 1008 540
tile 14947 1064 540
tile 14948 1120 540
tile 14949 1176 540
tile 14950 1232 540
tile 14951 1288 540
tile 14952 1344 540
tile 14953 1400 540
tile 14954 0 567
tile 14955 56 567
tile 14956 112 567
tile 14957 168 567
tile 14958 224 567
tile 14959 280 567
tile 14960 336 567
tile 14961 392 567
tile 14962 448 567
tile 14963 504 567
tile 14964 560 567
tile 14965 616 567
tile 14966 672 567
tile 14967 728 567
tile 14968 784 567
tile 14969 840 567
tile 14970 896 567
tile 14971 952 567
tile 14972 1008 567
tile 14973 1064 567
tile 14974 1120 567
tile 14975 1176 567
tile 14976 1232 567
tile 14977 1288 567
tile 14978 1344 567
tile 14979 1400 567
tile 14980 0 594
tile 14981 56 594
tile 14982 112 594
tile 14983 168 594
tile 14984 224 594
tile 14985 280 594
tile 14986 336 594
tile 14987 392 594
tile 14988 448 594
tile 14989 504 594
tile 14990 560 594
tile 14991 616 594
tile 14992 672 594
tile 14993 728 594
tile 14994 784 594
tile 14995 840 594
tile 14996 896 594
tile 14997 952 594
tile 14998 1008 594
tile 14999 1064 594
tile 15000 1120 594
tile 15001 1176 594
tile 15002 1232 594
tile 15003 1288 594
tile 15004 1344 594
tile 15005 1400 594
tile 15006 0 621
tile 15007 56 621
tile 15008 112 621
tile 15009 168 621
tile 15010 224 621
tile 15011 280 621
tile 15012 336 621
tile 15013 392 621
tile 15014 448 621
tile 15015 504 621
tile 15016 560 621
tile 15017 616 621
tile 15018 672 621
tile 15019 728 621
tile 15020 784 621
tile 15021 840 621
tile 15022 896 621
tile 15023 952 621
tile 15024 1008 621
tile 15025 1064 621
tile 15026 1120 621
tile 15027 1176 621
tile 15028 1232 621
tile 15029 1288 621
tile 15030 1344 621
tile 15031 1400 621
tile 15032 0 648
tile 15033 56 648
tile 15034 112 648
tile 15035 168 648
tile 15036 224 648
tile 15037 280 648
tile 15038 336 648
tile 15039 392 648
tile 15040 448 648
tile 15041 504 648
tile 15042 560 648
tile 15043 616 648
tile 15044 672 648
tile 15045 728 648
tile 15046 784 648
tile 15047 840 648
tile 15048 896 648
tile 15049 952 648
tile 15050 1008 648
tile 15051 1064 648
tile 15052 1120 648
tile 15053 1176 648
tile 15054 1232 648
tile 15055 1288 648
tile 15056 1344 648
tile 15057 1400 648
tile 15058 0 675
tile 15059 56 675
tile 15060 112 675
picture 755 1036 408 49 0
picture 756 1036 457 49 0
picture 11527 1036 506 48 0
picture 11528 1036 648 46 0
picture 11529 1036 740 45 0
picture 11530 1036 694 46 0
picture 11531 1064 0 36 0
picture 11533 1064 311 31 0
picture 11534 1064 72 35 0
picture 13991 868 270 267 0
picture 13992 784 0 290 0
picture 13993 728 0 317 0
picture 13994 700 331 328 0
picture 13995 700 0 331 0
picture 13996 700 659 323 0
picture 13997 728 317 304 0
picture 13998 812 0 281 0
picture 13999 924 239 238 0
picture 14000 980 827 124 0
picture 14001 952 0 216 0
picture 14002 896 0 252 0
picture 14003 784 576 282 0
picture 14004 728 621 302 0
picture 14005 756 0 302 0
picture 14006 840 277 275 0
picture 14007 896 501 246 0
picture 14008 924 477 223 0
picture 14009 952 636 205 0
picture 14010 924 0 239 0
picture 14011 840 0 277 0
picture 14012 756 599 296 0
picture 14013 756 302 297 0
picture 14014 784 290 286 0
picture 14015 868 537 265 0
picture 14016 924 700 219 0
picture 14017 952 429 207 0
picture 14018 896 747 242 0
picture 14019 840 552 274 0
picture 14020 812 281 281 0
picture 14021 812 562 281 0
picture 14022 868 0 270 0
picture 14023 896 252 249 0
picture 14024 952 216 213 0
picture 14025 980 692 135 0
picture 14026 980 142 139 0
picture 14027 980 281 139 0
picture 14028 1008 0 115 0
picture 14029 980 420 136 0
picture 14030 952 841 144 0
picture 14031 980 0 142 0
picture 14032 980 556 136 0
picture 14033 1036 908 38 0
picture 14034 1036 946 37 0
picture 14035 1064 245 33 0
picture 14036 1064 177 34 0
picture 14037 1036 554 47 0
picture 14038 1036 601 47 0
picture 14041 1064 211 34 0
picture 14042 1064 278 33 0
picture 14043 1064 36 36 0
picture 14044 1064 107 35 0
picture 14045 1036 983 37 0
picture 14046 1036 868 40 0
picture 14047 1036 128 58 0
picture 14048 1008 632 75 0
picture 14049 1008 301 88 0
picture 14050 1008 389 85 0
picture 14051 1036 0 66 0
picture 14052 1008 474 82 0
picture 14053 1008 209 92 0
picture 14054 1008 115 94 0
picture 14055 1008 707 73 0
picture 14056 1036 186 58 0
picture 14057 1036 66 62 0
picture 14058 1008 780 70 0
picture 14059 1008 850 70 0
picture 14060 1036 356 52 0
picture 14061 1036 301 55 0
picture 14062 1008 556 76 0
picture 14063 1008 920 67 0
picture 14064 1036 244 57 0
picture 14065 1064 142 35 0
picture 14066 1036 827 41 0
picture 14067 1036 785 42 0
picture 14068 0 0 378 0
picture 14069 0 378 378 0
picture 14070 28 0 378 0
picture 14071 28 378 378 0
picture 14072 56 0 378 0
picture 14073 56 378 378 0
picture 14074 84 0 378 0
picture 14075 84 378 378 0
picture 14076 112 0 378 0
picture 14077 112 378 378 0
picture 14078 140 0 378 0
picture 14079 140 378 378 0
picture 14080 168 0 378 0
picture 14081 168 378 378 0
picture 14082 196 0 378 0
picture 14083 196 378 378 0
picture 14084 224 0 378 0
picture 14085 224 378 378 0
picture 14086 252 0 378 0
picture 14087 252 378 378 0
picture 14088 280 0 378 0
picture 14089 280 378 378 0
picture 14090 308 0 378 0
picture 14091 308 378 378 0
picture 14092 336 0 378 0
picture 14093 336 378 378 0
picture 14094 364 0 378 0
picture 14095 364 378 378 0
picture 14096 392 0 378 0
picture 14097 392 378 378 0
picture 14098 420 0 378 0
picture 14099 420 378 378 0
picture 14100 448 0 378 0
picture 14101 448 378 378 0
picture 14102 476 0 378 0
picture 14103 476 378 378 0
picture 14104 504 0 378 0
picture 14105 504 378 378 0
picture 14106 532 0 378 0
picture 14107 532 378 378 0
picture 14108 560 0 378 0
picture 14109 560 378 378 0
picture 14110 588 0 378 0
picture 14111 588 378 378 0
picture 14112 616 0 378 0
picture 14113 616 378 378 0
picture 14114 644 0 378 0
picture 14115 644 378 378 0
picture 14116 672 0 378 0
picture 14117 672 378 378 0
object 1 0 left 14093
object 2 0 left 14094
object 3 0 left 14095
object 4 0 left 14096
object 5 0 left 14097
object 6 0 left 14098
object 7 0 left 14099
object 8 0 left 14100
object 9 0 left 14101
object 10 0 left 14102
object 11 0 left 14103
object 12 0 left 14104
object 13 0 left 14105
object 14 0 left 14106
object 15 0 left 14107
object 16 0 left 14088
object 17 0 left 14089
object 18 0 left 14090
object 19 0 left 14091
object 20 0 left 14092
object 21 0 left 14083
object 22 0 left 14084
object 23 0 left 14085
object 24 0 left 14086
object 25 0 left 14087
object 26 0 left 14093
object 27 0 left 14094
object 28 0 left 14095
object 29 0 left 14096
object 30 0 left 14097
object 31 0 left 14098
object 32 0 left 14099
object 33 0 left 14100
object 34 0 left 14101
object 35 0 left 14102
object 36 0 left 14103
object 37 0 left 14104
object 38 0 left 14105
object 39 0 left 14106
object 40 0 left 14107
object 41 0 left 14088
object 42 0 left 14089
object 43 0 left 14090
object 44 0 left 14091
object 45 0 left 14092
object 46 0 left 14083
object 47 0 left 14084
object 48 0 left 14085
object 49 0 left 14086
object 50 0 left 14087
object 51 0 left 14093
object 52 0 left 14094
object 53 0 left 14095
object 54 0 left 14096
object 55 0 left 14097
object 56 0 left 14098
object 57 0 left 14099
object 58 0 left 14100
object 59 0 left 14101
object 60 0 left 14102
object 61 0 left 14103
object 62 0 left 14104
object 63 0 left 14105
object 64 0 left 14106
object 65 0 left 14107
object 66 0 left 14088
object 67 0 left 14089
object 68 0 left 14090
object 69 0 left 14091
object 70 0 left 14092
object 71 0 left 14083
object 72 0 left 14084
object 73 0 left 14085
object 74 0 left 14086
object 75 0 left 14087
object 76 0 left 14093
object 77 0 left 14094
object 78 0 left 14095
object 79 0 left 14096
object 80 0 left 14097
object 81 0 left 14098
object 82 0 left 14099
object 83 0 left 14100
object 84 0 left 14101
object 85 0 left 14102
object 86 0 left 14103
object 87 0 left 14104
object 88 0 left 14105
object 89 0 left 14106
object 90 0 left 14107
object 91 0 left 14088
object 92 0 left 14089
object 93 0 left 14090
object 94 0 left 14091
object 95 0 left 14092
object 96 0 left 14083
object 97 0 left 14084
object 98 0 left 14085
object 99 0 left 14086
object 0 1 right 14072
object 6 1 left 755
object 6 1 right 756
object 7 1 left 755
object 7 1 right 756
object 31 1 left 755
object 31 1 right 756
object 56 1 left 755
object 56 1 right 756
object 57 1 left 755
object 57 1 right 756
object 78 1 left 755
object 78 1 right 756
object 81 1 left 755
object 81 1 right 756
object 82 1 left 755
object 82 1 right 756
object 89 1 left 755
object 89 1 right 756
object 92 1 left 755
object 92 1 right 756
object 98 1 left 755
object 98 1 right 756
object 0 2 right 14071
object 25 2 left 755
object 25 2 right 756
object 26 2 left 755
object 26 2 right 756
object 50 2 left 755
object 50 2 right 756
object 51 2 left 755
object 51 2 right 756
object 75 2 left 755
object 75 2 right 756
object 76 2 left 755
object 76 2 right 756
object 0 3 right 14070
object 26 3 left 755
object 26 3 right 756
object 0 4 right 14069
object 0 5 right 14068
object 0 6 right 14077
object 17 6 left 14059
object 17 6 right 14060
object 18 6 left 14043
object 18 6 right 14044
object 19 6 left 14041
object 19 6 right 14042
object 0 7 right 14076
object 15 7 left 14041
object 15 7 right 14042
object 16 7 left 14057
object 16 7 right 14058
object 18 7 left 14041
object 18 7 right 14042
object 19 7 left 14043
object 19 7 right 14044
object 0 8 right 14075
object 15 8 left 14043
object 15 8 right 14044
object 21 8 left 14041
object 21 8 right 14042
object 0 9 right 14074
object 15 9 left 14041
object 15 9 right 14042
object 17 9 left 14041
object 17 9 right 14042
object 0 10 right 14073
object 0 11 right 14082
object 84 11 right 14065
object 0 12 right 14081
object 84 12 right 14064
object 0 13 right 14080
object 83 13 right 14056
object 84 13 left 11531
object 84 13 right 14063
object 0 14 right 14079
object 83 14 right 14055
object 84 14 left 14061
object 84 14 right 14062
object 85 14 left 14041
object 85 14 right 14042
object 0 15 right 14078
object 83 15 right 14054
object 84 15 left 14041
object 84 15 right 14042
object 87 15 left 14033
object 87 15 right 14034
object 0 16 right 14112
object 83 16 left 14052
object 83 16 right 14053
object 84 16 left 14033
object 84 16 right 14034
object 87 16 left 14041
object 87 16 right 14042
object 0 17 right 14111
object 1 17 left 755
object 1 17 right 756
object 84 17 left 14041
object 84 17 right 14042
object 0 18 right 14110
object 1 18 left 755
object 1 18 right 756
object 82 18 left 14033
object 82 18 right 14034
object 85 18 left 14033
object 85 18 right 14034
object 0 19 right 14109
object 86 19 left 14041
object 86 19 right 14042
object 0 20 right 14108
object 0 21 right 14117
object 0 22 right 14116
object 0 23 right 14115
object 0 24 right 14114
object 0 25 right 14113
object 0 26 right 14072
object 0 27 right 14071
object 0 28 right 14070
object 36 28 left 11533
object 36 28 right 11534
object 37 28 left 14041
object 37 28 right 14042
object 38 28 left 14041
object 38 28 right 14042
object 0 29 right 14069
object 36 29 left 14027
object 36 29 right 14028
object 37 29 left 14045
object 37 29 right 14046
object 38 29 left 14041
object 38 29 right 14042
object 58 29 right 14024
object 0 30 right 14068
object 24 30 right 14016
object 35 30 left 14025
object 35 30 right 14026
object 36 30 left 14041
object 36 30 right 14042
object 38 30 left 14041
object 38 30 right 14042
object 39 30 left 14041
object 39 30 right 14042
object 58 30 right 14023
object 0 31 right 14077
object 24 31 right 14015
object 34 31 left 14041
object 34 31 right 14042
object 35 31 left 14043
object 35 31 right 14044
object 58 31 left 14021
object 58 31 right 14022
object 0 32 right 14076
object 24 32 left 14013
object 24 32 right 14014
object 37 32 left 14041
object 37 32 right 14042
object 38 32 left 14041
object 38 32 right 14042
object 39 32 left 14037
object 39 32 right 14038
object 55 32 left 14017
object 56 32 left 14018
object 57 32 left 14019
object 57 32 right 14020
object 0 33 right 14075
object 21 33 left 14009
object 22 33 left 14010
object 23 33 left 14011
object 23 33 right 14012
object 35 33 left 14041
object 35 33 right 14042
object 39 33 left 14041
object 39 33 right 14042
object 89 33 left 14041
object 89 33 right 14042
object 0 34 right 14074
object 89 34 left 11533
object 89 34 right 11534
object 90 34 left 14035
object 90 34 right 14036
object 91 34 left 14041
object 91 34 right 14042
object 0 35 right 14073
object 89 35 left 14027
object 89 35 right 14028
object 90 35 left 14041
object 90 35 right 14042
object 91 35 left 14041
object 91 35 right 14042
object 0 36 right 14082
object 87 36 left 14045
object 87 36 right 14046
object 88 36 left 14025
object 88 36 right 14026
object 89 36 left 14041
object 89 36 right 14042
object 90 36 left 14037
object 90 36 right 14038
object 91 36 left 14041
object 91 36 right 14042
object 92 36 left 14043
object 92 36 right 14044
object 93 36 left 14041
object 93 36 right 14042
object 0 37 right 14081
object 87 37 left 14041
object 87 37 right 14042
object 88 37 left 14041
object 88 37 right 14042
object 91 37 left 14041
object 91 37 right 14042
object 0 38 right 14080
object 88 38 left 14041
object 88 38 right 14042
object 89 38 left 14043
object 89 38 right 14044
object 0 39 right 14079
object 91 39 left 14043
object 91 39 right 14044
object 0 40 right 14078
object 91 40 left 14041
object 91 40 right 14042
object 92 40 left 14041
object 92 40 right 14042
object 0 41 right 14112
object 0 42 right 14111
object 1 42 left 755
object 1 42 right 756
object 63 42 right 14051
object 0 43 right 14110
object 1 43 left 755
object 1 43 right 756
object 61 43 left 14047
object 62 43 left 14048
object 63 43 left 14049
object 63 43 right 14050
object 65 43 left 14041
object 65 43 right 14042
object 0 44 right 14109
object 62 44 left 14041
object 62 44 right 14042
object 63 44 left 14041
object 63 44 right 14042
object 68 44 left 14041
object 68 44 right 14042
object 0 45 right 14108
object 61 45 left 14041
object 61 45 right 14042
object 0 46 right 14117
object 15 46 right 14051
object 64 46 left 14041
object 64 46 right 14042
object 66 46 left 14041
object 66 46 right 14042
object 0 47 right 14116
object 13 47 left 14047
object 14 47 left 14048
object 15 47 left 14049
object 15 47 right 14050
object 62 47 left 14041
object 62 47 right 14042
object 64 47 left 14041
object 64 47 right 14042
object 0 48 right 14115
object 12 48 left 14041
object 12 48 right 14042
object 13 48 left 14045
object 13 48 right 14046
object 14 48 left 14041
object 14 48 right 14042
object 0 49 right 14114
object 12 49 left 14041
object 12 49 right 14042
object 64 49 left 14041
object 64 49 right 14042
object 0 50 right 14113
object 13 50 left 14041
object 13 50 right 14042
object 14 50 left 14037
object 14 50 right 14038
object 0 51 right 14072
object 13 51 left 14041
object 13 51 right 14042
object 14 51 left 14041
object 14 51 right 14042
object 15 51 left 14041
object 15 51 right 14042
object 0 52 right 14071
object 47 52 right 14051
object 0 53 right 14070
object 45 53 left 14047
object 46 53 left 14048
object 47 53 left 14049
object 47 53 right 14050
object 0 54 right 14069
object 46 54 right 14056
object 0 55 right 14068
object 46 55 right 14055
object 47 55 left 14037
object 47 55 right 14038
object 49 55 left 14041
object 49 55 right 14042
object 0 56 right 14077
object 46 56 right 14054
object 47 56 left 14041
object 47 56 right 14042
object 0 57 right 14076
object 46 57 left 14052
object 46 57 right 14053
object 0 58 right 14075
object 34 58 right 13999
object 48 58 left 14041
object 48 58 right 14042
object 0 59 right 14074
object 34 59 right 13998
object 0 60 right 14073
object 7 60 right 14065
object 34 60 right 13997
object 0 61 right 14082
object 7 61 right 14064
object 8 61 left 14041
object 8 61 right 14042
object 9 61 left 14041
object 9 61 right 14042
object 34 61 left 13995
object 34 61 right 13996
object 0 62 right 14081
object 7 62 right 14063
object 8 62 left 11527
object 8 62 right 11528
object 9 62 left 14041
object 9 62 right 14042
object 10 62 left 14041
object 10 62 right 14042
object 13 62 left 14033
object 13 62 right 14034
object 14 62 left 14041
object 14 62 right 14042
object 31 62 left 13991
object 32 62 left 13992
object 33 62 left 13993
object 33 62 right 13994
object 0 63 right 14080
object 7 63 left 14061
object 7 63 right 14062
object 8 63 left 14033
object 8 63 right 14034
object 9 63 left 14041
object 9 63 right 14042
object 0 64 right 14079
object 8 64 left 14041
object 8 64 right 14042
object 9 64 left 14041
object 9 64 right 14042
object 10 64 left 14033
object 10 64 right 14034
object 12 64 left 14041
object 12 64 right 14042
object 80 64 right 14008
object 0 65 right 14078
object 8 65 left 14041
object 8 65 right 14042
object 9 65 left 14033
object 9 65 right 14034
object 80 65 right 14007
object 0 66 right 14112
object 1 66 left 755
object 1 66 right 756
object 80 66 right 14006
object 0 67 right 14111
object 76 67 left 14000
object 77 67 left 14001
object 78 67 left 14002
object 79 67 left 14003
object 80 67 left 14004
object 80 67 right 14005
object 91 67 right 14065
object 92 67 left 14035
object 92 67 right 14036
object 93 67 left 14041
object 93 67 right 14042
object 0 68 right 14110
object 1 68 left 755
object 1 68 right 756
object 91 68 right 14064
object 92 68 left 14041
object 92 68 right 14042
object 93 68 left 14041
object 93 68 right 14042
object 94 68 left 14035
object 94 68 right 14036
object 0 69 right 14109
object 91 69 right 14063
object 92 69 left 14041
object 92 69 right 14042
object 93 69 left 14066
object 93 69 right 14067
object 94 69 left 14041
object 94 69 right 14042
object 0 70 right 14108
object 91 70 left 14061
object 91 70 right 14062
object 92 70 left 14041
object 92 70 right 14042
object 93 70 left 14035
object 93 70 right 14036
object 94 70 left 14041
object 94 70 right 14042
object 96 70 left 14066
object 96 70 right 14067
object 0 71 right 14117
object 0 72 right 14116
object 93 72 left 14041
object 93 72 right 14042
object 0 73 right 14115
object 90 73 left 14041
object 90 73 right 14042
object 94 73 left 14035
object 94 73 right 14036
object 96 73 left 14041
object 96 73 right 14042
object 0 74 right 14114
object 0 75 right 14113
object 92 75 left 14041
object 92 75 right 14042
object 0 76 right 14072
object 0 77 right 14071
object 0 78 right 14070
object 0 79 right 14069
object 57 79 right 14051
object 59 79 left 14041
object 59 79 right 14042
object 0 80 right 14068
object 55 80 left 14047
object 56 80 left 14048
object 57 80 left 14049
object 57 80 right 14050
object 59 80 left 14041
object 59 80 right 14042
object 0 81 right 14077
object 55 81 left 14041
object 55 81 right 14042
object 56 81 left 11529
object 56 81 right 11530
object 57 81 left 11533
object 57 81 right 11534
object 59 81 left 14041
object 59 81 right 14042
object 0 82 right 14076
object 54 82 left 14041
object 54 82 right 14042
object 56 82 left 14041
object 56 82 right 14042
object 57 82 left 14041
object 57 82 right 14042
object 58 82 left 14043
object 58 82 right 14044
object 61 82 left 14041
object 61 82 right 14042
object 0 83 right 14075
object 56 83 left 14043
object 56 83 right 14044
object 57 83 left 14041
object 57 83 right 14042
object 58 83 left 14041
object 58 83 right 14042
object 59 83 left 14041
object 59 83 right 14042
object 0 84 right 14074
object 55 84 left 14041
object 55 84 right 14042
object 57 84 left 14041
object 57 84 right 14042
object 58 84 left 14043
object 58 84 right 14044
object 0 85 right 14073
object 0 86 right 14082
object 0 87 right 14081
object 0 88 right 14080
object 13 88 left 14041
object 13 88 right 14042
object 0 89 right 14079
object 9 89 left 14066
object 9 89 right 14067
object 12 89 left 14027
object 12 89 right 14028
object 14 89 left 14066
object 14 89 right 14067
object 0 90 right 14078
object 10 90 left 14041
object 10 90 right 14042
object 11 90 left 14025
object 11 90 right 14026
object 14 90 left 14041
object 14 90 right 14042
object 0 91 right 14112
object 10 91 left 14041
object 10 91 right 14042
object 11 91 left 14066
object 11 91 right 14067
object 13 91 left 14041
object 13 91 right 14042
object 14 91 left 14066
object 14 91 right 14067
object 0 92 right 14111
object 1 92 left 755
object 1 92 right 756
object 10 92 left 14041
object 10 92 right 14042
object 11 92 left 14041
object 11 92 right 14042
object 0 93 right 14110
object 1 93 left 755
object 1 93 right 756
object 10 93 left 14066
object 10 93 right 14067
object 11 93 left 14041
object 11 93 right 14042
object 12 93 left 14041
object 12 93 right 14042
object 14 93 left 14041
object 14 93 right 14042
object 84 93 left 14041
object 84 93 right 14042
object 0 94 right 14109
object 12 94 left 14066
object 12 94 right 14067
object 36 94 right 14056
object 37 94 left 14041
object 37 94 right 14042
object 84 94 left 14033
object 84 94 right 14034
object 0 95 right 14108
object 36 95 right 14055
object 37 95 left 14045
object 37 95 right 14046
object 38 95 left 14041
object 38 95 right 14042
object 40 95 left 14041
object 40 95 right 14042
object 84 95 left 14031
object 84 95 right 14032
object 0 96 right 14117
object 36 96 right 14054
object 37 96 left 14041
object 37 96 right 14042
object 38 96 left 14037
object 38 96 right 14038
object 83 96 left 14029
object 83 96 right 14030
object 84 96 left 11527
object 84 96 right 11528
object 85 96 left 14041
object 85 96 right 14042
object 0 97 right 14116
object 35 97 left 14043
object 35 97 right 14044
object 36 97 left 14052
object 36 97 right 14053
object 37 97 left 14041
object 37 97 right 14042
object 39 97 left 14041
object 39 97 right 14042
object 40 97 left 14043
object 40 97 right 14044
object 41 97 left 14041
object 41 97 right 14042
object 82 97 left 14041
object 82 97 right 14042
object 83 97 left 14033
object 83 97 right 14034
object 84 97 left 14041
object 84 97 right 14042
object 85 97 left 14041
object 85 97 right 14042
object 86 97 left 14033
object 86 97 right 14034
object 0 98 right 14115
object 35 98 left 14041
object 35 98 right 14042
object 40 98 left 14041
object 40 98 right 14042
object 83 98 left 14041
object 83 98 right 14042
object 84 98 left 14033
object 84 98 right 14034
object 86 98 left 14041
object 86 98 right 14042
object 0 99 right 14114
