# lod20020 — tools/dat-extract layout 이 만든다. 손으로 고치지 말 것.
size 100 100
blocked
####################################################################################################
#........................................................#..........................##..............
#........................##....................................................#...###..............
#...........................................................................##......##..............
#............................................................................#......................
#...................................................................................................
#...................................................................................................
#...................................................................................................
#...................................................................................................
#...................................................................................................
#..............#....................................................................................
#..............#....................................................................................
#..............##...................................................................................
#..............#....................................................................................
#...................................................................................................
#...................................................................................................
#...................................................................................................
#...................................................................................................
#...................................................................................................
#......................................................................................####.........
#......................................................................................####.........
#.............##...................................#...................................####.........
#............###...................................#................................................
#............##....................................##...............................................
#..................................................#................................................
#...................................................................................................
#...................................................................................................
#...................................................................................................
#...................................................................................................
#...................................................................................................
#...................................................................................................
#............................##.............................................................###.....
#............................##.....................................................................
#...................................................................................................
#...................................................................................................
#...................................................................................................
#...................................................................................................
#...................................................................................................
#...................................................................................................
#...................................................................................................
#...................................................................................................
#...................................................................................................
#...................................................................................................
##............................................###.......................##..........................
#......................................................................###..........................
#......................................................................###..........................
#...................................................................................................
#.................................#.................................................................
#................................###................................................................
#.................................#.................................................................
#...........#.......................................................................................
#...........#.......................................................................................
#...........#.......................................................................................
#...........#.......................................................................................
#...................................................................................................
#...................................................................................................
#...................................................................................................
#...................................................................................................
#.................................................................................................##
#................................................................................................###
#..........................................................................##....................##.
#.........................................................................###.......................
#.........................................................................###.......................
#...................................................................................................
#..............................##...................................................................
#.............................###...................................................................
#.............................##....................................................................
#...................................................................................................
#...................................................................................................
#...................................................................................................
#...................................................................................................
#...................................................................................................
#...................................................................................................
#..................................................#................................................
#..................................................#................................................
#..................................................#................................................
#..................................................#................................................
#...................................................................................................
#...................................................................................................
#...................................................................................................
#...................................................................................................
#...................................................................................................
#...................................................................................................
#...................................................................................................
#...................................................................................................
#...................................................................................................
#...................................................................................................
#...................................................................................................
#...................................................................................................
#...................................................................................................
#.##...........###..................................................................................
####................................................................................................
#.#............................................#................................###.................
#.............................................###...................................................
#..............................................#....................................................
#...................................................................................................
#...................................................................................................
#...................................................................................................
#...................................................................................................
#...................................................................................................
floor
0 0 0 0 0 0 0 0 0 0 0 0 0 0 0 0 0 0 0 0 0 0 0 0 0 0 0 0 0 0 0 0 0 0 0 0 0 0 0 0 0 0 0 0 0 0 0 0 0 0 0 0 0 0 0 0 0 0 0 0 0 0 0 0 0 0 0 0 0 0 0 0 0 0 0 0 0 0 0 0 0 0 0 0 0 0 0 0 0 0 0 0 0 0 0 0 0 0 0 0
0 14469 14479 14489 14493 14496 14499 14502 14505 14508 14511 14514 14517 14520 14523 14526 14530 14533 14536 14539 14542 14545 14548 14551 14554 14469 14469 14479 14489 14493 14496 14499 14502 14505 14508 14511 14514 14517 14520 14523 14526 14530 14533 14536 14539 14542 14545 14548 14551 14554 14469 14469 14479 14489 14493 14496 14499 14502 14505 14508 14511 14514 14517 14520 14523 14526 14530 14533 14536 14539 14542 14545 14548 14551 14554 14469 14469 14479 14489 14493 14496 14499 14502 14505 14508 14511 14514 14517 14520 14523 14526 14530 14533 14536 14539 14542 14545 14548 14551 14554
0 14468 14478 14488 14492 14495 14498 14501 14504 14507 14510 14513 14516 14519 14522 14525 14529 14532 14535 14538 14541 14544 14547 14550 14492 14495 14468 14478 14488 14492 14495 14498 14501 14504 14507 14510 14513 14516 14519 14522 14525 14529 14532 14535 14538 14541 14544 14547 14550 14492 14495 14468 14478 14488 14492 14495 14498 14501 14504 14507 14510 14513 14516 14519 14522 14525 14529 14532 14535 14538 14541 14544 14547 14550 14492 14495 14468 14478 14488 14492 14495 14498 14501 14504 14507 14510 14513 14516 14519 14522 14525 14529 14532 14535 14538 14541 14544 14547 14550 14492
0 14467 14477 14487 14491 14494 14497 14500 14503 14506 14509 14512 14515 14518 14521 14524 14528 14531 14534 14537 14540 14543 14546 14549 14491 14494 14467 14477 14487 14491 14494 14497 14500 14503 14506 14509 14512 14515 14518 14521 14524 14528 14531 14534 14537 14540 14543 14546 14549 14491 14494 14467 14477 14487 14491 14494 14497 14500 14503 14506 14509 14512 14515 14518 14521 14524 14528 14531 14534 14537 14540 14543 14546 14549 14491 14494 14467 14477 14487 14491 14494 14497 14500 14503 14506 14509 14512 14515 14518 14521 14524 14528 14531 14534 14537 14540 14543 14546 14549 14491
0 14466 14476 14486 14403 14407 14411 14415 14403 14407 14411 14415 14403 14407 14411 14415 14403 14407 14411 14415 14403 14407 14411 14415 14403 14407 14411 14415 14403 14407 14411 14415 14403 14407 14411 14415 14403 14407 14411 14415 14403 14407 14411 14415 14403 14407 14411 14415 14403 14407 14411 14415 14403 14407 14411 14415 14403 14407 14411 14415 14403 14407 14411 14415 14403 14407 14411 14415 14403 14407 14411 14415 14403 14407 14411 14415 14403 14407 14411 14415 14403 14407 14411 14415 14403 14407 14411 14415 14403 14407 14411 14415 14403 14407 14411 14415 14403 14407 14411 14415
0 14465 14475 14485 14402 14406 14410 14414 14402 14406 14410 14414 14402 14406 14410 14414 14402 14406 14410 14414 14402 14406 14410 14414 14402 14406 14410 14414 14402 14406 14410 14414 14402 14406 14410 14414 14402 14406 14410 14414 14402 14406 14410 14414 14402 14406 14410 14414 14402 14406 14410 14414 14402 14406 14410 14414 14402 14406 14410 14414 14402 14406 14410 14414 14402 14406 14410 14414 14402 14406 14410 14414 14402 14406 14410 14414 14402 14406 14410 14414 14402 14406 14410 14414 14402 14406 14410 14414 14402 14406 14410 14414 14402 14406 14410 14414 14402 14406 14410 14414
0 14464 14474 14484 14401 14405 14409 14413 14401 14405 14409 14413 14401 14405 14409 14413 14401 14405 14409 14413 14401 14405 14409 14413 14401 14405 14409 14413 14401 14405 14409 14413 14401 14405 14409 14413 14401 14405 14409 14413 14401 14405 14409 14413 14401 14405 14409 14413 14401 14405 14409 14413 14401 14405 14409 14413 14401 14405 14409 14413 14401 14405 14409 14413 14401 14405 14409 14413 14401 14405 14409 14413 14401 14405 14409 14413 14401 14405 14409 14413 14401 14405 14409 14413 14401 14405 14409 14413 14401 14405 14409 14413 14401 14405 14409 14413 14401 14405 14409 14413
0 14463 14473 14483 14400 14404 14408 14412 14400 14404 14408 14412 14400 14404 14408 14412 14400 14404 14408 14412 14400 14404 14408 14412 14400 14404 14408 14412 14400 14404 14408 14412 14400 14404 14408 14412 14400 14404 14408 14412 14400 14404 14408 14412 14400 14404 14408 14412 14400 14404 14408 14412 14400 14404 14408 14412 14400 14404 14408 14412 14400 14404 14408 14412 14400 14404 14408 14412 14400 14404 14408 14412 14400 14404 14408 14412 14400 14404 14408 14412 14400 14404 14408 14412 14400 14404 14408 14412 14400 14404 14408 14412 14400 14404 14408 14412 14400 14404 14408 14412
0 14462 14472 14482 14403 14407 14411 14415 14403 14407 14411 14415 14403 14407 14411 14415 14403 14407 14411 14415 14403 14407 14411 14415 14403 14407 14411 14415 14403 14407 14411 14415 14403 14407 14411 14415 14403 14407 14411 14415 14403 14407 14411 14415 14403 14407 14411 14415 14403 14407 14411 14415 14403 14407 14411 14415 14403 14407 14411 14415 14403 14407 14411 14415 14403 14407 14411 14415 14403 14407 14411 14415 14403 14407 14411 14415 14403 14407 14411 14415 14403 14407 14411 14415 14403 14407 14411 14415 14403 14407 14411 14415 14403 14407 14411 14415 14403 14407 14411 14415
0 14461 14471 14481 14402 14406 14410 14414 14402 14406 14410 14414 14402 14406 14410 14414 14402 14406 14410 14414 14402 14406 14410 14414 14402 14406 14410 14414 14402 14406 14410 14414 14402 14406 14410 14414 14402 14406 14410 14414 14402 14406 14410 14414 14402 14406 14410 14414 14402 14406 14410 14414 14402 14406 14410 14414 14402 14406 14410 14414 14402 14406 14410 14414 14402 14406 14410 14414 14402 14406 14410 14414 14402 14406 14410 14414 14402 14406 14410 14414 14402 14406 14410 14414 14402 14406 14410 14414 14402 14406 14410 14414 14402 14406 14410 14414 14402 14406 14410 14414
0 14460 14470 14480 14401 14405 14409 14413 14401 14405 14409 14413 14401 14405 14409 14413 14401 14405 14409 14413 14401 14405 14409 14413 14401 14405 14409 14760 14764 14768 14772 14840 14844 14848 14852 14840 14844 14848 14852 14808 14812 14816 14820 15016 15020 15024 15028 15048 15052 15056 15060 14840 14844 14848 14852 14808 14812 14816 14820 15016 15020 15024 15028 15048 15052 15056 15060 14792 14796 14800 14804 14413 14401 14405 14409 14413 14401 14405 14409 14413 14401 14405 14409 14413 14401 14405 14409 14413 14401 14405 14409 14413 14401 14405 14409 14413 14401 14405 14409 14413
0 14430 14444 14458 14400 14404 14408 14412 14400 14404 14408 14412 14400 14404 14408 14412 14400 14404 14408 14412 14400 14404 14408 14412 14400 14404 14408 14759 14763 14767 14771 14839 14843 14847 14851 14839 14843 14847 14851 14807 14811 14815 14819 15015 15019 15023 15027 15047 15051 15055 15059 14839 14843 14847 14851 14807 14811 14815 14819 15015 15019 15023 15027 15047 15051 15055 15059 14791 14795 14799 14803 14412 14400 14404 14408 14412 14400 14404 14408 14412 14400 14404 14408 14412 14400 14404 14408 14412 14400 14404 14408 14412 14400 14404 14408 14412 14400 14404 14408 14412
0 14429 14443 14457 14403 14407 14411 14415 14403 14407 14411 14415 14403 14407 14411 14415 14403 14407 14411 14415 14403 14407 14411 14415 14403 14407 14411 14758 14762 14766 14770 14838 14842 14846 14850 14838 14842 14846 14850 14806 14810 14814 14818 15014 15018 15022 15026 15046 15050 15054 15058 14838 14842 14846 14850 14806 14810 14814 14818 15014 15018 15022 15026 15046 15050 15054 15058 14790 14794 14798 14802 14415 14403 14407 14411 14415 14403 14407 14411 14415 14403 14407 14411 14415 14403 14407 14411 14415 14403 14407 14411 14415 14403 14407 14411 14415 14403 14407 14411 14415
0 14428 14442 14456 14402 14406 14410 14414 14402 14406 14410 14414 14402 14406 14410 14414 14402 14406 14410 14414 14402 14406 14410 14414 14402 14406 14410 14757 14761 14765 14769 14837 14841 14845 14849 14837 14841 14845 14849 14805 14809 14813 14817 15013 15017 15021 15025 15045 15049 15053 15057 14837 14841 14845 14849 14805 14809 14813 14817 15013 15017 15021 15025 15045 15049 15053 15057 14789 14793 14797 14801 14414 14402 14406 14410 14414 14402 14406 14410 14414 14402 14406 14410 14414 14402 14406 14410 14414 14402 14406 14410 14414 14402 14406 14410 14414 14402 14406 14410 14414
0 14427 14441 14455 14401 14405 14409 14760 14764 14768 14772 14840 14844 14848 14852 14840 14844 14848 14852 14808 14812 14816 14820 15016 15020 15024 15028 14728 14732 14736 14740 14696 14700 14704 14708 14856 14860 14864 14868 15000 15004 15008 15012 15032 15036 15040 15044 14824 14828 14832 14836 14856 14860 14864 14868 15000 15004 15008 15012 15032 15036 15040 15044 14712 14716 14720 14724 14872 14876 14880 14884 14413 14401 14405 14409 14413 14401 14405 14409 14413 14401 14405 14409 14413 14401 14405 14409 14413 14401 14405 14409 14413 14401 14405 14409 14413 14401 14405 14409 14413
0 14426 14440 14454 14400 14404 14408 14759 14763 14767 14771 14839 14843 14847 14851 14839 14843 14847 14851 14807 14811 14815 14819 15015 15019 15023 15027 14727 14731 14735 14739 14695 14699 14703 14707 14855 14859 14863 14867 14999 15003 15007 15011 15031 15035 15039 15043 14823 14827 14831 14835 14855 14859 14863 14867 14999 15003 15007 15011 15031 15035 15039 15043 14711 14715 14719 14723 14871 14875 14879 14883 14412 14400 14404 14408 14412 14400 14404 14408 14412 14400 14404 14408 14412 14400 14404 14408 14412 14400 14404 14408 14412 14400 14404 14408 14412 14400 14404 14408 14412
0 14425 14439 14453 14403 14407 14411 14758 14762 14766 14770 14838 14842 14846 14850 14838 14842 14846 14850 14806 14810 14814 14818 15014 15018 15022 15026 14726 14730 14734 14738 14694 14698 14702 14706 14854 14858 14862 14866 14998 15002 15006 15010 15030 15034 15038 15042 14822 14826 14830 14834 14854 14858 14862 14866 14998 15002 15006 15010 15030 15034 15038 15042 14710 14714 14718 14722 14870 14874 14878 14882 14415 14403 14407 14411 14415 14403 14407 14411 14415 14403 14407 14411 14415 14403 14407 14651 14657 14663 14669 14675 14415 14403 14407 14411 14415 14403 14407 14411 14415
0 14424 14438 14452 14402 14406 14410 14757 14761 14765 14769 14837 14841 14845 14849 14837 14841 14845 14849 14805 14809 14813 14817 15013 15017 15021 15025 14725 14729 14733 14737 14693 14697 14701 14705 14853 14857 14861 14865 14997 15001 15005 15009 15029 15033 15037 15041 14821 14825 14829 14833 14853 14857 14861 14865 14997 15001 15005 15009 15029 15033 15037 15041 14709 14713 14717 14721 14869 14873 14877 14881 14414 14402 14406 14410 14414 14402 14406 14410 14414 14402 14406 14410 14414 14402 14406 14650 14656 14662 14668 14674 14414 14402 14406 14410 14414 14402 14406 14410 14414
0 14423 14437 14451 14401 14405 14409 14920 14924 14928 14932 14696 14700 14704 14708 14856 14860 14864 14868 15000 15004 15008 15012 15032 15036 15040 15044 14824 14828 14832 14836 14776 14780 14784 14788 14403 14407 14411 14415 14403 14407 14411 14415 14403 14407 14411 14415 14403 14407 14411 14415 14403 14407 14411 14415 14403 14407 14411 14415 14403 14407 14411 14415 14904 14908 14912 14916 14680 14684 14688 14692 15060 14840 14844 14848 14852 14792 14796 14800 14804 14401 14405 14409 14413 14401 14405 14649 14655 14661 14667 14673 14413 14401 14405 14409 14413 14401 14405 14409 14413
0 14422 14436 14450 14400 14404 14408 14919 14923 14927 14931 14695 14699 14703 14707 14855 14859 14863 14867 14999 15003 15007 15011 15031 15035 15039 15043 14823 14827 14831 14835 14775 14779 14783 14787 14402 14406 14410 14414 14402 14406 14410 14414 14402 14406 14410 14414 14402 14406 14410 14414 14402 14406 14410 14414 14402 14406 14410 14414 14402 14406 14410 14414 14903 14907 14911 14915 14679 14683 14687 14691 15059 14839 14843 14847 14851 14791 14795 14799 14803 14400 14404 14408 14412 14400 14404 14648 14654 14660 14666 14672 14412 14400 14404 14408 14412 14400 14404 14408 14412
0 14421 14435 14449 14403 14407 14411 14918 14922 14926 14930 14694 14698 14702 14706 14854 14858 14862 14866 14998 15002 15006 15010 15030 15034 15038 15042 14822 14826 14830 14834 14774 14778 14782 14786 14401 14405 14409 14413 14401 14405 14409 14413 14401 14405 14409 14413 14401 14405 14409 14413 14401 14405 14409 14413 14401 14405 14409 14413 14401 14405 14409 14413 14902 14906 14910 14914 14678 14682 14686 14690 15058 14838 14842 14846 14850 14790 14794 14798 14802 14403 14407 14411 14415 14403 14407 14647 14653 14659 14665 14671 14415 14403 14407 14411 14415 14403 14407 14411 14415
0 14420 14434 14448 14402 14406 14410 14917 14921 14925 14929 14693 14697 14701 14705 14853 14857 14861 14865 14997 15001 15005 15009 15029 15033 15037 15041 14821 14825 14829 14833 14773 14777 14781 14785 14400 14404 14408 14412 14400 14404 14408 14412 14400 14404 14408 14412 14400 14404 14408 14412 14400 14404 14408 14412 14400 14404 14408 14412 14400 14404 14408 14412 14901 14905 14909 14913 14677 14681 14685 14689 15057 14837 14841 14845 14849 14789 14793 14797 14801 14402 14406 14410 14414 14402 14406 14646 14652 14658 14664 14670 14414 14402 14406 14410 14414 14402 14406 14410 14414
0 14419 14433 14447 14401 14405 14409 14920 14924 14928 14932 14968 14972 14976 14980 14403 14407 14411 14415 14403 14407 14411 14415 14403 14407 14411 14415 14403 14407 14411 14415 14403 14407 14411 14415 14403 14407 14411 14415 14403 14407 14411 14415 14403 14407 14411 14415 14403 14407 14411 14415 14403 14407 14411 14415 14403 14407 14411 14415 14403 14407 14411 14415 14744 14748 14752 14756 15044 14824 14828 14832 14836 14712 14716 14720 14724 14968 14972 14976 14980 14401 14405 14409 14413 14401 14405 14409 14413 14401 14405 14409 14413 14401 14405 14409 14413 14401 14405 14409 14413
0 14418 14432 14446 14400 14404 14408 14919 14923 14927 14931 14967 14971 14975 14979 14402 14406 14410 14414 14402 14406 14410 14414 14402 14406 14410 14414 14402 14406 14410 14414 14402 14406 14410 14414 14402 14406 14410 14414 14402 14406 14410 14414 14402 14406 14410 14414 14402 14406 14410 14414 14402 14406 14410 14414 14402 14406 14410 14414 14402 14406 14410 14414 14743 14747 14751 14755 15043 14823 14827 14831 14835 14711 14715 14719 14723 14967 14971 14975 14979 14400 14404 14408 14412 14400 14404 14408 14412 14400 14404 14408 14412 14400 14404 14408 14412 14400 14404 14408 14412
0 14417 14431 14445 14403 14407 14411 14918 14922 14926 14930 14966 14970 14974 14978 14401 14405 14409 14413 14401 14405 14409 14413 14401 14405 14409 14413 14401 14405 14409 14413 14401 14405 14409 14413 14401 14405 14409 14413 14401 14405 14409 14413 14401 14405 14409 14413 14401 14405 14409 14408 14412 14400 14404 14408 14412 14400 14404 14408 14412 14400 14404 14408 14742 14746 14750 14754 15042 14822 14826 14830 14834 14710 14714 14718 14722 14966 14970 14974 14978 14403 14407 14411 14415 14403 14407 14411 14415 14403 14407 14411 14415 14403 14407 14411 14415 14403 14407 14411 14415
0 14422 14436 14450 14402 14406 14410 14917 14921 14925 14929 14965 14969 14973 14977 14400 14404 14408 14408 14412 14400 14404 14408 14412 14400 14404 14408 14412 14400 14404 14408 14400 14404 14408 14412 14400 14404 14408 14412 14400 14404 14408 14412 14400 14404 14408 14412 14400 14404 14408 14411 14415 14403 14407 14411 14415 14403 14407 14411 14415 14403 14407 14411 14741 14745 14749 14753 15041 14821 14825 14829 14833 14709 14713 14717 14721 14965 14969 14973 14977 14402 14406 14410 14414 14402 14406 14410 14414 14402 14406 14410 14414 14402 14406 14410 14414 14402 14406 14410 14414
0 14469 14479 14486 14401 14405 14409 14936 14940 14944 14948 14984 14988 14992 14996 14403 14407 14411 14411 14415 14403 14407 14411 14415 14403 14407 14411 14415 14403 14407 14411 14403 14407 14411 14415 14403 14407 14411 14415 14403 14407 14411 14415 14403 14407 14411 14415 14403 14407 14411 14410 14414 14402 14406 14410 14414 14402 14406 14410 14414 14402 14406 14410 14403 14407 14411 14415 14403 14407 14411 14415 14403 14920 14924 14928 14932 14968 14972 14976 14980 14401 14405 14409 14413 14401 14405 14409 14413 14401 14405 14409 14413 14401 14405 14409 14413 14401 14405 14409 14413
0 14468 14478 14488 14400 14404 14408 14935 14939 14943 14947 14983 14987 14991 14995 14402 14406 14410 14410 14414 14402 14406 14410 14414 14402 14406 14410 14561 14567 14573 14579 14585 14406 14410 14414 14402 14406 14410 14414 14402 14406 14410 14414 14402 14406 14410 14414 14402 14406 14410 14409 14413 14401 14405 14409 14413 14401 14405 14409 14413 14401 14405 14409 14402 14406 14410 14414 14402 14406 14410 14414 14402 14919 14923 14927 14931 14967 14971 14975 14979 14400 14404 14408 14412 14400 14404 14408 14412 14400 14404 14408 14412 14400 14404 14408 14412 14400 14404 14408 14412
0 14467 14477 14487 14403 14407 14411 14934 14938 14942 14946 14982 14986 14990 14994 14401 14405 14409 14409 14413 14401 14405 14409 14413 14401 14405 14409 14560 14566 14572 14578 14584 14405 14409 14413 14401 14405 14409 14413 14401 14405 14409 14413 14401 14405 14409 14413 14401 14405 14409 14408 14412 14400 14404 14408 14412 14400 14404 14408 14412 14400 14404 14408 14401 14405 14409 14413 14401 14405 14409 14413 14401 14918 14922 14926 14930 14966 14970 14974 14978 14403 14407 14411 14415 14403 14407 14411 14415 14403 14407 14411 14415 14403 14407 14411 14415 14403 14407 14411 14415
0 14466 14476 14486 14402 14406 14410 14933 14937 14941 14945 14981 14985 14989 14993 14400 14404 14408 14408 14412 14400 14404 14408 14412 14400 14404 14408 14559 14565 14571 14577 14583 14404 14408 14412 14400 14404 14408 14412 14400 14404 14408 14412 14400 14404 14408 14412 14400 14404 14408 14411 14415 14403 14407 14411 14415 14403 14407 14411 14415 14403 14407 14411 14400 14404 14408 14412 14400 14404 14408 14412 14400 14917 14921 14925 14929 14965 14969 14973 14977 14402 14406 14410 14414 14402 14406 14410 14414 14402 14406 14410 14414 14402 14406 14410 14414 14402 14406 14410 14414
0 14465 14475 14485 14401 14405 14409 14952 14956 14960 14964 14888 14892 14896 14900 14403 14407 14411 14411 14415 14403 14407 14411 14415 14403 14407 14411 14558 14564 14570 14576 14582 14407 14411 14415 14403 14407 14411 14415 14403 14407 14411 14415 14403 14407 14411 14415 14403 14407 14411 14410 14414 14402 14406 14410 14414 14402 14406 14410 14414 14402 14406 14410 14403 14407 14411 14415 14403 14407 14411 14415 14403 14936 14940 14944 14948 14984 14988 14992 14996 14401 14405 14409 14413 14401 14405 14409 14413 14401 14405 14409 14413 14401 14405 14409 14413 14401 14405 14409 14413
0 14464 14474 14484 14400 14404 14408 14951 14955 14959 14963 14887 14891 14895 14899 14402 14406 14410 14410 14414 14402 14406 14410 14414 14402 14406 14410 14557 14563 14569 14575 14581 14406 14410 14414 14402 14406 14410 14414 14402 14406 14410 14414 14402 14406 14410 14414 14402 14406 14410 14409 14413 14401 14405 14409 14413 14401 14405 14409 14413 14401 14405 14409 14402 14406 14410 14414 14402 14406 14410 14414 14402 14935 14939 14943 14947 14983 14987 14991 14995 14400 14404 14408 14412 14400 14404 14408 14412 14400 14404 14408 14412 14400 14404 14408 14412 14400 14404 14408 14412
0 14463 14473 14483 14403 14407 14411 14950 14954 14958 14962 14886 14890 14894 14898 14401 14405 14409 14409 14413 14401 14405 14409 14413 14401 14405 14409 14556 14562 14568 14574 14580 14405 14409 14413 14401 14405 14409 14413 14401 14405 14409 14413 14401 14405 14409 14413 14401 14405 14409 14408 14412 14400 14404 14408 14412 14400 14404 14408 14412 14400 14404 14408 14401 14405 14409 14413 14401 14405 14409 14413 14401 14934 14938 14942 14946 14982 14986 14990 14994 14403 14407 14411 14415 14403 14407 14411 14415 14403 14407 14411 14415 14403 14407 14411 14415 14403 14407 14411 14415
0 14462 14472 14482 14402 14406 14410 14949 14953 14957 14961 14885 14889 14893 14897 14400 14404 14408 14408 14412 14400 14404 14408 14412 14400 14404 14408 14412 14400 14404 14408 14400 14404 14408 14412 14400 14404 14408 14412 14400 14404 14408 14412 14400 14404 14408 14412 14400 14404 14408 14411 14415 14403 14407 14411 14415 14403 14407 14411 14415 14403 14407 14411 14400 14404 14408 14412 14400 14404 14408 14412 14400 14933 14937 14941 14945 14981 14985 14989 14993 14402 14406 14410 14414 14402 14406 14410 14414 14402 14406 14410 14414 14402 14406 14410 14414 14402 14406 14410 14414
0 14461 14471 14481 14401 14405 14409 14904 14908 14912 14916 14872 14876 14880 14884 14403 14407 14411 14411 14415 14403 14407 14411 14415 14403 14407 14411 14415 14403 14407 14411 14403 14407 14411 14415 14403 14407 14411 14415 14403 14407 14411 14415 14403 14407 14411 14415 14403 14407 14411 14410 14414 14402 14406 14410 14414 14402 14406 14410 14414 14402 14406 14410 14403 14407 14411 14415 14403 14407 14411 14415 14403 14952 14956 14960 14964 14888 14892 14896 14900 14401 14405 14409 14413 14401 14405 14409 14413 14401 14405 14409 14413 14401 14405 14409 14413 14401 14405 14409 14413
0 14460 14470 14480 14400 14404 14408 14903 14907 14911 14915 14871 14875 14879 14883 14402 14406 14410 14410 14414 14402 14406 14410 14414 14402 14406 14410 14414 14402 14406 14410 14402 14406 14410 14414 14402 14406 14410 14414 14402 14406 14410 14414 14402 14406 14410 14414 14402 14406 14410 14409 14413 14401 14405 14409 14413 14401 14405 14409 14413 14401 14405 14409 14402 14406 14410 14414 14402 14406 14410 14414 14402 14951 14955 14959 14963 14887 14891 14895 14899 14400 14404 14408 14412 14400 14404 14408 14412 14400 14404 14408 14412 14400 14404 14408 14412 14400 14404 14408 14412
0 14430 14444 14458 14403 14407 14411 14902 14906 14910 14914 14870 14874 14878 14882 14401 14405 14409 14409 14413 14401 14405 14409 14413 14401 14405 14409 14413 14401 14405 14409 14401 14405 14409 14413 14401 14405 14409 14413 14401 14405 14409 14413 14401 14405 14409 14413 14401 14405 14409 14413 14401 14405 14409 14413 14401 14405 14409 14413 14401 14405 14409 14413 14401 14405 14409 14413 14401 14405 14409 14413 14401 14950 14954 14958 14962 14886 14890 14894 14898 14403 14407 14411 14415 14403 14407 14411 14415 14403 14407 14411 14415 14403 14407 14411 14415 14403 14407 14411 14415
0 14429 14443 14457 14402 14406 14410 14901 14905 14909 14913 14869 14873 14877 14881 14400 14404 14408 14412 14400 14404 14408 14412 14400 14404 14408 14412 14400 14404 14408 14412 14400 14404 14408 14412 14400 14404 14408 14412 14400 14404 14408 14412 14400 14404 14408 14412 14400 14404 14408 14412 14400 14404 14408 14412 14400 14404 14408 14412 14400 14404 14408 14412 14400 14404 14408 14412 14400 14404 14408 14412 14400 14949 14953 14957 14961 14885 14889 14893 14897 14402 14406 14410 14414 14402 14406 14410 14414 14402 14414 14402 14406 14410 14414 14402 14406 14410 14414 14402 14406
0 14428 14442 14456 14401 14405 14409 14920 14924 14928 14932 14680 14684 14688 14692 14840 14844 14848 14852 14792 14796 14800 14804 14403 14407 14411 14415 14403 14407 14411 14415 14403 14407 14411 14415 14403 14407 14411 14415 14403 14407 14411 14415 14403 14407 14411 14415 14403 14407 14411 14415 14403 14407 14411 14415 14403 14407 14411 14415 14403 14407 14411 14415 14403 14407 14411 14415 14403 14407 14411 14415 14403 14904 14908 14912 14916 14872 14876 14880 14884 14401 14405 14409 14413 14401 14405 14409 14413 14401 14413 14401 14405 14409 14413 14401 14405 14409 14413 14401 14405
0 14427 14441 14455 14400 14404 14408 14919 14923 14927 14931 14679 14683 14687 14691 14839 14843 14847 14851 14791 14795 14799 14803 14402 14406 14410 14414 14402 14406 14410 14414 14402 14406 14410 14414 14402 14406 14410 14414 14402 14406 14410 14414 14402 14406 14410 14414 14402 14406 14410 14414 14402 14406 14410 14414 14402 14406 14410 14414 14402 14406 14410 14414 14402 14406 14410 14414 14402 14406 14410 14414 14402 14903 14907 14911 14915 14871 14875 14879 14883 14400 14404 14408 14412 14400 14404 14408 14412 14400 14412 14400 14404 14408 14412 14400 14404 14408 14412 14400 14404
0 14426 14440 14454 14403 14407 14411 14918 14922 14926 14930 14678 14682 14686 14690 14838 14842 14846 14850 14790 14794 14798 14802 14401 14405 14409 14413 14401 14405 14409 14413 14401 14405 14409 14413 14401 14405 14409 14413 14401 14405 14409 14413 14401 14405 14409 14413 14401 14405 14409 14413 14401 14405 14409 14413 14401 14405 14409 14413 14401 14405 14409 14413 14401 14405 14409 14413 14401 14405 14409 14413 14401 14902 14906 14910 14914 14870 14874 14878 14882 14403 14407 14411 14415 14403 14407 14411 14415 14403 14415 14403 14407 14411 14415 14403 14407 14411 14415 14403 14407
0 14425 14439 14453 14402 14406 14410 14917 14921 14925 14929 14677 14681 14685 14689 14837 14841 14845 14849 14789 14793 14797 14801 14400 14404 14408 14412 14400 14404 14408 14412 14400 14404 14408 14412 14400 14404 14408 14412 14400 14404 14408 14412 14400 14404 14408 14412 14400 14404 14408 14412 14400 14404 14408 14412 14400 14404 14408 14412 14400 14404 14408 14412 14400 14404 14408 14412 14400 14404 14408 14412 14400 14901 14905 14909 14913 14869 14873 14877 14881 14402 14406 14410 14414 14402 14406 14410 14414 14402 14414 14402 14406 14410 14414 14402 14406 14410 14414 14402 14406
0 14424 14438 14452 14401 14405 14409 14744 14748 14752 14756 14856 14860 14864 14868 14712 14716 14720 14724 14968 14972 14976 14980 14403 14407 14411 14415 14403 14407 14411 14415 14403 14407 14411 14415 14403 14407 14411 14415 14403 14407 14411 14415 14403 14407 14411 14415 14403 14407 14411 14415 14403 14407 14411 14415 14403 14407 14411 14415 14403 14407 14411 14415 14403 14407 14411 14415 14403 14407 14411 14415 14403 14920 14924 14928 14932 14680 14684 14688 14692 14840 14844 14848 14852 14808 14812 14816 14820 15016 14413 14401 14405 14409 14413 14401 14405 14409 14413 14401 14405
0 14423 14437 14451 14400 14404 14408 14743 14747 14751 14755 14855 14859 14863 14867 14711 14715 14719 14723 14967 14971 14975 14979 14402 14406 14410 14414 14402 14406 14410 14414 14402 14406 14410 14414 14402 14406 14410 14414 14402 14406 14410 14414 14402 14406 14410 14414 14402 14406 14410 14414 14402 14406 14410 14414 14402 14406 14410 14414 14402 14406 14410 14414 14402 14406 14410 14414 14402 14406 14410 14414 14402 14919 14923 14927 14931 14679 14683 14687 14691 14839 14843 14847 14839 14843 14847 14851 14791 14795 14799 14803 14404 14408 14412 14400 14404 14408 14412 14400 14404
0 14422 14436 14450 14403 14407 14411 14742 14746 14750 14754 14854 14858 14862 14866 14710 14714 14718 14722 14966 14970 14974 14978 14401 14405 14409 14413 14401 14405 14409 14413 14401 14405 14409 14413 14401 14405 14409 14413 14401 14405 14409 14413 14401 14405 14409 14413 14401 14405 14409 14413 14401 14405 14409 14413 14401 14405 14409 14413 14401 14405 14409 14413 14401 14405 14409 14413 14401 14405 14409 14413 14401 14918 14922 14926 14930 14678 14682 14686 14690 14838 14842 14846 14838 14842 14846 14850 14790 14794 14798 14802 14407 14411 14415 14403 14407 14411 14415 14403 14407
0 14421 14435 14449 14402 14406 14410 14741 14745 14749 14753 14853 14857 14861 14865 14709 14713 14717 14721 14965 14969 14973 14977 14400 14404 14408 14412 14400 14404 14408 14412 14400 14404 14408 14412 14400 14404 14408 14412 14400 14404 14408 14412 14400 14404 14408 14412 14400 14404 14408 14412 14400 14404 14408 14412 14400 14404 14408 14412 14400 14404 14408 14412 14400 14404 14408 14412 14400 14404 14408 14412 14400 14917 14921 14925 14929 14677 14681 14685 14689 14837 14841 14845 14837 14841 14845 14849 14789 14793 14797 14801 14406 14410 14414 14402 14406 14410 14414 14402 14406
0 14420 14434 14448 14401 14405 14409 14413 14401 14405 14409 14413 14401 14405 14409 14936 14940 14944 14948 14984 14988 14992 14996 14403 14407 14411 14415 14403 14407 14411 14415 14403 14407 14411 14415 14403 14407 14411 14415 14403 14407 14411 14415 14403 14407 14411 14415 14403 14407 14411 14415 14403 14407 14411 14415 14403 14407 14411 14415 14403 14407 14411 14415 14403 14407 14411 14415 14403 14407 14411 14415 14403 14744 14748 14752 14756 14856 14860 14864 14868 14856 14860 14864 14712 14716 14720 14724 14968 14972 14976 14980 14405 14409 14413 14401 14405 14409 14413 14401 14405
0 14419 14433 14447 14400 14404 14408 14412 14400 14404 14408 14412 14400 14404 14408 14935 14939 14943 14947 14983 14987 14991 14995 14402 14406 14410 14414 14402 14406 14410 14414 14402 14406 14410 14414 14402 14406 14410 14414 14402 14406 14410 14414 14402 14406 14410 14414 14402 14406 14410 14414 14402 14406 14410 14414 14402 14406 14410 14414 14402 14406 14410 14414 14402 14406 14410 14414 14402 14406 14410 14414 14402 14743 14747 14751 14755 14855 14859 14863 14867 14855 14859 14863 14711 14715 14719 14723 14967 14971 14975 14979 14404 14408 14412 14400 14404 14408 14412 14400 14404
0 14418 14432 14446 14403 14407 14411 14415 14403 14407 14411 14415 14403 14407 14411 14934 14938 14942 14946 14982 14986 14990 14994 14401 14405 14409 14413 14401 14405 14409 14413 14401 14405 14409 14413 14401 14405 14409 14413 14401 14405 14409 14413 14401 14405 14409 14413 14401 14405 14409 14413 14401 14405 14409 14413 14401 14405 14409 14413 14401 14405 14409 14413 14401 14405 14409 14413 14401 14405 14409 14413 14401 14742 14746 14750 14754 14854 14858 14862 14866 14854 14858 14862 14710 14714 14718 14722 14966 14970 14974 14978 14407 14411 14415 14403 14407 14411 14415 14403 14407
0 14417 14431 14445 14402 14406 14410 14414 14402 14406 14410 14414 14402 14406 14410 14933 14937 14941 14945 14981 14985 14989 14993 14400 14404 14408 14412 14400 14404 14408 14412 14400 14404 14408 14412 14400 14404 14408 14412 14400 14404 14408 14412 14400 14404 14408 14412 14400 14404 14408 14412 14400 14404 14408 14412 14400 14404 14408 14412 14400 14404 14408 14412 14400 14404 14408 14412 14400 14404 14408 14412 14400 14741 14745 14749 14753 14853 14857 14861 14865 14853 14857 14861 14709 14713 14717 14721 14965 14969 14973 14977 14406 14410 14414 14402 14406 14410 14414 14402 14406
0 14422 14436 14450 14401 14405 14409 14413 14401 14405 14409 14413 14401 14405 14409 14952 14956 14960 14964 14888 14892 14896 14900 14403 14407 14411 14415 14403 14407 14411 14415 14403 14407 14411 14415 14403 14407 14411 14415 14403 14407 14411 14415 14403 14407 14411 14415 14403 14407 14411 14415 14403 14407 14411 14415 14403 14407 14411 14415 14403 14407 14411 14415 14403 14407 14411 14415 14403 14407 14411 14415 14403 14407 14411 14415 14403 14407 14411 14415 14403 14407 14411 14415 14920 14924 14928 14932 14968 14972 14976 14980 14405 14409 14413 14401 14405 14409 14413 14401 14405
0 14469 14479 14486 14400 14404 14408 14412 14400 14404 14408 14412 14400 14404 14408 14951 14955 14959 14963 14887 14891 14895 14899 14402 14406 14410 14414 14402 14406 14410 14414 14402 14406 14410 14414 14402 14406 14410 14414 14402 14406 14410 14414 14402 14406 14410 14414 14402 14406 14410 14414 14402 14406 14410 14414 14402 14406 14410 14414 14402 14406 14410 14414 14402 14406 14410 14414 14402 14406 14410 14414 14402 14406 14410 14414 14402 14406 14410 14414 14402 14406 14410 14414 14918 14922 14926 14930 14967 14971 14975 14979 14412 14400 14404 14408 14412 14400 14404 14408 14412
0 14468 14478 14488 14403 14407 14411 14415 14403 14407 14411 14415 14403 14407 14411 14950 14954 14958 14962 14886 14890 14894 14898 14401 14405 14409 14413 14401 14405 14409 14413 14401 14405 14409 14413 14401 14405 14409 14413 14401 14405 14409 14413 14401 14405 14409 14413 14401 14405 14409 14413 14401 14405 14409 14413 14401 14405 14409 14413 14401 14405 14409 14413 14401 14405 14409 14413 14401 14405 14409 14413 14401 14405 14409 14413 14401 14405 14409 14413 14401 14405 14409 14413 14917 14921 14925 14929 14966 14970 14974 14978 14415 14403 14407 14411 14415 14403 14407 14411 14415
0 14467 14477 14487 14402 14406 14410 14414 14402 14406 14410 14414 14402 14406 14410 14949 14953 14957 14961 14885 14889 14893 14897 14400 14404 14408 14412 14400 14404 14408 14412 14400 14404 14408 14412 14400 14404 14408 14412 14400 14404 14408 14412 14400 14404 14408 14412 14400 14404 14408 14412 14400 14404 14408 14412 14400 14404 14408 14412 14400 14404 14408 14412 14400 14404 14408 14412 14400 14404 14408 14412 14400 14404 14408 14412 14400 14404 14408 14412 14400 14404 14408 14412 14904 14908 14912 14916 14965 14969 14973 14977 14414 14402 14406 14410 14414 14402 14406 14410 14414
0 14466 14476 14486 14401 14405 14409 14413 14401 14405 14409 14413 14401 14405 14409 14904 14908 14912 14916 14872 14876 14880 14884 14403 14407 14408 14412 14400 14404 14408 14412 14400 14404 14408 14412 14400 14404 14408 14415 14403 14407 14411 14415 14403 14407 14411 14415 14403 14407 14411 14415 14403 14407 14411 14415 14403 14407 14411 14415 14403 14407 14411 14415 14403 14407 14411 14415 14403 14407 14411 14415 14403 14407 14411 14415 14403 14407 14411 14415 14403 14407 14411 14415 14903 14907 14911 14915 14984 14988 14992 14996 14413 14401 14405 14409 14413 14401 14405 14409 14413
0 14465 14475 14485 14400 14404 14408 14412 14400 14404 14408 14412 14400 14404 14408 14903 14907 14911 14915 14871 14875 14879 14883 14402 14406 14411 14415 14403 14407 14411 14415 14403 14407 14411 14415 14403 14407 14411 14414 14402 14406 14410 14414 14402 14406 14410 14414 14402 14406 14410 14414 14402 14406 14410 14414 14402 14406 14410 14414 14402 14406 14410 14414 14402 14406 14410 14414 14402 14406 14410 14414 14402 14406 14410 14414 14402 14406 14410 14414 14402 14406 14410 14414 14902 14906 14910 14914 14983 14987 14991 14995 14412 14400 14404 14408 14412 14400 14404 14408 14412
0 14464 14474 14484 14403 14407 14411 14415 14403 14407 14411 14415 14403 14407 14411 14902 14906 14910 14914 14870 14874 14878 14882 14401 14405 14410 14414 14402 14406 14410 14414 14402 14406 14410 14414 14402 14406 14410 14413 14401 14405 14409 14413 14401 14405 14409 14413 14401 14405 14409 14413 14401 14405 14409 14413 14401 14405 14409 14413 14401 14405 14409 14413 14401 14405 14409 14413 14401 14405 14409 14413 14401 14405 14409 14413 14401 14405 14409 14413 14401 14405 14409 14413 14901 14905 14909 14913 14869 14873 14877 14881 14415 14403 14407 14411 14415 14403 14407 14411 14415
0 14463 14473 14483 14402 14406 14410 14414 14402 14406 14410 14414 14402 14406 14410 14901 14905 14909 14913 14869 14873 14877 14881 14400 14404 14409 14413 14401 14405 14409 14413 14401 14405 14409 14413 14401 14405 14409 14412 14400 14404 14408 14412 14400 14404 14408 14412 14400 14404 14408 14412 14400 14404 14408 14412 14400 14404 14408 14412 14400 14404 14408 14412 14400 14404 14408 14412 14400 14404 14408 14412 14400 14404 14621 14627 14633 14639 14645 14412 14400 14404 14408 14412 14920 14924 14928 14932 14968 14972 14976 14980 14414 14402 14406 14410 14414 14402 14406 14410 14414
0 14462 14472 14482 14401 14405 14409 14413 14401 14405 14409 14413 14401 14405 14409 14920 14924 14928 14932 14968 14972 14976 14980 14403 14407 14408 14412 14400 14404 14408 14412 14400 14404 14408 14412 14400 14404 14408 14415 14403 14407 14411 14415 14403 14407 14411 14415 14403 14407 14411 14415 14403 14407 14411 14415 14403 14407 14411 14415 14403 14407 14411 14415 14403 14407 14411 14415 14403 14407 14411 14415 14408 14412 14620 14626 14632 14638 14644 14404 14408 14412 14400 14404 14408 14923 14927 14931 14967 14971 14975 14979 14413 14401 14405 14409 14413 14401 14405 14409 14413
0 14461 14471 14481 14400 14404 14408 14412 14400 14404 14408 14412 14400 14404 14408 14919 14923 14927 14931 14967 14971 14975 14979 14402 14406 14411 14415 14403 14407 14411 14415 14403 14407 14411 14415 14403 14407 14411 14414 14402 14406 14410 14414 14402 14406 14410 14414 14402 14406 14410 14414 14402 14406 14410 14414 14402 14406 14410 14414 14402 14406 14410 14414 14402 14406 14410 14414 14402 14406 14410 14414 14411 14415 14619 14625 14631 14637 14643 14407 14411 14415 14403 14407 14411 14922 14926 14930 14966 14970 14974 14978 14412 14400 14404 14408 14412 14400 14404 14408 14412
0 14460 14470 14480 14403 14407 14411 14415 14403 14407 14411 14415 14403 14407 14411 14918 14922 14926 14930 14966 14970 14974 14978 14401 14405 14410 14414 14402 14406 14410 14414 14402 14406 14410 14414 14402 14406 14410 14413 14401 14405 14409 14413 14401 14405 14409 14413 14401 14405 14409 14413 14401 14405 14409 14413 14401 14405 14409 14413 14401 14405 14409 14413 14401 14405 14409 14413 14401 14405 14409 14413 14410 14414 14618 14624 14630 14636 14642 14406 14410 14414 14402 14406 14410 14921 14925 14929 14965 14969 14973 14977 14415 14403 14407 14411 14415 14403 14407 14411 14415
0 14430 14444 14458 14402 14406 14410 14414 14402 14406 14410 14414 14402 14406 14410 14917 14921 14925 14929 14965 14969 14973 14977 14400 14404 14409 14413 14401 14405 14621 14627 14633 14639 14645 14413 14401 14405 14409 14412 14760 14764 14768 14772 14840 14844 14848 14852 14840 14844 14848 14852 14808 14812 14816 14820 15016 15020 15024 15028 15048 15052 15056 15060 14840 14844 14848 14852 14792 14796 14800 14804 14409 14413 14617 14623 14629 14635 14641 14405 14409 14413 14401 14405 14409 14940 14944 14948 14984 14988 14992 14996 14414 14402 14406 14410 14414 14402 14406 14410 14414
0 14429 14443 14457 14401 14405 14409 14413 14401 14405 14409 14413 14401 14405 14409 14936 14940 14944 14948 14984 14988 14992 14996 14403 14407 14408 14412 14400 14404 14620 14626 14632 14638 14644 14412 14400 14404 14408 14415 14759 14763 14767 14771 14839 14843 14847 14851 14839 14843 14847 14851 14807 14811 14815 14819 15015 15019 15023 15027 15047 15051 15055 15059 14839 14843 14847 14851 14791 14795 14799 14803 14408 14412 14616 14622 14628 14634 14640 14404 14408 14412 14400 14404 14408 14939 14943 14947 14983 14987 14991 14995 14413 14401 14405 14409 14413 14401 14405 14409 14413
0 14428 14442 14456 14400 14404 14408 14412 14400 14404 14408 14412 14400 14404 14408 14935 14939 14943 14947 14983 14987 14991 14995 14402 14406 14411 14415 14403 14407 14619 14625 14631 14637 14643 14415 14403 14407 14411 14414 14758 14762 14766 14770 14838 14842 14846 14850 14838 14842 14846 14850 14806 14810 14814 14818 15014 15018 15022 15026 15046 15050 15054 15058 14838 14842 14846 14850 14790 14794 14798 14802 14411 14415 14403 14407 14411 14415 14403 14407 14411 14415 14403 14407 14411 14938 14942 14946 14982 14986 14990 14994 14412 14400 14404 14408 14412 14400 14404 14408 14412
0 14427 14441 14455 14403 14407 14411 14415 14403 14407 14411 14415 14403 14407 14411 14934 14938 14942 14946 14982 14986 14990 14994 14401 14405 14410 14414 14402 14406 14618 14624 14630 14636 14642 14414 14402 14406 14410 14413 14757 14761 14765 14769 14837 14841 14845 14849 14837 14841 14845 14849 14805 14809 14813 14817 15013 15017 15021 15025 15045 15049 15053 15057 14837 14841 14845 14849 14789 14793 14797 14801 14410 14414 14402 14406 14410 14414 14402 14406 14410 14414 14402 14406 14410 14937 14941 14945 14981 14985 14989 14993 14415 14403 14407 14411 14415 14403 14407 14411 14415
0 14426 14440 14454 14402 14406 14410 14414 14402 14406 14410 14414 14402 14406 14410 14933 14937 14941 14945 14981 14985 14989 14993 14400 14404 14409 14413 14401 14405 14617 14623 14629 14635 14641 14413 14401 14405 14409 14412 14920 14924 14928 14932 14696 14700 14704 14708 14856 14860 14864 14868 15000 15004 15008 15012 15032 15036 15040 15044 14824 14828 14832 14836 14712 14716 14720 14724 14968 14972 14976 14980 14409 14413 14401 14405 14409 14413 14401 14405 14409 14413 14401 14405 14409 14956 14960 14964 14888 14892 14896 14900 14414 14402 14406 14410 14414 14402 14406 14410 14414
0 14425 14439 14453 14401 14405 14409 14413 14401 14405 14409 14413 14401 14405 14409 14952 14956 14960 14964 14888 14892 14896 14900 14403 14407 14411 14415 14403 14407 14616 14622 14628 14634 14640 14415 14403 14407 14411 14415 14919 14923 14927 14931 14695 14699 14703 14707 14855 14859 14863 14867 14999 15003 15007 15011 15031 15035 15039 15043 14823 14827 14831 14835 14711 14715 14719 14723 14967 14971 14975 14979 14408 14412 14400 14404 14408 14412 14400 14404 14408 14412 14400 14404 14408 14955 14959 14963 14887 14891 14895 14899 14413 14401 14405 14409 14413 14401 14405 14409 14413
0 14424 14438 14452 14400 14404 14408 14412 14400 14404 14408 14412 14400 14404 14408 14951 14955 14959 14963 14887 14891 14895 14899 14402 14406 14410 14414 14402 14406 14410 14414 14402 14406 14410 14414 14402 14406 14410 14414 14918 14922 14926 14930 14694 14698 14702 14706 14854 14858 14862 14866 14998 15002 15006 15010 15030 15034 15038 15042 14822 14826 14830 14834 14710 14714 14718 14722 14966 14970 14974 14978 14411 14415 14403 14407 14411 14415 14403 14407 14411 14415 14403 14407 14411 14954 14958 14962 14886 14890 14894 14898 14412 14400 14404 14408 14412 14400 14404 14408 14412
0 14423 14437 14451 14403 14407 14411 14415 14403 14407 14411 14415 14403 14407 14411 14950 14954 14958 14962 14886 14890 14894 14898 14401 14405 14409 14413 14401 14405 14409 14413 14401 14405 14409 14413 14401 14405 14409 14413 14917 14921 14925 14929 14693 14697 14701 14705 14853 14857 14861 14865 14997 15001 15005 15009 15029 15033 15037 15041 14821 14825 14829 14833 14709 14713 14717 14721 14965 14969 14973 14977 14410 14414 14402 14406 14410 14414 14402 14406 14410 14414 14402 14406 14410 14953 14957 14961 14885 14889 14893 14897 14415 14403 14407 14411 14415 14403 14407 14411 14415
0 14422 14436 14450 14402 14406 14410 14414 14402 14406 14410 14414 14402 14406 14410 14949 14953 14957 14961 14885 14889 14893 14897 14400 14404 14408 14412 14400 14404 14408 14412 14400 14404 14408 14412 14400 14404 14408 14412 14949 14953 14957 14961 14885 14889 14893 14897 14414 14402 14406 14410 14414 14402 14406 14410 14414 14402 14406 14410 14414 14402 14406 14410 14920 14924 14928 14932 14968 14972 14976 14980 14409 14413 14401 14405 14409 14413 14401 14405 14409 14413 14401 14405 14409 14908 14912 14916 14872 14876 14880 14884 14414 14402 14406 14410 14414 14402 14406 14410 14414
0 14421 14435 14449 14401 14405 14409 14413 14401 14405 14409 14413 14401 14405 14409 14904 14908 14912 14916 14872 14876 14880 14884 14403 14407 14411 14415 14403 14407 14411 14415 14403 14407 14411 14415 14403 14407 14411 14415 14904 14908 14912 14916 14872 14876 14880 14884 14413 14401 14405 14409 14413 14401 14405 14409 14413 14401 14405 14409 14413 14401 14405 14409 14919 14923 14927 14931 14967 14971 14975 14979 14403 14407 14411 14415 14403 14407 14411 14415 14403 14407 14411 14415 14903 14907 14911 14915 14871 14875 14879 14883 14413 14401 14405 14409 14413 14401 14405 14409 14413
0 14420 14434 14448 14400 14404 14408 14412 14400 14404 14408 14412 14400 14404 14408 14903 14907 14911 14915 14871 14875 14879 14883 14402 14406 14410 14414 14402 14406 14410 14414 14402 14406 14410 14414 14402 14406 14410 14414 14903 14907 14911 14915 14871 14875 14879 14883 14412 14400 14404 14408 14412 14400 14404 14408 14412 14400 14404 14408 14412 14400 14404 14408 14918 14922 14926 14930 14966 14970 14974 14978 14402 14406 14410 14414 14402 14406 14410 14414 14402 14406 14410 14414 14902 14906 14910 14914 14870 14874 14878 14882 14412 14400 14404 14408 14412 14400 14404 14408 14412
0 14419 14433 14447 14403 14407 14411 14415 14403 14407 14411 14415 14403 14407 14411 14902 14906 14910 14914 14870 14874 14878 14882 14401 14405 14409 14413 14401 14405 14409 14413 14401 14405 14409 14413 14401 14405 14409 14413 14902 14906 14910 14914 14870 14874 14878 14882 14415 14403 14407 14411 14415 14403 14407 14411 14415 14403 14407 14411 14415 14403 14407 14411 14917 14921 14925 14929 14965 14969 14973 14977 14401 14405 14409 14413 14401 14405 14409 14413 14401 14405 14409 14413 14901 14905 14909 14913 14869 14873 14877 14881 14415 14403 14407 14411 14415 14403 14407 14411 14415
0 14418 14432 14446 14402 14406 14410 14414 14402 14406 14410 14414 14402 14406 14410 14901 14905 14909 14913 14869 14873 14877 14881 14400 14404 14408 14412 14400 14404 14408 14412 14400 14404 14408 14412 14400 14404 14408 14412 14901 14905 14909 14913 14869 14873 14877 14881 14414 14402 14406 14410 14414 14402 14406 14410 14414 14402 14406 14410 14414 14402 14406 14410 14920 14924 14928 14932 14680 14684 14688 14692 14840 14844 14848 14852 14808 14812 14816 14820 15016 15020 15024 15028 14728 14732 14736 14740 14968 14972 14976 14980 14414 14402 14406 14410 14414 14402 14406 14410 14414
0 14417 14431 14445 14401 14405 14409 14413 14401 14405 14409 14413 14401 14405 14409 14920 14924 14928 14932 14680 14684 14688 14692 14840 14844 14848 14852 14808 14812 14816 14820 15016 15020 15024 15028 15048 15052 15056 15060 14728 14732 14736 14740 14968 14972 14976 14980 14413 14401 14405 14409 14413 14401 14405 14409 14413 14401 14405 14409 14413 14401 14405 14409 14919 14923 14927 14931 14679 14683 14687 14691 14839 14843 14847 14851 14807 14811 14815 14819 15015 15019 15023 15027 14727 14731 14735 14739 14967 14971 14975 14979 14413 14401 14405 14409 14413 14401 14405 14409 14413
0 14422 14436 14450 14400 14404 14408 14412 14400 14404 14408 14412 14400 14404 14408 14919 14923 14927 14931 14679 14683 14687 14691 14839 14843 14847 14851 14807 14811 14815 14819 15015 15019 15023 15027 15047 15051 15055 15059 14727 14731 14735 14739 14967 14971 14975 14979 14412 14400 14404 14408 14412 14400 14404 14408 14412 14400 14404 14408 14412 14400 14404 14408 14918 14922 14926 14930 14678 14682 14686 14690 14838 14842 14846 14850 14806 14810 14814 14818 15014 15018 15022 15026 14726 14730 14734 14738 14966 14970 14974 14978 14412 14400 14404 14408 14412 14400 14404 14408 14412
0 14469 14479 14486 14403 14407 14411 14415 14403 14407 14411 14415 14403 14407 14411 14918 14922 14926 14930 14678 14682 14686 14690 14838 14842 14846 14850 14806 14810 14814 14818 15014 15018 15022 15026 15046 15050 15054 15058 14726 14730 14734 14738 14966 14970 14974 14978 14415 14403 14407 14411 14415 14403 14407 14411 14415 14403 14407 14411 14415 14403 14407 14411 14917 14921 14925 14929 14677 14681 14685 14689 14837 14841 14845 14849 14805 14809 14813 14817 15013 15017 15021 15025 14725 14729 14733 14737 14965 14969 14973 14977 14415 14403 14407 14411 14415 14403 14407 14411 14415
0 14468 14478 14488 14402 14406 14410 14414 14402 14406 14410 14414 14402 14406 14410 14917 14921 14925 14929 14677 14681 14685 14689 14837 14841 14845 14849 14805 14809 14813 14817 15013 15017 15021 15025 15045 15049 15053 15057 14725 14729 14733 14737 14965 14969 14973 14977 14414 14402 14406 14410 14414 14402 14406 14410 14414 14402 14406 14410 14414 14402 14406 14410 14744 14748 14752 14756 14856 14860 14864 14868 14856 14860 14864 14868 15000 15004 15008 15012 15032 15036 15040 15044 14824 14828 14832 14836 14776 14780 14784 14788 14414 14402 14406 14410 14414 14402 14406 14410 14414
0 14467 14477 14487 14401 14405 14409 14413 14401 14405 14409 14413 14401 14405 14409 14744 14748 14752 14756 14856 14860 14864 14868 14856 14860 14864 14868 15000 15004 15008 15012 15032 15036 15040 15044 14712 14716 14720 14724 14696 14700 14704 14708 14776 14780 14784 14788 14413 14401 14405 14409 14413 14401 14405 14409 14413 14401 14405 14409 14413 14401 14405 14409 14743 14747 14751 14755 14855 14859 14863 14867 14855 14859 14863 14867 14999 15003 15007 15011 15031 15035 15039 15043 14823 14827 14831 14835 14775 14779 14783 14787 14413 14401 14405 14409 14413 14401 14405 14409 14413
0 14466 14476 14486 14400 14404 14408 14412 14400 14404 14408 14412 14400 14404 14408 14743 14747 14751 14755 14855 14859 14863 14867 14855 14859 14863 14867 14999 15003 15007 15011 15031 15035 15039 15043 14711 14715 14719 14723 14695 14699 14703 14707 14775 14779 14783 14787 14412 14400 14404 14408 14412 14400 14404 14408 14412 14400 14404 14408 14412 14400 14404 14408 14742 14746 14750 14754 14854 14858 14862 14866 14854 14858 14862 14866 14998 15002 15006 15010 15030 15034 15038 15042 14822 14826 14830 14834 14774 14778 14782 14786 14412 14400 14404 14408 14412 14400 14404 14408 14412
0 14465 14475 14485 14403 14407 14411 14415 14403 14407 14411 14415 14403 14407 14411 14742 14746 14750 14754 14854 14858 14862 14866 14854 14858 14862 14866 14998 15002 15006 15010 15030 15034 15038 15042 14710 14714 14718 14722 14694 14698 14702 14706 14774 14778 14782 14786 14415 14403 14407 14411 14415 14403 14407 14411 14415 14403 14407 14411 14415 14403 14407 14411 14741 14745 14749 14753 14853 14857 14861 14865 14853 14857 14861 14865 14997 15001 15005 15009 15029 15033 15037 15041 14821 14825 14829 14833 14773 14777 14781 14785 14415 14403 14407 14411 14415 14403 14407 14411 14415
0 14464 14474 14484 14402 14406 14410 14414 14402 14406 14410 14414 14402 14406 14410 14741 14745 14749 14753 14853 14857 14861 14865 14853 14857 14861 14865 14997 15001 15005 15009 15029 15033 15037 15041 14709 14713 14717 14721 14693 14697 14701 14705 14773 14777 14781 14785 14414 14402 14406 14410 14414 14402 14406 14410 14414 14402 14406 14410 14414 14402 14406 14410 14414 14402 14406 14410 14414 14402 14406 14410 14414 14402 14406 14410 14414 14402 14406 14410 14414 14402 14406 14410 14414 14402 14406 14410 14414 14402 14406 14410 14414 14402 14406 14410 14414 14402 14406 14410 14414
0 14463 14473 14483 14401 14405 14409 14413 14401 14405 14409 14413 14401 14405 14409 14413 14401 14405 14409 14413 14401 14405 14409 14413 14401 14405 14409 14413 14401 14405 14409 14413 14401 14405 14409 14920 14924 14928 14932 14968 14972 14976 14980 14413 14401 14405 14409 14413 14401 14405 14409 14413 14401 14405 14409 14413 14401 14405 14409 14413 14401 14405 14409 14413 14401 14405 14409 14413 14401 14405 14409 14413 14401 14405 14409 14413 14401 14405 14409 14413 14401 14405 14409 14413 14401 14405 14409 14413 14401 14405 14409 14413 14401 14405 14409 14413 14401 14405 14409 14413
0 14462 14472 14482 14400 14404 14408 14412 14400 14404 14408 14412 14400 14404 14408 14412 14400 14404 14408 14412 14400 14404 14408 14412 14400 14404 14408 14412 14400 14404 14408 14412 14400 14404 14408 14919 14923 14927 14931 14967 14971 14975 14979 14412 14400 14404 14408 14412 14400 14404 14408 14412 14400 14404 14408 14412 14400 14404 14408 14412 14400 14404 14408 14412 14400 14404 14408 14412 14400 14404 14408 14412 14400 14404 14408 14412 14400 14404 14408 14412 14400 14404 14408 14412 14400 14404 14408 14412 14400 14404 14408 14412 14400 14404 14408 14412 14400 14404 14408 14412
0 14461 14471 14481 14403 14407 14411 14415 14403 14407 14411 14415 14403 14407 14411 14415 14403 14407 14411 14415 14403 14407 14411 14415 14403 14407 14411 14415 14403 14407 14411 14415 14403 14407 14411 14918 14922 14926 14930 14966 14970 14974 14978 14415 14403 14407 14411 14415 14403 14407 14411 14415 14403 14407 14411 14415 14403 14407 14411 14415 14403 14407 14411 14415 14403 14407 14411 14415 14403 14407 14411 14415 14403 14407 14411 14415 14403 14407 14411 14415 14403 14407 14411 14415 14403 14407 14411 14415 14403 14407 14411 14415 14403 14407 14411 14415 14403 14407 14411 14415
0 14460 14470 14480 14402 14406 14410 14414 14402 14406 14410 14414 14402 14406 14410 14414 14402 14406 14410 14414 14402 14406 14410 14414 14402 14406 14410 14414 14402 14406 14410 14414 14402 14406 14410 14917 14921 14925 14929 14965 14969 14973 14977 14414 14402 14406 14410 14414 14402 14406 14410 14414 14402 14406 14410 14414 14402 14406 14410 14414 14402 14406 14410 14414 14402 14406 14410 14414 14402 14406 14410 14414 14402 14406 14410 14414 14402 14406 14410 14414 14402 14406 14410 14414 14402 14406 14410 14414 14402 14406 14410 14414 14402 14406 14410 14414 14402 14406 14410 14414
0 14430 14444 14458 14401 14405 14409 14413 14401 14405 14409 14413 14401 14405 14409 14413 14401 14405 14409 14413 14401 14405 14409 14413 14401 14405 14409 14413 14401 14405 14409 14413 14401 14405 14409 14936 14940 14944 14948 14984 14988 14992 14996 14413 14401 14405 14409 14413 14401 14405 14409 14413 14401 14405 14409 14413 14401 14405 14409 14413 14401 14405 14409 14413 14401 14405 14409 14413 14401 14405 14409 14413 14401 14405 14409 14413 14401 14405 14409 14413 14401 14405 14409 14413 14401 14405 14409 14413 14401 14405 14409 14413 14401 14405 14409 14413 14401 14405 14409 14413
0 14429 14443 14457 14400 14404 14408 14412 14400 14404 14408 14412 14400 14404 14408 14412 14400 14404 14408 14412 14400 14404 14408 14412 14400 14404 14408 14412 14400 14404 14408 14412 14400 14404 14408 14935 14939 14943 14947 14983 14987 14991 14995 14412 14400 14404 14408 14412 14400 14404 14408 14412 14400 14404 14408 14412 14400 14404 14408 14412 14400 14404 14408 14412 14400 14404 14408 14412 14400 14404 14408 14412 14400 14404 14408 14412 14400 14404 14408 14412 14400 14404 14408 14412 14400 14404 14408 14412 14400 14404 14408 14412 14400 14404 14408 14412 14400 14404 14408 14412
0 14428 14442 14456 14403 14407 14411 14415 14403 14407 14411 14415 14403 14407 14411 14415 14403 14407 14411 14415 14403 14407 14411 14415 14403 14407 14411 14415 14403 14407 14411 14415 14403 14407 14411 14934 14938 14942 14946 14982 14986 14990 14994 14415 14403 14407 14411 14415 14403 14407 14411 14415 14403 14407 14411 14415 14403 14407 14411 14415 14403 14407 14411 14415 14403 14407 14411 14415 14403 14407 14411 14415 14403 14407 14411 14415 14403 14407 14411 14415 14403 14407 14411 14415 14403 14407 14411 14415 14403 14407 14411 14415 14403 14407 14411 14415 14403 14407 14411 14415
0 14427 14441 14455 14402 14406 14410 14414 14402 14406 14410 14414 14402 14406 14410 14414 14402 14406 14410 14414 14402 14406 14410 14414 14402 14406 14410 14414 14402 14406 14410 14414 14402 14406 14410 14933 14937 14941 14945 14981 14985 14989 14993 14414 14402 14406 14410 14414 14402 14406 14410 14414 14402 14406 14410 14414 14402 14406 14410 14414 14402 14406 14410 14414 14402 14406 14410 14414 14402 14406 14410 14414 14402 14406 14410 14414 14402 14406 14410 14414 14402 14406 14410 14414 14402 14406 14410 14414 14402 14406 14410 14414 14402 14406 14410 14414 14402 14406 14410 14414
0 14426 14440 14454 14401 14405 14409 14413 14401 14405 14409 14413 14401 14405 14409 14413 14401 14405 14409 14413 14401 14405 14409 14413 14401 14405 14409 14413 14401 14405 14409 14413 14401 14405 14409 14952 14956 14960 14964 14888 14892 14896 14900 14413 14401 14405 14409 14413 14401 14405 14409 14413 14401 14405 14409 14413 14401 14405 14409 14413 14401 14405 14409 14413 14401 14405 14409 14413 14401 14405 14409 14413 14401 14405 14409 14413 14401 14405 14409 14413 14401 14405 14409 14413 14401 14405 14409 14413 14401 14405 14409 14413 14401 14405 14409 14413 14401 14405 14409 14413
0 14425 14439 14453 14400 14404 14408 14412 14400 14404 14408 14412 14400 14404 14408 14412 14400 14404 14408 14412 14400 14404 14408 14412 14400 14404 14408 14412 14400 14404 14408 14412 14400 14404 14408 14951 14955 14959 14963 14887 14891 14895 14899 14412 14400 14404 14408 14412 14400 14404 14408 14412 14400 14404 14408 14412 14400 14404 14408 14412 14400 14404 14408 14412 14400 14404 14408 14412 14400 14404 14408 14412 14400 14404 14408 14412 14400 14404 14408 14412 14400 14404 14408 14412 14400 14404 14408 14412 14400 14404 14408 14412 14400 14404 14408 14412 14400 14404 14408 14412
0 14424 14438 14452 14403 14407 14411 14415 14403 14407 14411 14415 14403 14407 14411 14415 14403 14407 14411 14415 14403 14407 14411 14415 14403 14407 14411 14415 14403 14407 14411 14415 14403 14407 14411 14950 14954 14958 14962 14886 14890 14894 14898 14415 14403 14407 14411 14415 14403 14407 14411 14415 14403 14407 14411 14415 14403 14407 14411 14415 14403 14407 14411 14415 14403 14407 14411 14415 14403 14407 14411 14415 14403 14407 14411 14415 14403 14407 14411 14415 14403 14407 14411 14415 14403 14407 14411 14415 14403 14407 14411 14415 14403 14407 14411 14415 14403 14407 14411 14415
0 14423 14437 14451 14402 14406 14410 14414 14402 14406 14410 14414 14402 14406 14410 14414 14402 14406 14410 14414 14402 14406 14410 14414 14402 14406 14410 14414 14402 14406 14410 14414 14402 14406 14410 14949 14953 14957 14961 14885 14889 14893 14897 14414 14402 14406 14410 14414 14402 14406 14410 14414 14402 14406 14410 14414 14402 14406 14410 14414 14402 14406 14410 14414 14402 14406 14410 14414 14402 14406 14410 14414 14402 14406 14410 14414 14402 14406 14410 14414 14402 14406 14410 14414 14402 14406 14410 14414 14402 14406 14410 14414 14402 14406 14410 14414 14402 14406 14410 14414
0 14422 14436 14450 14401 14405 14409 14413 14401 14405 14409 14413 14401 14405 14409 14413 14401 14405 14409 14413 14401 14405 14409 14413 14401 14405 14409 14413 14401 14405 14409 14413 14401 14405 14409 14920 14924 14928 14932 14968 14972 14976 14980 14413 14401 14405 14409 14413 14401 14405 14409 14413 14401 14405 14409 14413 14401 14405 14409 14413 14401 14405 14409 14413 14401 14405 14409 14413 14401 14405 14409 14413 14401 14405 14409 14413 14401 14405 14409 14413 14401 14405 14409 14413 14401 14405 14409 14413 14401 14405 14409 14413 14401 14405 14409 14413 14401 14405 14409 14413
0 14421 14435 14449 14400 14404 14408 14412 14400 14404 14408 14412 14400 14404 14408 14412 14400 14404 14408 14412 14400 14404 14408 14412 14400 14404 14408 14412 14400 14404 14408 14412 14400 14404 14408 14919 14923 14927 14931 14967 14971 14975 14979 14412 14400 14404 14408 14412 14400 14404 14408 14412 14400 14404 14408 14412 14400 14404 14408 14412 14400 14404 14408 14412 14400 14404 14408 14412 14400 14404 14408 14412 14400 14404 14408 14412 14400 14404 14408 14412 14400 14404 14408 14412 14400 14404 14408 14412 14400 14404 14408 14412 14400 14404 14408 14412 14400 14404 14408 14412
0 14420 14434 14448 14403 14407 14411 14415 14403 14407 14411 14415 14403 14407 14411 14415 14403 14407 14411 14415 14403 14407 14411 14415 14403 14407 14411 14415 14403 14407 14411 14415 14403 14407 14411 14918 14922 14926 14930 14966 14970 14974 14978 14411 14415 14407 14411 14415 14403 14407 14411 14415 14403 14407 14411 14415 14403 14407 14411 14415 14403 14407 14411 14415 14403 14407 14411 14415 14403 14407 14411 14415 14403 14407 14411 14415 14403 14407 14411 14415 14403 14407 14411 14415 14403 14407 14411 14415 14403 14407 14411 14415 14403 14407 14411 14415 14403 14407 14411 14415
0 14419 14433 14447 14402 14406 14410 14414 14402 14406 14410 14414 14402 14406 14410 14414 14402 14406 14410 14414 14402 14406 14410 14414 14402 14406 14410 14414 14402 14406 14410 14414 14402 14406 14410 14917 14921 14925 14929 14965 14969 14973 14977 14410 14414 14406 14410 14414 14402 14406 14410 14414 14402 14406 14410 14414 14402 14406 14410 14414 14402 14406 14410 14414 14402 14406 14410 14414 14402 14406 14410 14414 14402 14406 14410 14414 14402 14406 14410 14414 14402 14406 14410 14414 14402 14406 14410 14414 14402 14406 14410 14414 14402 14406 14410 14414 14402 14406 14410 14414
0 14418 14432 14446 14401 14405 14409 14413 14401 14405 14409 14413 14401 14405 14409 14413 14401 14405 14409 14413 14401 14405 14409 14413 14401 14405 14409 14413 14401 14405 14409 14413 14401 14405 14409 14936 14940 14944 14948 14984 14988 14992 14996 14409 14413 14405 14409 14413 14401 14405 14409 14413 14401 14405 14409 14413 14401 14405 14409 14413 14401 14405 14409 14413 14401 14405 14409 14413 14401 14405 14409 14413 14401 14405 14409 14413 14401 14405 14409 14413 14401 14405 14409 14413 14401 14405 14409 14413 14401 14405 14409 14413 14401 14405 14409 14413 14401 14405 14409 14413
0 14417 14431 14445 14400 14404 14408 14412 14400 14404 14408 14412 14400 14404 14408 14412 14400 14404 14408 14412 14400 14404 14408 14412 14400 14404 14408 14412 14400 14404 14408 14412 14400 14404 14408 14935 14939 14943 14947 14983 14987 14991 14995 14408 14412 14404 14408 14412 14400 14404 14408 14412 14400 14404 14408 14412 14400 14404 14408 14412 14400 14404 14408 14412 14400 14404 14408 14412 14400 14404 14408 14412 14400 14404 14408 14412 14400 14404 14408 14412 14400 14404 14408 14412 14400 14404 14408 14412 14400 14404 14408 14412 14400 14404 14408 14412 14400 14404 14408 14412
tile 14400 0 0
tile 14401 56 0
tile 14402 112 0
tile 14403 168 0
tile 14404 224 0
tile 14405 280 0
tile 14406 336 0
tile 14407 392 0
tile 14408 448 0
tile 14409 504 0
tile 14410 560 0
tile 14411 616 0
tile 14412 672 0
tile 14413 728 0
tile 14414 784 0
tile 14415 840 0
tile 14417 896 0
tile 14418 952 0
tile 14419 1008 0
tile 14420 1064 0
tile 14421 1120 0
tile 14422 1176 0
tile 14423 1232 0
tile 14424 1288 0
tile 14425 1344 0
tile 14426 0 27
tile 14427 56 27
tile 14428 112 27
tile 14429 168 27
tile 14430 224 27
tile 14431 280 27
tile 14432 336 27
tile 14433 392 27
tile 14434 448 27
tile 14435 504 27
tile 14436 560 27
tile 14437 616 27
tile 14438 672 27
tile 14439 728 27
tile 14440 784 27
tile 14441 840 27
tile 14442 896 27
tile 14443 952 27
tile 14444 1008 27
tile 14445 1064 27
tile 14446 1120 27
tile 14447 1176 27
tile 14448 1232 27
tile 14449 1288 27
tile 14450 1344 27
tile 14451 0 54
tile 14452 56 54
tile 14453 112 54
tile 14454 168 54
tile 14455 224 54
tile 14456 280 54
tile 14457 336 54
tile 14458 392 54
tile 14460 448 54
tile 14461 504 54
tile 14462 560 54
tile 14463 616 54
tile 14464 672 54
tile 14465 728 54
tile 14466 784 54
tile 14467 840 54
tile 14468 896 54
tile 14469 952 54
tile 14470 1008 54
tile 14471 1064 54
tile 14472 1120 54
tile 14473 1176 54
tile 14474 1232 54
tile 14475 1288 54
tile 14476 1344 54
tile 14477 0 81
tile 14478 56 81
tile 14479 112 81
tile 14480 168 81
tile 14481 224 81
tile 14482 280 81
tile 14483 336 81
tile 14484 392 81
tile 14485 448 81
tile 14486 504 81
tile 14487 560 81
tile 14488 616 81
tile 14489 672 81
tile 14491 728 81
tile 14492 784 81
tile 14493 840 81
tile 14494 896 81
tile 14495 952 81
tile 14496 1008 81
tile 14497 1064 81
tile 14498 1120 81
tile 14499 1176 81
tile 14500 1232 81
tile 14501 1288 81
tile 14502 1344 81
tile 14503 0 108
tile 14504 56 108
tile 14505 112 108
tile 14506 168 108
tile 14507 224 108
tile 14508 280 108
tile 14509 336 108
tile 14510 392 108
tile 14511 448 108
tile 14512 504 108
tile 14513 560 108
tile 14514 616 108
tile 14515 672 108
tile 14516 728 108
tile 14517 784 108
tile 14518 840 108
tile 14519 896 108
tile 14520 952 108
tile 14521 1008 108
tile 14522 1064 108
tile 14523 1120 108
tile 14524 1176 108
tile 14525 1232 108
tile 14526 1288 108
tile 14528 1344 108
tile 14529 0 135
tile 14530 56 135
tile 14531 112 135
tile 14532 168 135
tile 14533 224 135
tile 14534 280 135
tile 14535 336 135
tile 14536 392 135
tile 14537 448 135
tile 14538 504 135
tile 14539 560 135
tile 14540 616 135
tile 14541 672 135
tile 14542 728 135
tile 14543 784 135
tile 14544 840 135
tile 14545 896 135
tile 14546 952 135
tile 14547 1008 135
tile 14548 1064 135
tile 14549 1120 135
tile 14550 1176 135
tile 14551 1232 135
tile 14554 1288 135
tile 14556 1344 135
tile 14557 0 162
tile 14558 56 162
tile 14559 112 162
tile 14560 168 162
tile 14561 224 162
tile 14562 280 162
tile 14563 336 162
tile 14564 392 162
tile 14565 448 162
tile 14566 504 162
tile 14567 560 162
tile 14568 616 162
tile 14569 672 162
tile 14570 728 162
tile 14571 784 162
tile 14572 840 162
tile 14573 896 162
tile 14574 952 162
tile 14575 1008 162
tile 14576 1064 162
tile 14577 1120 162
tile 14578 1176 162
tile 14579 1232 162
tile 14580 1288 162
tile 14581 1344 162
tile 14582 0 189
tile 14583 56 189
tile 14584 112 189
tile 14585 168 189
tile 14616 224 189
tile 14617 280 189
tile 14618 336 189
tile 14619 392 189
tile 14620 448 189
tile 14621 504 189
tile 14622 560 189
tile 14623 616 189
tile 14624 672 189
tile 14625 728 189
tile 14626 784 189
tile 14627 840 189
tile 14628 896 189
tile 14629 952 189
tile 14630 1008 189
tile 14631 1064 189
tile 14632 1120 189
tile 14633 1176 189
tile 14634 1232 189
tile 14635 1288 189
tile 14636 1344 189
tile 14637 0 216
tile 14638 56 216
tile 14639 112 216
tile 14640 168 216
tile 14641 224 216
tile 14642 280 216
tile 14643 336 216
tile 14644 392 216
tile 14645 448 216
tile 14646 504 216
tile 14647 560 216
tile 14648 616 216
tile 14649 672 216
tile 14650 728 216
tile 14651 784 216
tile 14652 840 216
tile 14653 896 216
tile 14654 952 216
tile 14655 1008 216
tile 14656 1064 216
tile 14657 1120 216
tile 14658 1176 216
tile 14659 1232 216
tile 14660 1288 216
tile 14661 1344 216
tile 14662 0 243
tile 14663 56 243
tile 14664 112 243
tile 14665 168 243
tile 14666 224 243
tile 14667 280 243
tile 14668 336 243
tile 14669 392 243
tile 14670 448 243
tile 14671 504 243
tile 14672 560 243
tile 14673 616 243
tile 14674 672 243
tile 14675 728 243
tile 14677 784 243
tile 14678 840 243
tile 14679 896 243
tile 14680 952 243
tile 14681 1008 243
tile 14682 1064 243
tile 14683 1120 243
tile 14684 1176 243
tile 14685 1232 243
tile 14686 1288 243
tile 14687 1344 243
tile 14688 0 270
tile 14689 56 270
tile 14690 112 270
tile 14691 168 270
tile 14692 224 270
tile 14693 280 270
tile 14694 336 270
tile 14695 392 270
tile 14696 448 270
tile 14697 504 270
tile 14698 560 270
tile 14699 616 270
tile 14700 672 270
tile 14701 728 270
tile 14702 784 270
tile 14703 840 270
tile 14704 896 270
tile 14705 952 270
tile 14706 1008 270
tile 14707 1064 270
tile 14708 1120 270
tile 14709 1176 270
tile 14710 1232 270
tile 14711 1288 270
tile 14712 1344 270
tile 14713 0 297
tile 14714 56 297
tile 14715 112 297
tile 14716 168 297
tile 14717 224 297
tile 14718 280 297
tile 14719 336 297
tile 14720 392 297
tile 14721 448 297
tile 14722 504 297
tile 14723 560 297
tile 14724 616 297
tile 14725 672 297
tile 14726 728 297
tile 14727 784 297
tile 14728 840 297
tile 14729 896 297
tile 14730 952 297
tile 14731 1008 297
tile 14732 1064 297
tile 14733 1120 297
tile 14734 1176 297
tile 14735 1232 297
tile 14736 1288 297
tile 14737 1344 297
tile 14738 0 324
tile 14739 56 324
tile 14740 112 324
tile 14741 168 324
tile 14742 224 324
tile 14743 280 324
tile 14744 336 324
tile 14745 392 324
tile 14746 448 324
tile 14747 504 324
tile 14748 560 324
tile 14749 616 324
tile 14750 672 324
tile 14751 728 324
tile 14752 784 324
tile 14753 840 324
tile 14754 896 324
tile 14755 952 324
tile 14756 1008 324
tile 14757 1064 324
tile 14758 1120 324
tile 14759 1176 324
tile 14760 1232 324
tile 14761 1288 324
tile 14762 1344 324
tile 14763 0 351
tile 14764 56 351
tile 14765 112 351
tile 14766 168 351
tile 14767 224 351
tile 14768 280 351
tile 14769 336 351
tile 14770 392 351
tile 14771 448 351
tile 14772 504 351
tile 14773 560 351
tile 14774 616 351
tile 14775 672 351
tile 14776 728 351
tile 14777 784 351
tile 14778 840 351
tile 14779 896 351
tile 14780 952 351
tile 14781 1008 351
tile 14782 1064 351
tile 14783 1120 351
tile 14784 1176 351
tile 14785 1232 351
tile 14786 1288 351
tile 14787 1344 351
tile 14788 0 378
tile 14789 56 378
tile 14790 112 378
tile 14791 168 378
tile 14792 224 378
tile 14793 280 378
tile 14794 336 378
tile 14795 392 378
tile 14796 448 378
tile 14797 504 378
tile 14798 560 378
tile 14799 616 378
tile 14800 672 378
tile 14801 728 378
tile 14802 784 378
tile 14803 840 378
tile 14804 896 378
tile 14805 952 378
tile 14806 1008 378
tile 14807 1064 378
tile 14808 1120 378
tile 14809 1176 378
tile 14810 1232 378
tile 14811 1288 378
tile 14812 1344 378
tile 14813 0 405
tile 14814 56 405
tile 14815 112 405
tile 14816 168 405
tile 14817 224 405
tile 14818 280 405
tile 14819 336 405
tile 14820 392 405
tile 14821 448 405
tile 14822 504 405
tile 14823 560 405
tile 14824 616 405
tile 14825 672 405
tile 14826 728 405
tile 14827 784 405
tile 14828 840 405
tile 14829 896 405
tile 14830 952 405
tile 14831 1008 405
tile 14832 1064 405
tile 14833 1120 405
tile 14834 1176 405
tile 14835 1232 405
tile 14836 1288 405
tile 14837 1344 405
tile 14838 0 432
tile 14839 56 432
tile 14840 112 432
tile 14841 168 432
tile 14842 224 432
tile 14843 280 432
tile 14844 336 432
tile 14845 392 432
tile 14846 448 432
tile 14847 504 432
tile 14848 560 432
tile 14849 616 432
tile 14850 672 432
tile 14851 728 432
tile 14852 784 432
tile 14853 840 432
tile 14854 896 432
tile 14855 952 432
tile 14856 1008 432
tile 14857 1064 432
tile 14858 1120 432
tile 14859 1176 432
tile 14860 1232 432
tile 14861 1288 432
tile 14862 1344 432
tile 14863 0 459
tile 14864 56 459
tile 14865 112 459
tile 14866 168 459
tile 14867 224 459
tile 14868 280 459
tile 14869 336 459
tile 14870 392 459
tile 14871 448 459
tile 14872 504 459
tile 14873 560 459
tile 14874 616 459
tile 14875 672 459
tile 14876 728 459
tile 14877 784 459
tile 14878 840 459
tile 14879 896 459
tile 14880 952 459
tile 14881 1008 459
tile 14882 1064 459
tile 14883 1120 459
tile 14884 1176 459
tile 14885 1232 459
tile 14886 1288 459
tile 14887 1344 459
tile 14888 0 486
tile 14889 56 486
tile 14890 112 486
tile 14891 168 486
tile 14892 224 486
tile 14893 280 486
tile 14894 336 486
tile 14895 392 486
tile 14896 448 486
tile 14897 504 486
tile 14898 560 486
tile 14899 616 486
tile 14900 672 486
tile 14901 728 486
tile 14902 784 486
tile 14903 840 486
tile 14904 896 486
tile 14905 952 486
tile 14906 1008 486
tile 14907 1064 486
tile 14908 1120 486
tile 14909 1176 486
tile 14910 1232 486
tile 14911 1288 486
tile 14912 1344 486
tile 14913 0 513
tile 14914 56 513
tile 14915 112 513
tile 14916 168 513
tile 14917 224 513
tile 14918 280 513
tile 14919 336 513
tile 14920 392 513
tile 14921 448 513
tile 14922 504 513
tile 14923 560 513
tile 14924 616 513
tile 14925 672 513
tile 14926 728 513
tile 14927 784 513
tile 14928 840 513
tile 14929 896 513
tile 14930 952 513
tile 14931 1008 513
tile 14932 1064 513
tile 14933 1120 513
tile 14934 1176 513
tile 14935 1232 513
tile 14936 1288 513
tile 14937 1344 513
tile 14938 0 540
tile 14939 56 540
tile 14940 112 540
tile 14941 168 540
tile 14942 224 540
tile 14943 280 540
tile 14944 336 540
tile 14945 392 540
tile 14946 448 540
tile 14947 504 540
tile 14948 560 540
tile 14949 616 540
tile 14950 672 540
tile 14951 728 540
tile 14952 784 540
tile 14953 840 540
tile 14954 896 540
tile 14955 952 540
tile 14956 1008 540
tile 14957 1064 540
tile 14958 1120 540
tile 14959 1176 540
tile 14960 1232 540
tile 14961 1288 540
tile 14962 1344 540
tile 14963 0 567
tile 14964 56 567
tile 14965 112 567
tile 14966 168 567
tile 14967 224 567
tile 14968 280 567
tile 14969 336 567
tile 14970 392 567
tile 14971 448 567
tile 14972 504 567
tile 14973 560 567
tile 14974 616 567
tile 14975 672 567
tile 14976 728 567
tile 14977 784 567
tile 14978 840 567
tile 14979 896 567
tile 14980 952 567
tile 14981 1008 567
tile 14982 1064 567
tile 14983 1120 567
tile 14984 1176 567
tile 14985 1232 567
tile 14986 1288 567
tile 14987 1344 567
tile 14988 0 594
tile 14989 56 594
tile 14990 112 594
tile 14991 168 594
tile 14992 224 594
tile 14993 280 594
tile 14994 336 594
tile 14995 392 594
tile 14996 448 594
tile 14997 504 594
tile 14998 560 594
tile 14999 616 594
tile 15000 672 594
tile 15001 728 594
tile 15002 784 594
tile 15003 840 594
tile 15004 896 594
tile 15005 952 594
tile 15006 1008 594
tile 15007 1064 594
tile 15008 1120 594
tile 15009 1176 594
tile 15010 1232 594
tile 15011 1288 594
tile 15012 1344 594
tile 15013 0 621
tile 15014 56 621
tile 15015 112 621
tile 15016 168 621
tile 15017 224 621
tile 15018 280 621
tile 15019 336 621
tile 15020 392 621
tile 15021 448 621
tile 15022 504 621
tile 15023 560 621
tile 15024 616 621
tile 15025 672 621
tile 15026 728 621
tile 15027 784 621
tile 15028 840 621
tile 15029 896 621
tile 15030 952 621
tile 15031 1008 621
tile 15032 1064 621
tile 15033 1120 621
tile 15034 1176 621
tile 15035 1232 621
tile 15036 1288 621
tile 15037 1344 621
tile 15038 0 648
tile 15039 56 648
tile 15040 112 648
tile 15041 168 648
tile 15042 224 648
tile 15043 280 648
tile 15044 336 648
tile 15045 392 648
tile 15046 448 648
tile 15047 504 648
tile 15048 560 648
tile 15049 616 648
tile 15050 672 648
tile 15051 728 648
tile 15052 784 648
tile 15053 840 648
tile 15054 896 648
tile 15055 952 648
tile 15056 1008 648
tile 15057 1064 648
tile 15058 1120 648
tile 15059 1176 648
tile 15060 1232 648
picture 755 952 956 49 0
picture 756 980 0 49 0
picture 11527 980 49 48 0
picture 11528 980 191 46 0
picture 11531 980 472 36 0
picture 11532 980 649 34 0
picture 11533 980 817 31 0
picture 11534 980 544 35 0
picture 13991 840 0 267 0
picture 13992 756 296 290 0
picture 13993 728 0 317 0
picture 13994 700 331 328 0
picture 13995 700 0 331 0
picture 13996 700 659 323 0
picture 13997 728 317 304 0
picture 13998 784 0 281 0
picture 13999 868 239 238 0
picture 14009 896 207 205 0
picture 14010 868 0 239 0
picture 14011 812 0 277 0
picture 14012 756 0 296 0
picture 14013 728 621 297 0
picture 14014 756 586 286 0
picture 14015 840 267 265 0
picture 14016 868 477 219 0
picture 14017 896 0 207 0
picture 14018 840 781 242 0
picture 14019 812 277 274 0
picture 14020 784 281 281 0
picture 14021 784 562 281 0
picture 14022 812 551 270 0
picture 14023 840 532 249 0
picture 14024 868 696 213 0
picture 14025 924 272 135 0
picture 14026 896 698 139 0
picture 14027 896 837 139 0
picture 14028 924 407 115 0
picture 14029 924 0 136 0
picture 14030 896 412 144 0
picture 14031 896 556 142 0
picture 14032 924 136 136 0
picture 14033 980 360 38 0
picture 14034 980 398 37 0
picture 14035 980 751 33 0
picture 14036 980 683 34 0
picture 14037 980 97 47 0
picture 14038 980 144 47 0
picture 14039 952 559 59 0
picture 14040 952 618 58 0
picture 14041 980 717 34 0
picture 14042 980 784 33 0
picture 14043 980 508 36 0
picture 14044 980 579 35 0
picture 14045 980 435 37 0
picture 14046 980 320 40 0
picture 14047 952 676 58 0
picture 14048 952 76 75 0
picture 14049 924 708 88 0
picture 14050 924 796 85 0
picture 14051 952 431 66 0
picture 14052 924 881 82 0
picture 14053 924 616 92 0
picture 14054 924 522 94 0
picture 14055 952 151 73 0
picture 14056 952 734 58 0
picture 14057 952 497 62 0
picture 14058 952 224 70 0
picture 14059 952 294 70 0
picture 14060 952 904 52 0
picture 14061 952 849 55 0
picture 14062 952 0 76 0
picture 14063 952 364 67 0
picture 14064 952 792 57 0
picture 14065 980 614 35 0
picture 14066 980 279 41 0
picture 14067 980 237 42 0
picture 14068 0 0 378 0
picture 14069 0 378 378 0
picture 14070 28 0 378 0
picture 14071 28 378 378 0
picture 14072 56 0 378 0
picture 14073 56 378 378 0
picture 14074 84 0 378 0
picture 14075 84 378 378 0
picture 14076 112 0 378 0
picture 14077 112 378 378 0
picture 14078 140 0 378 0
picture 14079 140 378 378 0
picture 14080 168 0 378 0
picture 14081 168 378 378 0
picture 14082 196 0 378 0
picture 14083 196 378 378 0
picture 14084 224 0 378 0
picture 14085 224 378 378 0
picture 14086 252 0 378 0
picture 14087 252 378 378 0
picture 14088 280 0 378 0
picture 14089 280 378 378 0
picture 14090 308 0 378 0
picture 14091 308 378 378 0
picture 14092 336 0 378 0
picture 14093 336 378 378 0
picture 14094 364 0 378 0
picture 14095 364 378 378 0
picture 14096 392 0 378 0
picture 14097 392 378 378 0
picture 14098 420 0 378 0
picture 14099 420 378 378 0
picture 14100 448 0 378 0
picture 14101 448 378 378 0
picture 14102 476 0 378 0
picture 14103 476 378 378 0
picture 14104 504 0 378 0
picture 14105 504 378 378 0
picture 14106 532 0 378 0
picture 14107 532 378 378 0
picture 14108 560 0 378 0
picture 14109 560 378 378 0
picture 14110 588 0 378 0
picture 14111 588 378 378 0
picture 14112 616 0 378 0
picture 14113 616 378 378 0
picture 14114 644 0 378 0
picture 14115 644 378 378 0
picture 14116 672 0 378 0
picture 14117 672 378 378 0
object 1 0 left 14093
object 2 0 left 14094
object 3 0 left 14095
object 4 0 left 14096
object 5 0 left 14097
object 6 0 left 14098
object 7 0 left 14099
object 8 0 left 14100
object 9 0 left 14101
object 10 0 left 14102
object 11 0 left 14103
object 12 0 left 14104
object 13 0 left 14105
object 14 0 left 14106
object 15 0 left 14107
object 16 0 left 14088
object 17 0 left 14089
object 18 0 left 14090
object 19 0 left 14091
object 20 0 left 14092
object 21 0 left 14083
object 22 0 left 14084
object 23 0 left 14085
object 24 0 left 14086
object 25 0 left 14087
object 26 0 left 14093
object 27 0 left 14094
object 28 0 left 14095
object 29 0 left 14096
object 30 0 left 14097
object 31 0 left 14098
object 32 0 left 14099
object 33 0 left 14100
object 34 0 left 14101
object 35 0 left 14102
object 36 0 left 14103
object 37 0 left 14104
object 38 0 left 14105
object 39 0 left 14106
object 40 0 left 14107
object 41 0 left 14088
object 42 0 left 14089
object 43 0 left 14090
object 44 0 left 14091
object 45 0 left 14092
object 46 0 left 14083
object 47 0 left 14084
object 48 0 left 14085
object 49 0 left 14086
object 50 0 left 14087
object 51 0 left 14093
object 52 0 left 14094
object 53 0 left 14095
object 54 0 left 14096
object 55 0 left 14097
object 56 0 left 14098
object 57 0 left 14099
object 58 0 left 14100
object 59 0 left 14101
object 60 0 left 14102
object 61 0 left 14103
object 62 0 left 14104
object 63 0 left 14105
object 64 0 left 14106
object 65 0 left 14107
object 66 0 left 14088
object 67 0 left 14089
object 68 0 left 14090
object 69 0 left 14091
object 70 0 left 14092
object 71 0 left 14083
object 72 0 left 14084
object 73 0 left 14085
object 74 0 left 14086
object 75 0 left 14087
object 76 0 left 14093
object 77 0 left 14094
object 78 0 left 14095
object 79 0 left 14096
object 80 0 left 14097
object 81 0 left 14098
object 82 0 left 14099
object 83 0 left 14100
object 84 0 left 14101
object 85 0 left 14102
object 86 0 left 14103
object 87 0 left 14104
object 88 0 left 14105
object 89 0 left 14106
object 90 0 left 14107
object 91 0 left 14088
object 92 0 left 14089
object 93 0 left 14090
object 94 0 left 14091
object 95 0 left 14092
object 96 0 left 14083
object 97 0 left 14084
object 98 0 left 14085
object 99 0 left 14086
object 0 1 right 14072
object 3 1 left 755
object 3 1 right 756
object 6 1 left 755
object 6 1 right 756
object 7 1 left 755
object 7 1 right 756
object 31 1 left 755
object 31 1 right 756
object 57 1 left 14039
object 57 1 right 14040
object 88 1 left 14041
object 88 1 right 14042
object 93 1 left 755
object 93 1 right 756
object 0 2 right 14071
object 25 2 left 14039
object 25 2 right 14040
object 26 2 left 14039
object 26 2 right 14040
object 50 2 left 755
object 50 2 right 756
object 51 2 left 755
object 51 2 right 756
object 79 2 left 14039
object 79 2 right 14040
object 85 2 left 14027
object 85 2 right 14028
object 86 2 left 14033
object 86 2 right 14034
object 87 2 left 14041
object 87 2 right 14042
object 88 2 left 14033
object 88 2 right 14034
object 89 2 left 14041
object 89 2 right 14042
object 0 3 right 14070
object 51 3 left 755
object 51 3 right 756
object 76 3 left 14039
object 76 3 right 14040
object 77 3 left 14039
object 77 3 right 14040
object 83 3 left 14041
object 83 3 right 14042
object 84 3 left 14025
object 84 3 right 14026
object 85 3 left 11531
object 85 3 right 11532
object 0 4 right 14069
object 77 4 left 14039
object 77 4 right 14040
object 85 4 left 14033
object 85 4 right 14034
object 86 4 left 14033
object 86 4 right 14034
object 87 4 left 14041
object 87 4 right 14042
object 0 5 right 14068
object 87 5 left 14041
object 87 5 right 14042
object 0 6 right 14077
object 0 7 right 14076
object 0 8 right 14075
object 0 9 right 14074
object 0 10 right 14073
object 15 10 right 14065
object 20 10 left 14041
object 20 10 right 14042
object 0 11 right 14082
object 15 11 right 14064
object 16 11 left 14041
object 16 11 right 14042
object 0 12 right 14081
object 15 12 right 14063
object 16 12 left 14045
object 16 12 right 14046
object 19 12 left 14041
object 19 12 right 14042
object 0 13 right 14080
object 15 13 left 14061
object 15 13 right 14062
object 16 13 left 14037
object 16 13 right 14038
object 17 13 left 14041
object 17 13 right 14042
object 18 13 left 14037
object 18 13 right 14038
object 19 13 left 14043
object 19 13 right 14044
object 23 13 left 14041
object 23 13 right 14042
object 0 14 right 14079
object 15 14 left 14041
object 15 14 right 14042
object 16 14 left 14041
object 16 14 right 14042
object 18 14 left 14043
object 18 14 right 14044
object 19 14 left 14041
object 19 14 right 14042
object 0 15 right 14078
object 15 15 left 14043
object 15 15 right 14044
object 0 16 right 14112
object 0 17 right 14111
object 89 17 right 13999
object 0 18 right 14110
object 1 18 left 755
object 1 18 right 756
object 89 18 right 13998
object 0 19 right 14109
object 89 19 right 13997
object 90 19 left 14045
object 90 19 right 14046
object 0 20 right 14108
object 89 20 left 13995
object 89 20 right 13996
object 90 20 left 11527
object 90 20 right 11528
object 0 21 right 14117
object 18 21 left 14041
object 18 21 right 14042
object 51 21 right 14056
object 52 21 left 14041
object 52 21 right 14042
object 86 21 left 13991
object 87 21 left 13992
object 88 21 left 13993
object 88 21 right 13994
object 89 21 left 11527
object 89 21 right 11528
object 90 21 left 11531
object 90 21 right 11532
object 91 21 left 14041
object 91 21 right 14042
object 0 22 right 14116
object 15 22 left 14031
object 15 22 right 14032
object 51 22 right 14055
object 52 22 left 14033
object 52 22 right 14034
object 54 22 left 14041
object 54 22 right 14042
object 86 22 left 14041
object 86 22 right 14042
object 90 22 left 14041
object 90 22 right 14042
object 92 22 left 14041
object 92 22 right 14042
object 0 23 right 14115
object 14 23 left 14029
object 14 23 right 14030
object 15 23 left 14041
object 15 23 right 14042
object 51 23 right 14054
object 52 23 left 14045
object 52 23 right 14046
object 54 23 left 14033
object 54 23 right 14034
object 88 23 left 14041
object 88 23 right 14042
object 92 23 left 14041
object 92 23 right 14042
object 0 24 right 14114
object 14 24 left 14041
object 14 24 right 14042
object 15 24 left 14033
object 15 24 right 14034
object 50 24 left 14033
object 50 24 right 14034
object 51 24 left 14052
object 51 24 right 14053
object 53 24 left 14041
object 53 24 right 14042
object 56 24 left 14041
object 56 24 right 14042
object 0 25 right 14113
object 14 25 left 14033
object 14 25 right 14034
object 50 25 left 14041
object 50 25 right 14042
object 51 25 left 14033
object 51 25 right 14034
object 53 25 left 14041
object 53 25 right 14042
object 54 25 left 14033
object 54 25 right 14034
object 0 26 right 14072
object 14 26 left 14041
object 14 26 right 14042
object 15 26 left 14033
object 15 26 right 14034
object 16 26 left 14033
object 16 26 right 14034
object 17 26 left 14041
object 17 26 right 14042
object 50 26 left 14041
object 50 26 right 14042
object 51 26 left 14033
object 51 26 right 14034
object 52 26 left 14033
object 52 26 right 14034
object 53 26 left 14041
object 53 26 right 14042
object 55 26 left 14041
object 55 26 right 14042
object 0 27 right 14071
object 16 27 left 14041
object 16 27 right 14042
object 17 27 left 14033
object 17 27 right 14034
object 19 27 left 14041
object 19 27 right 14042
object 52 27 left 14041
object 52 27 right 14042
object 0 28 right 14070
object 16 28 left 14033
object 16 28 right 14034
object 0 29 right 14069
object 16 29 left 14041
object 16 29 right 14042
object 30 29 right 14024
object 0 30 right 14068
object 30 30 right 14023
object 94 30 right 14051
object 0 31 right 14077
object 30 31 left 14021
object 30 31 right 14022
object 92 31 left 14047
object 93 31 left 14048
object 94 31 left 14049
object 94 31 right 14050
object 0 32 right 14076
object 27 32 left 14017
object 28 32 left 14018
object 29 32 left 14019
object 29 32 right 14020
object 34 32 left 14043
object 34 32 right 14044
object 35 32 left 14041
object 35 32 right 14042
object 92 32 left 14041
object 92 32 right 14042
object 93 32 left 14041
object 93 32 right 14042
object 97 32 left 14041
object 97 32 right 14042
object 0 33 right 14075
object 30 33 left 14041
object 30 33 right 14042
object 92 33 left 14035
object 92 33 right 14036
object 94 33 left 14035
object 94 33 right 14036
object 95 33 left 14041
object 95 33 right 14042
object 97 33 left 14035
object 97 33 right 14036
object 0 34 right 14074
object 29 34 left 14041
object 29 34 right 14042
object 30 34 left 14043
object 30 34 right 14044
object 33 34 left 14041
object 33 34 right 14042
object 93 34 left 14041
object 93 34 right 14042
object 94 34 left 14035
object 94 34 right 14036
object 0 35 right 14073
object 30 35 left 14043
object 30 35 right 14044
object 34 35 left 14043
object 34 35 right 14044
object 0 36 right 14082
object 30 36 left 14041
object 30 36 right 14042
object 33 36 left 14043
object 33 36 right 14044
object 35 36 left 14041
object 35 36 right 14042
object 0 37 right 14081
object 33 37 left 14041
object 33 37 right 14042
object 0 38 right 14080
object 0 39 right 14079
object 0 40 right 14078
object 0 41 right 14112
object 0 42 right 14111
object 48 42 right 14051
object 0 43 right 14110
object 1 43 left 14039
object 1 43 right 14040
object 46 43 left 14047
object 47 43 left 14048
object 48 43 left 14049
object 48 43 right 14050
object 0 44 right 14109
object 46 44 left 14043
object 46 44 right 14044
object 47 44 left 14043
object 47 44 right 14044
object 48 44 left 14043
object 48 44 right 14044
object 73 44 left 14027
object 73 44 right 14028
object 0 45 right 14108
object 47 45 left 14043
object 47 45 right 14044
object 48 45 left 14066
object 48 45 right 14067
object 71 45 left 11531
object 71 45 right 11532
object 72 45 left 14025
object 72 45 right 14026
object 73 45 left 11531
object 73 45 right 11532
object 0 46 right 14117
object 71 46 left 14033
object 71 46 right 14034
object 72 46 left 14041
object 72 46 right 14042
object 0 47 right 14116
object 35 47 left 14041
object 35 47 right 14042
object 70 47 left 14041
object 70 47 right 14042
object 73 47 left 14033
object 73 47 right 14034
object 0 48 right 14115
object 35 48 left 14059
object 35 48 right 14060
object 36 48 left 14037
object 36 48 right 14038
object 37 48 left 14041
object 37 48 right 14042
object 0 49 right 14114
object 14 49 left 14041
object 14 49 right 14042
object 34 49 left 14057
object 34 49 right 14058
object 35 49 left 14041
object 35 49 right 14042
object 36 49 left 14043
object 36 49 right 14044
object 0 50 right 14113
object 12 50 right 14056
object 13 50 left 14041
object 13 50 right 14042
object 36 50 left 14037
object 36 50 right 14038
object 0 51 right 14072
object 12 51 right 14055
object 13 51 left 14037
object 13 51 right 14038
object 0 52 right 14071
object 12 52 right 14054
object 13 52 left 14041
object 13 52 right 14042
object 0 53 right 14070
object 12 53 left 14052
object 12 53 right 14053
object 15 53 left 14041
object 15 53 right 14042
object 0 54 right 14069
object 12 54 left 14043
object 12 54 right 14044
object 13 54 left 14041
object 13 54 right 14042
object 14 54 left 14037
object 14 54 right 14038
object 0 55 right 14068
object 12 55 left 14041
object 12 55 right 14042
object 13 55 left 14037
object 13 55 right 14038
object 14 55 left 14041
object 14 55 right 14042
object 0 56 right 14077
object 0 57 right 14076
object 99 57 left 14035
object 99 57 right 14036
object 0 58 right 14075
object 0 59 right 14074
object 76 59 right 14016
object 96 59 left 14035
object 96 59 right 14036
object 99 59 left 14031
object 99 59 right 14032
object 0 60 right 14073
object 76 60 right 14015
object 97 60 left 11533
object 97 60 right 11534
object 98 60 left 14029
object 98 60 right 14030
object 99 60 left 14035
object 99 60 right 14036
object 0 61 right 14082
object 76 61 left 14013
object 76 61 right 14014
object 97 61 left 14041
object 97 61 right 14042
object 98 61 left 14041
object 98 61 right 14042
object 99 61 left 14035
object 99 61 right 14036
object 0 62 right 14081
object 73 62 left 14009
object 74 62 left 14010
object 75 62 left 14011
object 75 62 right 14012
object 76 62 left 14045
object 76 62 right 14046
object 78 62 left 14043
object 78 62 right 14044
object 79 62 left 14041
object 79 62 right 14042
object 98 62 left 14035
object 98 62 right 14036
object 99 62 left 14041
object 99 62 right 14042
object 0 63 right 14080
object 32 63 right 14016
object 74 63 left 14043
object 74 63 right 14044
object 75 63 left 14041
object 75 63 right 14042
object 76 63 left 14043
object 76 63 right 14044
object 77 63 left 14041
object 77 63 right 14042
object 98 63 left 14035
object 98 63 right 14036
object 0 64 right 14079
object 32 64 right 14015
object 74 64 left 14041
object 74 64 right 14042
object 75 64 left 14043
object 75 64 right 14044
object 76 64 left 14041
object 76 64 right 14042
object 79 64 left 14043
object 79 64 right 14044
object 0 65 right 14078
object 32 65 left 14013
object 32 65 right 14014
object 76 65 left 14043
object 76 65 right 14044
object 77 65 left 14043
object 77 65 right 14044
object 78 65 left 14041
object 78 65 right 14042
object 0 66 right 14112
object 29 66 left 14009
object 30 66 left 14010
object 31 66 left 14011
object 31 66 right 14012
object 0 67 right 14111
object 1 67 left 755
object 1 67 right 756
object 0 68 right 14110
object 1 68 left 755
object 1 68 right 756
object 0 69 right 14109
object 1 69 left 755
object 1 69 right 756
object 2 69 left 755
object 2 69 right 756
object 0 70 right 14108
object 1 70 left 755
object 1 70 right 756
object 0 71 right 14117
object 4 71 left 755
object 4 71 right 756
object 0 72 right 14116
object 1 72 left 755
object 1 72 right 756
object 50 72 left 14066
object 50 72 right 14067
object 0 73 right 14115
object 51 73 right 14065
object 52 73 left 14066
object 52 73 right 14067
object 0 74 right 14114
object 51 74 right 14064
object 52 74 left 14066
object 52 74 right 14067
object 53 74 left 14066
object 53 74 right 14067
object 0 75 right 14113
object 51 75 right 14063
object 52 75 left 14037
object 52 75 right 14038
object 53 75 left 14041
object 53 75 right 14042
object 54 75 left 14037
object 54 75 right 14038
object 0 76 right 14072
object 46 76 left 14041
object 46 76 right 14042
object 51 76 left 14061
object 51 76 right 14062
object 52 76 left 14041
object 52 76 right 14042
object 53 76 left 14041
object 53 76 right 14042
object 0 77 right 14071
object 50 77 left 14041
object 50 77 right 14042
object 0 78 right 14070
object 50 78 left 14041
object 50 78 right 14042
object 53 78 left 14041
object 53 78 right 14042
object 0 79 right 14069
object 0 80 right 14068
object 43 80 left 14041
object 43 80 right 14042
object 0 81 right 14077
object 0 82 right 14076
object 0 83 right 14075
object 0 84 right 14074
object 0 85 right 14073
object 0 86 right 14082
object 0 87 right 14081
object 0 88 right 14080
object 0 89 right 14079
object 2 89 left 755
object 2 89 right 756
object 17 89 right 14051
object 0 90 right 14078
object 15 90 left 14047
object 16 90 left 14048
object 17 90 left 14049
object 17 90 right 14050
object 46 90 left 14041
object 46 90 right 14042
object 0 91 right 14112
object 3 91 left 14027
object 3 91 right 14028
object 15 91 left 14037
object 15 91 right 14038
object 16 91 left 14041
object 16 91 right 14042
object 47 91 left 14043
object 47 91 right 14044
object 49 91 left 14041
object 49 91 right 14042
object 82 91 right 14051
object 0 92 right 14111
object 1 92 left 755
object 1 92 right 756
object 2 92 left 14025
object 2 92 right 14026
object 3 92 left 755
object 3 92 right 756
object 15 92 left 14041
object 15 92 right 14042
object 16 92 left 14043
object 16 92 right 14044
object 17 92 left 14041
object 17 92 right 14042
object 20 92 left 14041
object 20 92 right 14042
object 48 92 left 14043
object 48 92 right 14044
object 49 92 left 14041
object 49 92 right 14042
object 50 92 left 14043
object 50 92 right 14044
object 80 92 left 14047
object 81 92 left 14048
object 82 92 left 14049
object 82 92 right 14050
object 83 92 left 14041
object 83 92 right 14042
object 0 93 right 14110
object 1 93 left 755
object 1 93 right 756
object 2 93 left 755
object 2 93 right 756
object 17 93 left 14043
object 17 93 right 14044
object 48 93 left 14059
object 48 93 right 14060
object 80 93 left 14041
object 80 93 right 14042
object 81 93 left 14033
object 81 93 right 14034
object 83 93 left 14041
object 83 93 right 14042
object 84 93 left 14033
object 84 93 right 14034
object 0 94 right 14109
object 16 94 left 14041
object 16 94 right 14042
object 17 94 left 14043
object 17 94 right 14044
object 46 94 left 14041
object 46 94 right 14042
object 47 94 left 14057
object 47 94 right 14058
object 48 94 left 14043
object 48 94 right 14044
object 49 94 left 14041
object 49 94 right 14042
object 79 94 left 14041
object 79 94 right 14042
object 80 94 left 14033
object 80 94 right 14034
object 83 94 left 14033
object 83 94 right 14034
object 0 95 right 14108
object 49 95 left 14041
object 49 95 right 14042
object 50 95 left 14043
object 50 95 right 14044
object 83 95 left 14041
object 83 95 right 14042
object 0 96 right 14117
object 0 97 right 14116
object 0 98 right 14115
object 1 98 left 755
object 1 98 right 756
object 0 99 right 14114
