# lod20850 — tools/dat-extract layout 이 만든다. 손으로 고치지 말 것.
size 100 100
blocked
....................................................................................................
....................................................................................................
....................................................................................................
....................................................................................................
..............................#...........................................#.............#...........
.......#....#..................#...................................#.......#........................
.............#.............#............#...........................................................
....................................................................................................
........................................................#...............................#...........
................................................#........#...............................#..........
.................................................#...................................#..............
...#.....................#..........................................................................
....#...............................................................................................
.....................#......................#..............................#...............#........
..........#...........................#......#..............................#.......................
.......................................#............................................................
....................................................................................#...............
..................#..................................................................#..............
...................#................................................................................
....................................................................................................
....................................................................................................
...#............................................................#...................................
.............#...........................................#.......#...........................#....#.
..............#...........................................#..............#....................#.....
...................................#......................................#.........................
....................................#...............................................................
....................................................#...............................................
.....................................................#..............................................
....#..........................................#....................................................
.....#.........................#................#...................................................
................................#................................................#.............#....
.........................#................................#.........#.............#.............#...
.............#............#..........................................#..............................
..............#........................#.....#......................................................
...............................................................................................#....
...#................................................................................................
..............................................................................#.....................
....................................................#..........................#....................
..........#....................................#....................................................
...........#...............................#....#.............................................#.....
...............................#...............................................................#....
.........................#..................................#....#..................................
..#.......................#............#.....................#..............................#.......
...#....................................#...........................................................
....................................................................................................
...............................#....................................................................
.............................................................................#......................
....#.......................................#.................................#...........#.........
...........................................................#...............................#........
..........#...........#.............................................................................
.......................#.........................................................................#..
..............................#.........................................................#...........
...............................#.......................#............................................
..........................................#.........................................................
.................................#.........#........................................................
..#........#...................................................#....................................
...#........#........................................#..........#..........#........................
......................................................#.....................#...........#...........
..........................#..............................................................#..........
...#.......................#........................................................................
.....................................................................#..............................
...............................................................#....................................
.............#...................................#..................................................
..............#...........................#......................................................#..
...........................................#........................................................
....................................................................................................
...........................#...........#............................................................
............................#....................................................#..................
...........#..............................................#.......................#.................
...........................................................#................................#....#..
....#........................................................................................#......
....................................................#................#..............................
..........#..........................................#................#.............................
...........#........................................................................................
....................................................................................................
....................................................................................................
............................#.......#...........................................................#...
...#.........................#.......#.........#................................#...................
....#...........................................#................................#..................
.............................................................................................#......
..............................................................................................#.....
..............#...................................................#.....#....#......................
...............#...................................................#..........#.....................
...#................................................................................................
....................................................................................................
....................................................................................................
..............#...............#.....................................................................
...............#...............................................................................#....
...#.................................#..........................................................#...
....#.................................#.............................................................
....................................................................................................
.........#...#......................................................................................
..............#...............#.................#..........#.....#..........................#.......
...............................#.................#..........#.....#..........................#......
.....#..............................................................................................
..................................................................................................#.
.........................................#.....#.....................................#..............
...................................................................#..........#.......#.....#.......
................#...............#............................#.................#....................
.................#...............#..................................................................
floor
3 4 5 36 37 38 39 70 71 72 82 82 83 84 41 42 43 74 75 25 26 57 23 24 25 26 4 5 664 665 666 667 668 669 37 38 39 70 71 72 73 22 53 19 6 7 8 9 40 41 42 43 74 75 76 87 87 88 89 45 46 47 78 79 29 30 61 27 28 90 53 57 627 628 629 630 631 28 29 30 97 98 61 62 63 102 65 17 65 97 98 33 82 93 94 57 58 57 48 49
7 8 9 40 41 42 43 74 75 76 664 665 666 667 668 669 47 78 79 29 30 61 27 28 90 53 87 88 670 671 672 673 674 675 41 42 43 74 75 76 77 26 57 23 10 11 12 13 44 45 46 47 78 79 80 91 91 92 93 49 50 51 82 83 33 34 65 31 32 94 57 61 632 633 634 635 636 32 33 34 101 102 65 17 48 62 63 17 53 53 48 49 82 97 98 61 62 61 62 33
11 12 13 44 45 46 47 78 79 80 670 671 672 673 674 675 51 82 83 33 34 65 31 32 94 57 91 92 676 677 678 679 680 681 45 46 47 78 79 80 81 30 61 27 14 15 16 17 48 49 50 51 82 83 84 95 95 96 97 54 55 56 87 88 89 90 53 87 88 98 61 65 637 638 639 640 641 88 89 90 61 62 63 17 48 66 67 22 53 54 55 56 87 101 102 65 17 65 66 89
15 16 17 48 49 50 51 82 83 84 676 677 678 679 680 681 56 87 88 89 90 53 87 88 98 61 95 96 682 683 684 685 686 687 49 50 51 82 83 84 85 34 65 31 19 20 21 22 53 54 55 56 87 88 89 90 25 26 57 58 59 60 91 92 93 94 57 91 92 102 65 82 642 643 644 645 646 28 29 30 65 66 67 22 53 54 55 26 57 58 59 60 91 61 62 63 17 82 93 94
20 21 22 53 54 55 56 87 88 89 682 683 684 685 686 687 60 91 92 93 94 57 91 92 102 65 99 100 688 689 690 691 692 693 54 55 56 87 88 89 90 90 53 87 23 24 25 26 57 58 59 60 91 92 664 665 666 667 668 669 63 57 58 66 89 98 61 95 96 22 53 82 647 648 649 650 651 32 33 34 53 54 55 26 57 58 664 665 666 667 668 669 95 65 66 67 22 82 97 98
24 25 26 57 58 59 60 91 92 93 688 689 690 691 692 693 64 95 96 97 98 61 95 96 22 53 19 20 694 695 696 697 698 699 58 59 60 91 92 93 94 94 57 91 27 28 627 628 629 630 631 64 95 96 670 671 672 673 674 675 67 66 33 34 65 631 65 99 100 26 57 87 101 102 65 17 48 49 50 51 57 58 59 30 61 62 670 671 672 673 674 675 21 53 54 55 26 87 101 102
28 29 30 61 62 63 64 95 96 97 694 695 696 697 698 699 20 21 22 101 102 65 99 100 26 57 23 24 25 26 57 58 30 61 62 63 64 95 96 97 98 98 61 95 31 32 632 633 634 635 636 20 21 22 676 677 678 679 680 681 24 2 3 4 5 636 58 59 28 30 61 30 97 91 29 30 61 62 63 17 30 97 91 29 30 61 676 677 678 679 680 681 26 93 94 57 58 59 28 30
32 664 665 666 667 668 669 21 22 53 48 49 26 57 23 24 25 26 93 94 57 58 59 627 628 629 630 631 29 30 61 62 34 65 66 67 20 21 22 53 54 102 65 99 87 88 637 638 639 640 641 24 25 26 682 683 684 685 686 687 28 6 7 8 9 641 62 63 32 34 65 34 101 95 33 34 65 66 67 22 34 101 95 33 34 65 682 683 684 685 686 687 30 97 98 61 62 63 32 34
88 670 671 672 673 674 675 25 26 57 48 49 30 61 27 28 29 30 97 98 61 62 63 632 633 634 635 636 33 34 65 66 90 53 54 55 24 25 26 57 58 22 53 19 91 92 642 643 644 645 646 28 29 30 688 689 690 691 692 693 32 642 57 58 66 89 17 48 49 90 53 90 61 99 89 90 53 54 55 26 90 61 99 89 90 53 688 689 690 691 692 693 34 101 102 65 17 48 49 90
92 676 677 678 679 680 681 29 30 61 62 33 34 65 31 32 33 34 101 102 65 17 48 637 638 639 640 641 89 90 53 54 94 57 58 59 28 29 30 61 62 26 627 628 629 630 647 648 649 650 651 32 33 34 694 695 696 697 698 699 88 647 66 33 34 65 17 48 49 94 57 87 88 627 628 629 630 631 59 30 87 88 89 90 53 54 694 695 696 697 698 699 90 61 62 63 17 48 49 94
96 682 683 684 685 686 687 33 34 65 66 89 90 53 87 88 89 90 61 62 63 17 48 642 643 644 645 646 93 94 57 58 98 61 62 63 664 665 666 667 668 669 632 633 634 635 636 102 65 17 201 479 479 479 479 479 479 479 495 57 58 66 2 3 4 5 22 53 54 98 61 91 92 632 633 634 635 636 63 34 91 92 93 94 57 58 62 63 34 17 48 49 30 65 66 67 22 53 54 98
100 688 689 690 691 692 693 50 51 82 93 94 57 58 59 28 29 30 65 66 67 22 53 647 648 649 650 651 97 98 61 62 102 65 17 48 670 671 672 673 674 675 637 638 639 640 641 62 63 201 479 486 486 479 479 479 479 479 495 479 495 479 479 495 8 9 62 57 58 102 65 95 96 637 638 639 640 641 97 54 95 96 97 98 61 62 96 97 54 22 53 54 34 53 54 55 26 57 58 102
30 694 695 696 697 698 699 50 51 82 97 98 61 62 63 32 33 34 53 54 55 26 57 58 97 98 61 62 53 107 232 233 62 63 17 48 676 677 678 679 680 681 642 643 644 645 646 54 55 479 486 492 479 486 486 486 486 486 479 479 479 479 495 479 479 495 495 58 66 89 232 233 100 642 643 644 645 646 57 58 99 100 664 665 666 667 668 669 58 26 57 58 51 57 58 59 30 61 62 63
34 65 66 67 22 53 54 55 56 87 101 102 65 17 48 49 664 665 666 667 668 669 61 62 58 54 55 26 97 479 479 495 53 67 22 53 682 683 684 685 686 687 647 648 649 650 651 231 479 486 492 492 486 486 486 486 486 486 486 486 486 486 479 486 486 479 479 479 495 495 97 98 61 62 648 649 650 651 61 62 29 30 670 671 672 673 674 675 62 30 61 62 51 61 62 63 34 65 66 67
90 53 54 55 26 57 58 59 60 91 61 62 63 17 48 49 670 671 672 673 674 675 54 66 230 231 479 479 479 479 479 479 479 495 26 57 688 689 690 691 692 693 89 90 93 94 201 89 486 492 492 486 492 8 9 90 53 67 22 6 486 486 486 486 479 486 486 486 479 479 479 479 495 479 495 108 232 233 65 66 99 100 676 677 678 679 680 681 66 34 65 66 61 62 63 17 48 49 50 51
94 57 58 59 30 61 62 63 64 95 65 66 67 22 53 54 676 677 678 679 680 681 58 97 479 479 479 479 479 479 479 479 495 492 30 61 694 695 696 697 698 699 93 94 97 98 203 479 479 486 492 89 90 53 21 53 54 55 26 57 94 57 58 486 486 486 486 486 486 486 486 479 479 486 479 479 495 98 61 62 59 28 682 683 684 685 686 687 71 48 49 50 65 66 67 22 53 54 55 56
98 61 62 63 34 65 66 67 20 21 53 54 55 26 57 58 682 683 684 685 97 98 61 479 486 486 486 486 486 486 486 486 479 479 479 479 495 61 62 116 119 115 115 479 479 479 479 479 486 492 492 62 87 88 89 90 53 87 30 61 62 98 94 57 57 84 486 486 486 479 486 486 486 479 486 486 479 495 55 26 63 32 688 689 690 691 692 693 75 53 54 55 53 54 55 26 57 58 67 20
95 95 96 97 54 55 56 87 88 89 90 53 87 30 61 62 688 689 690 691 58 54 479 486 479 495 61 62 93 94 57 58 486 486 486 479 479 479 479 479 479 479 479 486 479 479 486 486 492 54 55 26 91 92 93 94 57 91 34 65 66 102 664 665 666 667 668 669 486 486 486 492 5 486 486 479 486 479 495 495 66 89 694 695 696 697 698 699 79 80 91 89 90 53 87 30 61 62 98 94
90 25 26 57 58 59 60 91 92 93 94 627 628 629 630 631 694 695 696 697 230 479 486 479 486 492 148 62 97 98 61 62 89 90 486 486 486 486 479 479 486 486 486 479 486 486 492 53 230 231 147 148 95 96 97 627 628 629 630 631 54 57 670 671 672 673 674 675 30 6 7 8 9 94 57 486 486 486 479 495 495 479 495 61 62 98 98 98 98 233 95 664 665 666 667 668 669 66 102 98
94 29 30 61 62 63 64 95 96 97 98 632 633 634 635 636 97 98 61 62 479 486 479 486 492 90 53 230 231 147 148 62 94 57 58 66 486 492 486 486 492 53 230 486 492 94 57 58 66 89 90 53 21 22 101 632 633 634 635 636 58 61 676 677 678 679 680 681 34 65 97 627 628 94 57 58 66 89 486 479 479 486 479 495 495 231 231 231 231 235 90 670 671 672 673 674 675 90 53 54
98 33 34 65 66 67 20 21 22 101 102 637 638 639 640 641 58 54 479 495 486 479 486 492 94 57 230 66 89 90 53 230 231 627 628 629 630 631 97 94 57 58 66 89 90 53 49 26 57 23 24 25 26 93 94 637 638 639 640 641 62 61 682 683 684 685 686 687 90 53 53 632 633 634 94 57 58 66 6 486 486 486 486 479 495 479 479 495 65 167 94 676 677 678 679 680 681 94 57 58
48 49 26 57 23 24 25 26 93 94 57 642 643 644 645 646 230 231 479 495 479 486 492 62 98 61 66 93 94 57 230 66 89 632 633 634 635 636 101 102 65 17 57 58 57 48 49 30 61 27 28 29 30 97 98 642 643 644 645 646 17 65 688 689 690 691 692 693 57 58 57 637 638 639 640 641 230 231 94 57 486 486 486 479 495 495 486 492 5 89 98 682 683 684 685 686 687 98 61 62
48 49 30 61 27 28 29 30 97 98 61 647 648 649 650 651 66 89 479 479 495 492 148 62 63 206 48 49 98 61 66 93 94 637 638 639 640 641 61 62 63 17 61 62 61 62 33 34 65 31 627 628 629 630 631 647 648 649 650 651 17 53 694 695 696 697 698 699 61 62 61 642 643 644 645 646 67 22 65 66 33 486 479 486 479 495 495 8 9 65 48 688 689 690 691 692 693 95 95 96
62 33 34 65 31 32 33 34 101 102 65 17 48 62 63 17 93 94 479 479 495 90 53 230 231 208 62 33 34 65 31 32 33 642 643 644 645 646 65 66 67 22 95 96 65 66 89 90 53 87 632 633 634 635 636 63 17 48 66 67 22 53 54 55 56 87 101 102 65 17 65 647 648 649 650 651 37 38 61 2 3 4 486 479 479 495 479 479 495 5 48 694 695 696 697 698 699 90 25 26
66 89 627 628 629 630 631 90 61 62 63 17 48 66 67 22 97 479 479 495 492 57 230 66 89 65 66 89 90 53 87 88 89 647 648 649 650 651 53 54 55 26 25 26 82 664 665 666 667 668 637 638 639 640 641 67 22 53 54 55 26 57 58 59 60 91 61 62 63 17 82 6 7 8 9 40 41 42 65 6 7 8 9 486 479 495 495 486 479 495 62 33 57 23 24 25 93 94 29 30
93 94 632 633 634 635 636 30 65 66 67 22 53 54 55 26 231 479 479 495 495 61 66 93 94 82 93 94 57 664 665 666 667 668 669 89 90 53 54 58 59 30 29 30 82 670 671 672 673 674 642 643 644 645 646 55 26 57 58 59 30 61 62 63 64 95 65 66 67 22 82 10 11 12 13 44 45 46 97 98 61 2 3 479 479 495 495 34 486 479 495 59 61 27 28 29 97 98 33 34
97 98 637 638 639 640 641 34 53 54 55 26 57 58 59 30 89 479 495 492 495 65 66 67 22 82 97 98 61 670 671 672 673 674 675 93 94 57 58 62 63 34 33 34 87 676 677 678 679 680 647 648 649 650 651 59 30 61 62 63 34 65 66 67 20 21 53 54 55 26 87 14 15 16 17 48 49 50 101 627 628 629 630 479 479 495 495 4 5 486 479 495 65 627 628 629 630 631 53 54
101 102 642 643 644 645 646 51 57 58 59 30 61 62 63 34 94 479 495 486 492 55 54 627 628 629 630 631 65 676 677 678 679 680 681 97 98 61 62 96 97 54 33 34 30 682 683 684 685 686 687 63 17 30 97 91 29 30 61 62 63 17 26 87 101 26 664 665 666 667 668 669 30 61 62 33 34 65 31 632 633 634 635 486 479 495 479 495 66 89 486 479 495 632 633 634 635 636 62 61
97 91 647 648 649 650 651 17 30 97 91 627 628 629 630 631 98 486 492 495 479 495 94 632 633 634 635 636 61 682 683 684 685 686 687 101 102 65 17 26 57 58 89 90 34 688 689 690 691 692 693 67 22 34 101 95 33 34 65 66 67 22 58 59 28 30 670 671 672 673 674 675 34 65 66 89 90 53 87 637 638 639 640 479 479 495 479 495 34 65 53 486 492 637 638 639 640 641 17 65
101 95 33 34 65 66 67 22 34 101 95 632 633 634 635 636 130 231 479 479 495 492 98 637 638 639 640 641 65 688 689 690 691 692 693 61 62 63 17 30 61 62 93 94 90 694 695 696 697 698 699 55 26 90 61 99 89 90 53 54 55 26 62 63 32 34 676 677 678 679 680 681 90 82 93 94 57 58 59 642 643 644 645 479 495 495 479 495 4 5 57 58 59 642 643 644 645 646 17 82
61 99 89 90 53 54 55 26 90 61 99 637 638 639 640 641 97 479 479 495 492 231 102 642 643 644 645 646 53 694 695 696 697 698 699 65 66 67 22 34 65 66 97 98 87 88 89 90 53 54 58 59 30 87 88 89 90 53 54 58 59 30 17 48 49 90 682 683 684 685 686 687 94 82 97 98 61 62 63 647 648 649 650 479 479 495 486 479 495 9 61 62 63 647 648 649 650 651 22 82
88 89 90 53 54 58 59 30 87 88 89 642 643 644 645 646 58 479 479 495 492 89 62 647 648 649 650 651 57 91 92 93 94 89 90 53 54 55 26 57 58 56 101 102 91 92 93 94 57 58 62 63 34 91 92 93 94 57 58 62 63 34 17 48 49 30 688 689 690 691 692 693 98 87 101 102 65 17 48 49 50 51 479 479 479 495 495 479 495 34 65 66 67 20 21 53 54 55 26 87
92 93 94 57 58 62 63 34 91 92 93 647 648 649 650 651 479 479 495 492 93 94 66 67 22 53 54 98 61 95 96 97 98 93 94 57 58 59 30 61 62 60 61 62 95 96 97 98 61 62 96 97 54 95 96 97 98 61 62 96 97 54 22 53 54 34 694 695 696 697 698 699 102 30 97 91 664 665 666 667 668 669 479 479 495 479 495 486 479 495 17 26 87 101 26 93 94 57 58 59
96 97 98 61 62 96 97 54 95 96 97 98 61 62 96 97 479 479 495 53 65 53 54 55 26 57 58 102 65 99 100 101 102 97 98 61 62 63 34 65 66 87 88 89 99 100 101 102 65 17 26 57 58 99 100 101 102 65 17 26 57 58 26 57 58 51 57 58 59 30 61 62 63 34 101 95 670 671 672 673 674 675 479 479 495 479 495 4 479 495 22 58 59 28 30 97 98 61 62 63
100 101 102 65 17 26 57 58 664 665 666 667 668 669 26 479 479 495 492 58 55 57 58 59 30 61 62 63 64 65 66 67 33 84 95 95 96 97 54 94 57 91 92 93 29 664 665 666 667 668 669 61 62 29 30 61 62 63 17 30 61 62 30 61 62 51 61 62 63 34 65 66 2 90 61 99 676 677 678 679 680 681 486 479 479 495 492 89 486 492 26 62 63 32 34 101 102 65 17 48
30 61 62 63 17 30 61 62 670 671 672 673 674 675 30 479 479 495 61 62 59 61 62 63 34 65 66 67 20 53 54 55 89 89 90 25 26 57 58 98 61 95 96 97 33 670 671 672 673 674 675 65 66 99 100 26 57 23 24 25 65 66 34 65 66 61 62 63 17 48 49 50 6 87 88 89 682 683 684 685 686 687 87 479 479 495 495 495 58 59 30 17 664 665 666 667 668 669 17 48
34 65 66 67 22 34 65 66 676 677 678 679 680 681 479 479 495 492 148 62 63 62 63 17 48 49 50 51 26 57 23 24 25 93 94 29 30 61 62 102 65 99 100 101 62 676 677 678 679 680 681 61 2 59 28 30 61 27 28 29 70 71 48 49 50 65 66 67 22 53 54 55 10 91 92 93 688 689 690 691 692 693 57 479 495 492 492 495 62 63 34 17 670 671 672 673 674 675 22 53
63 64 95 96 97 98 61 2 682 683 684 685 97 97 479 479 495 90 53 230 231 66 67 627 628 629 630 631 30 61 27 28 29 97 98 33 34 65 66 22 53 19 20 21 66 682 683 684 685 686 687 65 6 63 32 34 65 31 627 628 629 630 631 54 55 53 54 55 26 57 58 67 14 95 96 97 694 695 696 697 698 699 479 479 495 495 486 492 96 97 54 22 676 677 678 679 680 681 26 57
664 665 666 667 668 669 65 6 688 689 690 691 97 479 486 486 492 57 230 66 89 54 55 632 633 634 635 636 34 65 31 32 33 67 22 53 54 664 665 666 667 668 669 25 23 688 689 690 691 692 693 58 10 48 49 90 53 87 632 633 634 635 636 91 89 90 53 87 30 61 62 98 19 99 100 101 102 65 17 26 57 58 479 495 492 492 34 65 26 57 58 26 682 683 684 685 686 687 30 61
670 671 672 673 674 675 58 10 694 695 696 697 58 486 492 495 98 61 66 93 94 53 87 637 638 639 640 641 90 53 87 88 89 55 26 57 58 670 671 672 673 674 675 29 27 694 695 696 697 698 699 62 14 48 49 94 57 91 637 638 639 640 641 95 93 94 57 91 34 65 66 102 23 29 30 61 62 63 17 30 66 33 479 495 495 3 4 5 30 61 62 30 688 689 690 691 692 693 34 65
676 677 678 679 680 681 62 14 48 49 94 57 230 479 479 495 61 65 65 206 94 57 91 642 643 644 645 646 94 57 91 92 93 59 30 61 91 676 677 678 679 680 681 28 31 32 33 34 101 102 65 17 19 53 54 98 61 95 642 643 644 645 646 90 97 91 92 93 94 89 90 53 27 33 34 65 66 67 22 34 2 479 495 492 492 7 8 9 25 65 66 34 694 695 696 697 698 699 48 49
682 683 684 685 686 687 17 19 53 54 98 61 66 479 479 495 65 55 55 208 91 92 93 647 648 649 650 651 55 26 57 96 97 63 34 65 95 682 683 684 685 686 687 32 87 88 89 90 61 62 63 97 98 57 58 102 65 99 647 648 649 650 651 94 101 95 96 97 98 93 94 57 31 62 63 64 95 96 97 98 6 479 495 495 479 495 27 28 29 70 71 48 49 50 65 66 67 22 53 54
688 689 690 691 692 693 97 98 57 58 102 65 93 479 479 495 55 59 59 101 95 96 97 98 93 94 57 58 59 30 61 100 101 97 54 55 99 688 689 690 691 692 693 49 62 29 30 61 62 63 17 101 102 65 6 7 8 9 40 64 95 96 97 98 94 99 100 101 102 97 98 61 87 66 67 627 628 629 630 631 479 479 495 479 495 492 31 32 33 74 75 53 54 55 53 54 55 26 57 58
694 695 696 697 698 699 101 102 65 6 7 8 97 479 479 495 59 63 63 94 99 100 101 102 97 98 61 62 63 34 61 27 28 57 58 59 29 694 695 696 697 698 699 49 66 33 34 65 66 67 22 65 66 33 34 65 66 67 67 20 21 22 53 48 49 65 66 67 33 84 95 95 91 23 24 632 633 634 635 636 486 479 479 495 495 53 87 88 627 628 629 630 631 89 90 53 87 30 61 62
33 34 65 66 67 22 65 66 33 34 65 66 231 486 479 495 63 231 231 49 65 66 67 33 84 95 95 96 97 54 65 31 32 58 51 57 33 34 65 66 67 22 53 54 2 3 4 5 36 37 38 61 2 3 4 5 36 37 55 24 25 26 57 48 49 53 54 55 89 89 90 25 95 27 28 637 638 639 640 641 2 479 479 495 492 57 91 92 632 633 634 635 636 93 94 57 91 34 65 66
3 4 5 36 37 38 61 2 3 4 5 36 89 90 479 495 231 89 89 49 664 665 666 667 668 669 25 26 57 58 62 30 61 62 51 61 89 90 53 54 55 26 57 58 6 7 8 9 40 41 42 65 6 7 8 9 40 41 59 28 29 30 61 62 33 57 23 24 25 93 94 29 99 31 32 642 643 644 645 646 479 479 495 492 9 61 95 96 637 638 639 640 641 97 91 92 93 94 89 90
7 8 9 40 41 42 65 6 7 8 9 40 94 57 479 495 89 94 94 33 670 671 672 673 674 675 29 30 61 62 66 34 65 66 61 62 93 94 57 58 59 30 61 62 10 11 12 13 44 45 46 97 98 61 2 3 4 5 95 96 97 98 61 2 59 61 27 28 29 97 98 33 29 87 88 647 648 649 650 651 479 479 495 492 102 65 99 100 642 643 644 645 646 101 95 96 97 98 93 94
11 12 13 44 45 46 97 98 61 2 3 4 98 61 479 495 94 61 2 59 676 677 678 679 680 681 33 34 664 665 666 667 668 669 65 66 97 98 61 62 63 34 65 2 3 4 5 36 37 38 39 70 71 72 82 82 83 84 41 42 43 74 75 25 26 57 23 24 25 26 4 5 33 62 29 30 61 62 63 17 479 495 492 65 7 8 9 40 647 648 649 650 651 94 99 100 101 102 97 98
15 16 17 48 49 50 101 102 65 6 7 8 66 89 486 492 65 233 6 63 682 683 684 685 686 687 53 54 670 671 672 673 674 675 53 54 84 95 95 96 97 54 55 6 7 8 9 40 41 42 43 74 75 76 87 87 88 89 45 46 47 78 79 29 30 61 27 28 90 53 87 88 89 66 33 34 65 66 67 479 479 479 495 5 65 66 67 67 20 21 22 53 48 49 65 66 67 33 84 95
3 4 5 36 37 38 39 70 71 72 82 82 93 94 479 495 55 61 62 53 688 689 690 691 692 693 4 5 676 677 678 679 680 681 37 38 39 70 71 72 627 628 629 630 631 12 13 44 45 46 47 78 79 80 91 91 92 93 49 50 51 82 83 33 34 65 31 32 94 57 91 92 93 2 3 4 5 36 37 479 479 495 492 9 5 36 37 55 24 25 26 57 48 49 53 54 55 89 89 90
7 8 9 40 41 42 43 74 75 76 87 87 97 98 479 495 495 98 61 62 53 695 696 697 698 699 87 88 682 683 684 685 686 687 41 42 43 74 75 76 632 633 634 635 636 16 17 48 49 50 51 82 83 84 95 95 96 97 54 55 56 87 88 89 90 53 87 88 98 61 95 96 97 6 7 8 9 40 41 479 479 495 66 89 9 40 41 59 28 29 30 61 62 33 57 23 24 25 93 94
664 665 666 667 668 669 47 78 79 627 628 629 231 147 486 492 495 54 55 26 57 65 31 32 94 57 91 92 688 689 690 691 692 693 45 46 47 78 79 80 637 638 639 640 641 21 22 53 54 55 56 87 88 89 90 25 26 57 58 59 60 664 665 666 667 668 669 92 102 65 99 100 84 10 11 12 13 44 45 479 495 492 34 65 3 4 5 95 96 97 98 61 2 59 61 27 28 29 97 98
670 671 672 673 674 675 51 82 83 632 633 634 89 90 479 486 479 495 147 148 61 233 87 88 98 61 95 96 694 695 696 697 698 699 49 50 51 82 83 84 642 643 644 645 646 25 26 57 58 59 60 664 665 666 667 668 669 61 62 63 64 670 671 672 673 674 675 96 22 53 19 20 89 664 665 666 667 668 669 479 495 3 4 5 7 8 9 21 22 101 102 65 6 63 65 31 32 33 67 22
676 677 678 679 680 681 56 87 88 637 638 639 94 57 486 479 479 495 90 53 65 235 91 92 102 65 99 100 101 102 65 17 22 53 54 55 56 87 88 89 647 648 649 650 651 29 30 61 62 63 64 670 671 672 673 674 675 65 66 67 20 676 677 678 679 680 681 100 26 57 23 24 93 670 671 672 673 674 479 486 479 495 8 9 61 95 627 628 629 630 631 95 61 93 94 29 30 61 93 94
682 683 684 685 686 687 60 91 92 642 643 644 98 61 66 479 479 495 57 58 55 167 95 96 627 628 629 630 631 22 53 54 26 57 58 59 60 91 92 93 94 94 57 31 32 33 34 65 66 67 20 676 677 678 679 680 681 57 23 24 25 682 683 684 685 686 687 28 30 61 27 28 97 676 677 678 679 680 479 479 479 479 495 89 65 99 632 633 634 635 636 90 65 97 98 33 34 65 97 98
688 689 690 691 692 693 64 95 96 647 648 649 650 651 66 479 486 479 495 62 59 166 99 100 632 633 634 635 636 26 57 58 30 61 62 63 64 95 96 97 98 98 61 87 88 89 90 53 54 55 24 682 683 684 685 686 687 61 27 28 29 688 689 690 691 692 693 32 34 65 31 32 53 682 683 684 685 479 495 479 486 486 492 65 58 59 637 638 639 640 641 94 53 53 48 49 90 53 53 48
694 695 696 697 698 699 20 21 22 53 48 49 26 57 23 479 495 479 495 62 63 171 59 28 637 638 639 640 641 30 61 62 34 65 66 67 20 21 22 53 54 102 65 91 92 93 94 57 58 59 28 688 689 690 691 692 693 65 31 32 33 694 695 696 697 698 699 49 90 53 87 88 57 688 689 690 691 486 492 486 479 495 4 5 62 63 642 643 644 645 646 98 33 82 93 94 57 58 57 48
88 89 90 53 54 55 24 25 26 57 48 49 30 61 27 486 479 486 492 495 231 62 53 32 642 643 644 645 646 34 65 66 90 53 54 55 24 25 26 57 58 22 53 95 96 97 98 61 62 63 32 694 695 696 697 698 699 53 87 88 89 90 61 62 63 17 48 49 94 57 91 92 61 694 695 696 697 698 699 33 486 479 495 9 17 48 647 648 649 650 651 48 49 82 97 98 61 62 61 62
92 93 94 57 58 59 28 29 30 61 62 664 665 666 667 98 479 495 495 495 89 26 57 49 647 648 649 650 651 90 53 54 94 57 58 59 28 29 30 61 62 26 57 99 100 101 102 65 17 48 49 50 51 82 93 94 57 58 59 28 29 30 65 66 67 22 53 54 98 61 95 96 65 66 89 90 53 87 88 89 479 479 479 495 89 233 66 67 22 53 54 55 56 87 101 102 65 17 65 66
96 97 98 61 62 63 32 33 34 65 66 670 671 672 673 674 486 492 492 495 94 148 61 49 94 57 91 92 93 94 57 58 98 61 62 63 32 33 34 65 664 665 666 667 668 669 62 63 17 48 49 50 51 82 97 98 61 62 63 32 33 34 53 54 55 26 57 58 102 65 99 100 82 93 94 57 58 59 28 29 486 479 486 479 495 235 54 55 26 57 58 59 60 91 61 62 63 17 82 93
100 101 102 65 17 48 49 50 51 82 93 676 677 678 679 680 681 479 495 495 90 53 65 54 98 61 95 96 97 98 61 62 102 65 17 48 49 50 51 82 670 671 672 673 674 675 66 67 22 53 54 55 56 87 101 102 65 17 48 49 50 51 57 58 59 30 61 62 63 64 65 66 82 97 98 61 62 63 32 33 479 495 492 479 495 215 232 233 30 61 62 63 64 95 65 66 67 22 82 97
30 61 62 63 17 48 49 50 51 82 97 682 683 684 685 686 687 479 495 492 57 58 55 58 102 65 99 100 101 102 65 17 62 63 17 48 49 50 51 82 676 677 678 679 680 681 54 55 26 57 58 59 60 91 61 62 63 17 48 49 50 51 61 67 20 53 54 66 67 20 53 54 87 101 102 65 17 48 49 50 486 479 495 479 495 66 89 235 34 65 66 67 20 21 53 54 55 26 87 101
34 65 66 67 22 53 54 55 56 87 101 688 689 690 691 692 693 479 495 98 61 62 59 62 63 664 665 666 667 668 669 65 66 67 22 53 54 55 56 87 682 683 684 685 686 687 58 59 30 61 62 63 64 95 65 66 67 22 53 54 55 56 62 98 94 57 58 97 98 94 57 58 30 97 91 29 30 61 62 63 17 479 495 479 495 34 65 167 63 17 26 87 101 26 93 94 57 58 59 28
90 53 54 55 26 57 58 59 60 91 61 694 695 696 697 698 479 495 492 147 148 62 63 66 67 670 671 672 673 674 675 53 54 55 26 57 58 59 60 91 688 689 690 691 692 693 62 63 34 65 66 67 20 21 53 54 55 26 57 58 67 20 53 102 98 61 62 101 102 98 61 62 34 101 95 33 34 65 66 627 628 486 479 495 479 495 5 166 67 22 58 59 28 30 97 98 61 62 63 32
94 57 58 59 30 61 62 63 64 95 65 66 67 97 98 61 479 495 495 90 53 230 231 97 98 676 677 678 679 680 681 57 58 59 30 61 62 63 64 95 694 695 696 697 698 699 96 97 54 55 56 87 88 89 90 53 664 665 666 667 668 669 57 57 84 95 95 94 57 84 95 95 90 61 99 89 90 53 54 632 633 634 479 495 479 495 9 171 55 26 62 63 32 34 101 102 65 17 48 49
98 61 62 63 34 65 66 67 20 21 53 54 55 58 54 55 479 495 495 57 230 66 89 101 102 682 683 684 685 686 687 61 62 63 34 65 66 67 20 21 95 96 97 89 90 25 26 57 58 59 60 91 92 93 94 57 670 671 672 673 674 675 61 61 89 90 25 98 61 89 90 25 87 88 89 90 53 54 58 637 638 639 486 479 495 495 66 89 59 30 664 665 666 667 668 669 63 17 48 49
95 95 96 97 54 55 56 87 88 89 90 53 87 230 231 147 479 495 495 61 66 93 94 94 57 688 689 690 691 692 693 55 56 87 88 89 90 53 87 25 99 100 101 93 94 29 30 61 62 63 64 95 96 97 98 61 676 677 678 679 680 681 95 61 93 94 29 30 61 93 94 29 91 92 93 94 57 58 62 642 643 644 645 479 495 495 34 65 63 34 670 671 672 673 674 675 67 22 53 54
90 25 26 57 58 59 60 91 92 93 94 57 91 66 89 90 479 495 495 61 62 59 25 98 61 694 695 696 697 698 699 59 60 91 92 93 87 88 89 90 53 54 61 97 98 33 34 65 66 67 627 628 629 630 631 65 682 683 684 685 686 687 90 65 97 98 33 627 628 629 630 631 95 96 97 98 61 62 96 647 648 649 650 486 479 495 4 5 97 54 676 677 678 679 680 681 55 26 57 58
94 29 30 61 62 63 64 95 664 665 666 667 668 93 94 57 479 495 495 148 62 63 29 30 61 93 94 29 30 61 62 63 64 95 96 97 91 92 93 94 57 58 65 53 48 49 26 57 23 24 632 633 634 635 636 58 688 689 690 691 692 693 94 53 53 48 49 632 633 634 635 636 99 100 101 102 65 17 26 57 58 99 100 101 479 495 8 9 57 58 682 683 684 685 686 687 59 30 61 62
98 33 34 65 66 67 20 21 670 671 672 673 674 97 98 479 486 492 492 53 230 231 33 34 65 97 98 33 34 65 66 67 20 21 22 87 95 96 97 98 61 62 53 57 48 49 30 61 27 28 637 638 639 640 641 62 694 695 696 697 698 699 98 33 82 93 94 637 638 639 640 641 29 30 61 62 63 17 30 61 62 29 30 61 98 479 495 66 89 62 688 689 690 691 692 693 63 34 65 66
48 49 26 57 23 24 25 26 676 677 678 679 680 231 147 479 479 495 495 230 66 89 49 90 53 53 48 49 26 57 23 24 25 26 93 87 99 100 101 102 65 17 57 61 62 33 34 65 31 32 642 643 644 645 646 17 48 62 63 17 53 53 48 49 82 97 98 642 643 644 645 646 33 34 65 66 67 22 34 65 66 99 100 26 231 479 495 34 65 66 694 695 696 697 698 699 17 48 49 50
48 49 30 61 27 28 29 30 682 683 684 685 686 89 90 479 479 495 495 66 93 94 94 57 58 57 48 49 30 61 27 28 29 30 97 91 29 30 61 62 63 17 61 65 66 89 90 53 87 88 647 648 649 650 651 17 48 66 67 22 53 54 55 56 87 101 102 647 648 649 650 651 62 63 64 95 96 97 98 61 2 59 28 30 479 479 495 4 5 71 48 49 50 65 66 67 22 53 54 55
72 82 82 83 84 41 42 43 688 689 690 691 692 94 57 479 479 495 495 148 61 4 5 36 37 38 664 665 666 667 668 669 83 84 627 628 629 630 631 25 26 57 23 24 25 26 4 5 36 2 3 4 5 36 37 38 39 70 71 72 73 22 53 19 20 21 62 63 17 82 93 94 66 67 20 21 22 101 102 65 6 63 32 34 479 479 495 8 9 75 53 54 55 53 54 55 26 57 58 67
76 664 665 666 667 668 669 47 694 695 696 697 698 98 61 479 479 495 479 495 65 8 9 40 41 42 670 671 672 673 674 675 88 89 632 633 634 635 636 29 30 61 27 28 90 627 628 629 630 631 53 54 9 40 41 42 43 74 75 76 77 26 57 23 24 25 66 67 22 82 97 98 23 24 25 26 93 94 627 628 629 630 631 90 479 479 495 89 78 79 80 91 89 90 53 87 30 61 62 98
80 670 671 672 673 674 675 51 82 83 33 34 65 31 231 486 486 492 479 495 55 98 61 62 53 46 676 677 678 679 680 681 92 93 637 638 639 640 641 33 34 65 31 32 94 632 633 634 635 636 57 58 13 44 45 46 47 78 79 80 81 30 61 27 28 29 75 25 26 57 23 24 27 28 29 30 97 98 632 633 634 635 636 94 486 479 495 65 82 83 84 95 93 94 57 91 34 65 66 102
84 676 677 678 679 680 681 56 87 88 89 90 53 87 89 90 53 486 479 495 59 54 55 26 57 50 682 683 684 685 686 687 96 97 642 643 644 645 646 89 90 53 87 88 98 637 638 639 640 641 61 62 17 48 49 50 51 82 83 84 85 34 65 31 32 33 79 29 30 61 27 28 31 32 33 34 101 102 637 638 639 640 641 98 2 479 495 495 87 88 89 627 628 629 630 631 94 89 90 53
89 682 683 684 685 686 687 60 91 92 93 94 57 91 94 57 230 486 486 492 495 231 147 148 61 55 688 689 690 691 692 693 26 57 647 648 649 650 651 93 94 57 91 92 102 642 643 644 645 646 65 17 22 53 54 664 665 666 667 668 669 90 53 87 88 89 83 33 34 65 31 32 87 88 89 90 61 62 642 643 644 645 646 102 6 479 495 495 91 92 93 632 633 634 635 636 98 93 94 57
93 688 689 690 691 692 693 64 95 96 97 98 627 628 98 61 66 93 479 486 479 495 90 53 57 58 66 89 696 697 698 699 30 61 62 63 64 95 96 97 98 61 95 96 22 647 648 649 650 651 53 54 26 57 58 670 671 672 673 674 675 94 57 91 627 628 629 630 631 53 87 88 62 29 30 664 665 666 647 648 649 650 651 7 57 479 495 495 95 96 97 637 638 639 640 641 102 97 98 61
97 694 695 696 697 698 699 20 21 22 101 102 632 633 634 635 94 57 486 479 486 479 495 58 66 33 34 65 89 57 58 66 89 57 58 66 89 107 107 57 58 66 89 233 26 57 23 24 25 26 57 58 30 61 62 676 677 678 679 680 681 98 61 95 632 633 634 635 636 57 91 92 66 33 34 670 671 672 673 674 675 33 34 65 66 479 495 492 66 89 53 642 643 644 645 646 33 84 95 95
53 48 49 26 57 23 24 25 26 93 94 57 637 638 639 640 98 61 66 486 486 486 479 495 2 3 4 5 65 66 479 479 479 479 479 479 479 479 495 495 33 34 65 235 30 61 27 28 29 30 61 62 34 65 66 682 57 58 66 89 687 102 65 99 637 638 639 640 641 61 95 96 2 3 4 676 677 678 679 680 681 3 4 5 479 479 495 495 34 65 57 647 648 649 650 651 89 89 90 25
57 48 49 30 61 27 28 29 30 97 98 61 642 643 644 645 646 31 32 87 231 486 486 479 479 479 479 479 479 479 479 495 486 486 486 486 486 486 492 479 479 479 479 479 479 495 89 57 57 58 66 89 232 233 54 688 66 33 34 65 693 22 53 19 642 643 644 645 646 65 99 100 6 7 8 682 683 684 685 686 687 7 8 9 479 479 495 492 4 5 61 62 33 57 23 24 25 93 94 29
61 62 33 34 65 31 32 33 34 101 102 65 647 648 649 650 651 87 230 231 89 90 486 486 486 486 486 486 486 486 486 479 479 479 479 479 479 479 479 479 495 486 486 486 486 479 479 479 479 479 495 65 66 89 57 58 2 3 4 5 699 26 57 23 647 648 649 650 651 58 59 28 10 11 12 688 689 690 691 692 693 61 2 479 479 495 492 7 8 9 61 2 59 61 27 28 29 97 98 33
65 66 89 90 53 87 88 89 90 61 62 63 664 665 666 667 668 669 66 89 94 57 230 486 486 486 486 486 486 486 486 486 486 486 486 486 486 486 486 486 479 479 479 495 479 486 486 486 486 486 479 479 479 479 495 495 6 7 8 9 58 66 479 479 479 495 495 108 111 107 232 233 14 15 16 694 695 696 697 698 57 58 66 479 495 492 58 66 89 5 65 6 63 65 31 32 33 67 22 53
82 93 94 57 58 59 28 29 30 65 66 67 670 671 672 673 674 675 93 94 98 61 66 93 486 492 495 50 51 82 93 94 57 58 59 28 29 30 65 66 486 486 486 479 479 479 479 495 479 479 479 486 486 486 492 479 479 479 479 479 479 495 495 486 486 492 495 479 479 495 66 89 90 53 87 88 93 94 29 30 66 33 479 479 495 65 33 34 65 9 90 53 54 664 665 666 667 668 669 29
82 627 628 629 630 631 32 33 34 53 54 55 676 677 678 679 680 681 97 98 61 93 94 479 479 495 495 50 51 82 97 98 61 62 63 627 628 629 630 631 55 26 57 486 486 486 486 479 486 486 486 492 8 9 5 98 486 486 486 486 486 479 479 479 495 479 479 495 479 495 479 479 479 495 91 92 97 98 201 202 2 3 479 486 492 5 3 4 5 98 94 57 58 670 671 672 673 674 675 33
87 632 633 634 635 636 49 50 51 57 58 59 682 683 684 685 686 687 66 89 90 97 98 479 479 495 492 55 56 87 101 102 65 17 48 632 633 634 635 636 59 30 61 62 63 64 65 486 486 492 230 6 7 8 9 231 6 7 8 9 7 486 486 486 492 486 486 479 479 479 479 479 479 495 479 479 495 479 495 479 479 479 495 492 8 9 7 8 9 231 98 61 62 676 677 678 679 680 681 49
91 637 638 639 640 641 49 50 51 61 67 20 688 689 690 691 692 693 93 94 57 58 54 479 479 495 58 59 60 91 61 62 63 17 48 637 638 639 640 641 20 53 54 66 67 20 53 54 55 89 90 53 54 55 26 57 58 59 60 91 87 88 89 90 53 6 7 486 486 486 486 486 486 479 479 479 479 495 495 479 495 479 479 495 30 97 98 61 62 63 102 65 17 682 683 684 685 686 687 94
95 642 643 644 645 646 54 55 56 62 98 627 694 695 696 697 698 699 97 98 61 230 231 479 479 495 62 63 64 95 65 66 67 22 53 642 643 644 645 646 94 57 58 97 98 94 57 58 59 93 94 57 58 59 30 61 62 63 64 95 91 92 93 94 57 6 7 8 9 6 7 8 9 486 486 486 486 492 495 479 479 486 486 492 34 101 102 65 17 48 62 63 17 688 689 690 691 692 693 98
21 647 648 649 650 651 58 67 20 53 102 632 633 634 635 636 98 61 127 230 231 66 89 486 479 495 66 67 627 628 629 630 631 26 57 647 648 649 650 651 98 61 62 101 102 98 664 665 666 667 668 669 62 63 34 65 66 664 665 666 667 668 669 627 628 629 630 631 20 53 228 2 3 4 5 3 486 486 98 98 486 492 492 89 90 61 62 63 17 48 627 628 629 694 695 696 697 698 699 102
89 90 53 87 30 61 62 98 94 57 57 637 638 639 640 641 84 95 230 231 147 93 94 57 479 495 56 87 632 633 634 635 636 30 61 62 98 94 57 57 84 95 95 94 57 84 670 671 672 673 674 675 56 87 88 89 90 670 671 672 673 674 675 632 633 634 635 636 94 57 230 6 7 8 9 7 8 9 231 231 207 208 28 29 30 65 66 67 22 53 632 633 634 635 636 59 60 91 61 62
93 94 57 91 34 65 66 102 98 61 61 642 643 644 645 646 89 90 66 89 90 97 98 61 479 495 60 91 637 638 639 640 641 34 65 66 102 98 61 61 89 90 25 98 61 89 676 677 678 679 680 681 60 91 92 93 87 676 677 678 679 680 681 637 638 639 640 641 98 61 62 101 102 98 61 62 82 97 98 61 62 63 32 33 34 53 54 55 26 57 637 638 639 640 641 63 64 95 65 66
97 98 61 95 90 53 54 57 84 95 61 647 648 649 650 651 93 94 93 94 230 231 147 148 479 495 64 95 642 643 644 645 646 90 53 54 57 84 95 61 93 94 29 30 61 93 682 683 684 685 686 687 64 95 96 97 91 682 683 684 685 686 687 642 643 644 645 646 84 95 95 94 57 84 95 95 87 101 102 65 17 48 49 50 51 57 58 59 30 61 642 643 644 645 646 67 20 21 53 54
101 102 65 99 94 57 58 61 89 90 65 97 98 33 34 65 97 98 97 98 66 89 90 479 479 495 147 148 647 648 649 650 651 94 57 58 61 89 90 65 97 98 33 34 65 97 688 689 690 691 692 693 20 21 22 87 95 688 689 690 691 692 693 647 648 649 650 651 89 90 25 98 61 89 90 25 30 97 91 29 30 61 62 664 665 666 667 668 669 30 647 648 649 650 651 87 101 26 93 94
94 57 58 59 98 61 62 61 93 94 53 53 48 49 90 53 53 48 230 231 93 94 57 479 479 495 90 53 93 94 57 58 59 98 61 62 61 93 94 53 53 48 49 90 53 53 694 695 696 697 698 699 25 26 93 87 99 694 695 696 697 698 699 58 59 30 95 61 93 94 29 30 61 93 94 29 664 665 666 667 668 669 66 670 671 672 673 674 675 34 65 66 67 22 58 59 28 30 97 98
98 61 62 63 102 65 17 65 97 98 33 82 93 94 664 665 666 667 668 669 97 98 61 479 479 495 57 58 97 98 664 665 666 667 668 669 65 97 98 33 82 93 94 57 58 57 48 49 30 61 27 28 29 30 97 91 29 30 61 62 63 17 61 62 63 34 90 65 97 98 33 34 65 97 98 33 670 671 672 673 674 675 54 676 677 678 679 680 681 90 53 54 55 26 62 63 32 34 101 102
102 65 17 48 62 63 17 53 53 48 49 82 97 98 670 671 672 673 674 675 230 231 147 479 479 495 495 62 101 102 670 671 672 673 674 675 53 53 48 49 82 97 98 61 62 61 62 33 34 65 31 32 33 34 101 95 33 34 65 66 67 22 95 96 97 54 94 53 53 48 49 90 53 53 48 49 676 677 678 679 680 681 58 682 683 684 685 686 687 53 54 58 59 30 17 48 49 90 61 62
62 63 17 48 66 67 22 53 54 55 56 87 101 102 676 677 678 679 680 681 66 89 90 486 479 495 495 98 61 62 676 677 678 679 680 681 53 54 55 56 87 101 102 65 17 65 66 89 90 53 87 88 89 90 61 99 89 90 53 54 55 26 25 26 57 58 98 33 82 93 94 57 58 57 48 49 682 683 684 685 686 687 62 688 689 690 691 692 693 57 58 62 63 34 17 48 49 30 65 66
66 67 22 53 54 55 26 57 58 59 60 91 61 62 682 683 684 685 686 687 93 94 57 58 479 495 495 231 65 66 682 683 684 685 686 687 57 58 59 60 91 61 62 63 17 82 93 94 57 58 59 28 29 87 88 89 90 53 54 58 59 33 29 30 61 62 48 49 82 97 98 61 62 61 62 33 688 689 690 691 692 693 96 694 695 696 697 698 699 61 62 96 97 54 22 53 54 34 53 54
54 55 26 57 58 59 30 61 62 63 64 95 65 66 688 689 690 691 692 693 97 98 61 62 479 495 495 98 98 54 688 689 690 691 692 693 61 62 63 64 95 65 66 67 22 82 97 98 61 62 63 32 33 91 92 93 94 57 58 62 63 49 33 34 65 66 55 56 87 101 102 65 17 65 66 89 694 695 696 697 698 699 26 57 58 99 100 101 102 65 17 26 57 58 26 57 58 51 57 58
58 59 30 61 62 63 34 65 66 67 20 21 53 54 694 695 696 697 698 699 101 102 65 17 486 492 492 231 231 58 694 695 696 697 698 699 65 66 67 20 21 53 54 55 26 87 101 102 65 17 48 49 50 95 96 97 98 61 62 96 97 54 33 34 65 31 59 60 91 61 62 63 17 82 93 94 29 30 61 62 63 17 30 61 62 29 30 61 62 63 17 30 61 62 30 61 62 51 61 62
tile 2 0 0
tile 3 56 0
tile 4 112 0
tile 5 168 0
tile 6 224 0
tile 7 280 0
tile 8 336 0
tile 9 392 0
tile 10 448 0
tile 11 504 0
tile 12 560 0
tile 13 616 0
tile 14 672 0
tile 15 728 0
tile 16 0 27
tile 17 56 27
tile 19 112 27
tile 20 168 27
tile 21 224 27
tile 22 280 27
tile 23 336 27
tile 24 392 27
tile 25 448 27
tile 26 504 27
tile 27 560 27
tile 28 616 27
tile 29 672 27
tile 30 728 27
tile 31 0 54
tile 32 56 54
tile 33 112 54
tile 34 168 54
tile 36 224 54
tile 37 280 54
tile 38 336 54
tile 39 392 54
tile 40 448 54
tile 41 504 54
tile 42 560 54
tile 43 616 54
tile 44 672 54
tile 45 728 54
tile 46 0 81
tile 47 56 81
tile 48 112 81
tile 49 168 81
tile 50 224 81
tile 51 280 81
tile 53 336 81
tile 54 392 81
tile 55 448 81
tile 56 504 81
tile 57 560 81
tile 58 616 81
tile 59 672 81
tile 60 728 81
tile 61 0 108
tile 62 56 108
tile 63 112 108
tile 64 168 108
tile 65 224 108
tile 66 280 108
tile 67 336 108
tile 70 392 108
tile 71 448 108
tile 72 504 108
tile 73 560 108
tile 74 616 108
tile 75 672 108
tile 76 728 108
tile 77 0 135
tile 78 56 135
tile 79 112 135
tile 80 168 135
tile 81 224 135
tile 82 280 135
tile 83 336 135
tile 84 392 135
tile 85 448 135
tile 87 504 135
tile 88 560 135
tile 89 616 135
tile 90 672 135
tile 91 728 135
tile 92 0 162
tile 93 56 162
tile 94 112 162
tile 95 168 162
tile 96 224 162
tile 97 280 162
tile 98 336 162
tile 99 392 162
tile 100 448 162
tile 101 504 162
tile 102 560 162
tile 107 616 162
tile 108 672 162
tile 111 728 162
tile 115 0 189
tile 116 56 189
tile 119 112 189
tile 127 168 189
tile 130 224 189
tile 147 280 189
tile 148 336 189
tile 166 392 189
tile 167 448 189
tile 171 504 189
tile 201 560 189
tile 202 616 189
tile 203 672 189
tile 206 728 189
tile 207 0 216
tile 208 56 216
tile 215 112 216
tile 228 168 216
tile 230 224 216
tile 231 280 216
tile 232 336 216
tile 233 392 216
tile 235 448 216
tile 479 504 216
tile 486 560 216
tile 492 616 216
tile 495 672 216
tile 627 728 216
tile 628 0 243
tile 629 56 243
tile 630 112 243
tile 631 168 243
tile 632 224 243
tile 633 280 243
tile 634 336 243
tile 635 392 243
tile 636 448 243
tile 637 504 243
tile 638 560 243
tile 639 616 243
tile 640 672 243
tile 641 728 243
tile 642 0 270
tile 643 56 270
tile 644 112 270
tile 645 168 270
tile 646 224 270
tile 647 280 270
tile 648 336 270
tile 649 392 270
tile 650 448 270
tile 651 504 270
tile 664 560 270
tile 665 616 270
tile 666 672 270
tile 667 728 270
tile 668 0 297
tile 669 56 297
tile 670 112 297
tile 671 168 297
tile 672 224 297
tile 673 280 297
tile 674 336 297
tile 675 392 297
tile 676 448 297
tile 677 504 297
tile 678 560 297
tile 679 616 297
tile 680 672 297
tile 681 728 297
tile 682 0 324
tile 683 56 324
tile 684 112 324
tile 685 168 324
tile 686 224 324
tile 687 280 324
tile 688 336 324
tile 689 392 324
tile 690 448 324
tile 691 504 324
tile 692 560 324
tile 693 616 324
tile 694 672 324
tile 695 728 324
tile 696 0 351
tile 697 56 351
tile 698 112 351
tile 699 168 351
picture 745 112 502 41 0
picture 746 112 286 44 0
picture 747 112 330 44 0
picture 748 112 543 41 0
picture 2659 28 415 184 0
picture 2660 0 457 211 0
picture 2661 0 229 228 0
picture 2662 0 0 229 0
picture 2663 0 668 210 0
picture 2664 28 599 184 0
picture 2665 56 179 161 0
picture 2666 28 783 184 0
picture 2667 28 0 208 0
picture 2668 28 208 207 0
picture 2669 56 0 179 0
picture 2670 56 340 158 0
picture 3248 112 374 43 0
picture 3249 112 584 40 0
picture 3268 56 629 127 0
picture 3269 56 498 131 0
picture 3270 84 343 103 0
picture 3271 56 882 125 0
picture 3272 56 756 126 0
picture 3273 84 237 106 0
picture 3274 84 122 115 0
picture 3275 84 0 122 0
picture 3276 84 446 99 0
picture 4878 112 196 45 0
picture 4879 112 460 42 0
picture 4880 84 739 55 0
picture 4881 84 849 51 0
picture 4884 84 794 55 0
picture 4885 84 679 60 0
picture 4886 84 545 68 0
picture 4887 84 613 66 0
picture 4894 112 0 50 0
picture 4895 112 50 49 0
picture 4900 112 241 45 0
picture 4901 112 99 49 0
picture 4902 84 900 51 0
picture 4903 112 148 48 0
picture 4908 112 417 43 0
picture 4909 84 951 51 0
object 3 0 left 4900
object 3 0 right 4901
object 36 0 left 745
object 36 0 right 746
object 47 0 left 4900
object 47 0 right 4901
object 61 0 left 4900
object 61 0 right 4901
object 79 0 left 745
object 79 0 right 746
object 80 0 left 3248
object 80 0 right 3249
object 81 0 left 4908
object 81 0 right 4909
object 2 1 left 745
object 2 1 right 746
object 3 1 left 3248
object 3 1 right 3249
object 4 1 left 4908
object 4 1 right 4909
object 12 1 left 745
object 12 1 right 746
object 15 1 left 747
object 15 1 right 748
object 16 1 left 4900
object 16 1 right 4901
object 18 1 left 745
object 18 1 right 746
object 32 1 left 747
object 32 1 right 748
object 34 1 left 4900
object 34 1 right 4901
object 40 1 left 745
object 40 1 right 746
object 42 1 left 747
object 42 1 right 748
object 43 1 left 745
object 43 1 right 746
object 46 1 left 745
object 46 1 right 746
object 47 1 left 3248
object 47 1 right 3249
object 48 1 left 4908
object 48 1 right 4909
object 49 1 left 747
object 49 1 right 748
object 52 1 left 747
object 52 1 right 748
object 54 1 left 747
object 54 1 right 748
object 60 1 left 745
object 60 1 right 746
object 61 1 left 3248
object 61 1 right 3249
object 62 1 left 4908
object 62 1 right 4909
object 64 1 left 747
object 64 1 right 748
object 67 1 left 747
object 67 1 right 748
object 74 1 left 747
object 74 1 right 748
object 75 1 left 745
object 75 1 right 746
object 79 1 left 4884
object 79 1 right 4885
object 80 1 left 4886
object 80 1 right 4887
object 81 1 left 745
object 81 1 right 746
object 88 1 left 745
object 88 1 right 746
object 93 1 left 4900
object 93 1 right 4901
object 96 1 left 747
object 96 1 right 748
object 2 2 left 4884
object 2 2 right 4885
object 3 2 left 4886
object 3 2 right 4887
object 4 2 left 745
object 4 2 right 746
object 7 2 left 747
object 7 2 right 748
object 9 2 left 747
object 9 2 right 748
object 14 2 left 745
object 14 2 right 746
object 15 2 left 745
object 15 2 right 746
object 16 2 left 3248
object 16 2 right 3249
object 17 2 left 4908
object 17 2 right 4909
object 19 2 left 747
object 19 2 right 748
object 21 2 left 745
object 21 2 right 746
object 22 2 left 747
object 22 2 right 748
object 27 2 left 747
object 27 2 right 748
object 28 2 left 745
object 28 2 right 746
object 29 2 left 747
object 29 2 right 748
object 33 2 left 745
object 33 2 right 746
object 34 2 left 3248
object 34 2 right 3249
object 35 2 left 4908
object 35 2 right 4909
object 38 2 left 747
object 38 2 right 748
object 41 2 left 747
object 41 2 right 748
object 42 2 left 747
object 42 2 right 748
object 46 2 left 4884
object 46 2 right 4885
object 47 2 left 4886
object 47 2 right 4887
object 48 2 left 745
object 48 2 right 746
object 54 2 left 745
object 54 2 right 746
object 59 2 left 747
object 59 2 right 748
object 60 2 left 4884
object 60 2 right 4885
object 61 2 left 4886
object 61 2 right 4887
object 62 2 left 745
object 62 2 right 746
object 67 2 left 747
object 67 2 right 748
object 72 2 left 745
object 72 2 right 746
object 79 2 left 4884
object 79 2 right 4885
object 81 2 left 745
object 81 2 right 746
object 82 2 left 4902
object 82 2 right 4903
object 83 2 left 4878
object 83 2 right 4879
object 84 2 left 4900
object 84 2 right 4901
object 89 2 left 747
object 89 2 right 748
object 92 2 left 745
object 92 2 right 746
object 93 2 left 3248
object 93 2 right 3249
object 94 2 left 4908
object 94 2 right 4909
object 97 2 left 745
object 97 2 right 746
object 2 3 left 4884
object 2 3 right 4885
object 4 3 left 745
object 4 3 right 746
object 5 3 left 4902
object 5 3 right 4903
object 6 3 left 4878
object 6 3 right 4879
object 7 3 left 4900
object 7 3 right 4901
object 9 3 left 745
object 9 3 right 746
object 15 3 left 4884
object 15 3 right 4885
object 16 3 left 4886
object 16 3 right 4887
object 17 3 left 745
object 17 3 right 746
object 19 3 left 745
object 19 3 right 746
object 21 3 left 747
object 21 3 right 748
object 27 3 left 747
object 27 3 right 748
object 31 3 right 2664
object 33 3 left 4884
object 33 3 right 4885
object 34 3 left 4886
object 34 3 right 4887
object 35 3 left 745
object 35 3 right 746
object 41 3 left 747
object 41 3 right 748
object 45 3 left 745
object 45 3 right 746
object 46 3 left 4884
object 46 3 right 4885
object 48 3 left 745
object 48 3 right 746
object 49 3 left 4902
object 49 3 right 4903
object 50 3 left 4878
object 50 3 right 4879
object 51 3 left 4900
object 51 3 right 4901
object 60 3 left 4884
object 60 3 right 4885
object 62 3 left 745
object 62 3 right 746
object 63 3 left 4902
object 63 3 right 4903
object 64 3 left 4878
object 64 3 right 4879
object 65 3 left 4900
object 65 3 right 4901
object 75 3 right 2670
object 78 3 left 747
object 78 3 right 748
object 79 3 left 745
object 79 3 right 746
object 80 3 left 745
object 80 3 right 746
object 81 3 left 4880
object 81 3 right 4881
object 83 3 left 4894
object 83 3 right 4895
object 85 3 left 747
object 85 3 right 748
object 88 3 right 3276
object 92 3 left 4884
object 92 3 right 4885
object 93 3 left 4886
object 93 3 right 4887
object 94 3 left 745
object 94 3 right 746
object 2 4 left 745
object 2 4 right 746
object 3 4 left 745
object 3 4 right 746
object 4 4 left 4880
object 4 4 right 4881
object 6 4 left 4894
object 6 4 right 4895
object 7 4 right 3276
object 13 4 right 2664
object 15 4 left 4884
object 15 4 right 4885
object 17 4 left 745
object 17 4 right 746
object 18 4 left 4902
object 18 4 right 4903
object 19 4 left 4878
object 19 4 right 4879
object 20 4 left 4900
object 20 4 right 4901
object 23 4 left 745
object 23 4 right 746
object 29 4 left 745
object 29 4 right 746
object 31 4 right 2663
object 33 4 left 4884
object 33 4 right 4885
object 35 4 left 745
object 35 4 right 746
object 36 4 left 4902
object 36 4 right 4903
object 37 4 left 4878
object 37 4 right 4879
object 38 4 left 4900
object 38 4 right 4901
object 40 4 left 745
object 40 4 right 746
object 46 4 left 745
object 46 4 right 746
object 47 4 left 745
object 47 4 right 746
object 48 4 left 4880
object 48 4 right 4881
object 50 4 left 4894
object 50 4 right 4895
object 60 4 left 745
object 60 4 right 746
object 64 4 left 745
object 64 4 right 746
object 67 4 right 3270
object 69 4 left 747
object 69 4 right 748
object 75 4 right 2669
object 77 4 left 4900
object 77 4 right 4901
object 79 4 left 4894
object 79 4 right 4895
object 80 4 left 4894
object 80 4 right 4895
object 81 4 left 4902
object 81 4 right 4903
object 82 4 left 4878
object 82 4 right 4879
object 83 4 left 747
object 83 4 right 748
object 85 4 left 745
object 85 4 right 746
object 88 4 left 3274
object 88 4 right 3275
object 92 4 left 4884
object 92 4 right 4885
object 94 4 left 745
object 94 4 right 746
object 95 4 left 4902
object 95 4 right 4903
object 96 4 left 4878
object 96 4 right 4879
object 97 4 left 4900
object 97 4 right 4901
object 2 5 left 4894
object 2 5 right 4895
object 3 5 left 4894
object 3 5 right 4895
object 4 5 left 4902
object 4 5 right 4903
object 5 5 left 4878
object 5 5 right 4879
object 7 5 left 3274
object 7 5 right 3275
object 9 5 left 4900
object 9 5 right 4901
object 13 5 right 2663
object 15 5 left 745
object 15 5 right 746
object 16 5 left 745
object 16 5 right 746
object 17 5 left 4880
object 17 5 right 4881
object 19 5 left 4894
object 19 5 right 4895
object 23 5 left 745
object 23 5 right 746
object 24 5 left 747
object 24 5 right 748
object 27 5 right 3270
object 29 5 left 2659
object 30 5 left 2660
object 31 5 left 2661
object 31 5 right 2662
object 33 5 left 745
object 33 5 right 746
object 34 5 left 745
object 34 5 right 746
object 35 5 left 4880
object 35 5 right 4881
object 37 5 left 4894
object 37 5 right 4895
object 40 5 right 3270
object 46 5 left 4894
object 46 5 right 4895
object 47 5 left 4894
object 47 5 right 4895
object 48 5 left 4902
object 48 5 right 4903
object 49 5 left 4878
object 49 5 right 4879
object 60 5 left 4894
object 60 5 right 4895
object 62 5 left 745
object 62 5 right 746
object 67 5 left 3268
object 67 5 right 3269
object 70 5 left 745
object 70 5 right 746
object 73 5 left 2665
object 74 5 left 2666
object 75 5 left 2667
object 75 5 right 2668
object 76 5 left 745
object 76 5 right 746
object 77 5 left 3248
object 77 5 right 3249
object 78 5 left 4908
object 78 5 right 4909
object 80 5 left 4900
object 80 5 right 4901
object 81 5 left 4878
object 81 5 right 4879
object 82 5 left 4878
object 82 5 right 4879
object 92 5 left 745
object 92 5 right 746
object 93 5 left 745
object 93 5 right 746
object 94 5 left 4880
object 94 5 right 4881
object 96 5 left 4894
object 96 5 right 4895
object 97 5 left 747
object 97 5 right 748
object 2 6 left 747
object 2 6 right 748
object 3 6 left 4900
object 3 6 right 4901
object 4 6 left 4878
object 4 6 right 4879
object 5 6 left 4878
object 5 6 right 4879
object 8 6 left 745
object 8 6 right 746
object 9 6 left 3248
object 9 6 right 3249
object 10 6 left 4908
object 10 6 right 4909
object 11 6 left 2659
object 12 6 left 2660
object 13 6 left 2661
object 13 6 right 2662
object 15 6 left 4894
object 15 6 right 4895
object 16 6 left 4894
object 16 6 right 4895
object 17 6 left 4902
object 17 6 right 4903
object 18 6 left 4878
object 18 6 right 4879
object 27 6 left 3268
object 27 6 right 3269
object 31 6 left 4900
object 31 6 right 4901
object 32 6 left 745
object 32 6 right 746
object 33 6 left 4894
object 33 6 right 4895
object 34 6 left 4894
object 34 6 right 4895
object 35 6 left 4902
object 35 6 right 4903
object 36 6 left 4878
object 36 6 right 4879
object 40 6 left 3268
object 40 6 right 3269
object 47 6 left 4900
object 47 6 right 4901
object 48 6 left 4878
object 48 6 right 4879
object 49 6 left 4878
object 49 6 right 4879
object 50 6 left 745
object 50 6 right 746
object 63 6 left 747
object 63 6 right 748
object 64 6 left 747
object 64 6 right 748
object 65 6 left 745
object 65 6 right 746
object 76 6 left 4884
object 76 6 right 4885
object 77 6 left 4886
object 77 6 right 4887
object 78 6 left 745
object 78 6 right 746
object 81 6 left 4894
object 81 6 right 4895
object 86 6 left 745
object 86 6 right 746
object 88 6 left 747
object 88 6 right 748
object 92 6 left 4894
object 92 6 right 4895
object 93 6 left 4894
object 93 6 right 4895
object 94 6 left 4902
object 94 6 right 4903
object 95 6 left 4878
object 95 6 right 4879
object 3 7 left 745
object 3 7 right 746
object 4 7 left 4894
object 4 7 right 4895
object 7 7 left 747
object 7 7 right 748
object 8 7 left 4884
object 8 7 right 4885
object 9 7 left 4886
object 9 7 right 4887
object 10 7 left 745
object 10 7 right 746
object 16 7 left 4900
object 16 7 right 4901
object 17 7 left 4878
object 17 7 right 4879
object 18 7 left 4878
object 18 7 right 4879
object 30 7 left 745
object 30 7 right 746
object 31 7 left 3248
object 31 7 right 3249
object 32 7 left 4908
object 32 7 right 4909
object 34 7 left 4900
object 34 7 right 4901
object 35 7 left 4878
object 35 7 right 4879
object 36 7 left 4878
object 36 7 right 4879
object 42 7 left 745
object 42 7 right 746
object 48 7 left 4894
object 48 7 right 4895
object 57 7 right 2664
object 62 7 left 745
object 62 7 right 746
object 63 7 left 745
object 63 7 right 746
object 72 7 left 747
object 72 7 right 748
object 73 7 left 745
object 73 7 right 746
object 75 7 left 747
object 75 7 right 748
object 76 7 left 4884
object 76 7 right 4885
object 78 7 left 745
object 78 7 right 746
object 79 7 left 4902
object 79 7 right 4903
object 80 7 left 4878
object 80 7 right 4879
object 81 7 left 4900
object 81 7 right 4901
object 87 7 left 745
object 87 7 right 746
object 89 7 right 2664
object 93 7 left 4900
object 93 7 right 4901
object 94 7 left 4878
object 94 7 right 4879
object 95 7 left 4878
object 95 7 right 4879
object 96 7 left 747
object 96 7 right 748
object 5 8 left 747
object 5 8 right 748
object 7 8 left 745
object 7 8 right 746
object 8 8 left 4884
object 8 8 right 4885
object 10 8 left 745
object 10 8 right 746
object 11 8 left 4902
object 11 8 right 4903
object 12 8 left 4878
object 12 8 right 4879
object 13 8 left 4900
object 13 8 right 4901
object 17 8 left 4894
object 17 8 right 4895
object 18 8 left 745
object 18 8 right 746
object 30 8 left 4884
object 30 8 right 4885
object 31 8 left 4886
object 31 8 right 4887
object 32 8 left 745
object 32 8 right 746
object 35 8 left 4894
object 35 8 right 4895
object 49 8 right 2670
object 50 8 left 747
object 50 8 right 748
object 52 8 left 747
object 52 8 right 748
object 57 8 right 2663
object 65 8 left 745
object 65 8 right 746
object 76 8 left 745
object 76 8 right 746
object 77 8 left 745
object 77 8 right 746
object 78 8 left 4880
object 78 8 right 4881
object 80 8 left 4894
object 80 8 right 4895
object 89 8 right 2663
object 94 8 left 4900
object 94 8 right 4901
object 97 8 left 745
object 97 8 right 746
object 8 9 left 745
object 8 9 right 746
object 9 9 left 745
object 9 9 right 746
object 10 9 left 4880
object 10 9 right 4881
object 12 9 left 4894
object 12 9 right 4895
object 29 9 left 747
object 29 9 right 748
object 30 9 left 4884
object 30 9 right 4885
object 31 9 left 745
object 31 9 right 746
object 32 9 left 745
object 32 9 right 746
object 33 9 left 4902
object 33 9 right 4903
object 34 9 left 4878
object 34 9 right 4879
object 35 9 left 4900
object 35 9 right 4901
object 49 9 right 2669
object 52 9 left 745
object 52 9 right 746
object 55 9 left 2659
object 56 9 left 2660
object 57 9 left 2661
object 57 9 right 2662
object 60 9 left 745
object 60 9 right 746
object 63 9 left 745
object 63 9 right 746
object 67 9 left 745
object 67 9 right 746
object 68 9 left 747
object 68 9 right 748
object 75 9 left 745
object 75 9 right 746
object 76 9 left 4894
object 76 9 right 4895
object 77 9 left 4894
object 77 9 right 4895
object 78 9 left 4902
object 78 9 right 4903
object 79 9 left 4878
object 79 9 right 4879
object 85 9 right 3273
object 87 9 left 2659
object 88 9 left 2660
object 89 9 left 2661
object 89 9 right 2662
object 91 9 left 745
object 91 9 right 746
object 93 9 left 745
object 93 9 right 746
object 94 9 left 3248
object 94 9 right 3249
object 95 9 left 4908
object 95 9 right 4909
object 98 9 left 747
object 98 9 right 748
object 4 10 right 2664
object 8 10 left 4894
object 8 10 right 4895
object 9 10 left 4894
object 9 10 right 4895
object 10 10 left 4902
object 10 10 right 4903
object 11 10 left 4878
object 11 10 right 4879
object 13 10 left 745
object 13 10 right 746
object 15 10 left 747
object 15 10 right 748
object 22 10 left 745
object 22 10 right 746
object 26 10 right 2670
object 28 10 left 745
object 28 10 right 746
object 30 10 left 745
object 30 10 right 746
object 31 10 left 745
object 31 10 right 746
object 32 10 left 4880
object 32 10 right 4881
object 34 10 left 4894
object 34 10 right 4895
object 47 10 left 2665
object 48 10 left 2666
object 49 10 left 2667
object 49 10 right 2668
object 54 10 left 747
object 54 10 right 748
object 57 10 left 747
object 57 10 right 748
object 58 10 left 745
object 58 10 right 746
object 64 10 left 747
object 64 10 right 748
object 65 10 left 747
object 65 10 right 748
object 77 10 left 4900
object 77 10 right 4901
object 78 10 left 4878
object 78 10 right 4879
object 79 10 left 4878
object 79 10 right 4879
object 82 10 left 745
object 82 10 right 746
object 85 10 left 3271
object 85 10 right 3272
object 93 10 left 4884
object 93 10 right 4885
object 94 10 left 4886
object 94 10 right 4887
object 95 10 left 745
object 95 10 right 746
object 97 10 left 747
object 97 10 right 748
object 1 11 left 747
object 1 11 right 748
object 4 11 right 2663
object 9 11 left 4900
object 9 11 right 4901
object 10 11 left 4878
object 10 11 right 4879
object 11 11 left 4878
object 11 11 right 4879
object 17 11 left 745
object 17 11 right 746
object 22 11 left 745
object 22 11 right 746
object 26 11 right 2669
object 30 11 left 4894
object 30 11 right 4895
object 31 11 left 4894
object 31 11 right 4895
object 32 11 left 4902
object 32 11 right 4903
object 33 11 left 4878
object 33 11 right 4879
object 46 11 left 747
object 46 11 right 748
object 47 11 left 745
object 47 11 right 746
object 54 11 left 745
object 54 11 right 746
object 55 11 left 745
object 55 11 right 746
object 58 11 left 747
object 58 11 right 748
object 63 11 left 745
object 63 11 right 746
object 64 11 left 745
object 64 11 right 746
object 67 11 left 745
object 67 11 right 746
object 68 11 left 747
object 68 11 right 748
object 69 11 left 745
object 69 11 right 746
object 78 11 left 4894
object 78 11 right 4895
object 93 11 left 4884
object 93 11 right 4885
object 95 11 left 745
object 95 11 right 746
object 96 11 left 4902
object 96 11 right 4903
object 97 11 left 4878
object 97 11 right 4879
object 98 11 left 4900
object 98 11 right 4901
object 2 12 left 2659
object 3 12 left 2660
object 3 12 right 746
object 4 12 left 2661
object 4 12 right 2662
object 10 12 left 4894
object 10 12 right 4895
object 17 12 left 747
object 17 12 right 748
object 21 12 right 3273
object 23 12 left 747
object 23 12 right 748
object 25 12 left 747
object 25 12 right 748
object 26 12 left 745
object 26 12 right 746
object 28 12 left 747
object 28 12 right 748
object 31 12 left 4900
object 31 12 right 4901
object 32 12 left 4878
object 32 12 right 4879
object 33 12 left 4878
object 33 12 right 4879
object 45 12 right 2670
object 48 12 left 747
object 48 12 right 748
object 52 12 left 745
object 52 12 right 746
object 55 12 left 747
object 55 12 right 748
object 60 12 left 745
object 60 12 right 746
object 65 12 left 747
object 65 12 right 748
object 69 12 left 745
object 69 12 right 746
object 70 12 left 747
object 70 12 right 748
object 76 12 right 2670
object 85 12 left 747
object 85 12 right 748
object 91 12 right 3270
object 93 12 left 745
object 93 12 right 746
object 94 12 left 745
object 94 12 right 746
object 95 12 left 4880
object 95 12 right 4881
object 97 12 left 4894
object 97 12 right 4895
object 98 12 left 745
object 98 12 right 746
object 2 13 left 745
object 2 13 right 746
object 3 13 left 747
object 3 13 right 748
object 6 13 left 745
object 6 13 right 746
object 10 13 right 3273
object 21 13 left 3271
object 21 13 right 3272
object 26 13 left 747
object 26 13 right 748
object 29 13 left 747
object 29 13 right 748
object 30 13 left 745
object 30 13 right 746
object 32 13 left 747
object 32 13 right 748
object 39 13 right 2664
object 45 13 right 2669
object 50 13 left 745
object 50 13 right 746
object 53 13 left 747
object 53 13 right 748
object 54 13 left 747
object 54 13 right 748
object 57 13 left 745
object 57 13 right 746
object 61 13 left 747
object 61 13 right 748
object 62 13 left 747
object 62 13 right 748
object 63 13 left 747
object 63 13 right 748
object 67 13 left 745
object 67 13 right 746
object 71 13 left 747
object 71 13 right 748
object 72 13 left 745
object 72 13 right 746
object 76 13 right 2669
object 78 13 left 747
object 78 13 right 748
object 86 13 left 745
object 86 13 right 746
object 88 13 left 745
object 88 13 right 746
object 89 13 left 745
object 89 13 right 746
object 91 13 left 3268
object 91 13 right 3269
object 93 13 left 4894
object 93 13 right 4895
object 94 13 left 4894
object 94 13 right 4895
object 95 13 left 4902
object 95 13 right 4903
object 96 13 left 4878
object 96 13 right 4879
object 7 14 left 747
object 7 14 right 748
object 10 14 left 3271
object 10 14 right 3272
object 20 14 left 747
object 20 14 right 748
object 24 14 left 747
object 24 14 right 748
object 30 14 left 747
object 30 14 right 748
object 33 14 left 745
object 33 14 right 746
object 39 14 right 2663
object 43 14 left 2665
object 44 14 left 2666
object 45 14 left 2667
object 45 14 right 2668
object 47 14 left 745
object 47 14 right 746
object 49 14 left 747
object 49 14 right 748
object 52 14 left 745
object 52 14 right 746
object 53 14 left 745
object 53 14 right 746
object 56 14 left 747
object 56 14 right 748
object 60 14 left 745
object 60 14 right 746
object 61 14 left 745
object 61 14 right 746
object 64 14 left 745
object 64 14 right 746
object 68 14 left 747
object 68 14 right 748
object 69 14 left 747
object 69 14 right 748
object 72 14 left 747
object 72 14 right 748
object 74 14 left 2665
object 75 14 left 2666
object 76 14 left 2667
object 76 14 right 2668
object 78 14 left 747
object 78 14 right 748
object 79 14 left 745
object 79 14 right 746
object 93 14 left 745
object 93 14 right 746
object 94 14 left 4900
object 94 14 right 4901
object 95 14 left 4878
object 95 14 right 4879
object 96 14 left 4878
object 96 14 right 4879
object 2 15 left 747
object 2 15 right 748
object 4 15 left 747
object 4 15 right 748
object 5 15 left 4900
object 5 15 right 4901
object 20 15 left 745
object 20 15 right 746
object 22 15 left 745
object 22 15 right 746
object 25 15 left 745
object 25 15 right 746
object 27 15 left 747
object 27 15 right 748
object 28 15 left 747
object 28 15 right 748
object 36 15 left 745
object 36 15 right 746
object 37 15 left 2659
object 38 15 left 2660
object 39 15 left 2661
object 39 15 right 2662
object 42 15 left 747
object 42 15 right 748
object 43 15 left 745
object 43 15 right 746
object 51 15 left 745
object 51 15 right 746
object 53 15 left 747
object 53 15 right 748
object 54 15 left 745
object 54 15 right 746
object 56 15 left 745
object 56 15 right 746
object 64 15 left 745
object 64 15 right 746
object 67 15 left 745
object 67 15 right 746
object 68 15 left 745
object 68 15 right 746
object 72 15 left 745
object 72 15 right 746
object 74 15 left 747
object 74 15 right 748
object 77 15 left 747
object 77 15 right 748
object 78 15 left 745
object 78 15 right 746
object 85 15 right 2664
object 94 15 left 747
object 94 15 right 748
object 95 15 left 4894
object 95 15 right 4895
object 4 16 left 745
object 4 16 right 746
object 5 16 left 3248
object 5 16 right 3249
object 6 16 left 4908
object 6 16 right 4909
object 12 16 left 747
object 12 16 right 748
object 13 16 left 747
object 13 16 right 748
object 19 16 right 2664
object 21 16 left 747
object 21 16 right 748
object 22 16 left 745
object 22 16 right 746
object 29 16 left 745
object 29 16 right 746
object 31 16 left 747
object 31 16 right 748
object 33 16 left 747
object 33 16 right 748
object 36 16 left 747
object 36 16 right 748
object 37 16 left 745
object 37 16 right 746
object 46 16 left 747
object 46 16 right 748
object 49 16 left 747
object 49 16 right 748
object 50 16 left 745
object 50 16 right 746
object 63 16 left 745
object 63 16 right 746
object 65 16 left 745
object 65 16 right 746
object 70 16 left 745
object 70 16 right 746
object 73 16 left 747
object 73 16 right 748
object 78 16 left 747
object 78 16 right 748
object 81 16 left 747
object 81 16 right 748
object 85 16 right 2663
object 91 16 left 745
object 91 16 right 746
object 93 16 left 747
object 93 16 right 748
object 95 16 left 745
object 95 16 right 746
object 98 16 left 747
object 98 16 right 748
object 2 17 left 747
object 2 17 right 748
object 4 17 left 4884
object 4 17 right 4885
object 5 17 left 4886
object 5 17 right 4887
object 6 17 left 745
object 6 17 right 746
object 11 17 left 747
object 11 17 right 748
object 19 17 right 2663
object 22 17 left 747
object 22 17 right 748
object 25 17 left 747
object 25 17 right 748
object 26 17 left 745
object 26 17 right 746
object 37 17 left 747
object 37 17 right 748
object 40 17 left 747
object 40 17 right 748
object 43 17 left 747
object 43 17 right 748
object 44 17 left 745
object 44 17 right 746
object 50 17 left 747
object 50 17 right 748
object 56 17 left 745
object 56 17 right 746
object 68 17 left 745
object 68 17 right 746
object 71 17 left 747
object 71 17 right 748
object 72 17 left 747
object 72 17 right 748
object 73 17 left 745
object 73 17 right 746
object 75 17 left 747
object 75 17 right 748
object 76 17 left 747
object 76 17 right 748
object 81 17 left 745
object 81 17 right 746
object 83 17 left 2659
object 84 17 left 2660
object 85 17 left 2661
object 85 17 right 2662
object 93 17 left 745
object 93 17 right 746
object 98 17 left 745
object 98 17 right 746
object 4 18 left 4884
object 4 18 right 4885
object 6 18 left 745
object 6 18 right 746
object 7 18 left 4902
object 7 18 right 4903
object 8 18 left 4878
object 8 18 right 4879
object 9 18 left 4900
object 9 18 right 4901
object 15 18 left 747
object 15 18 right 748
object 17 18 left 2659
object 18 18 left 2660
object 19 18 left 2661
object 19 18 right 2662
object 20 18 left 747
object 20 18 right 748
object 29 18 left 747
object 29 18 right 748
object 30 18 left 745
object 30 18 right 746
object 32 18 left 745
object 32 18 right 746
object 34 18 left 747
object 34 18 right 748
object 35 18 left 747
object 35 18 right 748
object 44 18 left 747
object 44 18 right 748
object 45 18 left 745
object 45 18 right 746
object 47 18 left 747
object 47 18 right 748
object 48 18 left 747
object 48 18 right 748
object 70 18 left 745
object 70 18 right 746
object 71 18 left 745
object 71 18 right 746
object 77 18 left 745
object 77 18 right 746
object 79 18 left 745
object 79 18 right 746
object 82 18 left 747
object 82 18 right 748
object 83 18 left 745
object 83 18 right 746
object 85 18 left 747
object 85 18 right 748
object 86 18 left 747
object 86 18 right 748
object 87 18 left 747
object 87 18 right 748
object 88 18 left 747
object 88 18 right 748
object 4 19 left 745
object 4 19 right 746
object 5 19 left 745
object 5 19 right 746
object 6 19 left 4880
object 6 19 right 4881
object 8 19 left 4894
object 8 19 right 4895
object 15 19 left 745
object 15 19 right 746
object 17 19 left 747
object 17 19 right 748
object 18 19 left 745
object 18 19 right 746
object 21 19 left 745
object 21 19 right 746
object 23 19 left 747
object 23 19 right 748
object 24 19 left 745
object 24 19 right 746
object 26 19 left 747
object 26 19 right 748
object 27 19 left 747
object 27 19 right 748
object 36 19 left 745
object 36 19 right 746
object 38 19 left 747
object 38 19 right 748
object 39 19 left 745
object 39 19 right 746
object 41 19 left 747
object 41 19 right 748
object 42 19 left 747
object 42 19 right 748
object 49 19 left 745
object 49 19 right 746
object 51 19 left 747
object 51 19 right 748
object 77 19 left 745
object 77 19 right 746
object 80 19 left 747
object 80 19 right 748
object 81 19 left 747
object 81 19 right 748
object 83 19 left 747
object 83 19 right 748
object 88 19 left 745
object 88 19 right 746
object 3 20 right 3273
object 4 20 left 4894
object 4 20 right 4895
object 5 20 left 4894
object 5 20 right 4895
object 6 20 left 4902
object 6 20 right 4903
object 7 20 left 4878
object 7 20 right 4879
object 18 20 left 747
object 18 20 right 748
object 26 20 left 747
object 26 20 right 748
object 28 20 left 745
object 28 20 right 746
object 30 20 left 747
object 30 20 right 748
object 31 20 left 747
object 31 20 right 748
object 43 20 left 745
object 43 20 right 746
object 45 20 left 747
object 45 20 right 748
object 51 20 left 745
object 51 20 right 746
object 65 20 right 2664
object 79 20 left 745
object 79 20 right 746
object 80 20 left 745
object 80 20 right 746
object 86 20 left 745
object 86 20 right 746
object 1 21 left 745
object 1 21 right 746
object 3 21 left 3271
object 3 21 right 3272
object 5 21 left 4900
object 5 21 right 4901
object 6 21 left 4878
object 6 21 right 4879
object 7 21 left 4878
object 7 21 right 4879
object 8 21 left 747
object 8 21 right 748
object 14 21 right 2670
object 16 21 left 747
object 16 21 right 748
object 21 21 left 747
object 21 21 right 748
object 22 21 left 745
object 22 21 right 746
object 24 21 left 747
object 24 21 right 748
object 25 21 left 745
object 25 21 right 746
object 30 21 left 747
object 30 21 right 748
object 32 21 left 745
object 32 21 right 746
object 37 21 left 745
object 37 21 right 746
object 52 21 left 745
object 52 21 right 746
object 58 21 right 2670
object 65 21 right 2663
object 82 21 left 745
object 82 21 right 746
object 87 21 left 747
object 87 21 right 748
object 88 21 left 747
object 88 21 right 748
object 89 21 left 745
object 89 21 right 746
object 94 21 right 2664
object 98 21 right 3273
object 1 22 left 747
object 1 22 right 748
object 2 22 left 747
object 2 22 right 748
object 6 22 left 4894
object 6 22 right 4895
object 14 22 right 2669
object 17 22 left 745
object 17 22 right 746
object 19 22 left 747
object 19 22 right 748
object 28 22 left 747
object 28 22 right 748
object 29 22 left 745
object 29 22 right 746
object 53 22 left 747
object 53 22 right 748
object 58 22 right 2669
object 61 22 left 745
object 61 22 right 746
object 63 22 left 2659
object 64 22 left 2660
object 65 22 left 2661
object 65 22 right 2662
object 68 22 left 745
object 68 22 right 746
object 74 22 right 2670
object 77 22 left 745
object 77 22 right 746
object 80 22 left 745
object 80 22 right 746
object 83 22 left 745
object 83 22 right 746
object 86 22 left 745
object 86 22 right 746
object 87 22 left 745
object 87 22 right 746
object 94 22 right 2663
object 98 22 left 3271
object 98 22 right 3272
object 5 23 left 745
object 5 23 right 746
object 8 23 left 4900
object 8 23 right 4901
object 9 23 left 745
object 9 23 right 746
object 12 23 left 2665
object 13 23 left 2666
object 14 23 left 2667
object 14 23 right 2668
object 20 23 left 745
object 20 23 right 746
object 22 23 left 747
object 22 23 right 748
object 23 23 left 747
object 23 23 right 748
object 30 23 left 745
object 30 23 right 746
object 36 23 right 2670
object 39 23 left 4900
object 39 23 right 4901
object 56 23 left 2665
object 57 23 left 2666
object 58 23 left 2667
object 58 23 right 2668
object 69 23 left 4900
object 69 23 right 4901
object 74 23 right 2669
object 81 23 left 747
object 81 23 right 748
object 82 23 left 747
object 82 23 right 748
object 86 23 left 745
object 86 23 right 746
object 87 23 left 745
object 87 23 right 746
object 89 23 left 747
object 89 23 right 748
object 91 23 left 747
object 91 23 right 748
object 92 23 left 2659
object 92 23 right 746
object 93 23 left 2660
object 94 23 left 2661
object 94 23 right 2662
object 6 24 left 745
object 6 24 right 746
object 7 24 left 745
object 7 24 right 746
object 8 24 left 3248
object 8 24 right 3249
object 9 24 left 4908
object 9 24 right 4909
object 11 24 left 745
object 11 24 right 746
object 17 24 left 747
object 17 24 right 748
object 18 24 left 745
object 18 24 right 746
object 22 24 left 747
object 22 24 right 748
object 24 24 left 745
object 24 24 right 746
object 36 24 right 2669
object 38 24 left 745
object 38 24 right 746
object 39 24 left 3248
object 39 24 right 3249
object 40 24 left 4908
object 40 24 right 4909
object 61 24 left 747
object 61 24 right 748
object 63 24 left 745
object 63 24 right 746
object 66 24 left 745
object 66 24 right 746
object 68 24 left 745
object 68 24 right 746
object 69 24 left 3248
object 69 24 right 3249
object 70 24 left 4908
object 70 24 right 4909
object 72 24 left 2665
object 73 24 left 2666
object 74 24 left 2667
object 74 24 right 2668
object 80 24 left 745
object 80 24 right 746
object 81 24 left 745
object 81 24 right 746
object 84 24 left 745
object 84 24 right 746
object 88 24 left 745
object 88 24 right 746
object 96 24 left 747
object 96 24 right 748
object 97 24 left 745
object 97 24 right 746
object 1 25 left 747
object 1 25 right 748
object 7 25 left 4884
object 7 25 right 4885
object 8 25 left 4886
object 8 25 right 4887
object 9 25 left 745
object 9 25 right 746
object 10 25 left 747
object 10 25 right 748
object 13 25 left 747
object 13 25 right 748
object 20 25 left 747
object 20 25 right 748
object 21 25 left 745
object 21 25 right 746
object 34 25 left 2665
object 35 25 left 2666
object 36 25 left 2667
object 36 25 right 2668
object 38 25 left 4884
object 38 25 right 4885
object 39 25 left 4886
object 39 25 right 4887
object 40 25 left 745
object 40 25 right 746
object 53 25 right 2670
object 56 25 left 745
object 56 25 right 746
object 61 25 left 745
object 61 25 right 746
object 68 25 left 4884
object 68 25 right 4885
object 69 25 left 4886
object 69 25 right 4887
object 70 25 left 745
object 70 25 right 746
object 86 25 left 745
object 86 25 right 746
object 94 25 left 745
object 94 25 right 746
object 98 25 left 745
object 98 25 right 746
object 2 26 left 745
object 2 26 right 746
object 7 26 left 4884
object 7 26 right 4885
object 9 26 left 745
object 9 26 right 746
object 10 26 left 4902
object 10 26 right 4903
object 11 26 left 4878
object 11 26 right 4879
object 12 26 left 4900
object 12 26 right 4901
object 15 26 left 745
object 15 26 right 746
object 16 26 left 745
object 16 26 right 746
object 18 26 left 747
object 18 26 right 748
object 19 26 left 747
object 19 26 right 748
object 24 26 left 747
object 24 26 right 748
object 34 26 left 747
object 34 26 right 748
object 38 26 left 4884
object 38 26 right 4885
object 39 26 left 747
object 39 26 right 748
object 40 26 left 745
object 40 26 right 746
object 41 26 left 4902
object 41 26 right 4903
object 42 26 left 4878
object 42 26 right 4879
object 43 26 left 4900
object 43 26 right 4901
object 53 26 right 2669
object 57 26 left 747
object 57 26 right 748
object 58 26 left 745
object 58 26 right 746
object 63 26 left 745
object 63 26 right 746
object 66 26 left 745
object 66 26 right 746
object 68 26 left 4884
object 68 26 right 4885
object 70 26 left 745
object 70 26 right 746
object 71 26 left 4902
object 71 26 right 4903
object 72 26 left 4878
object 72 26 right 4879
object 73 26 left 4900
object 73 26 right 4901
object 87 26 left 747
object 87 26 right 748
object 88 26 left 747
object 88 26 right 748
object 2 27 left 747
object 2 27 right 748
object 5 27 right 2670
object 7 27 left 745
object 7 27 right 746
object 8 27 left 745
object 8 27 right 746
object 9 27 left 4880
object 9 27 right 4881
object 11 27 left 4894
object 11 27 right 4895
object 14 27 left 747
object 14 27 right 748
object 18 27 left 747
object 18 27 right 748
object 20 27 left 745
object 20 27 right 746
object 34 27 left 747
object 34 27 right 748
object 35 27 left 745
object 35 27 right 746
object 36 27 left 747
object 36 27 right 748
object 38 27 left 745
object 38 27 right 746
object 39 27 left 745
object 39 27 right 746
object 40 27 left 4880
object 40 27 right 4881
object 41 27 left 747
object 41 27 right 748
object 42 27 left 4894
object 42 27 right 4895
object 48 27 right 2664
object 51 27 left 2665
object 52 27 left 2666
object 53 27 left 2667
object 53 27 right 2668
object 61 27 left 745
object 61 27 right 746
object 66 27 left 745
object 66 27 right 746
object 68 27 left 745
object 68 27 right 746
object 69 27 left 745
object 69 27 right 746
object 70 27 left 4880
object 70 27 right 4881
object 72 27 left 4894
object 72 27 right 4895
object 89 27 left 745
object 89 27 right 746
object 98 27 left 745
object 98 27 right 746
object 1 28 left 747
object 1 28 right 748
object 2 28 left 747
object 2 28 right 748
object 5 28 right 2669
object 7 28 left 4894
object 7 28 right 4895
object 8 28 left 4894
object 8 28 right 4895
object 9 28 left 4902
object 9 28 right 4903
object 10 28 left 4878
object 10 28 right 4879
object 16 28 left 747
object 16 28 right 748
object 17 28 left 745
object 17 28 right 746
object 32 28 right 2664
object 36 28 left 747
object 36 28 right 748
object 38 28 left 4894
object 38 28 right 4895
object 39 28 left 4894
object 39 28 right 4895
object 40 28 left 4902
object 40 28 right 4903
object 41 28 left 4878
object 41 28 right 4879
object 43 28 left 745
object 43 28 right 746
object 48 28 right 2663
object 50 28 left 745
object 50 28 right 746
object 62 28 left 4900
object 62 28 right 4901
object 68 28 left 4894
object 68 28 right 4895
object 69 28 left 4894
object 69 28 right 4895
object 70 28 left 4902
object 70 28 right 4903
object 71 28 left 4878
object 71 28 right 4879
object 76 28 left 745
object 76 28 right 746
object 84 28 left 745
object 84 28 right 746
object 87 28 left 745
object 87 28 right 746
object 3 29 left 2665
object 4 29 left 2666
object 5 29 left 2667
object 5 29 right 2668
object 8 29 left 4900
object 8 29 right 4901
object 9 29 left 4878
object 9 29 right 4879
object 10 29 left 4878
object 10 29 right 4879
object 32 29 right 2663
object 39 29 left 4900
object 39 29 right 4901
object 40 29 left 4878
object 40 29 right 4879
object 41 29 left 4878
object 41 29 right 4879
object 46 29 left 2659
object 47 29 left 2660
object 48 29 left 2661
object 48 29 right 2662
object 52 29 left 747
object 52 29 right 748
object 54 29 left 4900
object 54 29 right 4901
object 61 29 left 745
object 61 29 right 746
object 62 29 left 3248
object 62 29 right 3249
object 63 29 left 4908
object 63 29 right 4909
object 69 29 left 4900
object 69 29 right 4901
object 70 29 left 4878
object 70 29 right 4879
object 71 29 left 4878
object 71 29 right 4879
object 73 29 left 745
object 73 29 right 746
object 75 29 left 745
object 75 29 right 746
object 82 29 right 2670
object 85 29 left 747
object 85 29 right 748
object 88 29 left 747
object 88 29 right 748
object 89 29 left 747
object 89 29 right 748
object 96 29 right 2670
object 3 30 left 745
object 3 30 right 746
object 5 30 left 745
object 5 30 right 746
object 6 30 left 747
object 6 30 right 748
object 9 30 left 4894
object 9 30 right 4895
object 17 30 left 745
object 17 30 right 746
object 19 30 left 747
object 19 30 right 748
object 20 30 left 747
object 20 30 right 748
object 26 30 right 2670
object 28 30 left 745
object 28 30 right 746
object 30 30 left 2659
object 31 30 left 2660
object 32 30 left 2661
object 32 30 right 2662
object 40 30 left 4894
object 40 30 right 4895
object 45 30 left 745
object 45 30 right 746
object 51 30 left 745
object 51 30 right 746
object 53 30 left 745
object 53 30 right 746
object 54 30 left 3248
object 54 30 right 3249
object 55 30 left 4908
object 55 30 right 4909
object 58 30 right 3276
object 61 30 left 4884
object 61 30 right 4885
object 62 30 left 4886
object 62 30 right 4887
object 63 30 left 745
object 63 30 right 746
object 64 30 left 745
object 64 30 right 746
object 66 30 left 747
object 66 30 right 748
object 69 30 right 2664
object 70 30 left 4894
object 70 30 right 4895
object 76 30 left 745
object 76 30 right 746
object 82 30 right 2669
object 84 30 left 745
object 84 30 right 746
object 85 30 left 745
object 85 30 right 746
object 87 30 left 745
object 87 30 right 746
object 88 30 left 745
object 88 30 right 746
object 90 30 left 745
object 90 30 right 746
object 96 30 right 2669
object 98 30 left 745
object 98 30 right 746
object 5 31 left 747
object 5 31 right 748
object 8 31 left 745
object 8 31 right 746
object 14 31 right 2670
object 19 31 left 747
object 19 31 right 748
object 21 31 left 745
object 21 31 right 746
object 26 31 right 2669
object 29 31 left 747
object 29 31 right 748
object 47 31 left 747
object 47 31 right 748
object 52 31 left 745
object 52 31 right 746
object 53 31 left 4884
object 53 31 right 4885
object 54 31 left 4886
object 54 31 right 4887
object 55 31 left 745
object 55 31 right 746
object 58 31 left 3274
object 58 31 right 3275
object 61 31 left 4884
object 61 31 right 4885
object 63 31 left 745
object 63 31 right 746
object 64 31 left 4902
object 64 31 right 4903
object 65 31 left 4878
object 65 31 right 4879
object 66 31 left 4900
object 66 31 right 4901
object 67 31 left 745
object 67 31 right 746
object 69 31 right 2663
object 70 31 left 745
object 70 31 right 746
object 71 31 left 745
object 71 31 right 746
object 78 31 left 745
object 78 31 right 746
object 80 31 left 2665
object 81 31 left 2666
object 82 31 left 2667
object 82 31 right 2668
object 88 31 left 745
object 88 31 right 746
object 89 31 left 745
object 89 31 right 746
object 94 31 left 2665
object 95 31 left 2666
object 96 31 left 2667
object 96 31 right 2668
object 8 32 left 747
object 8 32 right 748
object 9 32 left 747
object 9 32 right 748
object 14 32 right 2669
object 16 32 left 747
object 16 32 right 748
object 17 32 left 747
object 17 32 right 748
object 18 32 left 745
object 18 32 right 746
object 24 32 left 2665
object 25 32 left 2666
object 26 32 left 2667
object 26 32 right 2668
object 32 32 left 4900
object 32 32 right 4901
object 35 32 left 745
object 35 32 right 746
object 39 32 right 3270
object 45 32 right 3273
object 49 32 left 745
object 49 32 right 746
object 53 32 left 4884
object 53 32 right 4885
object 55 32 left 745
object 55 32 right 746
object 56 32 left 4902
object 56 32 right 4903
object 57 32 left 4878
object 57 32 right 4879
object 58 32 left 4900
object 58 32 right 4901
object 59 32 left 745
object 59 32 right 746
object 61 32 left 745
object 61 32 right 746
object 62 32 left 745
object 62 32 right 746
object 63 32 left 4880
object 63 32 right 4881
object 65 32 left 4894
object 65 32 right 4895
object 67 32 left 2659
object 68 32 left 2660
object 69 32 left 2661
object 69 32 right 2662
object 86 32 left 745
object 86 32 right 746
object 91 32 left 745
object 91 32 right 746
object 10 33 left 745
object 10 33 right 746
object 12 33 left 2665
object 13 33 left 2666
object 14 33 left 2667
object 14 33 right 2668
object 17 33 left 745
object 17 33 right 746
object 19 33 left 747
object 19 33 right 748
object 21 33 left 745
object 21 33 right 746
object 22 33 left 747
object 22 33 right 748
object 26 33 left 4900
object 26 33 right 4901
object 30 33 left 747
object 30 33 right 748
object 31 33 left 745
object 31 33 right 746
object 32 33 left 3248
object 32 33 right 3249
object 33 33 left 4908
object 33 33 right 4909
object 39 33 left 3268
object 39 33 right 3269
object 43 33 left 745
object 43 33 right 746
object 45 33 left 3271
object 45 33 right 3272
object 50 33 left 747
object 50 33 right 748
object 51 33 left 747
object 51 33 right 748
object 53 33 left 745
object 53 33 right 746
object 54 33 left 745
object 54 33 right 746
object 55 33 left 4880
object 55 33 right 4881
object 57 33 left 4894
object 57 33 right 4895
object 61 33 left 4894
object 61 33 right 4895
object 62 33 left 4894
object 62 33 right 4895
object 63 33 left 4902
object 63 33 right 4903
object 64 33 left 4878
object 64 33 right 4879
object 67 33 left 745
object 67 33 right 746
object 69 33 left 745
object 69 33 right 746
object 70 33 left 747
object 70 33 right 748
object 71 33 left 745
object 71 33 right 746
object 73 33 left 4900
object 73 33 right 4901
object 80 33 left 747
object 80 33 right 748
object 83 33 left 745
object 83 33 right 746
object 84 33 left 745
object 84 33 right 746
object 87 33 left 747
object 87 33 right 748
object 88 33 left 747
object 88 33 right 748
object 92 33 left 745
object 92 33 right 746
object 95 33 right 3276
object 97 33 left 745
object 97 33 right 746
object 3 34 right 3273
object 12 34 left 747
object 12 34 right 748
object 24 34 left 745
object 24 34 right 746
object 25 34 left 745
object 25 34 right 746
object 26 34 left 3248
object 26 34 right 3249
object 27 34 left 4908
object 27 34 right 4909
object 31 34 left 4884
object 31 34 right 4885
object 32 34 left 4886
object 32 34 right 4887
object 33 34 left 745
object 33 34 right 746
object 35 34 left 747
object 35 34 right 748
object 38 34 left 747
object 38 34 right 748
object 41 34 left 747
object 41 34 right 748
object 43 34 left 747
object 43 34 right 748
object 53 34 left 4894
object 53 34 right 4895
object 54 34 left 4894
object 54 34 right 4895
object 55 34 left 4902
object 55 34 right 4903
object 56 34 left 4878
object 56 34 right 4879
object 57 34 left 745
object 57 34 right 746
object 61 34 left 745
object 61 34 right 746
object 62 34 left 4900
object 62 34 right 4901
object 63 34 left 4878
object 63 34 right 4879
object 64 34 left 4878
object 64 34 right 4879
object 72 34 left 745
object 72 34 right 746
object 73 34 left 3248
object 73 34 right 3249
object 74 34 left 4908
object 74 34 right 4909
object 87 34 left 745
object 87 34 right 746
object 95 34 left 3274
object 95 34 right 3275
object 2 35 left 745
object 2 35 right 746
object 3 35 left 3271
object 3 35 right 3272
object 15 35 left 747
object 15 35 right 748
object 17 35 left 747
object 17 35 right 748
object 18 35 left 745
object 18 35 right 746
object 23 35 left 747
object 23 35 right 748
object 25 35 left 4884
object 25 35 right 4885
object 26 35 left 4886
object 26 35 right 4887
object 27 35 left 745
object 27 35 right 746
object 30 35 left 745
object 30 35 right 746
object 31 35 left 4884
object 31 35 right 4885
object 33 35 left 745
object 33 35 right 746
object 34 35 left 4902
object 34 35 right 4903
object 35 35 left 4878
object 35 35 right 4879
object 36 35 left 4900
object 36 35 right 4901
object 45 35 left 745
object 45 35 right 746
object 54 35 left 4900
object 54 35 right 4901
object 55 35 left 4878
object 55 35 right 4879
object 56 35 left 4878
object 56 35 right 4879
object 59 35 left 745
object 59 35 right 746
object 62 35 left 747
object 62 35 right 748
object 63 35 left 4894
object 63 35 right 4895
object 65 35 left 747
object 65 35 right 748
object 66 35 left 745
object 66 35 right 746
object 71 35 left 745
object 71 35 right 746
object 72 35 left 4884
object 72 35 right 4885
object 73 35 left 4886
object 73 35 right 4887
object 74 35 left 745
object 74 35 right 746
object 79 35 right 2664
object 82 35 left 745
object 82 35 right 746
object 85 35 left 745
object 85 35 right 746
object 1 36 left 747
object 1 36 right 748
object 14 36 left 745
object 14 36 right 746
object 15 36 left 747
object 15 36 right 748
object 25 36 left 4884
object 25 36 right 4885
object 27 36 left 745
object 27 36 right 746
object 28 36 left 4902
object 28 36 right 4903
object 29 36 left 4878
object 29 36 right 4879
object 30 36 left 4900
object 30 36 right 4901
object 31 36 left 745
object 31 36 right 746
object 32 36 left 745
object 32 36 right 746
object 33 36 left 4880
object 33 36 right 4881
object 35 36 left 4894
object 35 36 right 4895
object 48 36 left 745
object 48 36 right 746
object 52 36 right 3276
object 55 36 left 4894
object 55 36 right 4895
object 69 36 left 4900
object 69 36 right 4901
object 72 36 left 4884
object 72 36 right 4885
object 73 36 left 745
object 73 36 right 746
object 74 36 left 745
object 74 36 right 746
object 75 36 left 4902
object 75 36 right 4903
object 76 36 left 4878
object 76 36 right 4879
object 77 36 left 4900
object 77 36 right 4901
object 79 36 right 2663
object 85 36 left 745
object 85 36 right 746
object 86 36 left 747
object 86 36 right 748
object 87 36 left 747
object 87 36 right 748
object 88 36 left 745
object 88 36 right 746
object 98 36 left 745
object 98 36 right 746
object 4 37 left 745
object 4 37 right 746
object 5 37 left 747
object 5 37 right 748
object 11 37 right 2664
object 14 37 left 747
object 14 37 right 748
object 15 37 left 745
object 15 37 right 746
object 16 37 left 745
object 16 37 right 746
object 18 37 left 747
object 18 37 right 748
object 19 37 left 747
object 19 37 right 748
object 25 37 left 745
object 25 37 right 746
object 26 37 left 745
object 26 37 right 746
object 27 37 left 4880
object 27 37 right 4881
object 29 37 left 4894
object 29 37 right 4895
object 31 37 left 4894
object 31 37 right 4895
object 32 37 left 4894
object 32 37 right 4895
object 33 37 left 4902
object 33 37 right 4903
object 34 37 left 4878
object 34 37 right 4879
object 48 37 right 2664
object 52 37 left 3274
object 52 37 right 3275
object 67 37 left 747
object 67 37 right 748
object 68 37 left 745
object 68 37 right 746
object 69 37 left 3248
object 69 37 right 3249
object 70 37 left 4908
object 70 37 right 4909
object 71 37 left 745
object 71 37 right 746
object 72 37 left 745
object 72 37 right 746
object 73 37 left 745
object 73 37 right 746
object 74 37 left 4880
object 74 37 right 4881
object 76 37 left 4894
object 76 37 right 4895
object 77 37 left 2659
object 78 37 left 2660
object 79 37 left 2661
object 79 37 right 2662
object 83 37 left 745
object 83 37 right 746
object 87 37 left 745
object 87 37 right 746
object 0 38 left 747
object 0 38 right 748
object 2 38 left 747
object 2 38 right 748
object 7 38 left 745
object 7 38 right 746
object 11 38 right 2663
object 13 38 left 747
object 13 38 right 748
object 14 38 left 745
object 14 38 right 746
object 18 38 left 747
object 18 38 right 748
object 20 38 left 745
object 20 38 right 746
object 25 38 left 4894
object 25 38 right 4895
object 26 38 left 4894
object 26 38 right 4895
object 27 38 left 4902
object 27 38 right 4903
object 28 38 left 4878
object 28 38 right 4879
object 32 38 left 4900
object 32 38 right 4901
object 33 38 left 4878
object 33 38 right 4879
object 34 38 left 4878
object 34 38 right 4879
object 40 38 left 745
object 40 38 right 746
object 43 38 right 3276
object 46 38 left 745
object 46 38 right 746
object 47 38 right 748
object 48 38 right 2663
object 49 38 left 747
object 49 38 right 748
object 66 38 left 747
object 66 38 right 748
object 68 38 left 4884
object 68 38 right 4885
object 69 38 left 4886
object 69 38 right 4887
object 70 38 left 745
object 70 38 right 746
object 72 38 left 4894
object 72 38 right 4895
object 73 38 left 4894
object 73 38 right 4895
object 74 38 left 4902
object 74 38 right 4903
object 75 38 left 4878
object 75 38 right 4879
object 76 38 left 747
object 76 38 right 748
object 83 38 left 745
object 83 38 right 746
object 85 38 left 745
object 85 38 right 746
object 95 38 right 2664
object 98 38 left 745
object 98 38 right 746
object 7 39 left 747
object 7 39 right 748
object 9 39 left 2659
object 10 39 left 2660
object 10 39 right 746
object 11 39 left 2661
object 11 39 right 2662
object 14 39 left 747
object 14 39 right 748
object 16 39 left 747
object 16 39 right 748
object 17 39 left 745
object 17 39 right 746
object 26 39 left 4900
object 26 39 right 4901
object 27 39 left 4878
object 27 39 right 4879
object 28 39 left 4878
object 28 39 right 4879
object 31 39 right 3270
object 33 39 left 4894
object 33 39 right 4895
object 43 39 left 3274
object 43 39 right 3275
object 46 39 left 2659
object 47 39 left 2660
object 47 39 right 746
object 48 39 left 2661
object 48 39 right 2662
object 68 39 left 4884
object 68 39 right 4885
object 69 39 left 745
object 69 39 right 746
object 70 39 left 745
object 70 39 right 746
object 71 39 left 4902
object 71 39 right 4903
object 72 39 left 4878
object 72 39 right 4879
object 73 39 left 4900
object 73 39 right 4901
object 74 39 left 4878
object 74 39 right 4879
object 75 39 left 4878
object 75 39 right 4879
object 76 39 left 747
object 76 39 right 748
object 81 39 left 745
object 81 39 right 746
object 86 39 left 747
object 86 39 right 748
object 87 39 left 747
object 87 39 right 748
object 88 39 left 745
object 88 39 right 746
object 95 39 right 2663
object 6 40 left 745
object 6 40 right 746
object 7 40 left 4900
object 7 40 right 4901
object 10 40 left 747
object 10 40 right 748
object 12 40 left 747
object 12 40 right 748
object 26 40 right 2670
object 27 40 left 4894
object 27 40 right 4895
object 31 40 left 3268
object 31 40 right 3269
object 33 40 left 4900
object 33 40 right 4901
object 49 40 left 747
object 49 40 right 748
object 61 40 right 2670
object 65 40 right 3273
object 68 40 left 745
object 68 40 right 746
object 69 40 left 745
object 69 40 right 746
object 70 40 left 4880
object 70 40 right 4881
object 72 40 left 4894
object 72 40 right 4895
object 74 40 left 4894
object 74 40 right 4895
object 82 40 left 747
object 82 40 right 748
object 83 40 left 747
object 83 40 right 748
object 85 40 left 745
object 85 40 right 746
object 86 40 left 745
object 86 40 right 746
object 92 40 left 747
object 92 40 right 748
object 93 40 left 2659
object 94 40 left 2660
object 95 40 left 2661
object 95 40 right 2662
object 2 41 left 745
object 2 41 right 746
object 3 41 right 2664
object 6 41 left 745
object 6 41 right 746
object 7 41 left 3248
object 7 41 right 3249
object 8 41 left 4908
object 8 41 right 4909
object 13 41 left 745
object 13 41 right 746
object 15 41 left 747
object 15 41 right 748
object 21 41 left 745
object 21 41 right 746
object 26 41 right 2669
object 32 41 left 745
object 32 41 right 746
object 33 41 left 3248
object 33 41 right 3249
object 34 41 left 4908
object 34 41 right 4909
object 40 41 right 2664
object 42 41 left 747
object 42 41 right 748
object 45 41 left 747
object 45 41 right 748
object 47 41 left 745
object 47 41 right 746
object 49 41 left 745
object 49 41 right 746
object 51 41 left 745
object 51 41 right 746
object 52 41 left 745
object 52 41 right 746
object 53 41 left 745
object 53 41 right 746
object 57 41 left 747
object 57 41 right 748
object 61 41 right 2669
object 65 41 left 3271
object 65 41 right 3272
object 68 41 left 4894
object 68 41 right 4895
object 69 41 left 4894
object 69 41 right 4895
object 70 41 left 4902
object 70 41 right 4903
object 71 41 left 4878
object 71 41 right 4879
object 79 41 left 745
object 79 41 right 746
object 81 41 left 745
object 81 41 right 746
object 82 41 left 745
object 82 41 right 746
object 86 41 left 745
object 86 41 right 746
object 92 41 right 3270
object 94 41 left 4900
object 94 41 right 4901
object 97 41 left 745
object 97 41 right 746
object 2 42 right 748
object 3 42 right 2663
object 6 42 left 4884
object 6 42 right 4885
object 7 42 left 4886
object 7 42 right 4887
object 8 42 left 745
object 8 42 right 746
object 10 42 left 747
object 10 42 right 748
object 20 42 left 745
object 20 42 right 746
object 22 42 left 747
object 22 42 right 748
object 24 42 left 2665
object 25 42 left 2666
object 26 42 left 2667
object 26 42 right 2668
object 31 42 left 747
object 31 42 right 748
object 32 42 left 4884
object 32 42 right 4885
object 33 42 left 4886
object 33 42 right 4887
object 34 42 left 745
object 34 42 right 746
object 35 42 left 747
object 35 42 right 748
object 40 42 right 2663
object 42 42 left 747
object 42 42 right 748
object 44 42 left 745
object 44 42 right 746
object 48 42 left 4900
object 48 42 right 4901
object 52 42 left 747
object 52 42 right 748
object 53 42 left 4900
object 53 42 right 4901
object 57 42 left 745
object 57 42 right 746
object 58 42 left 747
object 58 42 right 748
object 59 42 left 2665
object 60 42 left 2666
object 61 42 left 2667
object 61 42 right 2668
object 69 42 left 4900
object 69 42 right 4901
object 70 42 left 4878
object 70 42 right 4879
object 71 42 left 4878
object 71 42 right 4879
object 83 42 left 745
object 83 42 right 746
object 84 42 left 745
object 84 42 right 746
object 89 42 left 745
object 89 42 right 746
object 92 42 left 3268
object 92 42 right 3269
object 93 42 left 745
object 93 42 right 746
object 94 42 left 3248
object 94 42 right 3249
object 95 42 left 4908
object 95 42 right 4909
object 1 43 left 2659
object 2 43 left 2660
object 3 43 left 2661
object 3 43 right 2662
object 4 43 left 745
object 4 43 right 746
object 6 43 left 4884
object 6 43 right 4885
object 7 43 left 747
object 7 43 right 748
object 8 43 left 745
object 8 43 right 746
object 9 43 left 4902
object 9 43 right 4903
object 10 43 left 4878
object 10 43 right 4879
object 11 43 left 4900
object 11 43 right 4901
object 13 43 left 747
object 13 43 right 748
object 14 43 left 745
object 14 43 right 746
object 20 43 left 747
object 20 43 right 748
object 32 43 left 4884
object 32 43 right 4885
object 34 43 left 745
object 34 43 right 746
object 35 43 left 4902
object 35 43 right 4903
object 36 43 left 4878
object 36 43 right 4879
object 37 43 left 4900
object 37 43 right 4901
object 38 43 left 2659
object 39 43 left 2660
object 40 43 left 2661
object 40 43 right 2662
object 46 43 left 745
object 46 43 right 746
object 47 43 left 745
object 47 43 right 746
object 48 43 left 3248
object 48 43 right 3249
object 49 43 left 4908
object 49 43 right 4909
object 52 43 left 745
object 52 43 right 746
object 53 43 left 3248
object 53 43 right 3249
object 54 43 left 4908
object 54 43 right 4909
object 70 43 left 4894
object 70 43 right 4895
object 79 43 left 745
object 79 43 right 746
object 81 43 left 745
object 81 43 right 746
object 90 43 left 747
object 90 43 right 748
object 93 43 left 4884
object 93 43 right 4885
object 94 43 left 4886
object 94 43 right 4887
object 95 43 left 745
object 95 43 right 746
object 96 43 left 747
object 96 43 right 748
object 5 44 left 745
object 5 44 right 746
object 6 44 left 745
object 6 44 right 746
object 7 44 left 745
object 7 44 right 746
object 8 44 left 4880
object 8 44 right 4881
object 9 44 left 745
object 9 44 right 746
object 10 44 left 4894
object 10 44 right 4895
object 25 44 left 745
object 25 44 right 746
object 27 44 left 745
object 27 44 right 746
object 31 44 right 3276
object 32 44 left 745
object 32 44 right 746
object 33 44 left 745
object 33 44 right 746
object 34 44 left 4880
object 34 44 right 4881
object 36 44 left 4894
object 36 44 right 4895
object 37 44 left 745
object 37 44 right 746
object 47 44 left 4884
object 47 44 right 4885
object 48 44 left 4886
object 48 44 right 4887
object 49 44 left 745
object 49 44 right 746
object 50 44 left 745
object 50 44 right 746
object 51 44 left 745
object 51 44 right 746
object 52 44 left 4884
object 52 44 right 4885
object 53 44 left 4886
object 53 44 right 4887
object 54 44 left 745
object 54 44 right 746
object 63 44 left 4900
object 63 44 right 4901
object 70 44 left 747
object 70 44 right 748
object 71 44 left 745
object 71 44 right 746
object 82 44 left 747
object 82 44 right 748
object 83 44 left 747
object 83 44 right 748
object 84 44 left 747
object 84 44 right 748
object 91 44 left 747
object 91 44 right 748
object 93 44 left 4884
object 93 44 right 4885
object 95 44 left 745
object 95 44 right 746
object 96 44 left 4902
object 96 44 right 4903
object 97 44 left 4878
object 97 44 right 4879
object 98 44 left 4900
object 98 44 right 4901
object 6 45 left 4894
object 6 45 right 4895
object 7 45 left 4894
object 7 45 right 4895
object 8 45 left 4902
object 8 45 right 4903
object 9 45 left 4878
object 9 45 right 4879
object 12 45 left 745
object 12 45 right 746
object 14 45 left 747
object 14 45 right 748
object 15 45 left 747
object 15 45 right 748
object 17 45 left 745
object 17 45 right 746
object 18 45 left 745
object 18 45 right 746
object 24 45 left 745
object 24 45 right 746
object 26 45 left 747
object 26 45 right 748
object 31 45 left 3274
object 31 45 right 3275
object 32 45 left 4894
object 32 45 right 4895
object 33 45 left 4894
object 33 45 right 4895
object 34 45 left 4902
object 34 45 right 4903
object 35 45 left 4878
object 35 45 right 4879
object 36 45 left 747
object 36 45 right 748
object 38 45 left 747
object 38 45 right 748
object 40 45 left 747
object 40 45 right 748
object 47 45 left 4884
object 47 45 right 4885
object 49 45 left 745
object 49 45 right 746
object 50 45 left 4902
object 50 45 right 4903
object 51 45 left 4878
object 51 45 right 4879
object 52 45 left 4884
object 52 45 right 4885
object 54 45 left 745
object 54 45 right 746
object 55 45 left 4902
object 55 45 right 4903
object 56 45 left 4878
object 56 45 right 4879
object 57 45 left 4900
object 57 45 right 4901
object 59 45 left 745
object 59 45 right 746
object 60 45 left 747
object 60 45 right 748
object 62 45 left 745
object 62 45 right 746
object 63 45 left 3248
object 63 45 right 3249
object 64 45 left 4908
object 64 45 right 4909
object 68 45 left 4900
object 68 45 right 4901
object 78 45 right 2670
object 81 45 left 745
object 81 45 right 746
object 82 45 left 745
object 82 45 right 746
object 85 45 left 745
object 85 45 right 746
object 93 45 left 745
object 93 45 right 746
object 94 45 left 745
object 94 45 right 746
object 95 45 left 4880
object 95 45 right 4881
object 97 45 left 4894
object 97 45 right 4895
object 98 45 left 745
object 98 45 right 746
object 1 46 left 747
object 1 46 right 748
object 2 46 left 745
object 2 46 right 746
object 4 46 right 3276
object 7 46 left 4900
object 7 46 right 4901
object 8 46 left 4878
object 8 46 right 4879
object 9 46 left 4878
object 9 46 right 4879
object 10 46 left 747
object 10 46 right 748
object 11 46 left 745
object 11 46 right 746
object 14 46 left 747
object 14 46 right 748
object 16 46 left 745
object 16 46 right 746
object 27 46 left 745
object 27 46 right 746
object 33 46 left 4900
object 33 46 right 4901
object 34 46 left 4878
object 34 46 right 4879
object 35 46 left 4878
object 35 46 right 4879
object 37 46 left 745
object 37 46 right 746
object 44 46 right 3270
object 47 46 left 745
object 47 46 right 746
object 48 46 left 745
object 48 46 right 746
object 49 46 left 4880
object 49 46 right 4881
object 51 46 left 4894
object 51 46 right 4895
object 52 46 left 745
object 52 46 right 746
object 53 46 left 745
object 53 46 right 746
object 54 46 left 4880
object 54 46 right 4881
object 55 46 left 745
object 55 46 right 746
object 56 46 left 4894
object 56 46 right 4895
object 60 46 left 747
object 60 46 right 748
object 62 46 left 4884
object 62 46 right 4885
object 63 46 left 4886
object 63 46 right 4887
object 64 46 left 745
object 64 46 right 746
object 67 46 left 745
object 67 46 right 746
object 68 46 left 3248
object 68 46 right 3249
object 69 46 left 4908
object 69 46 right 4909
object 71 46 left 745
object 71 46 right 746
object 78 46 right 2669
object 83 46 left 745
object 83 46 right 746
object 91 46 right 2670
object 93 46 left 4894
object 93 46 right 4895
object 94 46 left 4894
object 94 46 right 4895
object 95 46 left 4902
object 95 46 right 4903
object 96 46 left 4878
object 96 46 right 4879
object 4 47 left 3274
object 4 47 right 3275
object 6 47 left 747
object 6 47 right 748
object 8 47 left 4894
object 8 47 right 4895
object 12 47 left 747
object 12 47 right 748
object 13 47 left 745
object 13 47 right 746
object 26 47 left 745
object 26 47 right 746
object 27 47 left 745
object 27 47 right 746
object 30 47 left 747
object 30 47 right 748
object 32 47 left 745
object 32 47 right 746
object 34 47 left 4894
object 34 47 right 4895
object 40 47 left 745
object 40 47 right 746
object 44 47 left 3268
object 44 47 right 3269
object 47 47 left 4894
object 47 47 right 4895
object 48 47 left 4894
object 48 47 right 4895
object 49 47 left 4902
object 49 47 right 4903
object 50 47 left 4878
object 50 47 right 4879
object 52 47 left 4894
object 52 47 right 4895
object 53 47 left 4894
object 53 47 right 4895
object 54 47 left 4902
object 54 47 right 4903
object 55 47 left 4878
object 55 47 right 4879
object 59 47 right 3270
object 62 47 left 4884
object 62 47 right 4885
object 64 47 left 745
object 64 47 right 746
object 65 47 left 4902
object 65 47 right 4903
object 66 47 left 4878
object 66 47 right 4879
object 67 47 left 4900
object 67 47 right 4901
object 68 47 left 4886
object 68 47 right 4887
object 69 47 left 745
object 69 47 right 746
object 76 47 left 2665
object 77 47 left 2666
object 78 47 left 2667
object 78 47 right 2668
object 81 47 left 745
object 81 47 right 746
object 91 47 right 2669
object 92 47 left 745
object 92 47 right 746
object 94 47 left 4900
object 94 47 right 4901
object 95 47 left 4878
object 95 47 right 4879
object 96 47 left 4878
object 96 47 right 4879
object 10 48 right 3273
object 13 48 left 745
object 13 48 right 746
object 15 48 left 747
object 15 48 right 748
object 23 48 right 2664
object 26 48 left 747
object 26 48 right 748
object 42 48 left 747
object 42 48 right 748
object 48 48 left 4900
object 48 48 right 4901
object 49 48 left 4878
object 49 48 right 4879
object 50 48 left 4878
object 50 48 right 4879
object 53 48 left 4900
object 53 48 right 4901
object 54 48 left 4878
object 54 48 right 4879
object 55 48 left 4878
object 55 48 right 4879
object 59 48 left 3268
object 59 48 right 3269
object 62 48 left 745
object 62 48 right 746
object 63 48 left 745
object 63 48 right 746
object 64 48 left 4880
object 64 48 right 4881
object 66 48 left 4894
object 66 48 right 4895
object 67 48 left 4884
object 67 48 right 4885
object 69 48 left 745
object 69 48 right 746
object 70 48 left 4902
object 70 48 right 4903
object 71 48 left 4878
object 71 48 right 4879
object 72 48 left 4900
object 72 48 right 4901
object 82 48 left 747
object 82 48 right 748
object 83 48 left 747
object 83 48 right 748
object 84 48 left 745
object 84 48 right 746
object 87 48 left 745
object 87 48 right 746
object 89 48 left 2665
object 90 48 left 2666
object 91 48 left 2667
object 91 48 right 2668
object 95 48 left 4894
object 95 48 right 4895
object 2 49 left 747
object 2 49 right 748
object 3 49 left 747
object 3 49 right 748
object 7 49 left 745
object 7 49 right 746
object 10 49 left 3271
object 10 49 right 3272
object 17 49 left 745
object 17 49 right 746
object 19 49 left 747
object 19 49 right 748
object 23 49 right 2663
object 28 49 left 745
object 28 49 right 746
object 31 49 left 745
object 31 49 right 746
object 32 49 left 747
object 32 49 right 748
object 33 49 left 747
object 33 49 right 748
object 49 49 left 4894
object 49 49 right 4895
object 54 49 left 4894
object 54 49 right 4895
object 57 49 left 745
object 57 49 right 746
object 62 49 left 4894
object 62 49 right 4895
object 63 49 left 4894
object 63 49 right 4895
object 64 49 left 4902
object 64 49 right 4903
object 65 49 left 4878
object 65 49 right 4879
object 67 49 left 745
object 67 49 right 746
object 68 49 left 745
object 68 49 right 746
object 69 49 left 4880
object 69 49 right 4881
object 71 49 left 4894
object 71 49 right 4895
object 74 49 left 745
object 74 49 right 746
object 81 49 left 745
object 81 49 right 746
object 82 49 left 745
object 82 49 right 746
object 97 49 right 3273
object 1 50 left 745
object 1 50 right 746
object 3 50 left 745
object 3 50 right 746
object 13 50 left 747
object 13 50 right 748
object 14 50 left 745
object 14 50 right 746
object 17 50 left 747
object 17 50 right 748
object 18 50 left 745
object 18 50 right 746
object 20 50 left 747
object 20 50 right 748
object 21 50 left 2659
object 22 50 left 2660
object 23 50 left 2661
object 23 50 right 2662
object 31 50 right 2664
object 32 50 left 747
object 32 50 right 748
object 34 50 left 747
object 34 50 right 748
object 41 50 left 745
object 41 50 right 746
object 42 50 left 745
object 42 50 right 746
object 44 50 left 745
object 44 50 right 746
object 63 50 left 4900
object 63 50 right 4901
object 64 50 left 4878
object 64 50 right 4879
object 65 50 left 4878
object 65 50 right 4879
object 67 50 left 4894
object 67 50 right 4895
object 68 50 left 4894
object 68 50 right 4895
object 69 50 left 4902
object 69 50 right 4903
object 70 50 left 4878
object 70 50 right 4879
object 78 50 left 745
object 78 50 right 746
object 83 50 left 745
object 83 50 right 746
object 88 50 right 3270
object 90 50 left 745
object 90 50 right 746
object 92 50 left 4900
object 92 50 right 4901
object 97 50 left 3271
object 97 50 right 3272
object 2 51 left 747
object 2 51 right 748
object 18 51 left 747
object 18 51 right 748
object 27 51 left 747
object 27 51 right 748
object 31 51 right 2663
object 34 51 left 745
object 34 51 right 746
object 43 51 left 747
object 43 51 right 748
object 52 51 left 747
object 52 51 right 748
object 55 51 right 3273
object 64 51 left 4894
object 64 51 right 4895
object 65 51 left 747
object 65 51 right 748
object 68 51 left 4900
object 68 51 right 4901
object 69 51 left 4878
object 69 51 right 4879
object 70 51 left 4878
object 70 51 right 4879
object 76 51 left 745
object 76 51 right 746
object 81 51 left 745
object 81 51 right 746
object 86 51 left 745
object 86 51 right 746
object 88 51 left 3268
object 88 51 right 3269
object 91 51 left 745
object 91 51 right 746
object 92 51 left 3248
object 92 51 right 3249
object 93 51 left 4908
object 93 51 right 4909
object 94 51 left 745
object 94 51 right 746
object 95 51 left 745
object 95 51 right 746
object 3 52 left 747
object 3 52 right 748
object 12 52 left 745
object 12 52 right 746
object 14 52 left 747
object 14 52 right 748
object 15 52 left 747
object 15 52 right 748
object 27 52 left 745
object 27 52 right 746
object 29 52 left 2659
object 29 52 right 748
object 30 52 left 2660
object 31 52 left 2661
object 31 52 right 2662
object 35 52 left 747
object 35 52 right 748
object 37 52 left 4900
object 37 52 right 4901
object 43 52 right 2670
object 45 52 left 745
object 45 52 right 746
object 46 52 left 745
object 46 52 right 746
object 55 52 left 3271
object 55 52 right 3272
object 59 52 left 747
object 59 52 right 748
object 61 52 left 747
object 61 52 right 748
object 64 52 left 745
object 64 52 right 746
object 69 52 left 4894
object 69 52 right 4895
object 82 52 left 747
object 82 52 right 748
object 83 52 left 747
object 83 52 right 748
object 91 52 left 4884
object 91 52 right 4885
object 92 52 left 4886
object 92 52 right 4887
object 93 52 left 745
object 93 52 right 746
object 3 53 left 745
object 3 53 right 746
object 5 53 left 4900
object 5 53 right 4901
object 14 53 left 747
object 14 53 right 748
object 16 53 left 745
object 16 53 right 746
object 17 53 left 745
object 17 53 right 746
object 19 53 left 747
object 19 53 right 748
object 24 53 left 747
object 24 53 right 748
object 27 53 left 747
object 27 53 right 748
object 33 53 right 3270
object 36 53 left 745
object 36 53 right 746
object 37 53 left 3248
object 37 53 right 3249
object 38 53 left 4908
object 38 53 right 4909
object 43 53 right 2669
object 58 53 left 745
object 58 53 right 746
object 60 53 left 747
object 60 53 right 748
object 62 53 left 745
object 62 53 right 746
object 66 53 left 745
object 66 53 right 746
object 69 53 left 747
object 69 53 right 748
object 79 53 left 745
object 79 53 right 746
object 81 53 left 745
object 81 53 right 746
object 82 53 left 745
object 82 53 right 746
object 89 53 left 747
object 89 53 right 748
object 91 53 left 4884
object 91 53 right 4885
object 93 53 left 745
object 93 53 right 746
object 94 53 left 4902
object 94 53 right 4903
object 95 53 left 4878
object 95 53 right 4879
object 96 53 left 4900
object 96 53 right 4901
object 1 54 left 745
object 1 54 right 746
object 3 54 right 2664
object 4 54 left 745
object 4 54 right 746
object 5 54 left 3248
object 5 54 right 3249
object 6 54 left 4908
object 6 54 right 4909
object 12 54 left 747
object 12 54 right 748
object 13 54 left 745
object 13 54 right 746
object 33 54 left 3268
object 33 54 right 3269
object 36 54 left 4884
object 36 54 right 4885
object 37 54 left 4886
object 37 54 right 4887
object 38 54 left 745
object 38 54 right 746
object 41 54 left 2665
object 41 54 right 748
object 42 54 left 2666
object 42 54 right 746
object 43 54 left 2667
object 43 54 right 2668
object 47 54 left 747
object 47 54 right 748
object 49 54 left 747
object 49 54 right 748
object 63 54 left 747
object 63 54 right 748
object 64 54 left 747
object 64 54 right 2664
object 83 54 left 745
object 83 54 right 746
object 91 54 left 745
object 91 54 right 746
object 92 54 left 745
object 92 54 right 746
object 93 54 left 4880
object 93 54 right 4881
object 95 54 left 4894
object 95 54 right 4895
object 98 54 left 747
object 98 54 right 748
object 2 55 right 748
object 3 55 left 747
object 3 55 right 2663
object 4 55 left 4884
object 4 55 right 4885
object 5 55 left 4886
object 5 55 right 4887
object 6 55 left 745
object 6 55 right 746
object 12 55 right 2669
object 17 55 left 747
object 17 55 right 748
object 18 55 left 745
object 18 55 right 746
object 30 55 left 745
object 30 55 right 746
object 36 55 left 4884
object 36 55 right 4885
object 38 55 left 745
object 38 55 right 746
object 39 55 left 4902
object 39 55 right 4903
object 40 55 left 4878
object 40 55 right 4879
object 41 55 left 4900
object 41 55 right 4901
object 54 55 right 2664
object 61 55 left 745
object 61 55 right 746
object 62 55 left 747
object 62 55 right 748
object 64 55 right 2663
object 76 55 right 2664
object 79 55 left 745
object 79 55 right 746
object 81 55 left 745
object 81 55 right 746
object 91 55 left 4894
object 91 55 right 4895
object 92 55 left 4894
object 92 55 right 4895
object 93 55 left 4902
object 93 55 right 4903
object 94 55 left 4878
object 94 55 right 4879
object 1 56 left 2659
object 2 56 left 2660
object 3 56 left 2661
object 3 56 right 2662
object 4 56 left 4884
object 4 56 right 4885
object 6 56 left 745
object 6 56 right 746
object 7 56 left 4902
object 7 56 right 4903
object 8 56 left 4878
object 8 56 right 4879
object 9 56 left 4900
object 9 56 right 4901
object 10 56 left 2665
object 11 56 left 2666
object 12 56 left 2667
object 12 56 right 2668
object 15 56 left 745
object 15 56 right 746
object 29 56 left 745
object 29 56 right 746
object 32 56 left 4900
object 32 56 right 4901
object 33 56 left 747
object 33 56 right 748
object 36 56 left 745
object 36 56 right 746
object 37 56 left 745
object 37 56 right 746
object 38 56 left 4880
object 38 56 right 4881
object 40 56 left 4894
object 40 56 right 4895
object 42 56 left 745
object 42 56 right 746
object 43 56 left 747
object 43 56 right 748
object 47 56 left 747
object 47 56 right 748
object 48 56 left 745
object 48 56 right 746
object 49 56 left 747
object 49 56 right 748
object 54 56 right 2663
object 59 56 left 745
object 59 56 right 746
object 62 56 left 2659
object 63 56 left 2660
object 64 56 left 2661
object 64 56 right 2662
object 69 56 left 747
object 69 56 right 748
object 71 56 left 4900
object 71 56 right 4901
object 76 56 right 2663
object 82 56 left 747
object 82 56 right 748
object 83 56 left 747
object 83 56 right 748
object 84 56 left 745
object 84 56 right 746
object 89 56 right 2670
object 92 56 left 4900
object 92 56 right 4901
object 93 56 left 4878
object 93 56 right 4879
object 94 56 left 4878
object 94 56 right 4879
object 95 56 left 745
object 95 56 right 746
object 98 56 left 745
object 98 56 right 746
object 3 57 left 747
object 3 57 right 748
object 4 57 left 745
object 4 57 right 746
object 5 57 left 745
object 5 57 right 746
object 6 57 left 4880
object 6 57 right 4881
object 8 57 left 4894
object 8 57 right 4895
object 14 57 left 745
object 14 57 right 746
object 16 57 left 745
object 16 57 right 746
object 18 57 left 747
object 18 57 right 748
object 19 57 left 747
object 19 57 right 748
object 22 57 left 747
object 22 57 right 748
object 27 57 right 2670
object 30 57 left 747
object 30 57 right 748
object 31 57 left 745
object 31 57 right 746
object 32 57 left 3248
object 32 57 right 3249
object 33 57 left 4908
object 33 57 right 4909
object 34 57 left 747
object 34 57 right 748
object 36 57 left 4894
object 36 57 right 4895
object 37 57 left 4894
object 37 57 right 4895
object 38 57 left 4902
object 38 57 right 4903
object 39 57 left 4878
object 39 57 right 4879
object 42 57 left 747
object 42 57 right 748
object 47 57 left 747
object 47 57 right 748
object 51 57 left 747
object 51 57 right 748
object 52 57 left 2659
object 53 57 left 2660
object 54 57 left 2661
object 54 57 right 2662
object 70 57 left 745
object 70 57 right 746
object 71 57 left 3248
object 71 57 right 3249
object 72 57 left 4908
object 72 57 right 4909
object 74 57 left 2659
object 75 57 left 2660
object 76 57 left 2661
object 76 57 right 2662
object 81 57 left 745
object 81 57 right 746
object 82 57 left 745
object 82 57 right 746
object 89 57 right 2669
object 91 57 left 747
object 91 57 right 748
object 93 57 left 4894
object 93 57 right 4895
object 94 57 left 4900
object 94 57 right 4901
object 0 58 left 747
object 0 58 right 748
object 3 58 right 3270
object 4 58 left 4894
object 4 58 right 4895
object 5 58 left 4894
object 5 58 right 4895
object 6 58 left 4902
object 6 58 right 4903
object 7 58 left 4878
object 7 58 right 4879
object 14 58 left 745
object 14 58 right 746
object 15 58 left 747
object 15 58 right 748
object 18 58 left 747
object 18 58 right 748
object 20 58 left 745
object 20 58 right 746
object 27 58 right 2669
object 31 58 left 4884
object 31 58 right 4885
object 32 58 left 4886
object 32 58 right 4887
object 33 58 left 745
object 33 58 right 746
object 37 58 left 4900
object 37 58 right 4901
object 38 58 left 4878
object 38 58 right 4879
object 39 58 left 4878
object 39 58 right 4879
object 49 58 left 745
object 49 58 right 746
object 58 58 left 4900
object 58 58 right 4901
object 70 58 left 4884
object 70 58 right 4885
object 71 58 left 4886
object 71 58 right 4887
object 72 58 left 745
object 72 58 right 746
object 74 58 left 745
object 74 58 right 746
object 84 58 left 745
object 84 58 right 746
object 86 58 left 745
object 86 58 right 746
object 87 58 left 2665
object 88 58 left 2666
object 89 58 left 2667
object 89 58 right 2668
object 93 58 left 745
object 93 58 right 746
object 94 58 left 3248
object 94 58 right 3249
object 95 58 left 4908
object 95 58 right 4909
object 3 59 left 3268
object 3 59 right 3269
object 4 59 left 4900
object 4 59 right 4901
object 5 59 left 4900
object 5 59 right 4901
object 6 59 left 4878
object 6 59 right 4879
object 7 59 left 4878
object 7 59 right 4879
object 16 59 left 747
object 16 59 right 748
object 17 59 left 745
object 17 59 right 746
object 24 59 left 745
object 24 59 right 746
object 25 59 left 2665
object 26 59 left 2666
object 27 59 left 2667
object 27 59 right 2668
object 31 59 left 4884
object 31 59 right 4885
object 33 59 left 745
object 33 59 right 746
object 34 59 left 4902
object 34 59 right 4903
object 35 59 left 4878
object 35 59 right 4879
object 36 59 left 4900
object 36 59 right 4901
object 38 59 left 4894
object 38 59 right 4895
object 44 59 left 745
object 44 59 right 746
object 50 59 left 747
object 50 59 right 748
object 52 59 left 745
object 52 59 right 746
object 53 59 left 4900
object 53 59 right 4901
object 57 59 left 745
object 57 59 right 746
object 58 59 left 3248
object 58 59 right 3249
object 59 59 left 4908
object 59 59 right 4909
object 64 59 left 745
object 64 59 right 746
object 69 59 right 3270
object 70 59 left 4884
object 70 59 right 4885
object 72 59 left 745
object 72 59 right 746
object 73 59 left 4902
object 73 59 right 4903
object 74 59 left 4878
object 74 59 right 4879
object 75 59 left 4900
object 75 59 right 4901
object 82 59 left 745
object 82 59 right 746
object 87 59 left 747
object 87 59 right 748
object 91 59 left 745
object 91 59 right 746
object 93 59 left 4884
object 93 59 right 4885
object 94 59 left 4886
object 94 59 right 4887
object 95 59 left 745
object 95 59 right 746
object 98 59 left 745
object 98 59 right 746
object 2 60 left 747
object 2 60 right 748
object 3 60 left 745
object 3 60 right 746
object 4 60 left 3248
object 4 60 right 3249
object 5 60 left 4908
object 5 60 right 4909
object 6 60 left 4894
object 6 60 right 4895
object 7 60 left 747
object 7 60 right 748
object 16 60 left 745
object 16 60 right 746
object 19 60 left 745
object 19 60 right 746
object 21 60 left 747
object 21 60 right 748
object 25 60 left 745
object 25 60 right 746
object 31 60 left 745
object 31 60 right 746
object 32 60 left 745
object 32 60 right 746
object 33 60 left 4880
object 33 60 right 4881
object 35 60 left 4894
object 35 60 right 4895
object 36 60 left 747
object 36 60 right 748
object 52 60 left 745
object 52 60 right 746
object 53 60 left 3248
object 53 60 right 3249
object 54 60 left 4908
object 54 60 right 4909
object 56 60 left 745
object 56 60 right 746
object 57 60 left 4884
object 57 60 right 4885
object 58 60 left 4886
object 58 60 right 4887
object 59 60 left 745
object 59 60 right 746
object 63 60 right 3276
object 67 60 left 4900
object 67 60 right 4901
object 69 60 left 3268
object 69 60 right 3269
object 70 60 left 745
object 70 60 right 746
object 71 60 left 745
object 71 60 right 746
object 72 60 left 4880
object 72 60 right 4881
object 74 60 left 4894
object 74 60 right 4895
object 77 60 left 745
object 77 60 right 746
object 83 60 left 747
object 83 60 right 748
object 84 60 left 747
object 84 60 right 748
object 86 60 left 745
object 86 60 right 746
object 92 60 left 747
object 92 60 right 748
object 93 60 left 4884
object 93 60 right 4885
object 95 60 left 745
object 95 60 right 746
object 96 60 left 4902
object 96 60 right 4903
object 97 60 left 4878
object 97 60 right 4879
object 98 60 left 4900
object 98 60 right 4901
object 3 61 left 4884
object 3 61 right 4885
object 4 61 left 4886
object 4 61 right 4887
object 5 61 left 745
object 5 61 right 746
object 14 61 right 2664
object 27 61 left 747
object 27 61 right 748
object 30 61 left 745
object 30 61 right 746
object 31 61 left 4894
object 31 61 right 4895
object 32 61 left 4894
object 32 61 right 4895
object 33 61 left 4902
object 33 61 right 4903
object 34 61 left 4878
object 34 61 right 4879
object 35 61 left 745
object 35 61 right 746
object 49 61 right 3270
object 52 61 left 4884
object 52 61 right 4885
object 53 61 left 4886
object 53 61 right 4887
object 54 61 left 745
object 54 61 right 746
object 56 61 left 747
object 56 61 right 748
object 57 61 left 4884
object 57 61 right 4885
object 58 61 left 747
object 58 61 right 748
object 59 61 left 745
object 59 61 right 746
object 60 61 left 4902
object 60 61 right 4903
object 61 61 left 4878
object 61 61 right 4879
object 62 61 left 4900
object 62 61 right 4901
object 63 61 left 3274
object 63 61 right 3275
object 66 61 left 745
object 66 61 right 746
object 67 61 left 3248
object 67 61 right 3249
object 68 61 left 4908
object 68 61 right 4909
object 70 61 left 4894
object 70 61 right 4895
object 71 61 left 4894
object 71 61 right 4895
object 72 61 left 4902
object 72 61 right 4903
object 73 61 left 4878
object 73 61 right 4879
object 82 61 left 745
object 82 61 right 746
object 86 61 left 745
object 86 61 right 746
object 89 61 left 745
object 89 61 right 746
object 90 61 left 745
object 90 61 right 746
object 93 61 left 745
object 93 61 right 746
object 94 61 left 745
object 94 61 right 746
object 95 61 left 4880
object 95 61 right 4881
object 97 61 left 4894
object 97 61 right 4895
object 98 61 left 745
object 98 61 right 746
object 3 62 left 4884
object 3 62 right 4885
object 5 62 left 745
object 5 62 right 746
object 6 62 left 4902
object 6 62 right 4903
object 7 62 left 4878
object 7 62 right 4879
object 8 62 left 4900
object 8 62 right 4901
object 9 62 left 745
object 9 62 right 746
object 14 62 right 2663
object 19 62 left 747
object 19 62 right 748
object 20 62 left 745
object 20 62 right 746
object 29 62 left 745
object 29 62 right 746
object 32 62 left 4900
object 32 62 right 4901
object 33 62 left 4878
object 33 62 right 4879
object 34 62 left 4878
object 34 62 right 4879
object 43 62 right 2664
object 49 62 left 3268
object 49 62 right 3269
object 52 62 left 4884
object 52 62 right 4885
object 54 62 left 745
object 54 62 right 746
object 55 62 left 4902
object 55 62 right 4903
object 56 62 left 4878
object 56 62 right 4879
object 57 62 left 745
object 57 62 right 746
object 58 62 left 745
object 58 62 right 746
object 59 62 left 4880
object 59 62 right 4881
object 61 62 left 4894
object 61 62 right 4895
object 62 62 left 745
object 62 62 right 746
object 66 62 left 4884
object 66 62 right 4885
object 67 62 left 4886
object 67 62 right 4887
object 68 62 left 745
object 68 62 right 746
object 71 62 left 4900
object 71 62 right 4901
object 72 62 left 4878
object 72 62 right 4879
object 73 62 left 4878
object 73 62 right 4879
object 74 62 left 4900
object 74 62 right 4901
object 84 62 left 745
object 84 62 right 746
object 92 62 left 745
object 92 62 right 746
object 93 62 left 4894
object 93 62 right 4895
object 94 62 left 4894
object 94 62 right 4895
object 95 62 left 4902
object 95 62 right 4903
object 96 62 left 4878
object 96 62 right 4879
object 97 62 right 3270
object 1 63 left 745
object 1 63 right 746
object 3 63 left 745
object 3 63 right 746
object 4 63 left 745
object 4 63 right 746
object 5 63 left 4880
object 5 63 right 4881
object 7 63 left 4894
object 7 63 right 4895
object 8 63 left 747
object 8 63 right 748
object 10 63 left 747
object 10 63 right 748
object 12 63 left 2659
object 13 63 left 2660
object 14 63 left 2661
object 14 63 right 2662
object 31 63 left 747
object 31 63 right 748
object 33 63 left 4894
object 33 63 right 4895
object 34 63 left 4900
object 34 63 right 4901
object 43 63 right 2663
object 52 63 left 745
object 52 63 right 746
object 53 63 left 745
object 53 63 right 746
object 54 63 left 4880
object 54 63 right 4881
object 56 63 left 4894
object 56 63 right 4895
object 57 63 left 4894
object 57 63 right 4895
object 58 63 left 4894
object 58 63 right 4895
object 59 63 left 4902
object 59 63 right 4903
object 60 63 left 4878
object 60 63 right 4879
object 66 63 left 4884
object 66 63 right 4885
object 68 63 left 745
object 68 63 right 746
object 69 63 left 4902
object 69 63 right 4903
object 70 63 left 4878
object 70 63 right 4879
object 71 63 left 4900
object 71 63 right 4901
object 72 63 left 4894
object 72 63 right 4895
object 73 63 left 745
object 73 63 right 746
object 74 63 left 3248
object 74 63 right 3249
object 75 63 left 4908
object 75 63 right 4909
object 81 63 left 745
object 81 63 right 746
object 85 63 left 747
object 85 63 right 748
object 86 63 left 747
object 86 63 right 748
object 89 63 left 745
object 89 63 right 746
object 90 63 left 747
object 90 63 right 748
object 94 63 left 4900
object 94 63 right 4901
object 95 63 left 4878
object 95 63 right 4879
object 96 63 left 4878
object 96 63 right 4879
object 97 63 left 3268
object 97 63 right 3269
object 1 64 left 747
object 1 64 right 748
object 3 64 left 4894
object 3 64 right 4895
object 4 64 left 4894
object 4 64 right 4895
object 5 64 left 4902
object 5 64 right 4903
object 6 64 left 4878
object 6 64 right 4879
object 12 64 left 745
object 12 64 right 746
object 14 64 left 747
object 14 64 right 748
object 15 64 left 745
object 15 64 right 746
object 17 64 left 747
object 17 64 right 748
object 18 64 left 745
object 18 64 right 746
object 20 64 left 747
object 20 64 right 748
object 21 64 left 747
object 21 64 right 748
object 33 64 left 745
object 33 64 right 746
object 34 64 left 3248
object 34 64 right 3249
object 35 64 left 4908
object 35 64 right 4909
object 41 64 left 2659
object 42 64 left 2660
object 43 64 left 2661
object 43 64 right 2662
object 50 64 left 745
object 50 64 right 746
object 52 64 left 4894
object 52 64 right 4895
object 53 64 left 4894
object 53 64 right 4895
object 54 64 left 4902
object 54 64 right 4903
object 55 64 left 4878
object 55 64 right 4879
object 57 64 left 745
object 57 64 right 746
object 58 64 left 4900
object 58 64 right 4901
object 59 64 left 4878
object 59 64 right 4879
object 60 64 left 4878
object 60 64 right 4879
object 62 64 left 4900
object 62 64 right 4901
object 65 64 left 745
object 65 64 right 746
object 66 64 left 745
object 66 64 right 746
object 67 64 left 745
object 67 64 right 746
object 68 64 left 4880
object 68 64 right 4881
object 70 64 left 4894
object 70 64 right 4895
object 73 64 left 4884
object 73 64 right 4885
object 74 64 left 4886
object 74 64 right 4887
object 75 64 left 745
object 75 64 right 746
object 81 64 left 745
object 81 64 right 746
object 84 64 left 745
object 84 64 right 746
object 85 64 left 745
object 85 64 right 746
object 92 64 left 745
object 92 64 right 746
object 95 64 left 4894
object 95 64 right 4895
object 2 65 left 747
object 2 65 right 748
object 4 65 left 4900
object 4 65 right 4901
object 5 65 left 4878
object 5 65 right 4879
object 6 65 left 4878
object 6 65 right 4879
object 12 65 left 747
object 12 65 right 748
object 15 65 left 747
object 15 65 right 748
object 20 65 left 747
object 20 65 right 748
object 22 65 left 745
object 22 65 right 746
object 28 65 right 2664
object 30 65 left 745
object 30 65 right 746
object 33 65 left 4884
object 33 65 right 4885
object 34 65 left 4886
object 34 65 right 4887
object 35 65 left 745
object 35 65 right 746
object 39 65 right 3270
object 40 65 left 747
object 40 65 right 748
object 47 65 left 745
object 47 65 right 746
object 49 65 left 747
object 49 65 right 748
object 53 65 left 4900
object 53 65 right 4901
object 54 65 left 4878
object 54 65 right 4879
object 55 65 left 4878
object 55 65 right 4879
object 59 65 left 4894
object 59 65 right 4895
object 60 65 left 745
object 60 65 right 746
object 61 65 left 745
object 61 65 right 746
object 62 65 left 3248
object 62 65 right 3249
object 63 65 left 4908
object 63 65 right 4909
object 66 65 left 4894
object 66 65 right 4895
object 67 65 left 4894
object 67 65 right 4895
object 68 65 left 4902
object 68 65 right 4903
object 69 65 left 4878
object 69 65 right 4879
object 73 65 left 4884
object 73 65 right 4885
object 75 65 left 745
object 75 65 right 746
object 76 65 left 4902
object 76 65 right 4903
object 77 65 left 4878
object 77 65 right 4879
object 78 65 left 4900
object 78 65 right 4901
object 87 65 left 745
object 87 65 right 746
object 0 66 left 747
object 0 66 right 748
object 5 66 left 4894
object 5 66 right 4895
object 13 66 left 747
object 13 66 right 748
object 18 66 left 747
object 18 66 right 748
object 19 66 left 745
object 19 66 right 746
object 24 66 left 747
object 24 66 right 748
object 28 66 right 2663
object 32 66 left 747
object 32 66 right 748
object 33 66 left 4884
object 33 66 right 4885
object 35 66 left 745
object 35 66 right 746
object 36 66 left 4902
object 36 66 right 4903
object 37 66 left 4878
object 37 66 right 4879
object 38 66 left 4900
object 38 66 right 4901
object 39 66 left 3268
object 39 66 right 3269
object 42 66 left 745
object 42 66 right 746
object 44 66 left 4900
object 44 66 right 4901
object 47 66 left 745
object 47 66 right 746
object 49 66 left 747
object 49 66 right 748
object 51 66 left 745
object 51 66 right 746
object 54 66 left 4894
object 54 66 right 4895
object 61 66 left 4884
object 61 66 right 4885
object 62 66 left 4886
object 62 66 right 4887
object 63 66 left 745
object 63 66 right 746
object 64 66 left 745
object 64 66 right 746
object 67 66 left 4900
object 67 66 right 4901
object 68 66 left 4878
object 68 66 right 4879
object 69 66 left 4878
object 69 66 right 4879
object 70 66 left 747
object 70 66 right 748
object 71 66 left 745
object 71 66 right 746
object 73 66 left 745
object 73 66 right 746
object 74 66 left 745
object 74 66 right 746
object 75 66 left 4880
object 75 66 right 4881
object 77 66 left 4894
object 77 66 right 4895
object 82 66 right 2670
object 85 66 left 745
object 85 66 right 746
object 97 66 left 745
object 97 66 right 746
object 11 67 right 3270
object 14 67 left 745
object 14 67 right 746
object 16 67 left 747
object 16 67 right 748
object 18 67 left 747
object 18 67 right 748
object 19 67 left 745
object 19 67 right 746
object 22 67 left 745
object 22 67 right 746
object 24 67 left 747
object 24 67 right 748
object 26 67 left 2659
object 27 67 left 2660
object 28 67 left 2661
object 28 67 right 2662
object 30 67 left 747
object 30 67 right 748
object 33 67 left 745
object 33 67 right 746
object 34 67 left 745
object 34 67 right 746
object 35 67 left 4880
object 35 67 right 4881
object 37 67 left 4894
object 37 67 right 4895
object 43 67 left 745
object 43 67 right 746
object 44 67 left 3248
object 44 67 right 3249
object 45 67 left 4908
object 45 67 right 4909
object 47 67 left 747
object 47 67 right 748
object 51 67 left 745
object 51 67 right 746
object 59 67 right 2664
object 61 67 left 4884
object 61 67 right 4885
object 63 67 left 745
object 63 67 right 746
object 64 67 left 4902
object 64 67 right 4903
object 65 67 left 4878
object 65 67 right 4879
object 66 67 left 4900
object 66 67 right 4901
object 68 67 left 4894
object 68 67 right 4895
object 69 67 left 745
object 69 67 right 746
object 70 67 left 747
object 70 67 right 748
object 72 67 left 747
object 72 67 right 748
object 73 67 left 4894
object 73 67 right 4895
object 74 67 left 4894
object 74 67 right 4895
object 75 67 left 4902
object 75 67 right 4903
object 76 67 left 4878
object 76 67 right 4879
object 82 67 right 2669
object 86 67 left 747
object 86 67 right 748
object 87 67 left 747
object 87 67 right 748
object 11 68 left 3268
object 11 68 right 3269
object 24 68 left 745
object 24 68 right 746
object 32 68 left 745
object 32 68 right 746
object 33 68 left 4894
object 33 68 right 4895
object 34 68 left 4894
object 34 68 right 4895
object 35 68 left 4902
object 35 68 right 4903
object 36 68 left 4878
object 36 68 right 4879
object 42 68 left 745
object 42 68 right 746
object 43 68 left 4884
object 43 68 right 4885
object 44 68 left 4886
object 44 68 right 4887
object 45 68 left 745
object 45 68 right 746
object 59 68 right 2663
object 60 68 left 747
object 60 68 right 748
object 61 68 left 745
object 61 68 right 746
object 62 68 left 745
object 62 68 right 746
object 63 68 left 4880
object 63 68 right 4881
object 65 68 left 4894
object 65 68 right 4895
object 74 68 left 4900
object 74 68 right 4901
object 75 68 left 4878
object 75 68 right 4879
object 76 68 left 4878
object 76 68 right 4879
object 80 68 left 2665
object 81 68 left 2666
object 82 68 left 2667
object 82 68 right 2668
object 85 68 left 745
object 85 68 right 746
object 86 68 left 745
object 86 68 right 746
object 93 68 right 2664
object 97 68 right 3273
object 1 69 left 745
object 1 69 right 746
object 4 69 right 3276
object 14 69 left 747
object 14 69 right 748
object 15 69 left 745
object 15 69 right 746
object 19 69 left 747
object 19 69 right 748
object 20 69 left 747
object 20 69 right 748
object 24 69 left 747
object 24 69 right 748
object 26 69 left 745
object 26 69 right 746
object 29 69 left 745
object 29 69 right 746
object 34 69 left 4900
object 34 69 right 4901
object 35 69 left 4878
object 35 69 right 4879
object 36 69 left 4878
object 36 69 right 4879
object 38 69 left 745
object 38 69 right 746
object 40 69 left 747
object 40 69 right 748
object 43 69 left 4884
object 43 69 right 4885
object 44 69 left 747
object 44 69 right 748
object 45 69 left 745
object 45 69 right 746
object 46 69 left 4902
object 46 69 right 4903
object 47 69 left 4878
object 47 69 right 4879
object 48 69 left 4900
object 48 69 right 4901
object 50 69 left 747
object 50 69 right 748
object 52 69 left 747
object 52 69 right 748
object 53 69 left 747
object 53 69 right 748
object 54 69 left 745
object 54 69 right 746
object 57 69 left 2659
object 58 69 left 2660
object 59 69 left 2661
object 59 69 right 2662
object 61 69 left 4894
object 61 69 right 4895
object 62 69 left 4894
object 62 69 right 4895
object 63 69 left 4902
object 63 69 right 4903
object 64 69 left 4878
object 64 69 right 4879
object 70 69 left 745
object 70 69 right 746
object 72 69 left 745
object 72 69 right 746
object 74 69 left 745
object 74 69 right 746
object 75 69 left 4894
object 75 69 right 4895
object 77 69 left 745
object 77 69 right 746
object 84 69 left 747
object 84 69 right 748
object 88 69 left 745
object 88 69 right 746
object 89 69 left 745
object 89 69 right 746
object 93 69 right 2663
object 97 69 left 3271
object 97 69 right 3272
object 4 70 left 3274
object 4 70 right 3275
object 19 70 left 747
object 19 70 right 748
object 21 70 left 745
object 21 70 right 746
object 35 70 left 4894
object 35 70 right 4895
object 43 70 left 745
object 43 70 right 746
object 44 70 left 745
object 44 70 right 746
object 45 70 left 4880
object 45 70 right 4881
object 47 70 left 4894
object 47 70 right 4895
object 48 70 left 745
object 48 70 right 746
object 50 70 left 745
object 50 70 right 746
object 52 70 left 745
object 52 70 right 746
object 53 70 right 2670
object 54 70 left 745
object 54 70 right 746
object 55 70 left 747
object 55 70 right 748
object 56 70 left 4900
object 56 70 right 4901
object 61 70 left 745
object 61 70 right 746
object 62 70 left 4900
object 62 70 right 4901
object 63 70 left 4878
object 63 70 right 4879
object 64 70 left 4878
object 64 70 right 4879
object 70 70 right 2670
object 86 70 left 745
object 86 70 right 746
object 91 70 left 745
object 91 70 right 746
object 92 70 left 2660
object 93 70 left 2661
object 93 70 right 2662
object 96 70 left 745
object 96 70 right 746
object 1 71 left 745
object 1 71 right 746
object 4 71 left 745
object 4 71 right 746
object 11 71 right 2664
object 13 71 left 745
object 13 71 right 746
object 15 71 left 747
object 15 71 right 748
object 16 71 left 747
object 16 71 right 748
object 18 71 left 745
object 18 71 right 746
object 28 71 left 747
object 28 71 right 748
object 35 71 left 747
object 35 71 right 748
object 43 71 left 4894
object 43 71 right 4895
object 44 71 left 4894
object 44 71 right 4895
object 45 71 left 4902
object 45 71 right 4903
object 46 71 left 4878
object 46 71 right 4879
object 52 71 left 745
object 53 71 left 745
object 53 71 right 2669
object 55 71 left 745
object 55 71 right 746
object 56 71 left 3248
object 56 71 right 3249
object 57 71 left 4908
object 57 71 right 4909
object 59 71 left 745
object 59 71 right 746
object 60 71 left 747
object 60 71 right 748
object 63 71 left 4894
object 63 71 right 4895
object 64 71 left 745
object 64 71 right 746
object 70 71 left 745
object 70 71 right 2669
object 87 71 left 747
object 87 71 right 748
object 88 71 left 747
object 88 71 right 748
object 89 71 left 747
object 89 71 right 748
object 95 71 left 745
object 95 71 right 746
object 3 72 left 747
object 3 72 right 748
object 6 72 left 4900
object 6 72 right 4901
object 11 72 right 2663
object 15 72 left 747
object 15 72 right 748
object 17 72 left 745
object 17 72 right 746
object 21 72 left 745
object 21 72 right 746
object 37 72 left 745
object 37 72 right 746
object 39 72 left 747
object 39 72 right 748
object 44 72 left 4900
object 44 72 right 4901
object 45 72 left 4878
object 45 72 right 4879
object 46 72 left 4878
object 46 72 right 4879
object 48 72 left 747
object 48 72 right 748
object 51 72 left 2665
object 52 72 left 2666
object 53 72 left 2667
object 53 72 right 2668
object 55 72 left 4884
object 55 72 right 4885
object 56 72 left 4886
object 56 72 right 4887
object 57 72 left 745
object 57 72 right 746
object 63 72 left 747
object 63 72 right 748
object 68 72 left 2665
object 69 72 left 2666
object 70 72 left 2667
object 70 72 right 2668
object 82 72 left 745
object 82 72 right 746
object 86 72 left 745
object 86 72 right 746
object 87 72 left 745
object 87 72 right 746
object 98 72 left 745
object 98 72 right 746
object 5 73 left 745
object 5 73 right 746
object 6 73 left 3248
object 6 73 right 3249
object 7 73 left 4908
object 7 73 right 4909
object 8 73 left 747
object 8 73 right 748
object 9 73 left 2659
object 10 73 left 2660
object 11 73 left 2661
object 11 73 right 2662
object 13 73 left 747
object 13 73 right 748
object 14 73 left 745
object 14 73 right 746
object 19 73 left 747
object 19 73 right 748
object 38 73 left 745
object 38 73 right 746
object 45 73 left 4894
object 45 73 right 4895
object 54 73 left 747
object 54 73 right 748
object 55 73 left 4884
object 55 73 right 4885
object 57 73 left 745
object 57 73 right 746
object 58 73 left 4902
object 58 73 right 4903
object 59 73 left 4878
object 59 73 right 4879
object 60 73 left 4900
object 60 73 right 4901
object 62 73 left 745
object 62 73 right 746
object 70 73 left 745
object 70 73 right 746
object 72 73 left 745
object 72 73 right 746
object 81 73 left 745
object 81 73 right 746
object 87 73 left 745
object 87 73 right 746
object 91 73 left 745
object 91 73 right 746
object 96 73 left 747
object 96 73 right 748
object 97 73 left 745
object 97 73 right 746
object 5 74 left 4884
object 5 74 right 4885
object 6 74 left 4886
object 6 74 right 4887
object 7 74 left 745
object 7 74 right 746
object 21 74 left 747
object 21 74 right 748
object 22 74 left 745
object 22 74 right 746
object 24 74 left 747
object 24 74 right 748
object 30 74 left 745
object 30 74 right 746
object 55 74 left 745
object 55 74 right 746
object 56 74 left 745
object 56 74 right 746
object 57 74 left 4880
object 57 74 right 4881
object 59 74 left 4894
object 59 74 right 4895
object 85 74 left 745
object 85 74 right 746
object 92 74 left 747
object 92 74 right 748
object 93 74 left 747
object 93 74 right 748
object 4 75 left 745
object 4 75 right 746
object 5 75 left 4884
object 5 75 right 4885
object 7 75 left 745
object 7 75 right 746
object 8 75 left 4902
object 8 75 right 4903
object 9 75 left 4878
object 9 75 right 4879
object 10 75 left 4900
object 10 75 right 4901
object 13 75 left 745
object 13 75 right 746
object 14 75 left 745
object 14 75 right 746
object 16 75 left 747
object 16 75 right 748
object 17 75 left 747
object 17 75 right 748
object 22 75 left 747
object 22 75 right 748
object 29 75 right 2664
object 37 75 right 2670
object 40 75 left 745
object 40 75 right 746
object 55 75 left 4894
object 55 75 right 4895
object 56 75 left 4894
object 56 75 right 4895
object 57 75 left 4902
object 57 75 right 4903
object 58 75 left 4878
object 58 75 right 4879
object 64 75 left 745
object 64 75 right 746
object 65 75 left 745
object 65 75 right 746
object 67 75 left 745
object 67 75 right 746
object 75 75 left 745
object 75 75 right 746
object 86 75 left 747
object 86 75 right 748
object 87 75 left 747
object 87 75 right 748
object 96 75 right 3276
object 98 75 left 745
object 98 75 right 746
object 99 75 left 745
object 99 75 right 746
object 4 76 right 2664
object 5 76 left 745
object 5 76 right 746
object 6 76 left 745
object 6 76 right 746
object 7 76 left 4880
object 7 76 right 4881
object 9 76 left 4894
object 9 76 right 4895
object 12 76 left 747
object 12 76 right 748
object 16 76 left 747
object 16 76 right 748
object 18 76 left 745
object 18 76 right 746
object 29 76 right 2663
object 32 76 left 747
object 32 76 right 748
object 37 76 right 2669
object 39 76 left 747
object 39 76 right 748
object 40 76 left 745
object 40 76 right 746
object 42 76 left 747
object 42 76 right 748
object 48 76 right 2670
object 56 76 left 4900
object 56 76 right 4901
object 57 76 left 4878
object 57 76 right 4879
object 58 76 left 4878
object 58 76 right 4879
object 76 76 left 745
object 76 76 right 746
object 81 76 right 2670
object 82 76 left 745
object 82 76 right 746
object 85 76 left 745
object 85 76 right 746
object 86 76 left 745
object 86 76 right 746
object 96 76 left 3274
object 96 76 right 3275
object 1 77 left 745
object 1 77 right 746
object 4 77 right 2663
object 5 77 left 4894
object 5 77 right 4895
object 6 77 left 4894
object 6 77 right 4895
object 7 77 left 4902
object 7 77 right 4903
object 8 77 left 4878
object 8 77 right 4879
object 14 77 left 747
object 14 77 right 748
object 15 77 left 745
object 15 77 right 746
object 19 77 left 747
object 19 77 right 748
object 21 77 left 745
object 21 77 right 746
object 23 77 left 747
object 23 77 right 748
object 27 77 left 745
object 27 77 right 746
object 28 77 left 2660
object 29 77 left 2661
object 29 77 right 2662
object 32 77 left 745
object 32 77 right 746
object 33 77 left 745
object 33 77 right 746
object 34 77 left 747
object 34 77 right 748
object 35 77 left 2665
object 36 77 left 2666
object 37 77 left 2667
object 37 77 right 2668
object 42 77 left 745
object 42 77 right 746
object 48 77 right 2669
object 50 77 left 747
object 50 77 right 748
object 57 77 left 4894
object 57 77 right 4895
object 60 77 left 747
object 60 77 right 748
object 81 77 right 2669
object 87 77 left 745
object 87 77 right 746
object 2 78 left 2659
object 3 78 left 2660
object 4 78 left 2661
object 4 78 right 2662
object 6 78 left 4900
object 6 78 right 4901
object 7 78 left 4878
object 7 78 right 4879
object 8 78 left 4878
object 8 78 right 4879
object 18 78 left 747
object 18 78 right 748
object 20 78 left 745
object 20 78 right 746
object 25 78 left 745
object 25 78 right 746
object 28 78 left 745
object 28 78 right 746
object 32 78 left 745
object 32 78 right 746
object 36 78 left 745
object 36 78 right 746
object 42 78 left 745
object 42 78 right 746
object 46 78 left 2665
object 47 78 left 2666
object 48 78 left 2667
object 48 78 right 2668
object 51 78 left 745
object 51 78 right 746
object 79 78 left 2665
object 80 78 left 2666
object 81 78 left 2667
object 81 78 right 2668
object 85 78 left 745
object 85 78 right 746
object 89 78 left 745
object 89 78 right 746
object 94 78 right 2670
object 96 78 left 747
object 96 78 right 748
object 1 79 left 745
object 1 79 right 746
object 4 79 left 747
object 4 79 right 748
object 6 79 left 745
object 6 79 right 746
object 7 79 left 4894
object 7 79 right 4895
object 15 79 left 745
object 15 79 right 746
object 16 79 left 747
object 16 79 right 748
object 17 79 left 745
object 17 79 right 746
object 21 79 left 747
object 21 79 right 748
object 22 79 left 745
object 22 79 right 746
object 26 79 left 747
object 26 79 right 748
object 27 79 left 747
object 27 79 right 748
object 30 79 left 745
object 30 79 right 746
object 34 79 left 745
object 34 79 right 746
object 39 79 left 745
object 39 79 right 746
object 40 79 left 745
object 40 79 right 746
object 45 79 left 747
object 45 79 right 748
object 50 79 left 747
object 50 79 right 748
object 59 79 left 745
object 59 79 right 746
object 68 79 left 745
object 68 79 right 746
object 87 79 left 745
object 87 79 right 746
object 94 79 right 2669
object 97 79 left 745
object 97 79 right 746
object 3 80 left 745
object 3 80 right 746
object 4 80 left 745
object 4 80 right 746
object 15 80 right 2670
object 18 80 left 745
object 18 80 right 746
object 25 80 left 745
object 25 80 right 746
object 26 80 left 745
object 26 80 right 746
object 28 80 left 747
object 28 80 right 748
object 31 80 left 747
object 31 80 right 748
object 32 80 left 747
object 32 80 right 748
object 35 80 left 747
object 35 80 right 748
object 36 80 left 747
object 36 80 right 748
object 37 80 left 745
object 37 80 right 746
object 41 80 left 747
object 41 80 right 748
object 42 80 left 747
object 42 80 right 748
object 46 80 left 745
object 46 80 right 746
object 51 80 left 745
object 51 80 right 746
object 57 80 left 745
object 57 80 right 746
object 67 80 right 2670
object 72 80 right 3276
object 78 80 right 2664
object 83 80 left 745
object 83 80 right 746
object 85 80 left 745
object 85 80 right 746
object 88 80 left 747
object 88 80 right 748
object 89 80 left 747
object 89 80 right 748
object 92 80 left 2665
object 93 80 left 2666
object 94 80 left 2667
object 94 80 right 2668
object 4 81 left 745
object 4 81 right 746
object 6 81 left 4900
object 6 81 right 4901
object 15 81 right 2669
object 17 81 left 745
object 17 81 right 746
object 18 81 left 747
object 18 81 right 748
object 20 81 left 745
object 20 81 right 746
object 22 81 left 747
object 22 81 right 748
object 23 81 left 747
object 23 81 right 748
object 26 81 left 745
object 26 81 right 746
object 27 81 left 745
object 27 81 right 746
object 30 81 left 745
object 30 81 right 746
object 31 81 left 745
object 31 81 right 746
object 34 81 left 745
object 34 81 right 746
object 35 81 left 745
object 35 81 right 746
object 38 81 left 747
object 38 81 right 748
object 39 81 left 747
object 39 81 right 748
object 40 81 left 745
object 40 81 right 746
object 41 81 left 745
object 41 81 right 746
object 44 81 left 745
object 44 81 right 746
object 49 81 left 745
object 49 81 right 746
object 53 81 left 745
object 53 81 right 746
object 58 81 left 747
object 58 81 right 748
object 59 81 left 747
object 59 81 right 748
object 61 81 left 747
object 61 81 right 748
object 62 81 left 747
object 62 81 right 748
object 67 81 right 2669
object 72 81 left 3274
object 72 81 right 3275
object 78 81 right 2663
object 80 81 left 745
object 80 81 right 746
object 81 81 left 745
object 81 81 right 746
object 83 81 left 745
object 83 81 right 746
object 87 81 left 745
object 87 81 right 746
object 88 81 left 745
object 88 81 right 746
object 92 81 left 745
object 92 81 right 746
object 3 82 right 3276
object 5 82 left 745
object 5 82 right 746
object 6 82 left 3248
object 6 82 right 3249
object 7 82 left 4908
object 7 82 right 4909
object 13 82 left 2665
object 14 82 left 2666
object 15 82 left 2667
object 15 82 right 2668
object 19 82 left 745
object 19 82 right 746
object 22 82 left 747
object 22 82 right 748
object 24 82 left 745
object 24 82 right 746
object 33 82 left 745
object 33 82 right 746
object 34 82 left 745
object 34 82 right 746
object 37 82 left 745
object 37 82 right 746
object 38 82 left 745
object 38 82 right 746
object 40 82 left 745
object 40 82 right 746
object 41 82 left 745
object 41 82 right 746
object 45 82 left 747
object 45 82 right 748
object 46 82 left 747
object 46 82 right 748
object 50 82 left 747
object 50 82 right 748
object 51 82 left 747
object 51 82 right 748
object 54 82 left 745
object 54 82 right 746
object 55 82 left 745
object 55 82 right 746
object 57 82 left 745
object 57 82 right 746
object 58 82 left 745
object 58 82 right 746
object 62 82 left 745
object 62 82 right 746
object 65 82 left 745
object 65 82 right 746
object 66 82 left 2666
object 67 82 left 2667
object 67 82 right 2668
object 70 82 left 745
object 70 82 right 746
object 75 82 left 745
object 75 82 right 746
object 76 82 left 2659
object 77 82 left 2660
object 78 82 left 2661
object 78 82 right 2662
object 83 82 left 745
object 83 82 right 746
object 85 82 left 745
object 85 82 right 746
object 88 82 left 745
object 88 82 right 746
object 89 82 left 747
object 89 82 right 748
object 94 82 left 745
object 94 82 right 746
object 97 82 left 745
object 97 82 right 746
object 1 83 left 745
object 1 83 right 746
object 3 83 left 3274
object 3 83 right 3275
object 5 83 left 4884
object 5 83 right 4885
object 6 83 left 4886
object 6 83 right 4887
object 7 83 left 745
object 7 83 right 746
object 20 83 left 747
object 20 83 right 748
object 21 83 left 745
object 21 83 right 746
object 29 83 left 745
object 29 83 right 746
object 30 83 left 747
object 30 83 right 748
object 38 83 left 747
object 38 83 right 748
object 40 83 left 745
object 40 83 right 746
object 44 83 left 745
object 44 83 right 746
object 45 83 left 745
object 45 83 right 746
object 49 83 left 745
object 49 83 right 746
object 50 83 left 745
object 50 83 right 746
object 52 83 left 747
object 52 83 right 748
object 53 83 left 747
object 53 83 right 748
object 57 83 left 745
object 57 83 right 746
object 60 83 left 745
object 60 83 right 746
object 63 83 left 745
object 63 83 right 746
object 68 83 left 745
object 68 83 right 746
object 71 83 left 745
object 71 83 right 746
object 81 83 left 745
object 81 83 right 746
object 86 83 left 745
object 86 83 right 746
object 5 84 left 4884
object 5 84 right 4885
object 7 84 left 745
object 7 84 right 746
object 8 84 left 4902
object 8 84 right 4903
object 9 84 left 4878
object 9 84 right 4879
object 10 84 left 4900
object 10 84 right 4901
object 16 84 left 745
object 16 84 right 746
object 19 84 left 747
object 19 84 right 748
object 20 84 left 745
object 20 84 right 746
object 40 84 left 747
object 40 84 right 748
object 43 84 left 745
object 43 84 right 746
object 51 84 left 745
object 51 84 right 746
object 52 84 left 745
object 52 84 right 746
object 54 84 left 747
object 54 84 right 748
object 55 84 left 747
object 55 84 right 748
object 58 84 left 747
object 58 84 right 748
object 59 84 left 747
object 59 84 right 748
object 61 84 left 747
object 61 84 right 748
object 62 84 left 747
object 62 84 right 748
object 64 84 left 747
object 64 84 right 748
object 65 84 left 747
object 65 84 right 748
object 66 84 left 745
object 66 84 right 746
object 69 84 left 745
object 69 84 right 746
object 72 84 left 745
object 72 84 right 746
object 74 84 left 745
object 74 84 right 746
object 76 84 left 745
object 76 84 right 746
object 82 84 left 747
object 82 84 right 748
object 83 84 left 747
object 83 84 right 748
object 84 84 left 747
object 84 84 right 748
object 85 84 left 747
object 85 84 right 748
object 87 84 left 747
object 87 84 right 748
object 88 84 left 747
object 88 84 right 748
object 89 84 left 747
object 89 84 right 748
object 96 84 left 745
object 96 84 right 746
object 2 85 left 745
object 2 85 right 746
object 4 85 left 747
object 4 85 right 748
object 5 85 left 745
object 5 85 right 746
object 6 85 left 745
object 6 85 right 746
object 7 85 left 4880
object 7 85 right 4881
object 9 85 left 4894
object 9 85 right 4895
object 15 85 right 2664
object 19 85 left 745
object 19 85 right 746
object 22 85 left 747
object 22 85 right 748
object 23 85 left 745
object 23 85 right 746
object 25 85 left 747
object 25 85 right 748
object 26 85 left 747
object 26 85 right 748
object 30 85 right 3270
object 39 85 left 745
object 39 85 right 746
object 47 85 left 745
object 47 85 right 746
object 49 85 left 745
object 49 85 right 746
object 52 85 left 745
object 52 85 right 746
object 53 85 left 745
object 53 85 right 746
object 57 85 left 745
object 57 85 right 746
object 58 85 left 745
object 58 85 right 746
object 60 85 left 745
object 60 85 right 746
object 61 85 left 745
object 61 85 right 746
object 63 85 left 745
object 63 85 right 746
object 64 85 left 745
object 64 85 right 746
object 67 85 left 747
object 67 85 right 748
object 68 85 left 747
object 68 85 right 748
object 70 85 left 747
object 70 85 right 748
object 71 85 left 747
object 71 85 right 748
object 76 85 left 745
object 76 85 right 746
object 81 85 left 745
object 81 85 right 746
object 82 85 left 745
object 82 85 right 746
object 84 85 left 745
object 84 85 right 746
object 86 85 left 745
object 86 85 right 746
object 87 85 left 745
object 87 85 right 746
object 98 85 left 745
object 98 85 right 746
object 1 86 left 745
object 1 86 right 746
object 2 86 left 747
object 2 86 right 748
object 5 86 left 4894
object 5 86 right 4895
object 6 86 left 4894
object 6 86 right 4895
object 7 86 left 4902
object 7 86 right 4903
object 8 86 left 4878
object 8 86 right 4879
object 15 86 right 2663
object 23 86 left 747
object 23 86 right 748
object 30 86 left 3268
object 30 86 right 3269
object 39 86 left 747
object 39 86 right 748
object 40 86 left 4900
object 40 86 right 4901
object 46 86 left 747
object 46 86 right 748
object 51 86 left 745
object 51 86 right 746
object 63 86 left 745
object 63 86 right 746
object 64 86 left 745
object 64 86 right 746
object 66 86 left 745
object 66 86 right 746
object 67 86 left 745
object 67 86 right 746
object 69 86 left 745
object 69 86 right 746
object 70 86 left 745
object 70 86 right 746
object 72 86 left 747
object 72 86 right 748
object 74 86 left 745
object 74 86 right 746
object 77 86 left 745
object 77 86 right 746
object 79 86 left 745
object 79 86 right 746
object 82 86 left 747
object 82 86 right 748
object 83 86 left 747
object 83 86 right 748
object 91 86 left 745
object 91 86 right 746
object 96 86 right 2664
object 97 86 left 747
object 97 86 right 748
object 2 87 left 747
object 2 87 right 748
object 4 87 right 2670
object 6 87 left 4900
object 6 87 right 4901
object 7 87 left 4878
object 7 87 right 4879
object 8 87 left 4878
object 8 87 right 4879
object 13 87 left 2659
object 14 87 left 2660
object 15 87 left 2661
object 15 87 right 2662
object 19 87 left 747
object 19 87 right 748
object 20 87 left 745
object 20 87 right 746
object 21 87 left 747
object 21 87 right 748
object 28 87 left 745
object 28 87 right 746
object 30 87 left 747
object 30 87 right 748
object 38 87 right 2670
object 39 87 left 745
object 39 87 right 746
object 40 87 left 3248
object 40 87 right 3249
object 41 87 left 4908
object 41 87 right 4909
object 49 87 left 747
object 49 87 right 748
object 53 87 left 745
object 53 87 right 746
object 56 87 left 745
object 56 87 right 746
object 66 87 left 745
object 66 87 right 746
object 67 87 left 745
object 67 87 right 746
object 70 87 left 745
object 70 87 right 746
object 71 87 left 745
object 71 87 right 746
object 75 87 left 745
object 75 87 right 746
object 80 87 left 747
object 80 87 right 748
object 81 87 left 747
object 81 87 right 748
object 82 87 left 745
object 82 87 right 746
object 84 87 left 745
object 84 87 right 746
object 91 87 left 747
object 91 87 right 748
object 96 87 right 2663
object 1 88 left 745
object 1 88 right 746
object 4 88 left 745
object 4 88 right 2669
object 7 88 left 4894
object 7 88 right 4895
object 17 88 left 745
object 17 88 right 746
object 19 88 left 747
object 19 88 right 748
object 22 88 left 745
object 22 88 right 746
object 24 88 left 747
object 24 88 right 748
object 33 88 left 745
object 33 88 right 746
object 38 88 right 2669
object 39 88 left 4884
object 39 88 right 4885
object 40 88 left 4886
object 40 88 right 4887
object 41 88 left 745
object 41 88 right 746
object 47 88 left 745
object 47 88 right 746
object 51 88 left 745
object 51 88 right 746
object 65 88 left 747
object 65 88 right 748
object 66 88 left 747
object 66 88 right 748
object 69 88 left 4900
object 69 88 right 4901
object 73 88 left 747
object 73 88 right 748
object 74 88 left 747
object 74 88 right 748
object 76 88 left 747
object 76 88 right 748
object 77 88 left 747
object 77 88 right 748
object 78 88 left 747
object 78 88 right 748
object 79 88 left 747
object 79 88 right 748
object 80 88 left 745
object 80 88 right 746
object 83 88 left 745
object 83 88 right 746
object 86 88 left 4900
object 86 88 right 4901
object 94 88 left 2659
object 95 88 left 2660
object 96 88 left 2661
object 96 88 right 2662
object 98 88 left 745
object 98 88 right 746
object 2 89 left 2665
object 3 89 left 2666
object 4 89 left 2667
object 4 89 right 2668
object 15 89 left 747
object 15 89 right 748
object 18 89 left 747
object 18 89 right 748
object 34 89 left 747
object 34 89 right 748
object 35 89 left 4900
object 35 89 right 4901
object 36 89 left 2665
object 37 89 left 2666
object 38 89 left 2667
object 38 89 right 2668
object 39 89 left 4884
object 39 89 right 4885
object 40 89 left 747
object 40 89 right 748
object 41 89 left 745
object 41 89 right 746
object 42 89 left 4902
object 42 89 right 4903
object 43 89 left 4878
object 43 89 right 4879
object 44 89 left 4900
object 44 89 right 4901
object 50 89 left 745
object 50 89 right 746
object 68 89 left 745
object 68 89 right 746
object 69 89 left 3248
object 69 89 right 3249
object 70 89 left 4908
object 70 89 right 4909
object 72 89 left 745
object 72 89 right 746
object 73 89 left 745
object 73 89 right 746
object 75 89 left 745
object 75 89 right 746
object 76 89 left 745
object 76 89 right 746
object 85 89 left 745
object 85 89 right 746
object 86 89 left 3248
object 86 89 right 3249
object 87 89 left 4908
object 87 89 right 4909
object 93 89 left 745
object 93 89 right 746
object 95 89 left 4900
object 95 89 right 4901
object 3 90 left 747
object 3 90 right 748
object 7 90 left 4900
object 7 90 right 4901
object 9 90 right 3270
object 14 90 right 2670
object 17 90 left 745
object 17 90 right 746
object 19 90 left 745
object 19 90 right 746
object 22 90 left 747
object 22 90 right 748
object 23 90 left 745
object 23 90 right 746
object 33 90 left 745
object 33 90 right 746
object 34 90 left 745
object 34 90 right 746
object 35 90 left 3248
object 35 90 right 3249
object 36 90 left 4908
object 36 90 right 4909
object 39 90 left 745
object 39 90 right 746
object 40 90 left 745
object 40 90 right 746
object 41 90 left 4880
object 41 90 right 4881
object 43 90 left 4894
object 43 90 right 4895
object 68 90 left 4884
object 68 90 right 4885
object 69 90 left 4886
object 69 90 right 4887
object 70 90 left 745
object 70 90 right 746
object 76 90 left 745
object 76 90 right 746
object 82 90 left 745
object 82 90 right 746
object 85 90 left 4884
object 85 90 right 4885
object 86 90 left 4886
object 86 90 right 4887
object 87 90 left 745
object 87 90 right 746
object 94 90 left 745
object 94 90 right 746
object 95 90 left 3248
object 95 90 right 3249
object 96 90 left 4908
object 96 90 right 4909
object 97 90 left 747
object 97 90 right 748
object 98 90 left 745
object 98 90 right 746
object 5 91 left 747
object 5 91 right 748
object 6 91 left 745
object 6 91 right 746
object 7 91 left 3248
object 7 91 right 3249
object 8 91 left 4908
object 8 91 right 4909
object 9 91 left 3268
object 9 91 right 3269
object 14 91 right 2669
object 20 91 left 747
object 20 91 right 748
object 31 91 right 2670
object 34 91 left 4884
object 34 91 right 4885
object 35 91 left 4886
object 35 91 right 4887
object 36 91 left 745
object 36 91 right 746
object 37 91 left 745
object 37 91 right 746
object 39 91 left 4894
object 39 91 right 4895
object 40 91 left 4894
object 40 91 right 4895
object 41 91 left 4902
object 41 91 right 4903
object 42 91 left 4878
object 42 91 right 4879
object 49 91 right 2664
object 52 91 left 745
object 52 91 right 746
object 53 91 left 747
object 53 91 right 748
object 60 91 right 2664
object 66 91 right 2670
object 68 91 left 4884
object 68 91 right 4885
object 70 91 left 745
object 70 91 right 746
object 71 91 left 4902
object 71 91 right 4903
object 72 91 left 4878
object 72 91 right 4879
object 73 91 left 4900
object 73 91 right 4901
object 75 91 left 747
object 75 91 right 748
object 84 91 left 747
object 84 91 right 748
object 85 91 left 4884
object 85 91 right 4885
object 87 91 left 745
object 87 91 right 746
object 88 91 left 4902
object 88 91 right 4903
object 89 91 left 4878
object 89 91 right 4879
object 90 91 left 4900
object 90 91 right 4901
object 93 91 right 2670
object 94 91 left 4884
object 94 91 right 4885
object 95 91 left 4886
object 95 91 right 4887
object 96 91 left 745
object 96 91 right 746
object 1 92 left 745
object 1 92 right 746
object 6 92 left 4884
object 6 92 right 4885
object 7 92 left 4886
object 7 92 right 4887
object 8 92 left 745
object 8 92 right 746
object 12 92 left 2665
object 13 92 left 2666
object 14 92 left 2667
object 14 92 right 2668
object 19 92 left 747
object 19 92 right 748
object 21 92 left 745
object 21 92 right 746
object 23 92 left 747
object 23 92 right 748
object 24 92 left 747
object 24 92 right 748
object 31 92 right 2669
object 34 92 left 4884
object 34 92 right 4885
object 36 92 left 745
object 36 92 right 746
object 37 92 left 4902
object 37 92 right 4903
object 38 92 left 4878
object 38 92 right 4879
object 39 92 left 4900
object 39 92 right 4901
object 40 92 left 4900
object 40 92 right 4901
object 41 92 left 4878
object 41 92 right 4879
object 42 92 left 4878
object 42 92 right 4879
object 49 92 right 2663
object 53 92 left 4900
object 53 92 right 4901
object 55 92 left 745
object 55 92 right 746
object 60 92 right 2663
object 66 92 right 2669
object 68 92 left 745
object 68 92 right 746
object 69 92 left 745
object 69 92 right 746
object 70 92 left 4880
object 70 92 right 4881
object 72 92 left 4894
object 72 92 right 4895
object 77 92 left 747
object 77 92 right 748
object 85 92 left 745
object 85 92 right 746
object 86 92 left 745
object 86 92 right 746
object 87 92 left 4880
object 87 92 right 4881
object 89 92 left 4894
object 89 92 right 4895
object 93 92 right 2669
object 94 92 left 4884
object 94 92 right 4885
object 96 92 left 745
object 96 92 right 746
object 97 92 left 4902
object 97 92 right 4903
object 98 92 left 4878
object 98 92 right 4879
object 99 92 left 4900
object 99 92 right 4901
object 3 93 left 4900
object 3 93 right 4901
object 5 93 right 3270
object 6 93 left 4884
object 6 93 right 4885
object 8 93 left 745
object 8 93 right 746
object 9 93 left 4902
object 9 93 right 4903
object 10 93 left 4878
object 10 93 right 4879
object 11 93 left 4900
object 11 93 right 4901
object 16 93 left 745
object 16 93 right 746
object 17 93 left 747
object 17 93 right 748
object 23 93 left 747
object 23 93 right 748
object 25 93 left 745
object 25 93 right 746
object 27 93 left 747
object 27 93 right 748
object 29 93 left 2665
object 30 93 left 2666
object 31 93 left 2667
object 31 93 right 2668
object 34 93 left 745
object 34 93 right 746
object 35 93 left 745
object 35 93 right 746
object 36 93 left 4880
object 36 93 right 4881
object 38 93 left 4894
object 38 93 right 4895
object 41 93 left 4894
object 41 93 right 4895
object 46 93 left 745
object 46 93 right 746
object 47 93 left 2659
object 48 93 left 2660
object 49 93 left 2661
object 49 93 right 2662
object 52 93 left 745
object 52 93 right 746
object 53 93 left 3248
object 53 93 right 3249
object 54 93 left 4908
object 54 93 right 4909
object 58 93 left 2659
object 59 93 left 2660
object 60 93 left 2661
object 60 93 right 2662
object 62 93 left 747
object 62 93 right 748
object 64 93 left 2665
object 65 93 left 2666
object 66 93 left 2667
object 66 93 right 2668
object 68 93 left 4894
object 68 93 right 4895
object 69 93 left 4894
object 69 93 right 4895
object 70 93 left 4902
object 70 93 right 4903
object 71 93 left 4878
object 71 93 right 4879
object 73 93 left 745
object 73 93 right 746
object 79 93 left 745
object 79 93 right 746
object 85 93 left 4894
object 85 93 right 4895
object 86 93 left 4894
object 86 93 right 4895
object 87 93 left 4902
object 87 93 right 4903
object 88 93 left 4878
object 88 93 right 4879
object 91 93 left 2665
object 92 93 left 2666
object 93 93 left 2667
object 93 93 right 2668
object 94 93 left 745
object 94 93 right 746
object 95 93 left 745
object 95 93 right 746
object 96 93 left 4880
object 96 93 right 4881
object 98 93 left 4894
object 98 93 right 4895
object 2 94 left 745
object 2 94 right 746
object 3 94 left 3248
object 3 94 right 3249
object 4 94 left 4908
object 4 94 right 4909
object 5 94 left 3268
object 5 94 right 3269
object 6 94 left 745
object 6 94 right 746
object 7 94 left 745
object 7 94 right 746
object 8 94 left 4880
object 8 94 right 4881
object 10 94 left 4894
object 10 94 right 4895
object 21 94 left 747
object 21 94 right 748
object 22 94 left 745
object 22 94 right 746
object 33 94 left 745
object 33 94 right 746
object 34 94 left 4894
object 34 94 right 4895
object 35 94 left 4894
object 35 94 right 4895
object 36 94 left 4902
object 36 94 right 4903
object 37 94 left 4878
object 37 94 right 4879
object 43 94 left 747
object 43 94 right 748
object 52 94 left 4884
object 52 94 right 4885
object 53 94 left 4886
object 53 94 right 4887
object 54 94 left 745
object 54 94 right 746
object 58 94 left 747
object 58 94 right 748
object 69 94 left 4900
object 69 94 right 4901
object 70 94 left 4878
object 70 94 right 4879
object 71 94 left 4878
object 71 94 right 4879
object 86 94 left 4900
object 86 94 right 4901
object 87 94 left 4878
object 87 94 right 4879
object 88 94 left 4878
object 88 94 right 4879
object 92 94 left 747
object 92 94 right 748
object 94 94 left 4894
object 94 94 right 4895
object 95 94 left 4894
object 95 94 right 4895
object 96 94 left 4902
object 96 94 right 4903
object 97 94 left 4878
object 97 94 right 4879
object 98 94 right 3273
object 2 95 left 4884
object 2 95 right 4885
object 3 95 left 4886
object 3 95 right 4887
object 4 95 left 745
object 4 95 right 746
object 6 95 left 4894
object 6 95 right 4895
object 7 95 left 4894
object 7 95 right 4895
object 8 95 left 4902
object 8 95 right 4903
object 9 95 left 4878
object 9 95 right 4879
object 17 95 left 747
object 17 95 right 748
object 20 95 left 747
object 20 95 right 748
object 25 95 left 747
object 25 95 right 748
object 26 95 left 745
object 26 95 right 746
object 35 95 left 4900
object 35 95 right 4901
object 36 95 left 4878
object 36 95 right 4879
object 37 95 left 4878
object 37 95 right 4879
object 41 95 right 3270
object 47 95 right 3273
object 49 95 left 745
object 49 95 right 746
object 52 95 left 4884
object 52 95 right 4885
object 54 95 left 745
object 54 95 right 746
object 55 95 left 4902
object 55 95 right 4903
object 56 95 left 4878
object 56 95 right 4879
object 57 95 left 4900
object 57 95 right 4901
object 59 95 left 745
object 59 95 right 746
object 60 95 left 745
object 60 95 right 746
object 63 95 left 745
object 63 95 right 746
object 70 95 left 4894
object 70 95 right 4895
object 72 95 left 745
object 72 95 right 746
object 81 95 left 747
object 81 95 right 748
object 86 95 right 2664
object 87 95 left 4894
object 87 95 right 4895
object 95 95 left 4900
object 95 95 right 4901
object 96 95 left 4878
object 96 95 right 4879
object 97 95 left 4878
object 97 95 right 4879
object 98 95 left 3271
object 98 95 right 3272
object 1 96 left 745
object 1 96 right 746
object 2 96 left 4884
object 2 96 right 4885
object 4 96 left 745
object 4 96 right 746
object 5 96 left 4902
object 5 96 right 4903
object 6 96 left 4878
object 6 96 right 4879
object 7 96 left 4900
object 7 96 right 4901
object 8 96 left 4878
object 8 96 right 4879
object 9 96 left 4878
object 9 96 right 4879
object 19 96 left 745
object 19 96 right 746
object 21 96 left 745
object 21 96 right 746
object 24 96 left 747
object 24 96 right 748
object 25 96 left 745
object 25 96 right 746
object 27 96 left 747
object 27 96 right 748
object 35 96 left 745
object 35 96 right 746
object 36 96 left 4894
object 36 96 right 4895
object 41 96 left 3268
object 41 96 right 3269
object 43 96 left 745
object 43 96 right 746
object 47 96 left 3271
object 47 96 right 3272
object 52 96 left 745
object 52 96 right 746
object 53 96 left 745
object 53 96 right 746
object 54 96 left 4880
object 54 96 right 4881
object 56 96 left 4894
object 56 96 right 4895
object 67 96 right 3273
object 79 96 right 2664
object 86 96 right 2663
object 88 96 left 747
object 88 96 right 748
object 89 96 left 747
object 89 96 right 748
object 92 96 right 3270
object 94 96 left 745
object 94 96 right 746
object 95 96 left 747
object 95 96 right 748
object 96 96 left 4894
object 96 96 right 4895
object 2 97 left 745
object 2 97 right 746
object 3 97 left 745
object 3 97 right 746
object 4 97 left 4880
object 4 97 right 4881
object 6 97 left 4894
object 6 97 right 4895
object 7 97 left 745
object 7 97 right 746
object 8 97 left 4894
object 8 97 right 4895
object 17 97 right 2664
object 33 97 right 2664
object 38 97 left 745
object 38 97 right 746
object 45 97 left 745
object 45 97 right 746
object 50 97 left 745
object 50 97 right 746
object 52 97 left 4894
object 52 97 right 4895
object 53 97 left 4894
object 53 97 right 4895
object 54 97 left 4902
object 54 97 right 4903
object 55 97 left 4878
object 55 97 right 4879
object 58 97 left 745
object 58 97 right 746
object 59 97 left 745
object 59 97 right 746
object 61 97 left 745
object 61 97 right 3273
object 62 97 left 745
object 62 97 right 746
object 67 97 left 3271
object 67 97 right 3272
object 70 97 left 745
object 70 97 right 746
object 72 97 left 745
object 72 97 right 746
object 73 97 left 745
object 73 97 right 746
object 79 97 right 2663
object 84 97 left 2659
object 85 97 left 2660
object 86 97 left 2661
object 86 97 right 2662
object 89 97 left 745
object 89 97 right 746
object 92 97 left 3268
object 92 97 right 3269
object 97 97 left 745
object 97 97 right 746
object 1 98 left 745
object 1 98 right 746
object 2 98 left 4894
object 2 98 right 4895
object 3 98 left 4894
object 3 98 right 4895
object 4 98 left 4902
object 4 98 right 4903
object 5 98 left 4878
object 5 98 right 4879
object 8 98 left 747
object 8 98 right 748
object 10 98 left 745
object 10 98 right 746
object 12 98 left 747
object 12 98 right 748
object 17 98 right 2663
object 19 98 left 745
object 19 98 right 746
object 21 98 left 747
object 21 98 right 748
object 22 98 left 745
object 22 98 right 746
object 27 98 left 747
object 27 98 right 748
object 28 98 left 747
object 28 98 right 748
object 33 98 right 2663
object 36 98 left 747
object 36 98 right 748
object 40 98 left 747
object 40 98 right 748
object 41 98 left 745
object 41 98 right 746
object 44 98 left 747
object 44 98 right 748
object 46 98 left 745
object 46 98 right 746
object 53 98 left 4900
object 53 98 right 4901
object 54 98 left 4878
object 54 98 right 4879
object 55 98 left 4878
object 55 98 right 4879
object 57 98 left 745
object 57 98 right 746
object 61 98 left 3271
object 61 98 right 3272
object 65 98 left 745
object 65 98 right 746
object 72 98 left 745
object 72 98 right 746
object 77 98 left 745
object 77 98 right 746
object 78 98 left 2660
object 79 98 left 2661
object 79 98 right 2662
object 81 98 left 745
object 81 98 right 746
object 82 98 left 745
object 82 98 right 746
object 89 98 left 745
object 89 98 right 746
object 95 98 left 745
object 95 98 right 746
object 3 99 left 4900
object 3 99 right 4901
object 4 99 left 4878
object 4 99 right 4879
object 5 99 left 4878
object 5 99 right 4879
object 6 99 left 747
object 6 99 right 748
object 15 99 left 2659
object 16 99 left 2660
object 17 99 left 2661
object 17 99 right 2662
object 30 99 left 745
object 30 99 right 746
object 31 99 left 2659
object 32 99 left 2660
object 33 99 left 2661
object 33 99 right 2662
object 38 99 left 745
object 38 99 right 746
object 42 99 left 745
object 42 99 right 746
object 54 99 left 4894
object 54 99 right 4895
object 55 99 left 745
object 55 99 right 746
object 62 99 left 745
object 62 99 right 746
object 67 99 left 745
object 67 99 right 746
object 69 99 left 745
object 69 99 right 746
object 85 99 left 745
object 85 99 right 746
