# lod20846 — tools/dat-extract layout 이 만든다. 손으로 고치지 말 것.
size 100 100
blocked
....................................................................................................
....................................................................................................
....................................................................................................
.......................................................#......................#.....................
...................................................................................####.............
....................................................................................................
.......#.......#..................#................#................................................
..........................................#...............####......................................
...........#........................................................................................
...........................................................................#........................
................................................#..........................##.......................
................................................#..........................#........................
................................................#..........................#........................
................................................#...................................................
......#.............................................................#.......................#.......
....................................................................#...#...........................
...................................................................##...............................
..............#.....................................................................................
...............................#....................................................................
...............................#....................................................................
...............................#...#................................................#.....####......
...............................#.............#....................................#.................
......................................#.........####...####.........................................
....................................................................................................
.............................................#.................#....................................
.............................................#.................#....................................
.......#.....................................#.................#....................................
.............................................#.................#...............................#....
.................................####...............................................................
........................................................#...........................................
....................#.....................#.............#.................................#.........
.......................................................##...............#...........................
....#.......................#.......................................................................
....#........................................#.................#....................................
....#..........................#.............#.................#....................................
....#......#...................#.............#.................#....................................
...............................#.............#.................#...........#........................
...............................#................####.....####.......................................
.....#.......#......................................................................................
.............#....................................#.................................................
...........#.#............................................................................#.........
.............#..................................................................#...............#...
................................................................................................#..#
........#.......................................................................................#...
................................................................................................#...
....................................................................#...............................
.............................#......................................................................
.............................................#.....####.............................................
..................................................................................#.................
.............................................................................####...................
.................................................................................................#..
.....................#..............................................................................
....................................................................................................
..#........................................#..............................#.........................
...........................................................#........................................
....................................................................................................
................................................................................#...................
...#................................................................................................
...#......................................#.....#.................................................#.
...#............................................#...................................................
...#...........#................................#...................................................
............#..#..............#.................#...................................................
...............#....................................................................................
...............#....................................................................................
............#.......................................................................................
............#...................................................................................#...
............#....................#..................................................................
............#.......................#.................................#.............................
........................#...........#.................................#.......#.....................
....................................#.................................#.............................
....................................#.................................#.............................
...............................................................................................#####
....................................................................................................
..........#......................#...........#......................................................
.................................#..............................................................#...
.....#..........................##.........................#...................#....#...............
....................................................................................................
.....................................................................#..............................
........................................................#...........................................
.......................................#................#...........................................
........................................................#...........................................
........................................................#...........................................
....................................................................................................
....................................................................................................
....................................................................................................
....................................................................................................
....................................................................................................
....................................................................................................
............#.................#....#................................................................
.......................#..........................................................................#.
....................................................................................................
............................................................................#.......................
............................................................................#.......................
............................................................................#.......................
...............................................#.....#......................#............#..........
...............................................#.....#..............................................
...............................#...............#.....#..............................................
...............................................#.....#..............................................
.......................#...........................................................#................
....................................................................................................
floor
3 4 5 36 37 38 97 98 25 26 57 58 59 60 65 66 67 22 53 87 95 96 97 54 55 57 58 59 60 91 61 53 54 55 89 33 34 57 58 59 30 61 62 97 98 61 62 63 64 53 54 55 26 57 64 95 96 97 98 93 95 96 97 98 94 57 58 59 28 30 61 27 57 58 59 30 61 63 32 33 34 61 27 28 29 30 97 98 61 62 61 62 63 17 48 49 50 51 82 97
7 8 9 40 41 42 101 102 29 30 61 62 63 64 53 54 55 26 57 91 25 26 57 58 59 61 62 63 64 95 65 57 58 59 93 89 90 61 62 63 34 65 66 101 102 65 17 48 27 57 58 59 30 61 48 49 50 51 82 97 99 100 101 102 98 61 62 63 32 34 65 31 61 62 63 34 65 48 49 50 51 83 84 41 42 43 74 75 25 26 65 66 67 22 53 54 55 56 87 101
11 12 13 44 45 46 94 57 58 59 28 30 61 27 57 58 59 30 61 63 32 33 34 61 27 28 29 30 97 98 61 62 61 62 63 93 94 95 96 97 54 55 56 61 62 63 17 48 31 61 62 63 34 65 53 54 55 56 87 101 65 66 67 33 102 65 17 48 49 90 53 87 95 96 97 54 55 48 49 50 51 88 89 45 46 47 78 79 29 30 53 54 55 26 57 58 59 60 91 61
15 16 17 48 49 50 98 61 62 63 32 34 65 31 61 62 63 34 65 48 49 50 51 83 84 41 42 43 74 75 25 26 65 66 67 97 98 25 26 57 58 59 60 65 66 67 22 53 87 95 96 97 54 55 57 58 59 60 91 61 53 54 55 89 62 63 17 48 49 94 57 91 25 26 57 58 59 53 54 55 56 92 93 49 50 51 82 83 33 34 57 58 59 30 61 62 97 98 61 62
20 21 22 53 54 55 102 65 17 48 49 90 53 87 95 96 97 54 55 48 49 50 51 88 89 45 46 47 78 79 29 30 53 54 55 101 102 29 30 61 62 63 64 53 54 55 26 57 91 25 26 57 58 59 61 62 63 64 95 65 57 58 59 93 66 67 22 97 98 61 62 63 32 33 34 65 66 57 58 59 60 96 97 54 55 56 87 88 89 90 61 62 63 34 65 66 101 102 65 17
24 25 26 57 58 59 62 63 17 48 49 94 57 91 25 26 57 58 59 53 54 55 56 92 93 49 50 51 82 83 33 34 57 58 59 94 57 58 59 28 30 61 27 57 58 59 30 61 63 32 33 34 61 27 28 29 30 97 98 61 62 61 62 63 54 55 26 101 102 65 17 48 49 50 51 82 93 61 62 63 64 26 57 58 59 60 91 92 93 94 95 96 97 54 55 56 61 62 63 17
28 29 30 61 62 63 66 67 22 97 98 61 62 63 32 33 34 65 66 57 58 59 60 96 97 54 55 56 87 88 89 90 61 62 63 98 61 62 63 32 34 65 31 61 62 63 34 65 48 49 50 51 83 84 41 42 43 74 75 25 26 65 66 67 58 59 30 61 62 63 17 48 49 50 51 82 97 65 66 67 97 30 61 62 63 64 95 96 97 98 25 26 57 58 59 60 65 66 67 22
32 33 34 65 66 67 54 55 26 101 102 65 17 48 49 50 51 82 93 61 62 63 479 479 495 58 59 60 91 92 93 94 95 96 97 102 65 17 48 49 90 53 87 95 96 97 54 55 48 49 50 51 88 89 45 46 47 78 79 29 30 53 54 55 67 20 53 65 66 67 22 53 54 55 56 87 101 55 56 87 101 34 65 66 67 20 21 22 101 102 29 30 61 62 63 64 53 54 55 26
88 89 90 53 54 55 58 59 30 61 62 63 17 48 49 50 51 82 97 65 66 67 486 486 479 479 479 495 95 96 97 98 25 26 57 62 63 17 48 49 94 57 91 25 26 57 58 59 53 54 55 56 92 93 49 50 51 82 83 33 34 57 58 59 29 30 97 98 61 62 61 62 63 17 48 49 50 51 82 97 94 26 57 23 24 25 26 93 94 57 58 59 28 30 61 27 57 58 59 30
92 93 94 57 58 59 67 20 53 65 66 67 22 53 54 55 56 87 101 55 56 87 101 34 479 495 479 495 479 479 495 102 29 30 61 66 67 22 97 98 61 62 63 32 33 34 65 66 57 58 59 60 96 97 54 55 56 87 88 89 90 61 62 63 42 43 74 75 25 26 65 66 67 22 53 54 55 56 87 101 5 30 61 27 28 29 30 97 98 61 62 63 32 34 65 31 61 62 63 34
96 97 98 61 62 63 29 30 97 98 61 62 61 62 63 17 48 49 50 51 82 479 495 26 479 495 486 479 479 479 479 495 479 479 495 54 55 26 101 102 65 17 48 49 50 51 82 93 61 62 63 64 26 57 58 59 60 91 92 93 94 95 96 97 46 47 78 79 29 30 53 54 55 26 57 58 59 60 91 61 9 34 65 31 32 33 34 101 102 65 17 48 49 90 53 87 95 96 97 54
100 101 102 65 17 48 42 43 74 75 25 26 65 66 67 22 53 54 55 56 87 479 495 30 479 495 28 486 486 486 486 479 479 479 495 479 479 495 61 62 63 17 48 49 50 51 82 97 65 66 67 97 30 61 62 63 64 95 96 97 98 25 26 57 50 51 82 83 33 34 57 58 59 30 61 62 97 98 61 62 63 90 53 87 88 89 90 61 62 63 17 48 49 94 57 91 25 26 57 58
30 61 62 63 17 48 46 47 78 79 29 30 53 54 55 26 57 58 59 60 479 495 492 34 479 495 32 33 34 101 102 486 486 486 479 479 479 479 495 479 495 22 53 54 55 56 87 101 55 56 87 101 34 65 66 67 20 21 22 101 102 29 30 61 55 56 87 88 89 90 61 62 63 34 65 66 101 102 65 17 48 57 58 59 28 29 30 65 66 67 22 97 98 61 62 63 32 33 34 65
34 65 66 67 22 53 50 51 82 83 33 34 57 58 59 30 61 62 97 98 479 495 63 90 479 495 88 89 90 61 62 63 17 48 486 486 486 486 479 479 479 495 479 495 17 48 49 50 51 82 97 94 26 57 23 24 25 26 93 94 57 58 59 28 59 60 91 92 93 94 95 96 97 54 55 56 61 62 63 17 48 61 62 63 32 33 34 53 54 55 26 101 102 65 17 48 49 50 51 82
90 53 54 55 26 57 55 56 87 88 89 90 61 62 63 34 65 66 101 102 479 495 48 57 479 495 28 29 30 65 66 67 22 97 98 42 43 74 486 486 486 479 479 479 495 479 495 55 56 87 101 5 30 61 479 479 495 30 97 98 61 62 63 32 63 64 95 96 97 98 25 26 57 58 59 60 65 66 67 22 53 65 17 48 49 50 51 57 58 59 30 61 62 63 17 48 49 50 51 82
94 57 58 59 30 61 59 60 91 92 93 94 95 96 97 54 55 56 61 62 479 495 48 61 479 495 32 33 34 53 54 55 26 101 102 46 47 78 79 29 30 486 486 486 479 479 479 479 495 479 495 9 34 65 486 486 479 479 495 102 65 17 48 49 67 20 21 22 101 102 29 30 61 62 63 64 53 54 55 26 57 63 17 48 49 50 51 61 67 20 53 65 66 67 22 53 54 55 56 87
98 61 62 63 34 65 63 64 95 96 97 98 25 26 57 58 59 60 65 479 479 495 53 65 479 495 49 50 51 57 58 59 30 61 62 50 51 82 83 33 34 57 58 59 486 486 486 486 479 479 479 495 479 495 87 88 486 486 479 479 495 17 48 49 24 25 26 93 94 57 58 59 28 30 61 27 57 58 59 30 61 67 22 53 54 61 27 28 29 30 97 98 61 62 61 62 63 17 48 49
95 95 96 97 54 55 67 20 21 22 101 102 29 30 61 62 63 64 53 479 486 479 495 63 479 495 49 50 51 61 67 20 53 65 66 55 56 87 88 89 90 61 62 63 34 65 66 101 486 486 486 479 479 479 479 495 29 30 486 486 479 479 479 495 28 29 30 97 98 61 62 63 32 34 65 31 61 62 63 34 65 55 26 57 58 83 84 41 42 43 74 75 25 26 65 66 67 22 53 54
90 25 26 57 58 59 24 25 26 93 94 57 58 59 28 30 61 27 57 479 495 486 479 495 479 495 54 61 27 28 29 30 97 98 61 59 60 91 92 93 479 495 96 97 54 55 56 61 62 63 17 486 486 486 486 479 479 495 53 54 486 486 486 479 479 495 34 101 102 65 17 48 49 90 53 87 95 96 97 54 55 87 30 61 62 88 89 45 46 47 78 79 29 30 53 54 55 26 57 58
94 29 30 61 62 63 28 29 30 97 98 61 62 63 32 34 65 31 61 479 479 495 486 479 479 495 58 83 84 41 42 43 74 75 25 63 64 95 96 97 486 492 26 57 479 479 479 495 66 67 22 53 65 17 479 486 486 492 479 495 59 30 61 479 495 479 479 495 62 63 17 48 49 94 57 91 25 26 57 58 59 91 34 65 66 92 93 49 50 51 82 83 33 34 57 58 59 30 61 62
98 33 34 65 66 67 32 33 34 101 102 65 17 48 49 90 53 87 479 479 486 492 55 486 486 479 495 88 89 45 46 47 78 79 29 67 20 21 22 101 102 29 30 479 486 486 486 492 479 479 479 479 479 479 479 479 479 479 479 479 479 479 495 479 495 486 486 479 479 479 495 97 98 61 62 63 32 33 34 65 66 95 90 53 54 96 97 54 55 56 87 88 89 90 61 62 63 34 65 66
48 49 26 57 23 24 88 89 90 61 62 63 17 48 49 94 57 91 479 486 492 492 479 495 495 486 479 495 93 49 50 51 82 83 33 24 25 26 93 94 57 58 59 486 492 486 486 486 486 486 486 486 486 486 486 486 486 486 486 486 486 486 492 479 495 33 34 486 486 486 479 479 495 30 97 98 61 62 61 62 63 17 48 49 50 51 82 97 94 60 91 92 93 94 95 96 97 54 55 56
48 49 30 61 27 28 28 29 30 65 66 67 22 97 98 61 62 479 486 492 492 65 479 495 495 53 486 479 495 54 55 56 87 88 89 28 29 30 479 495 61 62 63 479 495 65 31 61 62 63 34 65 55 26 479 495 83 84 479 495 43 74 75 479 495 50 51 57 58 83 486 486 479 479 479 495 25 26 65 66 67 22 53 54 55 56 87 101 5 64 95 96 97 98 25 26 57 58 59 60
62 33 34 65 31 32 32 33 34 53 54 61 27 28 29 30 479 486 492 492 61 62 486 479 495 49 50 486 479 495 495 60 91 92 93 32 33 34 486 479 495 17 479 495 492 53 479 534 533 494 470 534 534 533 494 470 471 474 475 480 509 510 495 479 479 495 51 61 67 88 89 45 486 486 486 479 479 495 53 54 55 26 57 58 59 60 91 61 9 20 21 22 101 102 29 30 61 62 63 64
66 89 61 62 61 62 49 50 51 57 58 83 84 41 42 479 486 492 492 26 65 66 479 495 495 54 55 56 479 495 479 495 95 96 97 88 89 90 61 486 492 17 479 495 94 57 440 496 499 457 457 457 457 457 457 457 457 457 457 457 457 502 83 479 486 479 495 62 98 92 93 49 50 51 82 486 486 479 479 495 59 30 61 62 97 98 61 62 63 25 26 93 94 57 58 59 28 30 61 27
93 94 25 26 65 66 49 50 51 61 67 88 89 45 479 486 492 492 29 30 53 54 479 495 492 58 59 60 486 479 495 479 495 22 101 28 29 30 65 66 67 22 486 492 61 62 442 467 490 3439 3439 3439 3439 3439 3439 3439 3439 3439 3439 3439 3439 445 507 479 495 479 495 53 102 96 97 54 55 56 87 88 89 486 486 479 479 495 65 66 101 102 65 17 48 29 30 97 98 61 62 63 32 34 65 31
97 98 29 30 53 54 54 55 56 62 98 479 495 479 486 492 492 83 33 34 57 58 479 495 495 62 97 98 61 486 479 495 479 479 495 32 33 34 53 54 61 27 479 495 30 97 440 462 490 3456 384 385 386 387 388 377 378 379 380 381 3432 445 505 479 495 486 479 495 57 26 57 58 59 60 91 92 93 94 95 486 479 495 55 56 61 62 63 17 48 33 34 101 102 65 17 48 49 90 53 87
101 102 33 34 57 58 58 67 20 53 102 479 479 486 492 492 87 88 89 90 61 62 479 495 495 66 101 102 65 17 486 479 495 479 495 495 50 61 62 61 62 63 479 495 49 50 442 465 490 3456 390 391 392 393 394 383 384 385 386 387 3432 445 497 479 495 102 486 479 495 30 61 62 63 64 95 96 97 98 25 26 479 495 59 60 65 66 67 22 53 89 90 61 62 63 17 48 49 94 57 91
97 91 89 90 61 62 62 98 94 57 57 486 479 495 59 60 91 92 93 94 95 96 486 492 495 479 495 62 63 17 48 486 479 479 495 492 50 25 26 65 66 67 479 495 54 55 445 496 490 3456 396 397 398 399 400 389 390 391 392 393 3432 445 490 479 495 57 84 479 495 34 65 66 67 20 21 22 101 102 29 30 486 479 495 64 53 54 55 26 57 29 30 65 66 67 22 97 98 61 62 63
101 95 93 94 95 96 66 102 98 61 61 30 486 479 495 64 95 96 97 98 25 26 57 479 495 479 495 66 67 22 53 89 486 479 495 495 479 495 30 53 54 55 479 495 58 59 447 467 490 3456 378 379 380 381 382 395 396 397 398 399 3432 445 468 479 495 61 89 486 479 495 57 23 24 25 26 93 94 57 58 59 28 479 495 27 57 58 59 30 61 33 34 53 54 55 26 101 102 65 17 48
61 99 97 98 25 26 54 57 84 95 61 34 486 479 495 20 21 22 101 102 29 30 61 486 479 495 492 54 55 26 57 29 30 479 495 479 495 495 34 57 58 59 479 495 62 97 481 462 490 3456 384 385 386 387 388 383 384 385 386 387 3432 445 466 479 495 17 48 62 486 492 61 27 28 29 30 97 98 61 62 63 32 479 495 31 61 62 63 34 65 50 51 57 58 59 30 61 62 63 17 48
88 89 101 102 29 30 58 61 89 90 65 26 57 479 495 25 26 93 94 57 58 479 495 30 479 495 57 58 59 30 61 33 34 479 495 486 492 495 90 61 62 63 486 492 495 101 484 496 490 3456 378 379 380 381 382 377 378 379 380 381 3432 445 463 479 495 479 495 66 67 34 65 31 32 33 34 101 102 65 17 48 49 479 495 87 95 96 97 54 55 50 51 61 67 20 53 65 66 67 22 53
92 93 94 57 58 59 65 17 48 62 63 30 61 486 479 495 30 97 98 61 62 486 479 495 479 495 61 62 63 34 65 50 51 479 495 66 479 495 94 95 96 97 54 479 495 61 504 496 490 3456 384 385 386 387 388 383 384 385 386 387 3432 445 461 479 495 479 495 54 55 90 53 87 88 89 90 61 62 63 17 48 49 479 495 91 25 26 57 58 59 55 56 62 98 94 57 53 54 55 26 57
96 97 98 61 62 63 63 17 48 66 67 34 65 486 479 495 34 101 102 65 17 48 486 479 495 492 95 96 97 54 55 50 51 486 479 495 486 479 495 25 26 57 479 495 479 495 506 467 490 3456 390 391 392 393 394 389 390 391 392 393 3432 445 529 479 495 486 479 495 87 88 89 90 61 62 63 34 65 66 101 102 65 479 495 57 58 59 28 29 30 65 66 67 22 97 98 61 62 63 32 33
100 101 102 65 17 48 67 22 53 54 55 90 53 87 479 495 495 61 62 63 17 479 495 479 495 495 25 26 57 58 59 55 56 62 479 495 61 479 495 29 30 61 486 479 495 495 518 462 490 3456 3464 3464 3464 3464 3464 3464 3464 3464 3464 3464 3432 445 531 479 495 495 479 495 91 92 93 94 95 96 97 54 55 56 61 62 63 486 479 495 62 63 32 33 34 53 54 55 26 101 102 65 17 48 49 50
30 61 62 63 17 48 49 94 57 91 25 26 57 58 486 479 495 55 56 92 93 479 479 486 492 479 495 34 57 58 59 30 61 62 479 495 17 479 495 58 59 28 30 479 495 495 520 465 460 533 533 533 533 533 533 533 533 533 533 533 533 443 531 479 495 479 486 492 95 96 97 98 25 26 57 58 59 60 65 66 67 22 479 495 17 48 49 50 51 57 58 59 30 61 62 63 17 48 49 50
34 65 66 67 22 97 98 61 62 63 32 33 34 65 486 479 495 495 60 96 479 479 495 492 87 486 479 495 61 62 63 34 65 66 479 495 17 479 495 62 63 32 34 486 492 492 495 63 511 452 453 457 511 511 452 453 457 458 487 491 512 526 492 479 495 486 479 479 495 22 101 102 29 30 61 62 63 64 53 54 55 26 479 495 17 48 49 50 51 61 67 20 53 65 66 67 22 53 54 55
63 64 54 55 26 101 102 65 17 48 49 50 51 82 93 486 492 479 495 26 479 479 495 60 91 92 486 479 495 96 97 54 55 56 479 495 22 479 495 17 48 49 90 53 87 486 479 479 495 55 48 49 50 51 88 89 486 479 495 479 495 29 30 486 492 55 486 486 479 495 94 57 58 59 28 30 61 27 57 58 59 30 479 495 22 53 54 61 27 28 29 30 97 98 61 62 61 62 63 17
67 20 58 59 30 61 62 63 17 48 49 50 51 82 97 65 486 486 479 495 479 495 492 64 95 96 97 486 479 495 57 58 59 60 479 495 67 479 495 17 48 49 94 57 91 25 486 486 492 479 479 479 479 479 479 479 479 479 479 479 479 479 495 57 58 479 495 29 486 479 495 61 62 63 32 34 65 31 61 62 63 34 479 495 26 57 58 83 84 41 42 43 74 75 25 26 65 66 67 22
24 25 67 20 53 65 66 67 22 53 54 55 56 87 101 55 56 486 486 479 479 495 67 20 21 22 101 102 486 479 495 62 63 64 479 495 55 479 495 22 97 98 61 62 63 32 33 34 486 486 486 486 486 486 486 486 486 486 486 486 486 486 492 61 479 495 492 33 34 486 479 495 17 48 49 90 53 87 95 96 97 54 479 495 30 61 62 88 89 45 46 47 78 79 29 30 53 54 55 26
28 29 29 30 97 98 61 62 61 62 63 17 48 49 50 51 82 97 479 495 495 492 24 25 26 93 94 57 58 486 479 495 61 27 479 495 59 479 495 26 101 102 65 17 48 49 50 51 479 479 495 62 63 64 26 479 495 486 479 479 495 93 94 95 479 495 88 89 90 61 486 479 495 48 49 94 57 91 25 26 57 58 486 479 495 65 66 92 93 49 50 51 82 83 33 34 57 58 59 30
32 33 42 43 74 75 25 26 65 66 67 22 53 54 55 56 87 479 495 492 492 495 28 29 30 97 98 61 62 63 486 479 495 31 486 479 495 486 479 495 61 62 63 17 48 49 50 51 486 486 492 66 67 97 479 486 492 63 479 486 479 495 98 25 486 492 28 29 30 65 66 486 479 495 98 61 62 63 32 33 34 65 66 479 495 53 54 96 97 54 55 56 87 88 89 90 61 62 63 34
88 89 46 47 78 79 29 30 53 54 55 26 57 58 59 60 91 479 495 495 486 479 495 33 34 101 102 65 17 48 49 486 479 495 95 479 479 495 479 495 65 66 67 22 53 54 55 56 87 101 55 56 87 101 486 492 66 67 479 495 479 495 102 29 30 61 32 33 34 53 54 61 486 479 495 30 97 98 61 62 61 62 63 479 495 49 50 51 82 97 94 60 91 92 93 94 95 96 97 54
29 30 50 51 82 83 33 34 57 58 59 30 61 62 97 98 479 495 492 492 53 486 479 495 90 61 62 63 17 48 49 94 486 479 479 479 495 492 479 495 98 61 62 61 62 63 17 48 49 50 51 82 97 94 26 57 23 24 486 479 479 495 57 58 59 28 49 50 51 57 58 83 479 486 492 43 74 75 25 26 65 66 67 486 492 54 55 479 495 101 5 64 95 96 97 98 25 26 57 58
33 34 55 56 87 88 89 90 61 62 63 34 65 66 101 479 479 495 495 57 58 486 486 479 495 65 66 67 22 97 98 61 62 486 479 495 492 42 479 495 75 25 26 65 66 67 22 53 54 55 56 87 101 5 30 61 27 28 29 479 479 495 61 62 63 32 49 50 51 61 67 88 479 495 46 47 78 79 29 30 53 54 55 26 57 58 59 479 495 61 9 20 21 22 101 102 29 30 61 62
3 4 59 60 91 92 93 94 95 96 97 54 55 56 479 479 495 492 492 61 62 63 479 495 479 495 54 55 26 101 102 65 17 48 479 479 495 46 479 495 79 29 30 53 54 55 26 57 58 59 60 91 61 9 34 65 31 32 33 486 486 479 495 17 48 49 54 55 56 62 98 479 495 492 50 51 82 83 33 34 57 58 59 30 61 62 97 479 495 62 63 25 26 93 94 57 58 59 28 30
495 8 63 64 95 96 97 98 25 26 57 58 59 60 479 479 495 495 53 65 17 48 486 479 495 479 495 59 30 61 62 63 17 479 495 479 495 50 486 479 495 33 34 57 58 59 30 61 62 97 98 61 62 63 90 53 87 88 89 90 479 479 495 17 48 49 58 67 20 53 102 479 495 54 55 56 87 88 89 90 61 62 63 34 65 66 101 479 495 495 48 29 30 97 98 61 62 63 32 34
479 479 479 479 495 22 101 102 29 30 61 62 63 479 479 495 492 479 495 63 17 48 49 486 479 495 479 495 53 65 66 67 22 479 495 479 495 55 56 486 479 495 90 61 62 63 34 65 66 101 102 65 17 48 57 58 59 28 29 30 479 486 479 495 97 98 62 98 94 57 479 495 492 58 59 60 91 92 93 94 95 96 97 54 55 56 61 479 495 495 48 33 34 101 102 65 17 48 49 90
486 486 486 486 479 479 479 495 58 59 28 30 61 486 479 495 479 486 492 67 22 53 54 61 479 495 486 492 97 98 61 62 61 479 495 479 495 59 60 91 486 479 495 95 96 97 54 55 56 61 62 63 17 48 61 62 63 32 33 34 486 479 479 495 101 102 66 102 98 61 479 495 61 62 63 64 95 96 97 98 25 26 57 58 59 60 65 479 495 495 53 89 90 61 62 63 17 48 49 94
492 4 486 486 486 486 486 479 479 479 495 34 65 479 486 492 486 492 65 55 26 57 58 83 486 479 495 479 495 75 25 26 65 486 479 479 495 63 64 95 96 486 479 495 26 57 58 59 60 65 66 67 22 53 65 17 48 49 50 51 57 479 486 479 495 62 54 57 84 479 495 492 65 66 67 20 21 22 101 102 29 30 61 62 63 64 53 479 495 495 57 29 30 65 66 67 22 97 98 61
7 8 32 33 34 101 486 486 486 486 479 479 495 486 479 486 492 54 55 87 30 61 62 88 89 486 479 495 492 79 29 30 53 54 479 479 495 67 20 21 22 101 486 479 495 61 62 63 64 53 54 55 26 57 63 17 48 49 50 51 61 486 479 479 495 66 58 61 89 479 495 26 57 23 24 25 26 93 94 57 58 59 28 30 61 27 57 479 495 495 61 33 34 53 54 55 26 101 102 65
11 12 88 89 90 61 62 63 17 48 479 495 479 479 486 492 57 58 59 91 34 65 66 92 93 49 486 479 495 83 33 34 57 58 479 495 492 24 25 26 93 94 57 486 479 495 30 61 27 57 58 59 30 61 67 22 53 54 61 27 28 29 486 479 495 61 65 17 479 495 492 30 61 27 28 29 30 97 98 61 62 63 32 34 65 31 61 479 495 495 65 50 51 57 58 59 30 61 62 63
15 16 28 29 30 65 66 67 22 97 479 479 479 486 492 479 495 65 66 95 90 53 54 96 97 54 479 495 495 88 89 90 61 62 479 495 65 28 29 30 97 98 61 62 486 479 479 495 31 61 62 63 34 65 55 26 57 58 83 84 41 42 43 486 479 495 495 17 479 495 67 34 65 31 32 33 34 101 102 65 17 48 49 90 53 87 95 479 495 495 55 50 51 61 67 20 53 65 66 67
61 27 32 33 34 53 54 61 27 479 479 479 486 492 486 486 479 495 63 17 48 49 50 51 479 479 486 492 479 495 93 94 95 96 479 495 55 32 33 34 101 102 65 17 48 486 486 479 495 95 96 97 54 55 87 30 61 62 88 89 45 46 47 78 479 495 479 479 495 492 55 90 53 87 88 89 90 61 62 63 17 48 49 94 57 91 25 486 479 495 59 55 56 62 98 94 57 53 54 55
83 84 49 50 51 57 58 83 84 479 479 486 492 75 25 479 479 495 67 22 53 54 479 479 479 486 492 486 486 492 479 495 25 479 479 495 59 88 89 90 61 62 63 17 48 49 94 486 479 495 26 57 58 59 91 34 65 66 92 93 49 50 51 82 486 479 495 486 492 64 95 96 97 98 25 26 57 58 59 60 65 66 67 22 53 65 17 479 479 495 51 57 58 59 30 61 62 63 17 48
88 89 49 50 51 61 67 88 479 486 486 492 78 79 29 486 486 479 495 26 57 479 486 479 486 492 9 20 21 486 486 479 495 479 479 495 63 28 29 30 65 66 67 22 97 98 61 62 486 479 495 34 65 66 95 90 53 54 96 97 54 55 56 87 88 479 495 486 492 20 21 22 101 102 29 30 61 62 63 64 53 54 55 26 57 63 17 479 479 495 51 61 67 20 53 65 66 67 22 53
92 93 54 55 56 62 98 479 486 492 50 51 82 83 33 34 479 486 479 495 479 486 479 495 492 62 63 25 26 93 94 486 479 479 479 495 61 32 33 34 53 54 61 27 28 29 30 97 98 486 479 495 62 63 17 48 49 50 51 82 97 94 60 91 92 486 492 95 24 25 26 93 94 57 58 59 28 30 61 27 57 58 59 30 61 67 479 495 479 495 27 28 29 30 97 98 61 62 61 62
98 61 58 67 20 53 102 479 495 54 55 56 87 88 89 90 486 479 486 479 495 479 495 492 65 17 48 29 30 97 98 61 486 486 486 492 65 49 50 51 57 58 83 84 41 42 43 74 75 25 486 479 495 67 22 53 54 55 56 87 101 5 479 495 479 479 479 495 28 29 30 97 98 61 62 63 32 34 65 31 61 62 63 34 65 55 479 495 479 495 84 41 42 43 74 75 25 26 65 66
75 25 62 98 94 57 479 495 492 58 59 60 91 92 93 94 95 479 486 479 495 479 495 62 63 17 48 33 34 101 102 65 17 48 486 479 479 495 50 51 61 67 88 89 45 46 47 78 79 29 30 486 479 495 26 57 58 59 60 91 479 479 486 492 486 486 486 479 479 479 479 479 479 479 479 495 49 90 53 87 95 96 97 54 55 87 479 495 479 495 89 45 46 47 78 79 29 30 53 54
79 29 66 102 98 479 479 495 61 62 63 64 95 96 97 98 25 486 479 486 479 495 492 66 67 22 53 89 90 61 62 63 17 48 49 486 486 479 479 495 62 98 92 93 49 50 51 82 83 33 34 57 486 479 495 61 62 97 479 479 486 486 492 26 93 94 57 486 486 486 486 486 486 486 486 479 479 479 479 479 495 26 57 58 59 91 479 495 479 495 93 49 50 51 82 83 33 34 57 58
83 33 54 57 84 479 495 492 65 66 67 20 21 22 101 102 29 30 486 486 479 495 495 54 55 26 57 29 30 65 66 67 22 97 98 61 62 486 486 479 495 102 96 97 54 55 56 87 88 89 90 61 62 486 492 65 479 479 486 486 492 48 29 61 62 61 62 63 28 29 30 65 66 67 22 486 486 486 486 486 492 33 34 65 66 95 479 495 479 495 495 54 55 56 87 88 89 90 61 62
88 89 58 61 479 479 495 26 57 23 24 25 26 93 94 57 58 59 28 479 486 492 479 495 59 30 61 33 34 53 54 55 26 101 102 65 17 62 98 486 479 479 495 57 58 59 60 91 92 93 94 95 96 97 479 479 486 486 492 63 17 48 33 25 26 65 66 67 32 33 34 53 54 61 27 28 29 30 97 486 479 495 61 62 63 17 479 495 479 495 495 97 94 60 91 92 93 94 95 96
92 93 65 17 479 495 492 30 61 27 28 29 30 97 98 61 62 63 32 486 479 495 479 495 495 34 65 50 51 57 58 59 30 61 62 63 17 66 102 98 486 486 479 495 62 63 64 95 96 97 98 25 479 479 486 486 492 65 66 67 22 53 89 29 30 53 54 55 49 50 51 57 58 83 84 41 42 43 74 75 479 495 65 66 67 22 479 495 479 495 495 101 5 64 95 96 97 98 25 26
96 97 63 479 479 495 67 34 65 31 32 33 34 101 102 65 17 48 49 90 486 479 479 495 492 54 55 50 51 61 67 20 53 65 66 67 22 54 57 84 95 61 486 479 479 495 20 21 22 101 479 479 486 486 492 63 64 53 54 55 26 57 29 33 34 57 58 59 49 50 51 61 67 88 89 45 46 47 78 79 486 479 495 54 55 26 479 495 479 495 495 61 9 20 21 22 101 102 29 30
22 101 67 479 486 479 495 90 53 87 88 89 90 61 62 63 17 48 49 94 486 479 479 495 57 58 59 55 56 62 98 94 57 53 54 55 26 58 61 89 90 65 26 486 486 479 479 495 479 479 486 486 492 28 30 61 27 57 58 59 30 61 33 89 90 61 62 63 54 55 56 62 98 92 93 49 50 51 82 83 33 479 495 58 59 30 479 495 479 495 495 62 63 25 26 93 94 57 58 59
93 94 57 486 492 479 495 495 27 57 58 59 30 61 63 32 33 34 61 27 28 479 486 479 495 29 30 53 54 55 26 57 58 59 60 91 61 65 17 48 62 63 30 61 27 486 486 479 495 486 492 62 63 32 34 65 31 61 62 63 34 65 50 93 94 95 96 97 58 67 20 53 102 96 97 54 55 56 87 88 89 479 495 62 63 34 479 495 479 495 495 17 48 29 30 97 98 61 62 63
97 98 61 62 63 486 479 495 31 61 62 63 34 65 48 49 50 51 83 84 41 479 495 479 495 33 34 57 58 59 30 61 62 97 98 61 62 63 17 48 66 67 34 65 31 32 33 486 492 102 65 17 48 49 90 53 87 95 96 97 54 55 50 97 98 61 62 61 62 63 17 48 49 50 51 82 97 94 66 101 102 486 479 495 66 67 479 495 479 495 495 32 33 34 65 66 90 53 54 55
101 102 65 17 48 49 486 479 479 495 96 97 54 55 48 49 50 51 88 89 45 486 479 479 495 89 90 61 62 63 34 65 66 101 102 65 17 67 22 53 54 55 90 53 87 88 89 90 61 62 63 17 48 49 94 57 91 25 26 57 58 59 55 101 102 25 26 65 66 67 22 53 54 55 56 87 101 5 56 61 62 63 479 495 56 87 479 495 486 479 495 88 89 90 53 54 94 57 58 59
61 62 63 17 48 49 94 479 486 479 495 57 58 59 53 54 55 56 92 93 49 59 479 479 495 93 94 95 96 97 54 55 56 61 62 63 17 48 61 62 63 32 33 34 53 54 55 26 101 102 65 17 48 49 50 51 82 93 63 62 61 93 94 94 57 29 30 53 54 55 26 57 58 59 60 91 61 9 60 65 66 67 486 479 495 91 479 495 94 479 495 92 93 94 57 58 98 61 62 63
65 66 67 22 97 98 61 486 479 486 479 495 65 66 57 58 59 60 96 97 54 63 479 479 479 495 98 25 26 57 58 59 60 65 66 67 22 53 65 17 48 49 50 51 57 58 59 30 61 62 63 17 48 49 50 51 82 97 67 17 65 97 98 98 61 33 34 57 58 59 30 61 62 97 98 61 62 63 64 53 54 55 26 479 495 95 479 495 98 479 495 96 97 98 61 62 102 65 17 48
53 54 55 26 101 102 65 17 486 479 486 479 495 93 61 62 63 64 26 57 58 67 479 486 486 479 495 29 30 61 62 63 64 53 54 55 26 57 63 17 48 49 50 51 61 67 20 53 65 66 67 22 53 54 55 56 87 101 55 17 53 53 48 102 65 89 90 61 62 63 34 65 66 101 102 65 17 48 27 57 58 59 30 486 479 495 486 492 82 479 495 100 101 102 65 17 62 63 17 48
57 58 59 30 61 62 63 17 48 486 479 479 495 97 65 66 67 97 30 61 62 24 486 479 495 486 479 495 59 28 30 61 27 57 58 59 30 61 67 22 53 54 61 27 28 29 30 97 98 61 62 61 62 63 17 48 49 50 51 94 66 101 102 62 63 93 94 95 96 97 54 55 56 61 62 63 17 48 31 61 62 63 34 65 479 495 55 56 87 479 495 66 67 33 34 65 66 67 22 53
61 67 20 53 65 66 67 22 53 54 479 486 479 495 55 56 87 101 34 65 66 28 29 479 479 495 486 479 495 32 34 65 31 61 62 63 34 65 55 26 57 58 83 84 41 42 43 74 75 25 26 65 66 67 22 53 54 55 56 5 56 61 62 66 67 97 98 25 26 57 58 59 60 65 66 67 22 53 87 95 96 97 54 55 479 495 59 60 91 479 495 54 55 89 90 53 54 55 26 57
28 29 30 97 98 61 62 61 62 63 486 479 486 479 495 82 97 94 26 57 23 32 33 479 486 479 495 486 479 495 90 53 87 95 96 97 54 55 87 30 61 62 88 89 45 46 47 78 79 29 30 53 54 55 26 57 58 59 60 9 60 65 66 54 55 101 102 29 30 61 62 63 64 53 54 55 26 57 91 25 26 57 58 59 486 479 495 64 95 479 495 58 59 93 94 57 58 59 30 61
41 42 43 74 75 25 26 65 66 67 22 486 492 486 479 495 101 5 30 61 27 88 89 486 492 486 479 495 486 479 495 57 91 25 26 57 58 59 91 34 65 66 92 93 49 50 51 82 83 33 34 57 58 59 30 61 62 97 98 63 64 53 54 58 59 94 57 58 59 28 30 61 27 57 58 59 30 61 63 32 33 34 61 27 28 479 495 479 495 479 495 61 62 63 17 48 49 50 51 82
45 46 47 78 79 29 30 53 54 55 26 57 58 479 486 492 61 9 34 65 31 28 29 30 65 66 486 479 495 486 479 495 63 32 33 34 65 66 95 90 53 54 96 97 54 55 56 87 88 89 90 61 62 63 34 65 66 101 102 48 27 57 58 67 20 98 61 62 63 32 34 65 31 61 62 63 34 65 48 49 50 51 83 84 41 486 479 486 492 486 492 65 66 67 22 53 54 55 56 87
49 50 51 82 83 33 34 57 58 59 30 61 62 486 479 495 62 63 90 53 87 32 33 34 53 54 61 486 479 495 486 479 495 61 62 61 62 63 17 48 49 50 51 82 97 94 60 91 92 93 94 95 96 97 54 55 56 61 62 48 31 61 62 29 30 102 65 17 48 49 90 53 87 95 96 97 54 55 48 49 50 51 88 89 479 479 486 492 79 29 30 53 54 55 26 57 58 59 60 91
54 55 56 87 88 89 90 61 62 63 34 65 66 101 486 479 495 48 57 58 59 49 50 51 57 58 83 84 486 479 495 486 479 495 26 65 66 67 22 53 54 55 56 87 101 5 64 95 96 97 98 25 26 57 58 59 60 65 66 53 87 95 96 42 43 62 63 17 48 49 94 57 91 25 26 57 58 59 53 54 55 56 92 479 486 486 492 492 83 33 34 57 58 59 30 61 62 97 98 61
58 59 60 91 92 93 94 95 96 97 54 55 56 61 62 486 479 495 61 62 63 49 50 51 61 67 88 89 45 486 479 495 479 495 30 53 54 55 26 57 58 59 60 91 61 9 20 21 22 101 102 29 30 61 62 63 64 53 54 57 91 25 26 46 47 66 67 22 97 98 61 62 63 32 33 34 65 66 57 58 59 60 479 486 492 495 492 87 88 89 90 61 62 63 34 65 66 101 102 65
62 63 64 95 96 97 98 25 26 57 58 59 60 65 66 67 486 479 495 479 495 54 55 56 62 98 92 93 49 50 486 479 486 479 495 57 58 59 30 61 62 97 98 61 62 63 25 26 93 94 57 58 59 28 30 61 27 57 58 61 63 32 33 50 51 54 55 26 101 102 65 17 48 49 50 51 82 93 61 62 63 479 486 492 479 495 60 91 92 93 94 95 96 97 54 55 56 61 62 63
66 67 20 21 22 101 102 29 30 61 62 63 64 53 54 55 26 486 479 486 479 495 67 20 53 102 96 97 54 55 56 479 495 486 479 495 62 63 34 65 66 101 102 65 17 48 479 479 495 98 61 62 63 32 34 65 31 61 62 65 48 49 50 55 56 58 59 30 61 62 63 479 495 49 50 51 82 97 65 479 479 486 492 479 495 492 64 95 96 97 98 25 26 57 58 59 60 65 66 67
23 24 25 26 93 94 57 58 59 28 30 61 27 57 58 59 30 61 479 495 479 495 98 94 57 57 26 57 58 59 60 486 479 495 486 479 495 97 54 55 56 61 479 479 479 479 479 479 495 102 65 17 48 49 90 53 87 95 96 55 48 49 50 59 60 67 20 53 65 66 479 479 479 495 55 56 87 101 479 486 486 492 479 495 492 67 20 21 22 101 102 29 30 61 62 63 64 53 54 55
27 28 29 30 97 98 61 62 63 32 34 65 31 61 62 63 34 65 486 479 486 479 495 98 61 61 30 61 62 63 64 95 486 479 495 486 479 495 58 479 479 479 486 486 486 486 486 486 479 479 495 17 48 49 94 57 91 25 26 59 53 54 55 63 64 29 30 97 479 479 486 486 486 479 479 479 495 479 486 492 97 479 495 492 23 24 25 26 93 94 57 58 59 28 30 61 27 57 58 59
31 32 33 34 101 102 65 17 48 49 90 53 87 95 96 97 54 55 87 486 479 486 492 84 95 61 34 65 66 67 20 21 22 486 479 495 486 479 479 486 486 486 492 479 495 492 29 486 486 486 479 479 495 98 61 62 63 32 33 66 57 58 59 67 20 42 43 479 486 486 492 65 66 486 486 486 479 486 492 87 479 495 492 61 27 28 29 30 97 98 61 62 63 32 34 65 31 61 62 63
87 88 89 90 61 62 63 17 48 49 94 57 91 25 26 57 58 59 91 34 486 479 479 479 495 65 26 57 23 24 25 26 93 94 486 479 495 486 486 492 27 57 58 479 495 479 479 479 479 479 486 486 492 495 65 17 48 49 50 93 61 62 63 24 25 46 479 486 492 29 30 479 479 495 26 57 486 486 492 91 479 495 34 65 31 32 33 34 101 102 65 17 48 49 90 53 87 95 96 97
59 28 29 30 65 66 67 22 97 98 61 62 63 32 33 34 65 66 95 90 53 486 486 486 479 479 495 61 27 28 29 30 97 98 61 486 479 495 486 479 495 479 479 495 492 486 486 486 486 486 486 492 486 479 479 495 48 49 50 97 65 66 67 28 479 479 486 492 83 479 479 486 486 479 479 479 479 495 98 479 495 492 90 53 87 88 89 90 61 62 63 17 48 49 94 57 91 25 26 57
63 32 33 34 53 54 61 27 28 29 30 97 98 61 62 61 62 63 17 48 49 63 17 479 495 486 479 479 495 32 33 34 101 102 65 17 486 479 479 486 492 486 479 495 495 492 492 51 61 67 486 486 479 486 486 479 479 495 55 101 55 56 87 479 486 486 492 87 479 486 486 492 62 486 486 486 486 479 479 495 492 48 57 58 59 28 29 30 65 66 67 22 97 98 61 62 63 32 33 34
48 49 50 51 57 58 83 84 41 42 43 74 75 25 26 65 66 67 22 53 54 67 22 486 479 479 495 479 495 479 495 90 61 62 63 17 48 486 486 486 492 25 479 495 492 59 55 56 62 98 94 57 486 486 479 486 486 479 479 479 479 479 479 486 492 59 479 479 486 492 94 95 96 97 54 55 56 486 486 492 17 48 61 62 63 32 33 34 53 54 55 26 101 102 65 17 48 49 50 51
48 49 50 51 61 67 88 89 45 46 47 78 79 29 30 53 54 55 26 57 58 59 60 91 486 486 479 486 479 479 495 479 495 61 62 63 64 53 54 55 479 479 495 492 102 98 61 42 43 74 75 25 26 65 486 486 486 486 486 486 486 486 486 492 29 479 486 486 492 97 98 25 26 57 58 59 60 65 66 67 22 53 65 17 48 49 50 51 57 58 59 30 61 62 63 17 48 49 50 51
53 54 55 56 62 98 92 93 49 50 51 82 83 33 34 57 58 59 30 61 62 97 98 61 62 63 486 486 486 486 479 495 479 479 495 61 27 57 58 479 479 479 495 94 57 84 95 46 47 78 79 29 30 53 54 55 26 486 486 479 479 495 61 479 479 486 492 21 22 101 102 29 30 61 62 63 64 53 54 55 26 57 63 17 48 49 50 51 61 67 20 53 65 66 67 22 53 54 55 56
57 58 67 20 53 102 96 97 54 55 56 87 88 89 90 61 62 63 34 65 66 101 102 65 17 48 486 486 486 479 486 479 495 486 479 479 495 61 479 486 479 486 492 98 61 89 90 50 51 82 83 33 34 57 58 59 30 61 62 486 486 479 479 486 486 492 25 26 93 94 57 58 59 28 30 61 27 57 58 59 30 61 67 22 53 54 61 27 28 29 30 97 98 61 62 61 62 63 17 48
61 62 98 94 57 57 26 57 58 59 60 91 92 93 94 95 96 97 54 55 56 61 62 63 17 48 33 34 486 486 486 486 479 479 495 486 479 479 486 479 495 492 29 30 61 93 94 55 56 87 88 89 90 61 62 63 34 65 66 101 102 486 486 492 50 28 29 30 97 98 61 62 63 32 34 65 31 61 62 63 34 65 55 26 57 58 83 84 41 42 43 74 75 25 26 65 66 67 22 53
65 66 102 98 61 61 30 61 62 63 64 95 96 97 98 25 26 57 58 59 60 65 66 67 22 53 89 90 61 62 63 486 486 486 479 495 486 486 479 495 492 59 33 34 65 97 98 59 60 91 92 93 94 95 96 97 54 55 56 61 62 63 17 54 55 32 33 34 101 102 65 17 48 49 90 53 87 95 96 97 54 55 87 30 61 62 88 89 45 46 47 78 79 29 30 53 54 55 26 57
53 54 57 84 95 61 34 65 66 67 20 21 22 101 102 29 30 61 62 63 64 53 54 55 26 57 29 30 65 66 67 22 97 486 486 479 479 479 495 492 65 66 49 90 53 53 48 63 64 95 96 97 98 25 26 57 58 59 60 65 66 67 22 58 67 88 89 90 61 62 63 17 48 49 94 57 91 25 26 57 58 59 91 34 65 66 92 93 49 50 51 82 83 33 34 57 58 59 30 61
57 58 61 89 90 65 26 57 23 24 25 26 93 94 57 58 59 28 30 61 27 57 58 59 30 61 33 34 53 54 55 26 101 102 65 486 486 486 492 51 82 93 94 57 58 57 48 67 20 21 22 101 102 29 30 61 62 63 64 53 54 55 26 62 98 28 29 30 65 66 67 22 97 98 61 62 63 32 33 34 65 66 95 90 53 54 96 97 54 55 56 87 88 89 90 61 62 63 34 65
102 65 17 48 62 63 30 61 27 28 29 30 97 98 61 62 63 32 34 65 31 61 62 63 34 65 50 51 57 58 59 30 61 62 63 17 48 486 492 51 82 97 98 61 62 61 62 24 25 26 93 94 57 58 59 28 30 61 27 57 58 59 30 66 102 32 33 34 53 54 61 27 28 29 30 97 98 61 62 61 62 63 17 48 49 50 51 82 97 94 60 91 92 93 94 95 96 97 54 55
62 63 17 48 66 67 34 65 31 32 33 34 101 102 65 17 48 49 90 53 87 95 96 97 54 55 50 51 61 67 20 53 65 66 67 22 53 54 55 56 87 101 102 65 17 65 66 28 29 30 97 98 61 62 63 32 34 65 31 61 62 63 34 54 57 49 50 51 57 58 83 84 41 42 43 74 75 25 26 65 66 67 22 53 54 55 56 87 101 5 64 95 96 97 98 25 26 57 58 59
66 67 22 53 54 55 90 53 87 88 89 90 61 62 63 17 48 49 94 57 91 25 26 57 58 59 55 56 62 98 94 57 53 54 55 26 57 58 59 60 91 61 62 63 17 82 93 32 33 34 101 102 65 17 48 49 90 53 87 95 96 97 54 58 61 49 50 51 61 67 88 89 45 46 47 78 79 29 30 53 54 55 26 57 58 59 60 91 61 9 20 21 22 101 102 29 30 61 62 63
54 55 26 57 58 59 57 58 59 28 29 30 65 66 67 22 97 98 61 62 63 32 33 34 65 66 67 20 53 102 98 61 57 58 59 30 61 62 63 64 95 65 66 67 22 82 97 88 89 90 61 62 63 17 48 49 94 57 91 25 26 57 58 65 17 54 55 56 62 98 92 93 49 50 51 82 83 33 34 57 58 59 30 61 62 97 98 61 62 63 25 26 93 94 57 58 59 28 30 61
58 59 30 61 62 63 61 62 63 32 33 34 53 54 55 26 101 102 65 17 48 49 50 51 82 93 98 94 57 57 84 95 61 62 63 34 65 66 67 97 98 61 54 55 26 87 101 28 29 30 65 66 67 22 97 98 61 62 63 32 33 34 65 63 17 58 67 20 53 102 96 97 54 55 56 87 88 89 90 61 62 63 34 65 66 101 102 65 17 48 29 30 97 98 61 62 63 32 34 65
tile 3 0 0
tile 4 56 0
tile 5 112 0
tile 7 168 0
tile 8 224 0
tile 9 280 0
tile 11 336 0
tile 12 392 0
tile 13 448 0
tile 15 504 0
tile 16 560 0
tile 17 616 0
tile 20 672 0
tile 21 0 27
tile 22 56 27
tile 23 112 27
tile 24 168 27
tile 25 224 27
tile 26 280 27
tile 27 336 27
tile 28 392 27
tile 29 448 27
tile 30 504 27
tile 31 560 27
tile 32 616 27
tile 33 672 27
tile 34 0 54
tile 36 56 54
tile 37 112 54
tile 38 168 54
tile 40 224 54
tile 41 280 54
tile 42 336 54
tile 43 392 54
tile 44 448 54
tile 45 504 54
tile 46 560 54
tile 47 616 54
tile 48 672 54
tile 49 0 81
tile 50 56 81
tile 51 112 81
tile 53 168 81
tile 54 224 81
tile 55 280 81
tile 56 336 81
tile 57 392 81
tile 58 448 81
tile 59 504 81
tile 60 560 81
tile 61 616 81
tile 62 672 81
tile 63 0 108
tile 64 56 108
tile 65 112 108
tile 66 168 108
tile 67 224 108
tile 74 280 108
tile 75 336 108
tile 78 392 108
tile 79 448 108
tile 82 504 108
tile 83 560 108
tile 84 616 108
tile 87 672 108
tile 88 0 135
tile 89 56 135
tile 90 112 135
tile 91 168 135
tile 92 224 135
tile 93 280 135
tile 94 336 135
tile 95 392 135
tile 96 448 135
tile 97 504 135
tile 98 560 135
tile 99 616 135
tile 100 672 135
tile 101 0 162
tile 102 56 162
tile 377 112 162
tile 378 168 162
tile 379 224 162
tile 380 280 162
tile 381 336 162
tile 382 392 162
tile 383 448 162
tile 384 504 162
tile 385 560 162
tile 386 616 162
tile 387 672 162
tile 388 0 189
tile 389 56 189
tile 390 112 189
tile 391 168 189
tile 392 224 189
tile 393 280 189
tile 394 336 189
tile 395 392 189
tile 396 448 189
tile 397 504 189
tile 398 560 189
tile 399 616 189
tile 400 672 189
tile 440 0 216
tile 442 56 216
tile 443 112 216
tile 445 168 216
tile 447 224 216
tile 452 280 216
tile 453 336 216
tile 457 392 216
tile 458 448 216
tile 460 504 216
tile 461 560 216
tile 462 616 216
tile 463 672 216
tile 465 0 243
tile 466 56 243
tile 467 112 243
tile 468 168 243
tile 470 224 243
tile 471 280 243
tile 474 336 243
tile 475 392 243
tile 479 448 243
tile 480 504 243
tile 481 560 243
tile 484 616 243
tile 486 672 243
tile 487 0 270
tile 490 56 270
tile 491 112 270
tile 492 168 270
tile 494 224 270
tile 495 280 270
tile 496 336 270
tile 497 392 270
tile 499 448 270
tile 502 504 270
tile 504 560 270
tile 505 616 270
tile 506 672 270
tile 507 0 297
tile 509 56 297
tile 510 112 297
tile 511 168 297
tile 512 224 297
tile 518 280 297
tile 520 336 297
tile 526 392 297
tile 529 448 297
tile 531 504 297
tile 533 560 297
tile 534 616 297
tile 3432 672 297
tile 3439 0 324
tile 3456 56 324
tile 3464 112 324
picture 79 84 52 46 0
picture 80 84 0 52 0
picture 747 84 98 44 0
picture 748 84 228 41 0
picture 759 56 558 62 0
picture 760 56 736 57 0
picture 2525 84 142 43 0
picture 2526 56 793 56 0
picture 2527 56 298 65 0
picture 2528 56 162 68 0
picture 2529 56 620 58 0
picture 2540 56 363 65 0
picture 2541 28 612 93 0
picture 2542 28 0 102 0
picture 2543 28 798 90 0
picture 2544 56 0 81 0
picture 2555 56 678 58 0
picture 2556 56 230 68 0
picture 2557 56 428 65 0
picture 2558 56 849 56 0
picture 2559 84 185 43 0
picture 2570 56 81 81 0
picture 2571 28 888 90 0
picture 2572 28 102 102 0
picture 2573 28 705 93 0
picture 2574 56 493 65 0
picture 2595 28 204 102 0
picture 2596 0 296 147 0
picture 2597 0 0 148 0
picture 2598 28 306 102 0
picture 2599 56 905 54 0
picture 2600 28 408 102 0
picture 2601 0 443 147 0
picture 2602 0 148 148 0
picture 2603 28 510 102 0
picture 2604 56 959 54 0
picture 3268 0 721 127 0
picture 3269 0 590 131 0
picture 3270 0 848 103 0
object 6 0 left 747
object 6 0 right 748
object 7 0 left 747
object 7 0 right 748
object 8 0 left 747
object 8 0 right 748
object 9 0 left 747
object 9 0 right 748
object 10 0 left 747
object 10 0 right 748
object 11 0 left 747
object 11 0 right 748
object 12 0 left 747
object 12 0 right 748
object 13 0 left 747
object 13 0 right 748
object 16 0 left 747
object 16 0 right 748
object 17 0 left 747
object 17 0 right 748
object 18 0 left 747
object 18 0 right 748
object 19 0 left 747
object 19 0 right 748
object 20 0 left 747
object 20 0 right 748
object 22 0 left 747
object 22 0 right 748
object 35 0 left 747
object 35 0 right 748
object 36 0 left 747
object 36 0 right 748
object 37 0 left 747
object 37 0 right 748
object 38 0 left 747
object 38 0 right 748
object 39 0 left 747
object 39 0 right 748
object 40 0 left 747
object 40 0 right 748
object 41 0 left 747
object 41 0 right 748
object 42 0 left 747
object 42 0 right 748
object 43 0 left 747
object 43 0 right 748
object 45 0 left 747
object 45 0 right 748
object 48 0 left 747
object 48 0 right 748
object 49 0 left 747
object 49 0 right 748
object 52 0 left 747
object 52 0 right 748
object 64 0 left 747
object 64 0 right 748
object 65 0 left 747
object 65 0 right 748
object 66 0 left 747
object 66 0 right 748
object 67 0 left 759
object 67 0 right 760
object 68 0 left 747
object 68 0 right 748
object 71 0 left 747
object 71 0 right 748
object 72 0 left 747
object 72 0 right 748
object 74 0 left 747
object 74 0 right 748
object 75 0 left 747
object 75 0 right 748
object 76 0 left 747
object 76 0 right 748
object 77 0 left 747
object 77 0 right 748
object 78 0 left 747
object 78 0 right 748
object 81 0 left 747
object 81 0 right 748
object 86 0 left 747
object 86 0 right 748
object 89 0 left 747
object 89 0 right 748
object 91 0 left 747
object 91 0 right 748
object 92 0 left 747
object 92 0 right 748
object 6 1 left 747
object 6 1 right 748
object 8 1 left 747
object 8 1 right 748
object 9 1 left 747
object 9 1 right 748
object 10 1 left 747
object 10 1 right 748
object 12 1 left 747
object 12 1 right 748
object 13 1 left 747
object 13 1 right 748
object 14 1 left 747
object 14 1 right 748
object 15 1 left 747
object 15 1 right 748
object 16 1 left 747
object 16 1 right 748
object 17 1 left 747
object 17 1 right 748
object 18 1 left 747
object 18 1 right 748
object 19 1 left 759
object 19 1 right 760
object 20 1 left 747
object 20 1 right 748
object 22 1 left 747
object 22 1 right 748
object 35 1 left 759
object 35 1 right 760
object 36 1 left 747
object 36 1 right 748
object 37 1 left 747
object 37 1 right 748
object 38 1 left 747
object 38 1 right 748
object 39 1 left 747
object 39 1 right 748
object 40 1 left 747
object 40 1 right 748
object 41 1 left 747
object 41 1 right 748
object 42 1 left 759
object 42 1 right 760
object 43 1 left 747
object 43 1 right 748
object 44 1 left 759
object 44 1 right 760
object 45 1 left 747
object 45 1 right 748
object 48 1 left 747
object 48 1 right 748
object 49 1 left 747
object 49 1 right 748
object 64 1 left 747
object 64 1 right 748
object 66 1 left 747
object 66 1 right 748
object 67 1 left 747
object 67 1 right 748
object 68 1 left 747
object 68 1 right 748
object 69 1 left 747
object 69 1 right 748
object 70 1 left 747
object 70 1 right 748
object 71 1 left 759
object 71 1 right 760
object 72 1 left 747
object 72 1 right 748
object 73 1 left 747
object 73 1 right 748
object 74 1 left 747
object 74 1 right 748
object 75 1 left 747
object 75 1 right 748
object 77 1 left 747
object 77 1 right 748
object 79 1 left 747
object 79 1 right 748
object 80 1 left 747
object 80 1 right 748
object 81 1 left 747
object 81 1 right 748
object 82 1 left 747
object 82 1 right 748
object 86 1 left 747
object 86 1 right 748
object 89 1 left 747
object 89 1 right 748
object 91 1 left 747
object 91 1 right 748
object 93 1 left 747
object 93 1 right 748
object 6 2 left 747
object 6 2 right 748
object 7 2 left 747
object 7 2 right 748
object 8 2 left 747
object 8 2 right 748
object 9 2 left 759
object 9 2 right 760
object 10 2 left 747
object 10 2 right 748
object 13 2 left 747
object 13 2 right 748
object 14 2 left 747
object 14 2 right 748
object 16 2 left 747
object 16 2 right 748
object 17 2 left 747
object 17 2 right 748
object 18 2 left 747
object 18 2 right 748
object 19 2 left 747
object 19 2 right 748
object 20 2 left 747
object 20 2 right 748
object 23 2 left 747
object 23 2 right 748
object 28 2 left 747
object 28 2 right 748
object 31 2 left 747
object 31 2 right 748
object 33 2 left 747
object 33 2 right 748
object 34 2 left 747
object 34 2 right 748
object 35 2 left 747
object 35 2 right 748
object 36 2 left 747
object 36 2 right 748
object 37 2 left 747
object 37 2 right 748
object 38 2 left 747
object 38 2 right 748
object 39 2 left 747
object 39 2 right 748
object 40 2 left 747
object 40 2 right 748
object 41 2 left 747
object 41 2 right 748
object 43 2 left 747
object 43 2 right 748
object 44 2 left 747
object 44 2 right 748
object 45 2 left 747
object 45 2 right 748
object 46 2 left 747
object 46 2 right 748
object 47 2 left 747
object 47 2 right 748
object 50 2 left 747
object 50 2 right 748
object 64 2 left 747
object 64 2 right 748
object 65 2 left 747
object 65 2 right 748
object 69 2 left 747
object 69 2 right 748
object 70 2 left 747
object 70 2 right 748
object 71 2 left 747
object 71 2 right 748
object 72 2 left 747
object 72 2 right 748
object 73 2 left 747
object 73 2 right 748
object 74 2 left 747
object 74 2 right 748
object 76 2 left 747
object 76 2 right 748
object 78 2 left 747
object 78 2 right 748
object 80 2 left 747
object 80 2 right 748
object 82 2 left 747
object 82 2 right 748
object 85 2 left 747
object 85 2 right 748
object 87 2 left 747
object 87 2 right 748
object 88 2 left 747
object 88 2 right 748
object 90 2 left 747
object 90 2 right 748
object 94 2 left 747
object 94 2 right 748
object 6 3 left 747
object 6 3 right 748
object 8 3 left 747
object 8 3 right 748
object 9 3 left 747
object 9 3 right 748
object 10 3 left 747
object 10 3 right 748
object 11 3 left 747
object 11 3 right 748
object 12 3 left 747
object 12 3 right 748
object 13 3 left 759
object 13 3 right 760
object 14 3 left 747
object 14 3 right 748
object 15 3 left 747
object 15 3 right 748
object 16 3 left 747
object 16 3 right 748
object 17 3 left 747
object 17 3 right 748
object 19 3 left 747
object 19 3 right 748
object 21 3 left 747
object 21 3 right 748
object 22 3 left 747
object 22 3 right 748
object 23 3 left 747
object 23 3 right 748
object 24 3 left 747
object 24 3 right 748
object 28 3 left 747
object 28 3 right 748
object 31 3 left 747
object 31 3 right 748
object 33 3 left 747
object 33 3 right 748
object 35 3 left 747
object 35 3 right 748
object 36 3 left 747
object 36 3 right 748
object 37 3 left 747
object 37 3 right 748
object 38 3 left 747
object 38 3 right 748
object 39 3 left 747
object 39 3 right 748
object 40 3 left 747
object 40 3 right 748
object 41 3 left 747
object 41 3 right 748
object 42 3 left 747
object 42 3 right 748
object 45 3 left 747
object 45 3 right 748
object 46 3 left 747
object 46 3 right 748
object 47 3 left 747
object 47 3 right 748
object 48 3 left 747
object 48 3 right 748
object 49 3 left 747
object 49 3 right 748
object 51 3 left 747
object 51 3 right 748
object 55 3 left 79
object 55 3 right 80
object 64 3 left 747
object 64 3 right 748
object 65 3 left 747
object 65 3 right 748
object 66 3 left 747
object 66 3 right 748
object 67 3 left 747
object 67 3 right 748
object 68 3 left 747
object 68 3 right 748
object 69 3 left 747
object 69 3 right 748
object 70 3 left 747
object 70 3 right 748
object 71 3 left 759
object 71 3 right 760
object 72 3 left 747
object 72 3 right 748
object 74 3 left 747
object 74 3 right 748
object 76 3 left 747
object 76 3 right 748
object 78 3 left 79
object 78 3 right 80
object 79 3 left 747
object 79 3 right 748
object 82 3 left 747
object 82 3 right 748
object 83 3 left 747
object 83 3 right 748
object 84 3 left 747
object 84 3 right 748
object 87 3 left 747
object 87 3 right 748
object 88 3 left 747
object 88 3 right 748
object 89 3 left 747
object 89 3 right 748
object 90 3 left 747
object 90 3 right 748
object 91 3 left 747
object 91 3 right 748
object 92 3 left 747
object 92 3 right 748
object 93 3 left 747
object 93 3 right 748
object 95 3 left 747
object 95 3 right 748
object 6 4 left 747
object 6 4 right 748
object 7 4 left 747
object 7 4 right 748
object 11 4 left 747
object 11 4 right 748
object 12 4 left 747
object 12 4 right 748
object 13 4 left 747
object 13 4 right 748
object 14 4 left 747
object 14 4 right 748
object 15 4 left 747
object 15 4 right 748
object 16 4 left 747
object 16 4 right 748
object 18 4 left 747
object 18 4 right 748
object 20 4 left 747
object 20 4 right 748
object 22 4 left 747
object 22 4 right 748
object 24 4 left 747
object 24 4 right 748
object 27 4 left 747
object 27 4 right 748
object 29 4 left 747
object 29 4 right 748
object 30 4 left 747
object 30 4 right 748
object 32 4 left 747
object 32 4 right 748
object 35 4 left 747
object 35 4 right 748
object 37 4 left 747
object 37 4 right 748
object 38 4 left 747
object 38 4 right 748
object 39 4 left 747
object 39 4 right 748
object 41 4 left 747
object 41 4 right 748
object 42 4 left 747
object 42 4 right 748
object 43 4 left 747
object 43 4 right 748
object 44 4 left 747
object 44 4 right 748
object 45 4 left 747
object 45 4 right 748
object 46 4 left 747
object 46 4 right 748
object 47 4 left 747
object 47 4 right 748
object 48 4 left 759
object 48 4 right 760
object 49 4 left 747
object 49 4 right 748
object 51 4 left 747
object 51 4 right 748
object 68 4 left 747
object 68 4 right 748
object 69 4 left 747
object 69 4 right 748
object 70 4 left 747
object 70 4 right 748
object 71 4 left 747
object 71 4 right 748
object 72 4 left 747
object 72 4 right 748
object 73 4 left 747
object 73 4 right 748
object 74 4 left 747
object 74 4 right 748
object 75 4 left 747
object 75 4 right 748
object 76 4 left 747
object 76 4 right 748
object 77 4 left 747
object 77 4 right 748
object 78 4 left 747
object 78 4 right 748
object 79 4 left 747
object 79 4 right 748
object 83 4 left 2540
object 83 4 right 748
object 84 4 left 2541
object 84 4 right 760
object 85 4 left 2542
object 85 4 right 748
object 86 4 left 2543
object 86 4 right 2544
object 87 4 left 747
object 87 4 right 748
object 88 4 left 759
object 88 4 right 760
object 89 4 left 747
object 89 4 right 748
object 90 4 left 747
object 90 4 right 748
object 92 4 left 747
object 92 4 right 748
object 93 4 left 747
object 93 4 right 748
object 95 4 left 759
object 95 4 right 760
object 96 4 left 747
object 96 4 right 748
object 6 5 left 747
object 6 5 right 748
object 7 5 left 747
object 7 5 right 3270
object 8 5 left 747
object 8 5 right 748
object 9 5 left 747
object 9 5 right 748
object 10 5 left 747
object 10 5 right 748
object 11 5 left 747
object 11 5 right 748
object 12 5 left 747
object 12 5 right 748
object 13 5 left 759
object 13 5 right 760
object 14 5 left 747
object 14 5 right 748
object 15 5 right 3270
object 16 5 left 747
object 16 5 right 748
object 18 5 left 747
object 18 5 right 748
object 20 5 left 747
object 20 5 right 748
object 21 5 left 747
object 21 5 right 748
object 24 5 left 747
object 24 5 right 748
object 25 5 left 747
object 25 5 right 748
object 26 5 left 747
object 26 5 right 748
object 29 5 left 747
object 29 5 right 748
object 30 5 left 747
object 30 5 right 748
object 31 5 left 747
object 31 5 right 748
object 32 5 left 747
object 32 5 right 748
object 33 5 left 747
object 33 5 right 748
object 34 5 left 747
object 34 5 right 748
object 35 5 left 747
object 35 5 right 748
object 36 5 left 747
object 36 5 right 748
object 37 5 left 747
object 37 5 right 748
object 38 5 left 759
object 38 5 right 760
object 39 5 left 747
object 39 5 right 748
object 42 5 left 747
object 42 5 right 748
object 43 5 left 747
object 43 5 right 748
object 45 5 left 747
object 45 5 right 748
object 46 5 left 747
object 46 5 right 748
object 47 5 left 747
object 47 5 right 748
object 48 5 left 747
object 48 5 right 748
object 49 5 left 747
object 49 5 right 748
object 52 5 left 747
object 52 5 right 748
object 57 5 left 747
object 57 5 right 748
object 60 5 left 747
object 60 5 right 748
object 62 5 left 747
object 62 5 right 748
object 63 5 left 747
object 63 5 right 748
object 64 5 left 747
object 64 5 right 748
object 65 5 left 759
object 65 5 right 760
object 66 5 left 747
object 66 5 right 748
object 67 5 left 747
object 67 5 right 748
object 68 5 left 747
object 68 5 right 748
object 69 5 left 747
object 69 5 right 748
object 71 5 left 747
object 71 5 right 748
object 72 5 left 747
object 72 5 right 748
object 73 5 left 747
object 73 5 right 748
object 74 5 left 747
object 74 5 right 748
object 76 5 left 747
object 76 5 right 748
object 77 5 left 747
object 77 5 right 748
object 78 5 left 747
object 78 5 right 748
object 79 5 left 747
object 79 5 right 748
object 80 5 left 747
object 80 5 right 748
object 83 5 left 747
object 83 5 right 748
object 84 5 left 747
object 84 5 right 748
object 86 5 left 747
object 86 5 right 748
object 88 5 left 747
object 88 5 right 748
object 89 5 left 747
object 89 5 right 748
object 91 5 left 747
object 91 5 right 748
object 92 5 left 747
object 92 5 right 748
object 93 5 left 747
object 93 5 right 748
object 94 5 left 747
object 94 5 right 748
object 97 5 left 747
object 97 5 right 748
object 7 6 left 3268
object 7 6 right 3269
object 10 6 left 747
object 10 6 right 748
object 11 6 left 747
object 11 6 right 748
object 12 6 left 747
object 12 6 right 748
object 13 6 left 747
object 13 6 right 748
object 14 6 left 747
object 14 6 right 748
object 15 6 left 3268
object 15 6 right 3269
object 16 6 left 747
object 16 6 right 748
object 17 6 left 747
object 17 6 right 748
object 18 6 left 747
object 18 6 right 748
object 19 6 left 747
object 19 6 right 748
object 20 6 left 747
object 20 6 right 748
object 21 6 left 747
object 21 6 right 748
object 25 6 left 747
object 25 6 right 748
object 26 6 left 759
object 26 6 right 760
object 27 6 left 747
object 27 6 right 748
object 29 6 left 747
object 29 6 right 748
object 30 6 left 759
object 30 6 right 760
object 31 6 left 747
object 31 6 right 748
object 32 6 left 747
object 32 6 right 748
object 34 6 left 79
object 34 6 right 80
object 35 6 left 747
object 35 6 right 748
object 37 6 left 747
object 37 6 right 748
object 38 6 left 747
object 38 6 right 748
object 39 6 left 747
object 39 6 right 748
object 40 6 left 747
object 40 6 right 748
object 41 6 left 747
object 41 6 right 748
object 42 6 left 759
object 42 6 right 3270
object 43 6 left 747
object 43 6 right 748
object 44 6 left 747
object 44 6 right 748
object 45 6 left 747
object 45 6 right 748
object 46 6 left 747
object 46 6 right 748
object 48 6 left 747
object 48 6 right 748
object 50 6 left 747
object 50 6 right 748
object 51 6 left 79
object 51 6 right 80
object 52 6 left 747
object 52 6 right 748
object 53 6 left 747
object 53 6 right 748
object 57 6 left 747
object 57 6 right 748
object 60 6 left 747
object 60 6 right 748
object 62 6 left 747
object 62 6 right 748
object 66 6 left 747
object 66 6 right 748
object 67 6 left 747
object 67 6 right 748
object 70 6 left 747
object 70 6 right 748
object 71 6 left 747
object 71 6 right 748
object 72 6 left 747
object 72 6 right 748
object 74 6 left 747
object 74 6 right 748
object 76 6 left 747
object 76 6 right 748
object 77 6 left 747
object 77 6 right 748
object 79 6 left 759
object 79 6 right 760
object 81 6 left 747
object 81 6 right 748
object 82 6 left 747
object 82 6 right 748
object 84 6 left 747
object 84 6 right 748
object 85 6 left 747
object 85 6 right 748
object 86 6 left 747
object 86 6 right 748
object 88 6 left 747
object 88 6 right 748
object 89 6 left 747
object 89 6 right 748
object 91 6 left 747
object 91 6 right 748
object 92 6 left 747
object 92 6 right 748
object 93 6 left 747
object 93 6 right 748
object 94 6 left 747
object 94 6 right 748
object 95 6 left 747
object 95 6 right 748
object 98 6 left 747
object 98 6 right 748
object 6 7 left 747
object 6 7 right 748
object 7 7 left 759
object 7 7 right 760
object 8 7 left 747
object 8 7 right 748
object 9 7 left 747
object 9 7 right 748
object 10 7 left 747
object 10 7 right 748
object 11 7 left 747
object 11 7 right 3270
object 13 7 left 747
object 13 7 right 748
object 14 7 left 747
object 14 7 right 748
object 15 7 left 747
object 15 7 right 748
object 16 7 left 747
object 16 7 right 748
object 18 7 left 747
object 18 7 right 748
object 19 7 left 747
object 19 7 right 748
object 20 7 left 747
object 20 7 right 748
object 21 7 left 747
object 21 7 right 748
object 22 7 left 747
object 22 7 right 748
object 25 7 left 747
object 25 7 right 748
object 26 7 left 747
object 26 7 right 748
object 28 7 left 747
object 28 7 right 748
object 30 7 left 747
object 30 7 right 748
object 31 7 left 747
object 31 7 right 748
object 33 7 left 747
object 33 7 right 748
object 34 7 left 747
object 34 7 right 748
object 35 7 left 747
object 35 7 right 748
object 36 7 left 747
object 36 7 right 748
object 40 7 left 747
object 40 7 right 748
object 41 7 left 747
object 41 7 right 748
object 42 7 left 3268
object 42 7 right 3269
object 43 7 left 747
object 43 7 right 748
object 44 7 left 747
object 44 7 right 748
object 45 7 left 747
object 45 7 right 748
object 47 7 left 747
object 47 7 right 748
object 49 7 left 747
object 49 7 right 748
object 51 7 left 747
object 51 7 right 748
object 53 7 left 747
object 53 7 right 748
object 56 7 left 747
object 56 7 right 748
object 58 7 left 2540
object 58 7 right 748
object 59 7 left 2541
object 59 7 right 748
object 60 7 left 2542
object 61 7 left 2543
object 61 7 right 2544
object 65 7 left 747
object 65 7 right 748
object 66 7 left 747
object 66 7 right 748
object 67 7 left 747
object 67 7 right 748
object 68 7 left 747
object 68 7 right 748
object 70 7 left 747
object 70 7 right 748
object 71 7 left 747
object 71 7 right 748
object 72 7 left 747
object 72 7 right 748
object 73 7 left 747
object 73 7 right 748
object 74 7 left 747
object 74 7 right 748
object 76 7 left 747
object 76 7 right 748
object 78 7 left 747
object 78 7 right 748
object 84 7 left 747
object 84 7 right 748
object 85 7 left 747
object 85 7 right 748
object 87 7 left 747
object 87 7 right 748
object 88 7 left 747
object 88 7 right 748
object 90 7 left 747
object 90 7 right 748
object 92 7 left 747
object 92 7 right 748
object 95 7 left 747
object 95 7 right 748
object 96 7 left 747
object 96 7 right 748
object 99 7 left 747
object 99 7 right 748
object 8 8 left 747
object 8 8 right 748
object 9 8 left 747
object 9 8 right 748
object 11 8 left 3268
object 11 8 right 3269
object 12 8 left 747
object 12 8 right 748
object 13 8 left 747
object 13 8 right 748
object 14 8 left 747
object 14 8 right 748
object 16 8 left 747
object 16 8 right 748
object 18 8 left 747
object 18 8 right 748
object 19 8 left 747
object 19 8 right 748
object 21 8 left 759
object 21 8 right 760
object 23 8 left 747
object 23 8 right 748
object 24 8 left 747
object 24 8 right 748
object 26 8 left 747
object 26 8 right 748
object 27 8 left 747
object 27 8 right 748
object 28 8 left 747
object 28 8 right 748
object 30 8 left 747
object 30 8 right 748
object 31 8 left 747
object 31 8 right 748
object 33 8 left 747
object 33 8 right 748
object 34 8 left 747
object 34 8 right 748
object 35 8 left 747
object 35 8 right 748
object 36 8 left 747
object 36 8 right 748
object 37 8 left 747
object 37 8 right 748
object 38 8 left 747
object 38 8 right 748
object 39 8 left 747
object 39 8 right 748
object 40 8 left 747
object 40 8 right 748
object 41 8 left 747
object 41 8 right 748
object 42 8 left 759
object 42 8 right 760
object 43 8 left 747
object 43 8 right 748
object 45 8 left 747
object 45 8 right 748
object 47 8 left 747
object 47 8 right 748
object 49 8 left 747
object 49 8 right 748
object 50 8 left 747
object 50 8 right 748
object 53 8 left 747
object 53 8 right 748
object 54 8 left 747
object 54 8 right 748
object 55 8 left 747
object 55 8 right 748
object 58 8 left 747
object 58 8 right 748
object 59 8 left 747
object 59 8 right 748
object 60 8 left 747
object 60 8 right 748
object 61 8 left 747
object 61 8 right 748
object 62 8 left 747
object 62 8 right 748
object 63 8 left 747
object 63 8 right 748
object 66 8 left 747
object 66 8 right 748
object 67 8 left 747
object 67 8 right 748
object 68 8 left 747
object 68 8 right 748
object 69 8 left 747
object 69 8 right 748
object 70 8 left 747
object 70 8 right 748
object 71 8 left 747
object 71 8 right 748
object 72 8 left 747
object 72 8 right 748
object 73 8 left 747
object 73 8 right 748
object 75 8 left 747
object 75 8 right 748
object 79 8 left 747
object 79 8 right 748
object 83 8 left 747
object 83 8 right 748
object 85 8 left 747
object 85 8 right 748
object 86 8 left 747
object 86 8 right 748
object 87 8 left 747
object 87 8 right 748
object 88 8 left 747
object 88 8 right 748
object 89 8 left 747
object 89 8 right 748
object 90 8 left 747
object 90 8 right 748
object 91 8 left 759
object 91 8 right 760
object 92 8 left 747
object 92 8 right 748
object 95 8 left 747
object 95 8 right 748
object 96 8 left 747
object 96 8 right 748
object 7 9 left 747
object 7 9 right 748
object 8 9 left 747
object 8 9 right 748
object 9 9 left 747
object 9 9 right 748
object 10 9 left 747
object 10 9 right 748
object 12 9 left 747
object 12 9 right 748
object 13 9 left 747
object 13 9 right 748
object 14 9 left 747
object 14 9 right 748
object 15 9 left 747
object 15 9 right 748
object 16 9 left 747
object 16 9 right 748
object 18 9 left 747
object 18 9 right 748
object 20 9 left 747
object 20 9 right 748
object 26 9 left 747
object 26 9 right 748
object 27 9 left 747
object 27 9 right 748
object 29 9 left 747
object 29 9 right 748
object 30 9 left 747
object 30 9 right 748
object 32 9 left 747
object 32 9 right 748
object 34 9 left 747
object 34 9 right 748
object 39 9 left 747
object 39 9 right 748
object 40 9 left 747
object 40 9 right 748
object 41 9 left 747
object 41 9 right 748
object 42 9 left 747
object 42 9 right 748
object 43 9 left 747
object 43 9 right 748
object 44 9 left 747
object 44 9 right 748
object 45 9 left 747
object 45 9 right 748
object 46 9 left 747
object 46 9 right 748
object 47 9 left 747
object 47 9 right 748
object 48 9 left 747
object 48 9 right 748
object 49 9 left 747
object 49 9 right 748
object 50 9 left 747
object 50 9 right 748
object 54 9 left 747
object 54 9 right 748
object 55 9 left 759
object 55 9 right 760
object 56 9 left 747
object 56 9 right 748
object 58 9 left 747
object 58 9 right 748
object 59 9 left 759
object 59 9 right 760
object 60 9 left 747
object 60 9 right 748
object 61 9 left 747
object 61 9 right 748
object 63 9 left 747
object 63 9 right 748
object 66 9 left 747
object 66 9 right 748
object 67 9 left 747
object 67 9 right 748
object 68 9 left 747
object 68 9 right 748
object 69 9 left 747
object 69 9 right 748
object 71 9 left 747
object 71 9 right 748
object 72 9 left 747
object 72 9 right 748
object 73 9 left 747
object 73 9 right 748
object 74 9 left 747
object 74 9 right 748
object 75 9 left 747
object 75 9 right 2574
object 76 9 left 747
object 76 9 right 3270
object 77 9 left 747
object 77 9 right 748
object 78 9 left 747
object 78 9 right 748
object 80 9 left 747
object 80 9 right 748
object 84 9 left 747
object 84 9 right 748
object 87 9 left 747
object 87 9 right 748
object 88 9 left 747
object 88 9 right 748
object 90 9 left 747
object 90 9 right 748
object 91 9 left 747
object 91 9 right 748
object 92 9 left 747
object 92 9 right 748
object 93 9 left 747
object 93 9 right 748
object 94 9 left 747
object 94 9 right 748
object 97 9 left 747
object 97 9 right 748
object 8 10 left 747
object 8 10 right 748
object 9 10 left 747
object 9 10 right 748
object 10 10 left 747
object 10 10 right 748
object 11 10 left 747
object 11 10 right 748
object 12 10 left 747
object 12 10 right 748
object 13 10 left 747
object 13 10 right 748
object 14 10 left 747
object 14 10 right 748
object 15 10 left 747
object 15 10 right 748
object 17 10 left 747
object 17 10 right 748
object 21 10 left 747
object 21 10 right 748
object 25 10 left 747
object 25 10 right 748
object 27 10 left 747
object 27 10 right 748
object 28 10 left 747
object 28 10 right 748
object 29 10 left 747
object 29 10 right 748
object 30 10 left 747
object 30 10 right 748
object 31 10 left 747
object 31 10 right 748
object 32 10 left 747
object 32 10 right 748
object 33 10 left 759
object 33 10 right 760
object 34 10 left 747
object 34 10 right 748
object 35 10 left 747
object 35 10 right 748
object 36 10 left 759
object 36 10 right 760
object 37 10 left 747
object 37 10 right 748
object 38 10 left 747
object 38 10 right 748
object 39 10 left 747
object 39 10 right 748
object 40 10 left 747
object 40 10 right 748
object 42 10 left 747
object 42 10 right 748
object 43 10 left 747
object 43 10 right 748
object 44 10 left 747
object 44 10 right 748
object 45 10 left 747
object 45 10 right 748
object 47 10 left 747
object 47 10 right 748
object 48 10 left 747
object 48 10 right 2574
object 49 10 left 747
object 49 10 right 748
object 50 10 left 747
object 50 10 right 748
object 51 10 left 747
object 51 10 right 748
object 54 10 left 747
object 54 10 right 748
object 55 10 left 747
object 55 10 right 748
object 57 10 left 747
object 57 10 right 748
object 59 10 left 747
object 59 10 right 748
object 60 10 left 747
object 60 10 right 748
object 62 10 left 747
object 62 10 right 748
object 63 10 left 747
object 63 10 right 748
object 65 10 left 747
object 65 10 right 748
object 67 10 left 747
object 67 10 right 748
object 68 10 left 747
object 68 10 right 748
object 69 10 left 759
object 69 10 right 760
object 70 10 left 747
object 70 10 right 748
object 72 10 left 747
object 72 10 right 748
object 73 10 left 759
object 73 10 right 760
object 74 10 left 747
object 74 10 right 748
object 75 10 left 747
object 75 10 right 2573
object 76 10 left 3268
object 76 10 right 3269
object 77 10 left 747
object 77 10 right 748
object 78 10 left 747
object 78 10 right 748
object 80 10 left 759
object 80 10 right 760
object 81 10 left 747
object 81 10 right 748
object 84 10 left 747
object 84 10 right 748
object 86 10 left 759
object 86 10 right 760
object 87 10 left 747
object 87 10 right 748
object 88 10 left 747
object 88 10 right 748
object 89 10 left 747
object 89 10 right 748
object 93 10 left 747
object 93 10 right 748
object 94 10 left 747
object 94 10 right 748
object 95 10 left 747
object 95 10 right 748
object 96 10 left 747
object 96 10 right 748
object 98 10 left 747
object 98 10 right 748
object 8 11 left 747
object 8 11 right 748
object 9 11 left 747
object 9 11 right 748
object 10 11 left 747
object 10 11 right 748
object 11 11 left 747
object 11 11 right 748
object 13 11 left 747
object 13 11 right 748
object 14 11 left 747
object 14 11 right 748
object 15 11 left 747
object 15 11 right 748
object 16 11 left 747
object 16 11 right 748
object 17 11 left 747
object 17 11 right 748
object 18 11 left 747
object 18 11 right 748
object 19 11 left 747
object 19 11 right 748
object 20 11 left 747
object 20 11 right 748
object 22 11 left 747
object 22 11 right 748
object 26 11 left 747
object 26 11 right 748
object 29 11 left 747
object 29 11 right 748
object 30 11 left 747
object 30 11 right 748
object 32 11 left 747
object 32 11 right 748
object 33 11 left 747
object 33 11 right 748
object 34 11 left 747
object 34 11 right 748
object 37 11 left 747
object 37 11 right 748
object 38 11 left 747
object 38 11 right 748
object 41 11 left 747
object 41 11 right 748
object 42 11 left 747
object 42 11 right 748
object 43 11 left 747
object 43 11 right 748
object 45 11 left 747
object 45 11 right 748
object 47 11 left 747
object 47 11 right 748
object 48 11 left 747
object 48 11 right 2573
object 50 11 left 759
object 50 11 right 760
object 52 11 left 747
object 52 11 right 748
object 53 11 left 747
object 53 11 right 748
object 55 11 left 747
object 55 11 right 748
object 56 11 left 747
object 56 11 right 748
object 57 11 left 747
object 57 11 right 748
object 59 11 left 747
object 59 11 right 748
object 60 11 left 747
object 60 11 right 748
object 62 11 left 747
object 62 11 right 748
object 63 11 left 747
object 63 11 right 748
object 64 11 left 747
object 64 11 right 748
object 67 11 left 747
object 67 11 right 748
object 68 11 left 747
object 68 11 right 748
object 69 11 left 747
object 69 11 right 748
object 70 11 left 747
object 70 11 right 748
object 71 11 left 747
object 71 11 right 748
object 72 11 left 747
object 72 11 right 748
object 73 11 left 747
object 73 11 right 748
object 74 11 left 747
object 74 11 right 748
object 75 11 left 747
object 75 11 right 2572
object 76 11 left 747
object 76 11 right 748
object 77 11 left 747
object 77 11 right 748
object 78 11 left 747
object 78 11 right 748
object 79 11 left 747
object 79 11 right 748
object 82 11 left 747
object 82 11 right 748
object 85 11 left 747
object 85 11 right 748
object 86 11 left 747
object 86 11 right 748
object 88 11 left 747
object 88 11 right 748
object 89 11 left 747
object 89 11 right 748
object 90 11 left 747
object 90 11 right 748
object 91 11 left 747
object 91 11 right 748
object 92 11 left 747
object 92 11 right 748
object 93 11 left 747
object 93 11 right 748
object 94 11 left 747
object 94 11 right 748
object 95 11 left 759
object 95 11 right 760
object 96 11 left 747
object 96 11 right 748
object 98 11 left 747
object 98 11 right 748
object 7 12 left 747
object 7 12 right 748
object 9 12 left 747
object 9 12 right 748
object 10 12 left 747
object 10 12 right 748
object 11 12 left 759
object 11 12 right 760
object 12 12 left 747
object 12 12 right 748
object 14 12 left 747
object 14 12 right 748
object 15 12 left 759
object 15 12 right 760
object 16 12 left 747
object 16 12 right 748
object 17 12 left 747
object 17 12 right 748
object 18 12 left 747
object 18 12 right 748
object 19 12 left 747
object 19 12 right 748
object 20 12 left 747
object 20 12 right 748
object 22 12 left 759
object 22 12 right 760
object 23 12 left 747
object 23 12 right 748
object 26 12 left 747
object 26 12 right 748
object 28 12 left 759
object 28 12 right 760
object 29 12 left 747
object 29 12 right 748
object 30 12 left 747
object 30 12 right 748
object 31 12 left 747
object 31 12 right 748
object 36 12 left 747
object 36 12 right 748
object 37 12 left 747
object 37 12 right 748
object 38 12 left 747
object 38 12 right 748
object 39 12 left 747
object 39 12 right 748
object 41 12 left 747
object 41 12 right 748
object 42 12 left 747
object 42 12 right 748
object 43 12 left 747
object 43 12 right 748
object 44 12 left 747
object 44 12 right 748
object 45 12 left 747
object 45 12 right 748
object 47 12 left 747
object 47 12 right 748
object 48 12 right 2572
object 49 12 left 747
object 49 12 right 748
object 55 12 left 747
object 55 12 right 748
object 56 12 left 747
object 56 12 right 748
object 58 12 left 747
object 58 12 right 748
object 59 12 left 747
object 59 12 right 748
object 61 12 left 747
object 61 12 right 748
object 63 12 left 747
object 63 12 right 748
object 64 12 left 759
object 64 12 right 760
object 65 12 left 747
object 65 12 right 748
object 67 12 left 747
object 67 12 right 748
object 68 12 left 759
object 68 12 right 760
object 69 12 left 747
object 69 12 right 748
object 70 12 left 747
object 70 12 right 748
object 71 12 left 747
object 71 12 right 748
object 72 12 left 747
object 72 12 right 748
object 73 12 left 747
object 73 12 right 748
object 74 12 left 747
object 74 12 right 748
object 75 12 left 2570
object 75 12 right 2571
object 76 12 left 747
object 76 12 right 748
object 77 12 left 747
object 77 12 right 748
object 78 12 left 747
object 78 12 right 748
object 79 12 left 747
object 79 12 right 748
object 80 12 left 747
object 80 12 right 748
object 83 12 left 747
object 83 12 right 748
object 86 12 left 747
object 86 12 right 748
object 92 12 left 747
object 92 12 right 748
object 93 12 left 747
object 93 12 right 748
object 94 12 left 747
object 94 12 right 748
object 95 12 left 747
object 95 12 right 748
object 96 12 left 747
object 96 12 right 748
object 99 12 left 747
object 99 12 right 748
object 6 13 left 747
object 6 13 right 3270
object 9 13 left 747
object 9 13 right 748
object 10 13 left 747
object 10 13 right 748
object 11 13 left 747
object 11 13 right 748
object 12 13 left 747
object 12 13 right 748
object 13 13 left 747
object 13 13 right 748
object 14 13 left 747
object 14 13 right 748
object 15 13 left 747
object 15 13 right 748
object 16 13 left 747
object 16 13 right 748
object 17 13 left 747
object 17 13 right 748
object 18 13 left 747
object 18 13 right 748
object 19 13 left 747
object 19 13 right 748
object 20 13 left 747
object 20 13 right 748
object 21 13 left 747
object 21 13 right 748
object 24 13 left 747
object 24 13 right 748
object 27 13 left 747
object 27 13 right 748
object 28 13 left 747
object 28 13 right 748
object 30 13 left 747
object 30 13 right 748
object 31 13 left 747
object 31 13 right 748
object 32 13 left 747
object 32 13 right 748
object 33 13 left 747
object 33 13 right 748
object 34 13 left 747
object 34 13 right 748
object 37 13 left 747
object 37 13 right 748
object 38 13 left 747
object 38 13 right 748
object 39 13 left 747
object 39 13 right 748
object 40 13 left 747
object 40 13 right 748
object 41 13 left 747
object 41 13 right 748
object 42 13 left 747
object 42 13 right 748
object 43 13 left 747
object 43 13 right 748
object 44 13 left 747
object 44 13 right 748
object 46 13 left 747
object 46 13 right 748
object 48 13 left 2570
object 48 13 right 2571
object 50 13 left 747
object 50 13 right 748
object 54 13 left 747
object 54 13 right 748
object 56 13 left 747
object 56 13 right 748
object 57 13 left 747
object 57 13 right 748
object 58 13 left 747
object 58 13 right 748
object 59 13 left 747
object 59 13 right 748
object 60 13 left 747
object 60 13 right 748
object 61 13 left 747
object 61 13 right 748
object 62 13 left 759
object 62 13 right 760
object 63 13 left 747
object 63 13 right 748
object 64 13 left 747
object 64 13 right 748
object 66 13 left 747
object 66 13 right 748
object 68 13 left 747
object 68 13 right 748
object 69 13 left 747
object 69 13 right 748
object 70 13 left 747
object 70 13 right 748
object 71 13 left 747
object 71 13 right 748
object 72 13 left 747
object 72 13 right 748
object 73 13 left 747
object 73 13 right 748
object 74 13 left 747
object 74 13 right 748
object 75 13 left 747
object 75 13 right 748
object 77 13 left 747
object 77 13 right 748
object 80 13 left 747
object 80 13 right 748
object 81 13 left 747
object 81 13 right 748
object 84 13 left 747
object 84 13 right 748
object 86 13 left 747
object 86 13 right 748
object 87 13 left 747
object 87 13 right 748
object 88 13 left 747
object 88 13 right 748
object 89 13 left 759
object 89 13 right 760
object 90 13 left 747
object 90 13 right 748
object 91 13 left 747
object 91 13 right 748
object 92 13 left 747
object 92 13 right 748
object 93 13 left 747
object 93 13 right 748
object 95 13 left 747
object 95 13 right 748
object 97 13 left 747
object 97 13 right 748
object 98 13 left 747
object 98 13 right 748
object 6 14 left 3268
object 6 14 right 3269
object 7 14 left 747
object 7 14 right 748
object 9 14 left 747
object 9 14 right 748
object 10 14 left 759
object 10 14 right 760
object 11 14 left 747
object 11 14 right 748
object 12 14 left 747
object 12 14 right 748
object 13 14 left 747
object 13 14 right 748
object 14 14 left 747
object 14 14 right 748
object 15 14 left 747
object 15 14 right 748
object 16 14 left 747
object 16 14 right 748
object 17 14 left 759
object 17 14 right 760
object 18 14 left 747
object 18 14 right 748
object 19 14 left 747
object 19 14 right 748
object 20 14 left 747
object 20 14 right 748
object 21 14 left 747
object 21 14 right 748
object 22 14 left 747
object 22 14 right 748
object 25 14 left 747
object 25 14 right 748
object 28 14 left 747
object 28 14 right 748
object 34 14 left 747
object 34 14 right 748
object 37 14 left 747
object 37 14 right 748
object 38 14 left 747
object 38 14 right 748
object 39 14 left 747
object 39 14 right 748
object 40 14 left 747
object 40 14 right 748
object 42 14 left 747
object 42 14 right 748
object 43 14 left 747
object 43 14 right 748
object 44 14 left 747
object 44 14 right 748
object 45 14 left 747
object 45 14 right 748
object 46 14 left 747
object 46 14 right 748
object 47 14 left 747
object 47 14 right 748
object 48 14 left 747
object 48 14 right 748
object 49 14 left 747
object 49 14 right 748
object 51 14 left 747
object 51 14 right 748
object 55 14 left 747
object 55 14 right 748
object 58 14 left 747
object 58 14 right 748
object 59 14 left 747
object 59 14 right 748
object 61 14 left 747
object 61 14 right 748
object 62 14 left 747
object 62 14 right 748
object 63 14 left 747
object 63 14 right 748
object 64 14 left 747
object 64 14 right 748
object 65 14 left 747
object 65 14 right 748
object 66 14 left 747
object 66 14 right 748
object 68 14 left 747
object 68 14 right 2604
object 69 14 left 747
object 69 14 right 748
object 70 14 left 747
object 70 14 right 748
object 71 14 left 747
object 71 14 right 748
object 72 14 left 747
object 72 14 right 3270
object 73 14 left 747
object 73 14 right 748
object 74 14 left 747
object 74 14 right 748
object 75 14 left 747
object 75 14 right 748
object 76 14 left 759
object 76 14 right 760
object 77 14 left 747
object 77 14 right 748
object 78 14 left 747
object 78 14 right 748
object 80 14 left 747
object 80 14 right 748
object 81 14 left 747
object 81 14 right 748
object 91 14 left 747
object 91 14 right 748
object 92 14 left 79
object 92 14 right 80
object 94 14 left 747
object 94 14 right 748
object 96 14 left 747
object 96 14 right 748
object 98 14 left 747
object 98 14 right 748
object 6 15 left 747
object 6 15 right 748
object 8 15 left 747
object 8 15 right 748
object 10 15 left 747
object 10 15 right 748
object 11 15 left 747
object 11 15 right 748
object 12 15 left 747
object 12 15 right 748
object 13 15 left 747
object 13 15 right 748
object 14 15 left 747
object 14 15 right 748
object 15 15 left 747
object 15 15 right 748
object 16 15 left 747
object 16 15 right 748
object 17 15 left 747
object 17 15 right 748
object 19 15 left 747
object 19 15 right 748
object 22 15 left 747
object 22 15 right 748
object 23 15 left 747
object 23 15 right 748
object 26 15 left 747
object 26 15 right 748
object 28 15 left 747
object 28 15 right 748
object 29 15 left 747
object 29 15 right 748
object 30 15 left 747
object 30 15 right 748
object 31 15 left 759
object 31 15 right 760
object 32 15 left 747
object 32 15 right 748
object 33 15 left 747
object 33 15 right 748
object 34 15 left 747
object 34 15 right 748
object 36 15 left 747
object 36 15 right 748
object 38 15 left 747
object 38 15 right 748
object 39 15 left 747
object 39 15 right 748
object 40 15 left 759
object 40 15 right 760
object 41 15 left 747
object 41 15 right 748
object 43 15 left 747
object 43 15 right 748
object 44 15 left 759
object 44 15 right 760
object 45 15 left 747
object 45 15 right 748
object 46 15 left 747
object 46 15 right 748
object 47 15 left 747
object 47 15 right 748
object 48 15 left 747
object 48 15 right 748
object 49 15 left 747
object 49 15 right 748
object 51 15 left 759
object 51 15 right 760
object 52 15 left 747
object 52 15 right 748
object 55 15 left 747
object 55 15 right 748
object 57 15 left 759
object 57 15 right 760
object 58 15 left 747
object 58 15 right 748
object 59 15 left 747
object 59 15 right 748
object 60 15 left 747
object 60 15 right 748
object 64 15 left 747
object 64 15 right 748
object 65 15 left 747
object 65 15 right 748
object 67 15 left 747
object 67 15 right 748
object 68 15 left 747
object 68 15 right 2603
object 69 15 left 747
object 69 15 right 748
object 70 15 left 747
object 70 15 right 748
object 72 15 left 3268
object 72 15 right 3269
object 73 15 left 747
object 73 15 right 748
object 75 15 left 747
object 75 15 right 748
object 76 15 left 747
object 76 15 right 748
object 77 15 left 747
object 77 15 right 748
object 78 15 left 747
object 78 15 right 748
object 79 15 left 747
object 79 15 right 748
object 82 15 left 747
object 82 15 right 748
object 89 15 left 747
object 89 15 right 748
object 90 15 left 747
object 90 15 right 748
object 92 15 left 747
object 92 15 right 748
object 94 15 left 747
object 94 15 right 748
object 96 15 left 747
object 96 15 right 748
object 97 15 left 747
object 97 15 right 748
object 6 16 left 747
object 6 16 right 748
object 7 16 left 747
object 7 16 right 748
object 8 16 left 747
object 8 16 right 748
object 10 16 left 747
object 10 16 right 748
object 11 16 left 747
object 11 16 right 748
object 12 16 left 747
object 12 16 right 748
object 13 16 left 747
object 13 16 right 748
object 14 16 left 747
object 14 16 right 3270
object 15 16 left 747
object 15 16 right 748
object 16 16 left 747
object 16 16 right 748
object 17 16 left 747
object 17 16 right 748
object 18 16 left 759
object 18 16 right 760
object 19 16 left 747
object 19 16 right 748
object 20 16 left 747
object 20 16 right 748
object 22 16 left 747
object 22 16 right 748
object 23 16 left 747
object 23 16 right 748
object 33 16 left 747
object 33 16 right 748
object 35 16 left 747
object 35 16 right 748
object 38 16 left 747
object 38 16 right 748
object 39 16 left 747
object 39 16 right 748
object 40 16 left 747
object 40 16 right 748
object 41 16 left 747
object 41 16 right 748
object 42 16 left 747
object 42 16 right 748
object 43 16 left 747
object 43 16 right 748
object 44 16 left 747
object 44 16 right 748
object 45 16 left 747
object 45 16 right 748
object 46 16 left 747
object 46 16 right 748
object 47 16 left 747
object 47 16 right 748
object 48 16 left 747
object 48 16 right 748
object 49 16 left 747
object 49 16 right 748
object 50 16 left 747
object 50 16 right 748
object 53 16 left 747
object 53 16 right 748
object 56 16 left 747
object 56 16 right 748
object 57 16 left 747
object 57 16 right 748
object 59 16 left 747
object 59 16 right 748
object 60 16 left 747
object 60 16 right 748
object 61 16 left 747
object 61 16 right 748
object 62 16 left 747
object 62 16 right 748
object 63 16 left 747
object 63 16 right 748
object 65 16 left 747
object 65 16 right 748
object 66 16 left 747
object 66 16 right 748
object 67 16 left 2600
object 67 16 right 748
object 68 16 left 2601
object 68 16 right 2602
object 69 16 left 747
object 69 16 right 748
object 70 16 left 747
object 70 16 right 748
object 71 16 left 759
object 71 16 right 760
object 72 16 left 747
object 72 16 right 748
object 73 16 left 747
object 73 16 right 748
object 74 16 left 747
object 74 16 right 748
object 75 16 left 747
object 75 16 right 748
object 76 16 left 747
object 76 16 right 748
object 78 16 left 747
object 78 16 right 748
object 79 16 left 747
object 79 16 right 748
object 80 16 left 747
object 80 16 right 748
object 81 16 left 747
object 81 16 right 748
object 83 16 left 747
object 83 16 right 748
object 85 16 left 747
object 85 16 right 748
object 90 16 left 747
object 90 16 right 748
object 91 16 left 747
object 91 16 right 748
object 92 16 left 747
object 92 16 right 748
object 93 16 left 747
object 93 16 right 748
object 94 16 left 747
object 94 16 right 748
object 95 16 left 747
object 95 16 right 748
object 96 16 left 747
object 96 16 right 748
object 97 16 left 747
object 97 16 right 748
object 6 17 left 747
object 6 17 right 748
object 7 17 left 747
object 7 17 right 748
object 9 17 left 747
object 9 17 right 748
object 10 17 left 747
object 10 17 right 748
object 11 17 left 747
object 11 17 right 748
object 12 17 left 747
object 12 17 right 748
object 14 17 left 3268
object 14 17 right 3269
object 15 17 left 747
object 15 17 right 748
object 17 17 left 747
object 17 17 right 748
object 18 17 left 747
object 18 17 right 748
object 19 17 left 747
object 19 17 right 748
object 20 17 left 747
object 20 17 right 748
object 21 17 left 747
object 21 17 right 748
object 24 17 left 747
object 24 17 right 748
object 31 17 left 747
object 31 17 right 748
object 32 17 left 747
object 32 17 right 748
object 34 17 left 747
object 34 17 right 748
object 35 17 left 759
object 35 17 right 760
object 36 17 left 747
object 36 17 right 748
object 38 17 left 747
object 38 17 right 748
object 39 17 left 759
object 39 17 right 760
object 40 17 left 747
object 40 17 right 748
object 41 17 left 747
object 41 17 right 748
object 42 17 left 747
object 42 17 right 748
object 43 17 left 747
object 43 17 right 748
object 44 17 left 747
object 44 17 right 748
object 45 17 left 747
object 45 17 right 748
object 46 17 left 759
object 46 17 right 760
object 47 17 left 747
object 47 17 right 748
object 48 17 left 747
object 48 17 right 748
object 49 17 left 747
object 49 17 right 748
object 50 17 left 747
object 50 17 right 748
object 51 17 left 747
object 51 17 right 748
object 54 17 left 747
object 54 17 right 748
object 57 17 left 747
object 57 17 right 748
object 63 17 left 747
object 63 17 right 748
object 64 17 left 747
object 64 17 right 748
object 67 17 left 747
object 67 17 right 748
object 68 17 left 747
object 68 17 right 748
object 70 17 left 747
object 70 17 right 748
object 71 17 left 747
object 71 17 right 748
object 72 17 left 747
object 72 17 right 748
object 73 17 left 747
object 73 17 right 748
object 74 17 left 747
object 74 17 right 748
object 75 17 left 747
object 75 17 right 748
object 76 17 left 747
object 76 17 right 748
object 77 17 left 747
object 77 17 right 748
object 78 17 left 747
object 78 17 right 748
object 79 17 left 747
object 79 17 right 748
object 80 17 left 759
object 80 17 right 760
object 81 17 left 747
object 81 17 right 748
object 83 17 left 747
object 83 17 right 748
object 85 17 left 747
object 85 17 right 748
object 86 17 left 747
object 86 17 right 748
object 90 17 left 747
object 90 17 right 748
object 93 17 left 747
object 93 17 right 748
object 95 17 left 747
object 95 17 right 748
object 96 17 left 747
object 96 17 right 748
object 97 17 left 747
object 97 17 right 748
object 98 17 left 747
object 98 17 right 748
object 7 18 left 747
object 7 18 right 748
object 8 18 left 747
object 8 18 right 748
object 9 18 left 747
object 9 18 right 748
object 10 18 left 747
object 10 18 right 748
object 11 18 left 747
object 11 18 right 748
object 12 18 left 747
object 12 18 right 748
object 13 18 left 759
object 13 18 right 760
object 14 18 left 747
object 14 18 right 748
object 15 18 left 747
object 15 18 right 748
object 16 18 left 747
object 16 18 right 748
object 17 18 left 747
object 17 18 right 748
object 18 18 left 747
object 18 18 right 748
object 20 18 left 747
object 20 18 right 748
object 21 18 left 747
object 21 18 right 748
object 22 18 left 747
object 22 18 right 748
object 23 18 left 747
object 23 18 right 748
object 25 18 left 747
object 25 18 right 748
object 27 18 left 747
object 27 18 right 748
object 31 18 right 2559
object 32 18 left 747
object 32 18 right 748
object 33 18 left 747
object 33 18 right 748
object 34 18 left 747
object 34 18 right 748
object 35 18 left 747
object 35 18 right 748
object 37 18 left 747
object 37 18 right 748
object 39 18 left 747
object 39 18 right 748
object 40 18 left 747
object 40 18 right 748
object 41 18 left 747
object 41 18 right 748
object 42 18 left 747
object 42 18 right 748
object 43 18 left 747
object 43 18 right 748
object 44 18 left 747
object 44 18 right 748
object 45 18 left 747
object 45 18 right 748
object 46 18 left 747
object 46 18 right 748
object 48 18 left 747
object 48 18 right 748
object 51 18 left 747
object 51 18 right 748
object 52 18 left 747
object 52 18 right 748
object 55 18 left 747
object 55 18 right 748
object 57 18 left 747
object 57 18 right 748
object 58 18 left 747
object 58 18 right 748
object 59 18 left 747
object 59 18 right 748
object 60 18 left 759
object 60 18 right 760
object 61 18 left 747
object 61 18 right 748
object 62 18 left 747
object 62 18 right 748
object 63 18 left 747
object 63 18 right 748
object 64 18 left 747
object 64 18 right 748
object 66 18 left 759
object 66 18 right 760
object 67 18 left 747
object 67 18 right 748
object 68 18 left 747
object 68 18 right 748
object 69 18 left 747
object 69 18 right 748
object 71 18 left 747
object 71 18 right 748
object 73 18 left 747
object 73 18 right 748
object 74 18 left 747
object 74 18 right 748
object 75 18 left 747
object 75 18 right 748
object 76 18 left 747
object 76 18 right 748
object 77 18 left 747
object 77 18 right 748
object 78 18 left 747
object 78 18 right 748
object 79 18 left 747
object 79 18 right 748
object 80 18 left 747
object 80 18 right 748
object 81 18 left 747
object 81 18 right 748
object 84 18 left 747
object 84 18 right 748
object 86 18 left 747
object 86 18 right 748
object 87 18 left 759
object 87 18 right 760
object 89 18 left 747
object 89 18 right 748
object 91 18 left 747
object 91 18 right 748
object 92 18 left 747
object 92 18 right 748
object 94 18 left 747
object 94 18 right 748
object 97 18 left 759
object 97 18 right 760
object 98 18 left 747
object 98 18 right 748
object 99 18 left 747
object 99 18 right 748
object 6 19 left 747
object 6 19 right 748
object 9 19 left 747
object 9 19 right 748
object 10 19 left 747
object 10 19 right 748
object 12 19 left 747
object 12 19 right 748
object 13 19 left 747
object 13 19 right 748
object 14 19 left 747
object 14 19 right 748
object 15 19 left 747
object 15 19 right 748
object 16 19 left 747
object 16 19 right 748
object 17 19 left 747
object 17 19 right 748
object 18 19 left 747
object 18 19 right 748
object 19 19 left 747
object 19 19 right 748
object 20 19 left 747
object 20 19 right 748
object 21 19 left 747
object 21 19 right 748
object 22 19 left 759
object 22 19 right 760
object 23 19 left 747
object 23 19 right 748
object 25 19 left 747
object 25 19 right 748
object 27 19 left 747
object 27 19 right 748
object 28 19 left 747
object 28 19 right 748
object 31 19 right 2558
object 32 19 left 747
object 32 19 right 748
object 35 19 left 747
object 35 19 right 3270
object 36 19 left 747
object 36 19 right 748
object 37 19 left 747
object 37 19 right 748
object 39 19 left 747
object 39 19 right 748
object 40 19 left 747
object 40 19 right 748
object 41 19 left 747
object 41 19 right 748
object 42 19 left 747
object 42 19 right 748
object 43 19 left 747
object 43 19 right 748
object 44 19 left 747
object 44 19 right 748
object 45 19 left 747
object 45 19 right 748
object 46 19 left 747
object 46 19 right 748
object 47 19 left 759
object 47 19 right 760
object 48 19 left 747
object 48 19 right 748
object 49 19 left 747
object 49 19 right 748
object 51 19 left 747
object 51 19 right 748
object 52 19 left 747
object 52 19 right 748
object 62 19 left 747
object 62 19 right 748
object 65 19 left 747
object 65 19 right 748
object 66 19 left 747
object 66 19 right 748
object 68 19 left 747
object 68 19 right 748
object 69 19 left 747
object 69 19 right 748
object 70 19 left 747
object 70 19 right 748
object 71 19 left 747
object 71 19 right 748
object 72 19 left 747
object 72 19 right 748
object 73 19 left 747
object 73 19 right 748
object 74 19 left 747
object 74 19 right 748
object 75 19 left 759
object 75 19 right 760
object 76 19 left 747
object 76 19 right 748
object 77 19 left 747
object 77 19 right 748
object 78 19 left 747
object 78 19 right 748
object 80 19 left 747
object 80 19 right 748
object 82 19 left 747
object 82 19 right 748
object 83 19 left 747
object 83 19 right 748
object 84 19 right 3270
object 85 19 left 747
object 85 19 right 748
object 86 19 left 747
object 86 19 right 748
object 87 19 left 747
object 87 19 right 748
object 88 19 left 747
object 88 19 right 748
object 91 19 left 747
object 91 19 right 748
object 92 19 left 747
object 92 19 right 748
object 93 19 left 747
object 93 19 right 748
object 94 19 left 747
object 94 19 right 748
object 95 19 left 747
object 95 19 right 748
object 96 19 left 747
object 96 19 right 748
object 97 19 left 747
object 97 19 right 748
object 99 19 left 747
object 99 19 right 748
object 6 20 left 747
object 6 20 right 748
object 8 20 left 759
object 8 20 right 760
object 9 20 left 747
object 9 20 right 748
object 10 20 left 747
object 10 20 right 748
object 11 20 left 747
object 11 20 right 748
object 13 20 left 747
object 13 20 right 748
object 15 20 left 747
object 15 20 right 748
object 16 20 left 747
object 16 20 right 748
object 17 20 left 747
object 17 20 right 748
object 18 20 left 747
object 18 20 right 748
object 19 20 left 747
object 19 20 right 748
object 20 20 left 747
object 20 20 right 748
object 21 20 left 747
object 21 20 right 748
object 22 20 left 747
object 22 20 right 748
object 23 20 left 747
object 23 20 right 748
object 26 20 left 747
object 26 20 right 748
object 28 20 left 747
object 28 20 right 748
object 29 20 left 759
object 29 20 right 760
object 31 20 left 747
object 31 20 right 2557
object 33 20 left 747
object 33 20 right 748
object 34 20 left 747
object 34 20 right 748
object 35 20 left 3268
object 35 20 right 3269
object 36 20 left 747
object 36 20 right 748
object 38 20 left 747
object 38 20 right 748
object 39 20 left 747
object 39 20 right 748
object 40 20 left 747
object 40 20 right 748
object 41 20 left 747
object 41 20 right 748
object 43 20 left 747
object 43 20 right 748
object 44 20 left 747
object 44 20 right 748
object 46 20 left 747
object 46 20 right 748
object 47 20 left 747
object 47 20 right 748
object 48 20 left 747
object 48 20 right 748
object 49 20 left 747
object 49 20 right 748
object 50 20 left 747
object 50 20 right 748
object 53 20 left 747
object 53 20 right 748
object 60 20 left 747
object 60 20 right 748
object 61 20 left 747
object 61 20 right 748
object 63 20 left 747
object 63 20 right 748
object 66 20 left 747
object 66 20 right 748
object 72 20 left 747
object 72 20 right 748
object 73 20 left 747
object 73 20 right 748
object 74 20 left 747
object 74 20 right 748
object 75 20 left 747
object 75 20 right 748
object 76 20 left 747
object 76 20 right 748
object 79 20 left 747
object 79 20 right 748
object 81 20 left 747
object 81 20 right 748
object 83 20 left 747
object 83 20 right 748
object 84 20 left 3268
object 84 20 right 3269
object 87 20 left 747
object 87 20 right 748
object 88 20 left 759
object 88 20 right 760
object 89 20 left 747
object 89 20 right 748
object 90 20 left 2540
object 91 20 left 2541
object 91 20 right 748
object 92 20 left 2542
object 92 20 right 760
object 93 20 left 2543
object 93 20 right 2544
object 94 20 left 747
object 94 20 right 748
object 96 20 left 747
object 96 20 right 748
object 97 20 left 747
object 97 20 right 748
object 99 20 left 759
object 99 20 right 760
object 7 21 left 747
object 7 21 right 748
object 8 21 left 747
object 8 21 right 748
object 10 21 left 747
object 10 21 right 748
object 11 21 left 747
object 11 21 right 748
object 12 21 left 747
object 12 21 right 748
object 13 21 left 747
object 13 21 right 748
object 14 21 left 747
object 14 21 right 748
object 15 21 left 747
object 15 21 right 748
object 16 21 left 747
object 16 21 right 748
object 17 21 left 759
object 17 21 right 760
object 18 21 left 747
object 18 21 right 748
object 19 21 left 747
object 19 21 right 748
object 20 21 left 747
object 20 21 right 748
object 22 21 left 747
object 22 21 right 748
object 24 21 left 747
object 24 21 right 748
object 25 21 left 747
object 25 21 right 748
object 27 21 left 747
object 27 21 right 748
object 28 21 left 747
object 28 21 right 748
object 29 21 left 747
object 29 21 right 748
object 30 21 left 747
object 30 21 right 748
object 31 21 left 2555
object 31 21 right 2556
object 33 21 left 747
object 33 21 right 748
object 34 21 left 747
object 34 21 right 748
object 36 21 left 747
object 36 21 right 748
object 37 21 left 747
object 37 21 right 748
object 38 21 left 747
object 38 21 right 748
object 39 21 left 747
object 39 21 right 748
object 40 21 left 747
object 40 21 right 748
object 41 21 left 747
object 41 21 right 748
object 42 21 left 759
object 42 21 right 760
object 43 21 left 747
object 43 21 right 748
object 44 21 left 747
object 44 21 right 748
object 45 21 left 79
object 45 21 right 80
object 46 21 left 747
object 46 21 right 748
object 47 21 left 747
object 47 21 right 748
object 49 21 left 747
object 49 21 right 748
object 50 21 left 747
object 50 21 right 748
object 51 21 left 747
object 51 21 right 748
object 52 21 left 747
object 52 21 right 748
object 54 21 left 747
object 54 21 right 748
object 56 21 left 747
object 56 21 right 748
object 61 21 left 747
object 61 21 right 748
object 62 21 left 747
object 62 21 right 748
object 63 21 left 747
object 63 21 right 748
object 66 21 left 747
object 66 21 right 748
object 67 21 left 747
object 67 21 right 748
object 68 21 left 747
object 68 21 right 748
object 69 21 left 747
object 69 21 right 748
object 70 21 left 747
object 70 21 right 748
object 71 21 left 747
object 71 21 right 748
object 72 21 left 747
object 72 21 right 748
object 73 21 left 747
object 73 21 right 748
object 74 21 left 747
object 74 21 right 748
object 75 21 left 747
object 75 21 right 748
object 77 21 left 747
object 77 21 right 748
object 78 21 left 747
object 78 21 right 748
object 79 21 left 747
object 79 21 right 748
object 80 21 left 747
object 80 21 right 748
object 81 21 left 747
object 81 21 right 748
object 82 21 left 79
object 82 21 right 80
object 87 21 left 747
object 87 21 right 748
object 88 21 left 747
object 88 21 right 748
object 90 21 left 747
object 90 21 right 748
object 92 21 left 747
object 92 21 right 748
object 93 21 left 747
object 93 21 right 748
object 95 21 left 747
object 95 21 right 748
object 96 21 left 747
object 96 21 right 748
object 97 21 left 747
object 97 21 right 748
object 98 21 left 747
object 98 21 right 748
object 8 22 left 747
object 8 22 right 748
object 14 22 left 747
object 14 22 right 748
object 15 22 left 747
object 15 22 right 748
object 16 22 left 747
object 16 22 right 748
object 17 22 left 747
object 17 22 right 748
object 18 22 left 747
object 18 22 right 748
object 21 22 left 747
object 21 22 right 748
object 23 22 left 747
object 23 22 right 748
object 25 22 left 747
object 25 22 right 748
object 29 22 left 747
object 29 22 right 748
object 30 22 left 759
object 30 22 right 760
object 31 22 left 747
object 31 22 right 748
object 33 22 left 747
object 33 22 right 748
object 34 22 left 759
object 34 22 right 760
object 35 22 left 747
object 35 22 right 748
object 38 22 left 79
object 38 22 right 80
object 39 22 left 747
object 39 22 right 748
object 41 22 left 747
object 41 22 right 748
object 42 22 left 747
object 42 22 right 748
object 43 22 left 747
object 43 22 right 748
object 44 22 left 747
object 44 22 right 748
object 45 22 left 747
object 45 22 right 748
object 46 22 left 747
object 46 22 right 748
object 47 22 left 747
object 47 22 right 748
object 48 22 left 2525
object 48 22 right 748
object 49 22 left 2526
object 49 22 right 748
object 50 22 left 2527
object 50 22 right 748
object 51 22 left 2528
object 51 22 right 2529
object 52 22 left 747
object 52 22 right 3270
object 54 22 left 747
object 54 22 right 748
object 55 22 left 2525
object 56 22 left 2526
object 56 22 right 748
object 57 22 left 2527
object 57 22 right 748
object 58 22 left 2528
object 58 22 right 2529
object 61 22 left 747
object 61 22 right 748
object 69 22 left 747
object 69 22 right 748
object 70 22 left 747
object 70 22 right 748
object 71 22 left 747
object 71 22 right 748
object 74 22 left 747
object 74 22 right 748
object 76 22 left 747
object 76 22 right 748
object 77 22 left 747
object 77 22 right 748
object 78 22 left 747
object 78 22 right 748
object 79 22 left 747
object 79 22 right 748
object 80 22 left 747
object 80 22 right 748
object 81 22 left 747
object 81 22 right 748
object 82 22 left 747
object 82 22 right 748
object 88 22 left 747
object 88 22 right 748
object 89 22 left 747
object 89 22 right 748
object 90 22 left 747
object 90 22 right 748
object 92 22 left 747
object 92 22 right 748
object 93 22 left 747
object 93 22 right 748
object 95 22 left 747
object 95 22 right 748
object 96 22 left 747
object 96 22 right 748
object 97 22 left 747
object 97 22 right 748
object 98 22 left 747
object 98 22 right 748
object 99 22 left 747
object 99 22 right 748
object 8 23 left 747
object 8 23 right 748
object 9 23 left 747
object 9 23 right 748
object 10 23 left 747
object 10 23 right 748
object 11 23 left 747
object 11 23 right 748
object 12 23 left 747
object 12 23 right 748
object 13 23 left 747
object 13 23 right 748
object 14 23 left 747
object 14 23 right 748
object 15 23 left 747
object 15 23 right 748
object 16 23 left 747
object 16 23 right 748
object 17 23 left 747
object 17 23 right 748
object 19 23 left 747
object 19 23 right 748
object 20 23 left 747
object 20 23 right 748
object 21 23 left 747
object 21 23 right 748
object 22 23 left 747
object 22 23 right 748
object 23 23 left 747
object 23 23 right 748
object 24 23 left 747
object 24 23 right 748
object 29 23 left 747
object 29 23 right 748
object 30 23 left 747
object 30 23 right 748
object 32 23 left 747
object 32 23 right 748
object 34 23 left 747
object 34 23 right 748
object 35 23 left 747
object 35 23 right 748
object 37 23 left 759
object 37 23 right 760
object 38 23 left 747
object 38 23 right 748
object 39 23 left 747
object 39 23 right 748
object 40 23 left 747
object 40 23 right 748
object 42 23 left 747
object 42 23 right 748
object 44 23 left 747
object 44 23 right 748
object 45 23 left 747
object 45 23 right 748
object 63 23 left 747
object 63 23 right 748
object 69 23 left 747
object 69 23 right 748
object 70 23 left 747
object 70 23 right 748
object 72 23 left 747
object 72 23 right 748
object 73 23 left 747
object 73 23 right 748
object 74 23 left 747
object 74 23 right 748
object 75 23 left 747
object 75 23 right 748
object 76 23 left 747
object 76 23 right 748
object 77 23 left 747
object 77 23 right 748
object 78 23 left 747
object 78 23 right 748
object 80 23 left 747
object 80 23 right 748
object 81 23 left 747
object 81 23 right 748
object 82 23 left 747
object 82 23 right 748
object 83 23 left 747
object 83 23 right 748
object 88 23 left 747
object 88 23 right 748
object 89 23 left 747
object 89 23 right 748
object 91 23 left 747
object 91 23 right 748
object 92 23 left 747
object 92 23 right 748
object 94 23 left 747
object 94 23 right 748
object 96 23 left 747
object 96 23 right 748
object 99 23 left 747
object 99 23 right 748
object 3 24 left 747
object 3 24 right 748
object 4 24 left 759
object 4 24 right 760
object 5 24 left 747
object 5 24 right 748
object 11 24 left 747
object 11 24 right 748
object 12 24 left 747
object 12 24 right 748
object 13 24 left 747
object 13 24 right 748
object 16 24 left 747
object 16 24 right 748
object 18 24 left 747
object 18 24 right 748
object 19 24 left 747
object 19 24 right 748
object 20 24 left 747
object 20 24 right 748
object 21 24 left 747
object 21 24 right 748
object 22 24 left 747
object 22 24 right 748
object 23 24 left 747
object 23 24 right 748
object 24 24 left 747
object 24 24 right 748
object 30 24 left 747
object 30 24 right 748
object 31 24 left 747
object 31 24 right 748
object 32 24 left 747
object 32 24 right 748
object 34 24 left 747
object 34 24 right 748
object 36 24 left 747
object 36 24 right 748
object 37 24 left 747
object 37 24 right 748
object 39 24 left 747
object 39 24 right 748
object 40 24 left 747
object 40 24 right 748
object 41 24 left 747
object 41 24 right 748
object 42 24 left 747
object 42 24 right 748
object 43 24 left 747
object 43 24 right 748
object 44 24 left 747
object 44 24 right 748
object 45 24 left 747
object 45 24 right 2559
object 50 24 left 747
object 50 24 right 748
object 62 24 left 747
object 62 24 right 748
object 63 24 left 747
object 63 24 right 2559
object 70 24 left 747
object 70 24 right 748
object 71 24 left 747
object 71 24 right 748
object 72 24 left 747
object 72 24 right 748
object 73 24 left 747
object 73 24 right 748
object 74 24 left 747
object 74 24 right 748
object 75 24 left 747
object 75 24 right 748
object 76 24 left 747
object 76 24 right 748
object 77 24 left 747
object 77 24 right 748
object 78 24 left 747
object 78 24 right 748
object 79 24 left 747
object 79 24 right 748
object 80 24 left 747
object 80 24 right 748
object 81 24 left 747
object 81 24 right 748
object 82 24 left 759
object 82 24 right 760
object 83 24 left 747
object 83 24 right 748
object 84 24 left 747
object 84 24 right 748
object 85 24 left 747
object 85 24 right 748
object 87 24 left 747
object 87 24 right 748
object 89 24 left 747
object 89 24 right 748
object 90 24 left 747
object 90 24 right 748
object 91 24 left 747
object 91 24 right 748
object 92 24 left 747
object 92 24 right 748
object 93 24 left 747
object 93 24 right 748
object 94 24 left 747
object 94 24 right 748
object 95 24 left 759
object 95 24 right 760
object 96 24 left 747
object 96 24 right 748
object 99 24 left 747
object 99 24 right 748
object 3 25 left 747
object 3 25 right 748
object 4 25 left 747
object 4 25 right 748
object 5 25 left 747
object 5 25 right 748
object 7 25 right 3270
object 11 25 left 747
object 11 25 right 748
object 12 25 left 747
object 12 25 right 748
object 14 25 left 747
object 14 25 right 748
object 15 25 left 747
object 15 25 right 748
object 16 25 left 747
object 16 25 right 748
object 17 25 left 747
object 17 25 right 748
object 18 25 left 747
object 18 25 right 748
object 19 25 left 747
object 19 25 right 748
object 20 25 left 747
object 20 25 right 748
object 22 25 left 747
object 22 25 right 748
object 23 25 left 747
object 23 25 right 748
object 24 25 left 747
object 24 25 right 748
object 25 25 left 747
object 25 25 right 748
object 30 25 left 747
object 30 25 right 748
object 31 25 left 747
object 31 25 right 748
object 33 25 left 747
object 33 25 right 748
object 34 25 left 747
object 34 25 right 748
object 37 25 left 747
object 37 25 right 748
object 43 25 left 747
object 43 25 right 748
object 44 25 left 747
object 44 25 right 748
object 45 25 left 747
object 45 25 right 2558
object 48 25 left 747
object 48 25 right 748
object 49 25 left 747
object 49 25 right 748
object 50 25 left 747
object 50 25 right 748
object 51 25 left 747
object 51 25 right 748
object 52 25 left 747
object 52 25 right 748
object 53 25 left 747
object 53 25 right 748
object 54 25 left 747
object 54 25 right 748
object 55 25 left 747
object 55 25 right 748
object 56 25 left 747
object 56 25 right 748
object 57 25 left 747
object 57 25 right 748
object 58 25 left 747
object 58 25 right 748
object 59 25 left 747
object 59 25 right 748
object 60 25 left 747
object 60 25 right 748
object 63 25 left 759
object 63 25 right 2558
object 71 25 left 747
object 71 25 right 748
object 72 25 left 759
object 72 25 right 760
object 73 25 left 747
object 73 25 right 748
object 75 25 left 747
object 75 25 right 748
object 76 25 left 759
object 76 25 right 760
object 77 25 left 747
object 77 25 right 748
object 78 25 left 747
object 78 25 right 748
object 80 25 left 747
object 80 25 right 748
object 81 25 left 747
object 81 25 right 748
object 83 25 left 759
object 83 25 right 760
object 84 25 left 747
object 84 25 right 748
object 88 25 left 747
object 88 25 right 748
object 91 25 left 747
object 91 25 right 748
object 92 25 left 747
object 92 25 right 748
object 94 25 left 747
object 94 25 right 748
object 95 25 left 747
object 95 25 right 748
object 96 25 left 747
object 96 25 right 748
object 97 25 left 747
object 97 25 right 748
object 98 25 left 747
object 98 25 right 748
object 2 26 left 747
object 2 26 right 748
object 4 26 left 747
object 4 26 right 748
object 5 26 left 747
object 5 26 right 748
object 7 26 left 3268
object 7 26 right 3269
object 12 26 left 747
object 12 26 right 748
object 13 26 left 747
object 13 26 right 748
object 14 26 left 747
object 14 26 right 748
object 15 26 left 747
object 15 26 right 748
object 16 26 left 747
object 16 26 right 748
object 17 26 left 747
object 17 26 right 748
object 18 26 left 747
object 18 26 right 748
object 19 26 left 747
object 19 26 right 748
object 20 26 left 747
object 20 26 right 748
object 21 26 left 747
object 21 26 right 748
object 22 26 left 747
object 22 26 right 748
object 23 26 left 747
object 23 26 right 748
object 24 26 left 759
object 24 26 right 760
object 25 26 left 747
object 25 26 right 748
object 26 26 left 747
object 26 26 right 748
object 27 26 left 747
object 27 26 right 748
object 29 26 left 747
object 29 26 right 748
object 31 26 left 747
object 31 26 right 748
object 32 26 left 747
object 32 26 right 748
object 33 26 left 747
object 33 26 right 748
object 34 26 left 747
object 34 26 right 748
object 37 26 left 747
object 37 26 right 748
object 38 26 left 747
object 38 26 right 748
object 39 26 left 747
object 39 26 right 748
object 40 26 left 747
object 40 26 right 748
object 41 26 left 747
object 41 26 right 748
object 42 26 left 747
object 42 26 right 748
object 43 26 left 747
object 43 26 right 748
object 44 26 left 747
object 44 26 right 748
object 45 26 left 747
object 45 26 right 2557
object 49 26 left 747
object 49 26 right 748
object 60 26 left 747
object 60 26 right 748
object 63 26 left 747
object 63 26 right 2557
object 71 26 left 747
object 71 26 right 748
object 72 26 left 747
object 72 26 right 748
object 74 26 left 747
object 74 26 right 748
object 76 26 left 747
object 76 26 right 748
object 77 26 left 747
object 77 26 right 748
object 79 26 left 747
object 79 26 right 748
object 80 26 left 747
object 80 26 right 748
object 81 26 left 747
object 81 26 right 748
object 82 26 left 747
object 82 26 right 748
object 85 26 left 747
object 85 26 right 748
object 88 26 left 747
object 88 26 right 748
object 90 26 left 759
object 90 26 right 760
object 91 26 left 747
object 91 26 right 748
object 92 26 left 747
object 92 26 right 748
object 93 26 left 747
object 93 26 right 748
object 95 26 right 3270
object 97 26 left 747
object 97 26 right 748
object 98 26 left 747
object 98 26 right 748
object 99 26 left 747
object 99 26 right 748
object 2 27 left 747
object 2 27 right 748
object 3 27 left 747
object 3 27 right 748
object 4 27 left 747
object 4 27 right 748
object 5 27 left 747
object 5 27 right 748
object 13 27 left 747
object 13 27 right 748
object 14 27 left 759
object 14 27 right 760
object 15 27 left 747
object 15 27 right 748
object 17 27 left 747
object 17 27 right 748
object 18 27 left 759
object 18 27 right 760
object 19 27 left 747
object 19 27 right 748
object 20 27 left 747
object 20 27 right 748
object 22 27 left 747
object 22 27 right 748
object 23 27 left 747
object 23 27 right 748
object 25 27 left 759
object 25 27 right 760
object 26 27 left 747
object 26 27 right 748
object 30 27 left 747
object 30 27 right 748
object 33 27 left 747
object 33 27 right 748
object 34 27 left 747
object 34 27 right 748
object 38 27 left 747
object 38 27 right 748
object 39 27 left 759
object 39 27 right 760
object 40 27 left 747
object 40 27 right 748
object 41 27 left 747
object 41 27 right 748
object 42 27 left 747
object 42 27 right 748
object 43 27 left 759
object 43 27 right 760
object 44 27 left 747
object 44 27 right 748
object 45 27 left 2555
object 45 27 right 2556
object 49 27 left 747
object 49 27 right 748
object 60 27 left 747
object 60 27 right 748
object 63 27 left 2555
object 63 27 right 2556
object 72 27 left 747
object 72 27 right 748
object 73 27 left 747
object 73 27 right 748
object 74 27 left 747
object 74 27 right 748
object 76 27 left 747
object 76 27 right 748
object 77 27 left 747
object 77 27 right 748
object 79 27 left 747
object 79 27 right 748
object 80 27 left 747
object 80 27 right 748
object 81 27 left 747
object 81 27 right 748
object 82 27 left 747
object 82 27 right 748
object 83 27 left 747
object 83 27 right 748
object 86 27 left 747
object 86 27 right 748
object 89 27 left 747
object 89 27 right 748
object 90 27 left 747
object 90 27 right 748
object 92 27 left 747
object 92 27 right 748
object 93 27 left 747
object 93 27 right 748
object 94 27 left 747
object 94 27 right 748
object 95 27 left 3268
object 95 27 right 3269
object 96 27 left 747
object 96 27 right 748
object 97 27 left 747
object 97 27 right 748
object 98 27 left 747
object 98 27 right 748
object 99 27 left 759
object 99 27 right 760
object 2 28 left 759
object 2 28 right 760
object 3 28 left 747
object 3 28 right 748
object 4 28 left 747
object 4 28 right 748
object 5 28 left 747
object 5 28 right 748
object 13 28 left 747
object 13 28 right 748
object 14 28 left 747
object 14 28 right 748
object 16 28 left 747
object 16 28 right 748
object 18 28 left 747
object 18 28 right 748
object 19 28 left 747
object 19 28 right 748
object 21 28 left 747
object 21 28 right 748
object 22 28 left 747
object 22 28 right 748
object 23 28 left 747
object 23 28 right 748
object 24 28 left 747
object 24 28 right 748
object 27 28 left 747
object 27 28 right 748
object 30 28 left 747
object 30 28 right 748
object 32 28 left 759
object 32 28 right 760
object 33 28 left 2540
object 33 28 right 748
object 34 28 left 2541
object 34 28 right 748
object 35 28 left 2542
object 36 28 left 2543
object 36 28 right 2544
object 38 28 left 747
object 38 28 right 748
object 39 28 left 747
object 39 28 right 748
object 40 28 left 747
object 40 28 right 748
object 41 28 left 747
object 41 28 right 748
object 42 28 left 747
object 42 28 right 748
object 43 28 left 747
object 43 28 right 748
object 44 28 left 747
object 44 28 right 748
object 49 28 left 747
object 49 28 right 748
object 60 28 left 747
object 60 28 right 748
object 72 28 left 747
object 72 28 right 748
object 73 28 left 747
object 73 28 right 748
object 75 28 left 747
object 75 28 right 748
object 76 28 left 747
object 76 28 right 748
object 78 28 left 747
object 78 28 right 748
object 80 28 left 747
object 80 28 right 748
object 83 28 left 747
object 83 28 right 748
object 84 28 left 747
object 84 28 right 748
object 87 28 left 747
object 87 28 right 748
object 90 28 left 747
object 90 28 right 748
object 96 28 left 747
object 96 28 right 748
object 97 28 left 747
object 97 28 right 748
object 98 28 left 747
object 98 28 right 748
object 99 28 left 747
object 99 28 right 748
object 2 29 left 747
object 2 29 right 748
object 3 29 left 747
object 3 29 right 748
object 4 29 left 747
object 4 29 right 748
object 5 29 left 747
object 5 29 right 748
object 14 29 left 747
object 14 29 right 748
object 15 29 left 747
object 15 29 right 748
object 16 29 left 747
object 16 29 right 748
object 18 29 left 747
object 18 29 right 748
object 19 29 left 747
object 19 29 right 748
object 20 29 right 3270
object 21 29 left 747
object 21 29 right 748
object 22 29 left 747
object 22 29 right 748
object 23 29 left 747
object 23 29 right 748
object 24 29 left 747
object 24 29 right 748
object 25 29 left 747
object 25 29 right 748
object 28 29 left 747
object 28 29 right 748
object 31 29 left 747
object 31 29 right 748
object 32 29 left 747
object 32 29 right 748
object 34 29 left 747
object 34 29 right 748
object 37 29 left 747
object 37 29 right 748
object 39 29 left 747
object 39 29 right 748
object 40 29 left 747
object 40 29 right 748
object 41 29 left 747
object 41 29 right 748
object 42 29 right 3270
object 43 29 left 747
object 43 29 right 748
object 44 29 left 747
object 44 29 right 748
object 49 29 left 747
object 49 29 right 748
object 56 29 right 2599
object 60 29 left 747
object 60 29 right 748
object 71 29 left 747
object 71 29 right 748
object 73 29 left 747
object 73 29 right 748
object 74 29 left 747
object 74 29 right 748
object 75 29 left 747
object 75 29 right 748
object 76 29 left 747
object 76 29 right 748
object 77 29 left 747
object 77 29 right 748
object 78 29 left 747
object 78 29 right 748
object 79 29 left 759
object 79 29 right 760
object 80 29 left 747
object 80 29 right 748
object 83 29 left 747
object 83 29 right 748
object 84 29 left 747
object 84 29 right 748
object 90 29 left 747
object 90 29 right 3270
object 91 29 left 747
object 91 29 right 748
object 92 29 left 747
object 92 29 right 748
object 93 29 left 759
object 93 29 right 760
object 94 29 left 747
object 94 29 right 748
object 95 29 left 747
object 95 29 right 748
object 96 29 left 747
object 96 29 right 748
object 97 29 left 747
object 97 29 right 748
object 99 29 left 747
object 99 29 right 748
object 2 30 left 747
object 2 30 right 748
object 3 30 left 747
object 3 30 right 748
object 4 30 left 747
object 4 30 right 748
object 5 30 left 747
object 5 30 right 748
object 14 30 left 747
object 14 30 right 748
object 15 30 left 747
object 15 30 right 748
object 17 30 left 747
object 17 30 right 748
object 18 30 left 747
object 18 30 right 748
object 20 30 left 3268
object 20 30 right 3269
object 22 30 left 747
object 22 30 right 748
object 25 30 left 747
object 25 30 right 748
object 26 30 left 747
object 26 30 right 748
object 29 30 left 747
object 29 30 right 748
object 32 30 left 747
object 32 30 right 748
object 37 30 left 747
object 37 30 right 748
object 38 30 left 747
object 38 30 right 748
object 39 30 left 747
object 39 30 right 748
object 40 30 left 747
object 40 30 right 748
object 41 30 left 747
object 41 30 right 748
object 42 30 left 3268
object 42 30 right 3269
object 43 30 left 747
object 43 30 right 748
object 44 30 left 747
object 44 30 right 748
object 45 30 left 747
object 45 30 right 748
object 49 30 left 747
object 49 30 right 748
object 56 30 right 2598
object 60 30 left 747
object 60 30 right 748
object 72 30 left 747
object 72 30 right 3270
object 75 30 left 747
object 75 30 right 748
object 76 30 left 747
object 76 30 right 748
object 78 30 left 747
object 78 30 right 748
object 79 30 left 747
object 79 30 right 748
object 80 30 left 747
object 80 30 right 748
object 81 30 left 747
object 81 30 right 748
object 82 30 left 747
object 82 30 right 748
object 85 30 left 747
object 85 30 right 748
object 90 30 left 3268
object 90 30 right 3269
object 95 30 left 747
object 95 30 right 748
object 98 30 left 747
object 98 30 right 748
object 2 31 left 747
object 2 31 right 748
object 4 31 left 747
object 4 31 right 748
object 5 31 left 747
object 5 31 right 748
object 13 31 left 747
object 13 31 right 748
object 15 31 left 747
object 15 31 right 748
object 16 31 left 747
object 16 31 right 748
object 17 31 left 747
object 17 31 right 748
object 18 31 left 747
object 18 31 right 748
object 19 31 left 747
object 19 31 right 748
object 20 31 left 747
object 20 31 right 748
object 21 31 left 759
object 21 31 right 760
object 22 31 left 747
object 22 31 right 748
object 25 31 left 747
object 25 31 right 748
object 26 31 left 747
object 26 31 right 748
object 28 31 right 3270
object 32 31 left 747
object 32 31 right 748
object 33 31 left 747
object 33 31 right 748
object 34 31 left 747
object 34 31 right 748
object 37 31 left 759
object 37 31 right 760
object 38 31 left 747
object 38 31 right 748
object 39 31 left 747
object 39 31 right 748
object 40 31 left 747
object 40 31 right 748
object 41 31 left 747
object 41 31 right 748
object 42 31 left 747
object 42 31 right 748
object 43 31 left 747
object 43 31 right 748
object 44 31 left 759
object 44 31 right 760
object 45 31 left 747
object 45 31 right 748
object 49 31 left 747
object 49 31 right 748
object 55 31 left 2595
object 56 31 left 2596
object 56 31 right 2597
object 60 31 left 747
object 60 31 right 748
object 72 31 left 3268
object 72 31 right 3269
object 74 31 left 759
object 74 31 right 760
object 75 31 left 747
object 75 31 right 748
object 76 31 left 747
object 76 31 right 748
object 77 31 left 747
object 77 31 right 748
object 81 31 left 747
object 81 31 right 748
object 82 31 left 747
object 82 31 right 748
object 83 31 left 747
object 83 31 right 748
object 84 31 left 747
object 84 31 right 748
object 86 31 left 747
object 86 31 right 748
object 93 31 left 747
object 93 31 right 748
object 94 31 left 747
object 94 31 right 748
object 96 31 left 747
object 96 31 right 748
object 98 31 left 747
object 98 31 right 748
object 2 32 left 747
object 2 32 right 748
object 3 32 left 747
object 3 32 right 748
object 4 32 left 747
object 4 32 right 2574
object 5 32 left 759
object 5 32 right 760
object 14 32 left 747
object 14 32 right 748
object 17 32 left 747
object 17 32 right 748
object 18 32 left 747
object 18 32 right 748
object 20 32 left 747
object 20 32 right 748
object 21 32 left 747
object 21 32 right 748
object 22 32 left 747
object 22 32 right 748
object 23 32 left 747
object 23 32 right 748
object 24 32 left 747
object 24 32 right 748
object 27 32 left 747
object 27 32 right 748
object 28 32 left 3268
object 28 32 right 3269
object 37 32 left 747
object 37 32 right 748
object 38 32 left 747
object 38 32 right 748
object 39 32 left 747
object 39 32 right 748
object 40 32 left 747
object 40 32 right 748
object 41 32 left 747
object 41 32 right 748
object 42 32 left 747
object 42 32 right 748
object 43 32 left 747
object 43 32 right 748
object 45 32 left 747
object 45 32 right 748
object 48 32 left 747
object 48 32 right 748
object 49 32 left 747
object 49 32 right 748
object 60 32 left 747
object 60 32 right 748
object 61 32 left 747
object 61 32 right 748
object 73 32 left 747
object 73 32 right 748
object 74 32 left 747
object 74 32 right 748
object 76 32 left 747
object 76 32 right 748
object 77 32 left 747
object 77 32 right 748
object 78 32 left 747
object 78 32 right 748
object 79 32 left 747
object 79 32 right 748
object 80 32 left 747
object 80 32 right 748
object 81 32 left 747
object 81 32 right 748
object 82 32 left 747
object 82 32 right 748
object 83 32 left 759
object 83 32 right 760
object 84 32 left 747
object 84 32 right 748
object 86 32 left 747
object 86 32 right 748
object 95 32 left 747
object 95 32 right 748
object 96 32 left 747
object 96 32 right 748
object 97 32 left 747
object 97 32 right 748
object 98 32 left 747
object 98 32 right 748
object 99 32 left 747
object 99 32 right 748
object 2 33 left 747
object 2 33 right 748
object 4 33 left 747
object 4 33 right 2573
object 5 33 left 747
object 5 33 right 748
object 14 33 left 747
object 14 33 right 748
object 16 33 left 759
object 16 33 right 760
object 17 33 left 747
object 17 33 right 748
object 18 33 left 747
object 18 33 right 748
object 19 33 left 747
object 19 33 right 748
object 23 33 left 747
object 23 33 right 748
object 24 33 left 747
object 24 33 right 748
object 25 33 left 747
object 25 33 right 748
object 26 33 left 747
object 26 33 right 748
object 28 33 left 747
object 28 33 right 748
object 37 33 left 747
object 37 33 right 748
object 38 33 left 747
object 38 33 right 748
object 39 33 left 747
object 39 33 right 748
object 40 33 left 747
object 40 33 right 748
object 41 33 left 747
object 41 33 right 748
object 42 33 left 747
object 42 33 right 748
object 43 33 left 747
object 43 33 right 748
object 44 33 left 747
object 44 33 right 748
object 45 33 right 2559
object 49 33 left 747
object 49 33 right 748
object 60 33 left 747
object 60 33 right 748
object 63 33 right 2559
object 66 33 left 759
object 66 33 right 760
object 67 33 left 747
object 67 33 right 748
object 69 33 left 747
object 69 33 right 748
object 70 33 left 759
object 70 33 right 760
object 71 33 left 747
object 71 33 right 748
object 72 33 left 747
object 72 33 right 748
object 73 33 left 747
object 73 33 right 748
object 74 33 left 747
object 74 33 right 748
object 75 33 left 747
object 75 33 right 748
object 76 33 left 747
object 76 33 right 748
object 77 33 left 759
object 77 33 right 760
object 78 33 left 747
object 78 33 right 748
object 79 33 left 747
object 79 33 right 748
object 80 33 left 747
object 80 33 right 748
object 81 33 left 747
object 81 33 right 748
object 82 33 left 747
object 82 33 right 748
object 85 33 left 747
object 85 33 right 748
object 88 33 left 747
object 88 33 right 748
object 94 33 left 747
object 94 33 right 748
object 95 33 left 747
object 95 33 right 748
object 96 33 left 747
object 96 33 right 748
object 97 33 left 747
object 97 33 right 748
object 98 33 left 747
object 98 33 right 748
object 2 34 left 747
object 2 34 right 748
object 3 34 left 747
object 3 34 right 748
object 4 34 right 2572
object 11 34 right 3270
object 15 34 left 747
object 15 34 right 748
object 16 34 left 747
object 16 34 right 748
object 18 34 left 747
object 18 34 right 748
object 19 34 left 747
object 19 34 right 748
object 20 34 left 747
object 20 34 right 748
object 21 34 left 747
object 21 34 right 748
object 22 34 left 747
object 22 34 right 748
object 23 34 left 747
object 23 34 right 748
object 24 34 left 747
object 24 34 right 748
object 25 34 left 759
object 25 34 right 760
object 26 34 left 747
object 26 34 right 748
object 28 34 left 747
object 28 34 right 748
object 31 34 right 2559
object 37 34 left 747
object 37 34 right 748
object 39 34 left 747
object 39 34 right 748
object 40 34 left 747
object 40 34 right 748
object 41 34 left 747
object 41 34 right 748
object 43 34 left 747
object 43 34 right 748
object 44 34 left 747
object 44 34 right 748
object 45 34 left 747
object 45 34 right 2558
object 49 34 left 747
object 49 34 right 748
object 50 34 left 747
object 50 34 right 748
object 51 34 left 747
object 51 34 right 748
object 52 34 left 747
object 52 34 right 748
object 53 34 left 747
object 53 34 right 748
object 54 34 left 747
object 54 34 right 748
object 55 34 left 747
object 55 34 right 748
object 56 34 left 747
object 56 34 right 748
object 57 34 left 747
object 57 34 right 748
object 58 34 left 747
object 58 34 right 748
object 59 34 left 747
object 59 34 right 748
object 60 34 left 747
object 60 34 right 748
object 63 34 right 2558
object 66 34 left 747
object 66 34 right 748
object 68 34 left 747
object 68 34 right 748
object 70 34 left 747
object 70 34 right 748
object 71 34 left 747
object 71 34 right 748
object 72 34 left 747
object 72 34 right 748
object 73 34 left 747
object 73 34 right 748
object 74 34 left 747
object 74 34 right 748
object 75 34 left 747
object 75 34 right 748
object 76 34 left 747
object 76 34 right 748
object 77 34 left 747
object 77 34 right 748
object 79 34 left 747
object 79 34 right 748
object 82 34 left 747
object 82 34 right 748
object 83 34 left 747
object 83 34 right 748
object 86 34 left 747
object 86 34 right 748
object 88 34 left 747
object 88 34 right 748
object 89 34 left 747
object 89 34 right 748
object 90 34 left 747
object 90 34 right 748
object 91 34 left 759
object 91 34 right 760
object 92 34 left 747
object 92 34 right 748
object 93 34 left 747
object 93 34 right 748
object 94 34 left 747
object 94 34 right 748
object 95 34 left 747
object 95 34 right 748
object 97 34 left 747
object 97 34 right 748
object 99 34 left 747
object 99 34 right 748
object 2 35 left 747
object 2 35 right 748
object 3 35 left 747
object 3 35 right 748
object 4 35 left 2570
object 4 35 right 2571
object 5 35 left 747
object 5 35 right 748
object 6 35 left 747
object 6 35 right 748
object 7 35 left 747
object 7 35 right 748
object 8 35 left 747
object 8 35 right 748
object 9 35 left 759
object 9 35 right 760
object 10 35 left 747
object 10 35 right 748
object 11 35 left 3268
object 11 35 right 3269
object 12 35 left 747
object 12 35 right 748
object 14 35 left 747
object 14 35 right 748
object 16 35 left 747
object 16 35 right 748
object 17 35 left 747
object 17 35 right 748
object 20 35 left 747
object 20 35 right 748
object 21 35 left 747
object 21 35 right 748
object 22 35 left 747
object 22 35 right 748
object 25 35 left 747
object 25 35 right 748
object 26 35 left 747
object 26 35 right 748
object 27 35 left 747
object 27 35 right 748
object 28 35 left 747
object 28 35 right 748
object 29 35 left 747
object 29 35 right 748
object 30 35 left 747
object 30 35 right 748
object 31 35 left 747
object 31 35 right 2558
object 33 35 left 747
object 33 35 right 748
object 37 35 left 747
object 37 35 right 748
object 38 35 left 747
object 38 35 right 748
object 39 35 left 747
object 39 35 right 748
object 40 35 left 759
object 40 35 right 760
object 41 35 left 747
object 41 35 right 748
object 44 35 left 747
object 44 35 right 748
object 45 35 left 747
object 45 35 right 2557
object 52 35 left 747
object 52 35 right 748
object 63 35 right 2557
object 64 35 left 747
object 64 35 right 748
object 65 35 left 747
object 65 35 right 748
object 66 35 left 747
object 66 35 right 748
object 67 35 left 747
object 67 35 right 748
object 68 35 left 747
object 68 35 right 748
object 70 35 left 747
object 70 35 right 748
object 71 35 left 747
object 71 35 right 748
object 72 35 left 747
object 72 35 right 748
object 73 35 left 747
object 73 35 right 748
object 74 35 left 747
object 74 35 right 748
object 75 35 left 747
object 75 35 right 3270
object 76 35 left 747
object 76 35 right 748
object 77 35 left 747
object 77 35 right 748
object 78 35 left 759
object 78 35 right 760
object 79 35 left 747
object 79 35 right 748
object 80 35 left 747
object 80 35 right 748
object 82 35 left 747
object 82 35 right 748
object 83 35 left 747
object 83 35 right 748
object 93 35 left 747
object 93 35 right 748
object 96 35 left 747
object 96 35 right 748
object 98 35 left 747
object 98 35 right 748
object 6 36 left 747
object 6 36 right 748
object 7 36 left 747
object 7 36 right 748
object 8 36 left 747
object 8 36 right 748
object 9 36 left 747
object 9 36 right 748
object 10 36 left 747
object 10 36 right 748
object 11 36 left 747
object 11 36 right 748
object 12 36 left 747
object 12 36 right 748
object 13 36 left 747
object 13 36 right 748
object 14 36 left 747
object 14 36 right 748
object 15 36 left 747
object 15 36 right 748
object 16 36 left 747
object 16 36 right 748
object 17 36 left 747
object 17 36 right 748
object 21 36 left 747
object 21 36 right 748
object 22 36 left 759
object 22 36 right 760
object 23 36 left 747
object 23 36 right 748
object 25 36 left 747
object 25 36 right 748
object 26 36 left 759
object 26 36 right 760
object 27 36 left 747
object 27 36 right 748
object 28 36 left 747
object 28 36 right 748
object 30 36 left 747
object 30 36 right 748
object 31 36 left 747
object 31 36 right 2557
object 33 36 left 759
object 33 36 right 760
object 34 36 left 747
object 34 36 right 748
object 37 36 left 747
object 37 36 right 748
object 39 36 left 747
object 39 36 right 748
object 40 36 left 747
object 40 36 right 748
object 41 36 left 747
object 41 36 right 748
object 42 36 left 747
object 42 36 right 748
object 43 36 left 747
object 43 36 right 748
object 44 36 left 759
object 44 36 right 760
object 45 36 left 2555
object 45 36 right 2556
object 47 36 left 747
object 47 36 right 748
object 63 36 left 2555
object 63 36 right 2556
object 64 36 left 747
object 64 36 right 748
object 66 36 left 747
object 66 36 right 748
object 67 36 left 747
object 67 36 right 748
object 69 36 left 747
object 69 36 right 748
object 70 36 left 747
object 70 36 right 748
object 71 36 left 747
object 71 36 right 748
object 72 36 left 747
object 72 36 right 748
object 74 36 left 747
object 74 36 right 748
object 75 36 left 3268
object 75 36 right 3269
object 77 36 left 747
object 77 36 right 748
object 78 36 left 747
object 78 36 right 748
object 79 36 left 747
object 79 36 right 748
object 80 36 left 747
object 80 36 right 748
object 81 36 left 747
object 81 36 right 748
object 84 36 left 747
object 84 36 right 748
object 91 36 left 747
object 91 36 right 748
object 92 36 left 747
object 92 36 right 748
object 94 36 left 747
object 94 36 right 748
object 96 36 left 747
object 96 36 right 748
object 98 36 left 747
object 98 36 right 748
object 99 36 left 747
object 99 36 right 748
object 2 37 left 747
object 2 37 right 748
object 3 37 left 759
object 3 37 right 760
object 4 37 left 747
object 4 37 right 748
object 5 37 left 747
object 5 37 right 3270
object 6 37 left 747
object 6 37 right 748
object 7 37 left 747
object 7 37 right 748
object 9 37 left 747
object 9 37 right 748
object 10 37 left 747
object 10 37 right 748
object 11 37 left 747
object 11 37 right 748
object 12 37 left 747
object 12 37 right 748
object 14 37 left 747
object 14 37 right 748
object 15 37 left 747
object 15 37 right 748
object 16 37 left 747
object 16 37 right 748
object 17 37 left 747
object 17 37 right 748
object 18 37 left 747
object 18 37 right 748
object 21 37 left 747
object 21 37 right 748
object 22 37 left 747
object 22 37 right 748
object 24 37 left 747
object 24 37 right 748
object 26 37 left 747
object 26 37 right 748
object 27 37 left 747
object 27 37 right 748
object 29 37 left 747
object 29 37 right 748
object 30 37 left 747
object 30 37 right 748
object 31 37 left 2555
object 31 37 right 2556
object 32 37 left 747
object 32 37 right 748
object 37 37 left 747
object 37 37 right 748
object 38 37 left 747
object 38 37 right 748
object 42 37 left 747
object 42 37 right 748
object 43 37 left 747
object 43 37 right 748
object 44 37 left 747
object 44 37 right 748
object 45 37 left 747
object 45 37 right 748
object 46 37 left 747
object 46 37 right 748
object 47 37 left 747
object 47 37 right 748
object 48 37 left 2525
object 49 37 left 2526
object 49 37 right 748
object 50 37 left 2527
object 51 37 left 2528
object 51 37 right 2529
object 53 37 left 747
object 53 37 right 748
object 55 37 left 747
object 55 37 right 748
object 57 37 left 2525
object 58 37 left 2526
object 58 37 right 748
object 59 37 left 2527
object 60 37 left 2528
object 60 37 right 2529
object 61 37 left 747
object 61 37 right 748
object 63 37 left 747
object 63 37 right 748
object 67 37 left 747
object 67 37 right 748
object 68 37 left 747
object 68 37 right 748
object 69 37 left 747
object 69 37 right 748
object 70 37 left 747
object 70 37 right 748
object 71 37 left 747
object 71 37 right 748
object 72 37 left 747
object 72 37 right 748
object 73 37 left 759
object 73 37 right 760
object 74 37 left 747
object 74 37 right 748
object 75 37 left 747
object 75 37 right 748
object 76 37 left 747
object 76 37 right 748
object 77 37 left 747
object 77 37 right 748
object 78 37 left 747
object 78 37 right 748
object 80 37 left 747
object 80 37 right 748
object 81 37 left 747
object 81 37 right 748
object 82 37 left 747
object 82 37 right 748
object 83 37 left 747
object 83 37 right 748
object 85 37 left 747
object 85 37 right 748
object 87 37 left 747
object 87 37 right 748
object 92 37 left 747
object 92 37 right 748
object 93 37 left 747
object 93 37 right 748
object 94 37 left 747
object 94 37 right 748
object 95 37 left 747
object 95 37 right 748
object 96 37 left 747
object 96 37 right 748
object 97 37 left 747
object 97 37 right 748
object 98 37 left 747
object 98 37 right 748
object 99 37 left 747
object 99 37 right 748
object 4 38 left 747
object 4 38 right 748
object 5 38 left 3268
object 5 38 right 3269
object 8 38 left 747
object 8 38 right 748
object 9 38 left 747
object 9 38 right 748
object 10 38 left 747
object 10 38 right 748
object 12 38 left 747
object 12 38 right 748
object 13 38 right 2559
object 14 38 left 747
object 14 38 right 748
object 15 38 left 747
object 15 38 right 748
object 17 38 left 759
object 17 38 right 760
object 19 38 left 747
object 19 38 right 748
object 20 38 left 747
object 20 38 right 748
object 22 38 left 747
object 22 38 right 748
object 23 38 left 747
object 23 38 right 748
object 24 38 left 747
object 24 38 right 748
object 26 38 left 747
object 26 38 right 748
object 27 38 left 747
object 27 38 right 748
object 29 38 left 747
object 29 38 right 748
object 30 38 left 747
object 30 38 right 748
object 31 38 left 747
object 31 38 right 748
object 32 38 left 747
object 32 38 right 748
object 33 38 left 747
object 33 38 right 748
object 36 38 left 747
object 36 38 right 748
object 37 38 left 747
object 37 38 right 748
object 38 38 left 747
object 38 38 right 748
object 39 38 left 747
object 39 38 right 748
object 40 38 left 747
object 40 38 right 748
object 41 38 left 747
object 41 38 right 748
object 42 38 left 747
object 42 38 right 748
object 43 38 left 747
object 43 38 right 748
object 44 38 left 759
object 44 38 right 760
object 45 38 left 747
object 45 38 right 748
object 47 38 left 747
object 47 38 right 748
object 49 38 left 747
object 49 38 right 748
object 50 38 right 3270
object 51 38 left 747
object 51 38 right 748
object 52 38 left 747
object 52 38 right 748
object 55 38 left 747
object 55 38 right 748
object 56 38 left 747
object 56 38 right 748
object 57 38 left 747
object 57 38 right 748
object 60 38 left 747
object 60 38 right 748
object 61 38 left 747
object 61 38 right 748
object 62 38 left 747
object 62 38 right 748
object 63 38 left 747
object 63 38 right 748
object 64 38 left 747
object 64 38 right 748
object 65 38 left 747
object 65 38 right 748
object 66 38 left 747
object 66 38 right 748
object 69 38 left 747
object 69 38 right 748
object 70 38 left 747
object 70 38 right 748
object 72 38 left 747
object 72 38 right 748
object 73 38 left 747
object 73 38 right 748
object 74 38 left 747
object 74 38 right 748
object 75 38 left 747
object 75 38 right 748
object 76 38 left 747
object 76 38 right 748
object 77 38 left 747
object 77 38 right 748
object 78 38 left 747
object 78 38 right 748
object 79 38 left 747
object 79 38 right 748
object 80 38 left 747
object 80 38 right 748
object 81 38 left 747
object 81 38 right 748
object 82 38 left 759
object 82 38 right 760
object 83 38 left 747
object 83 38 right 748
object 85 38 left 747
object 85 38 right 748
object 87 38 left 747
object 87 38 right 748
object 88 38 left 747
object 88 38 right 748
object 92 38 left 747
object 92 38 right 748
object 95 38 left 747
object 95 38 right 748
object 97 38 left 747
object 97 38 right 748
object 98 38 left 747
object 98 38 right 748
object 99 38 left 747
object 99 38 right 748
object 3 39 left 747
object 3 39 right 748
object 4 39 left 747
object 4 39 right 748
object 5 39 left 747
object 5 39 right 748
object 6 39 left 747
object 6 39 right 748
object 8 39 left 747
object 8 39 right 748
object 9 39 left 747
object 9 39 right 748
object 10 39 left 747
object 10 39 right 748
object 11 39 left 747
object 11 39 right 3270
object 12 39 left 747
object 12 39 right 748
object 13 39 right 2558
object 14 39 left 747
object 14 39 right 748
object 16 39 left 747
object 16 39 right 748
object 22 39 left 747
object 22 39 right 748
object 23 39 left 747
object 23 39 right 748
object 25 39 left 747
object 25 39 right 748
object 26 39 left 747
object 26 39 right 748
object 28 39 left 747
object 28 39 right 748
object 30 39 left 747
object 30 39 right 748
object 33 39 left 747
object 33 39 right 748
object 34 39 left 747
object 34 39 right 748
object 41 39 left 747
object 41 39 right 748
object 42 39 left 747
object 42 39 right 748
object 43 39 left 747
object 43 39 right 748
object 44 39 left 747
object 44 39 right 748
object 45 39 left 747
object 45 39 right 748
object 46 39 left 747
object 46 39 right 748
object 47 39 left 747
object 47 39 right 748
object 48 39 left 747
object 48 39 right 748
object 49 39 left 747
object 49 39 right 748
object 50 39 left 3268
object 50 39 right 3269
object 51 39 left 747
object 51 39 right 748
object 52 39 left 747
object 52 39 right 748
object 56 39 left 747
object 56 39 right 748
object 57 39 left 759
object 57 39 right 760
object 58 39 left 747
object 58 39 right 748
object 60 39 left 747
object 60 39 right 748
object 61 39 left 759
object 61 39 right 760
object 62 39 left 747
object 62 39 right 748
object 63 39 left 747
object 63 39 right 748
object 65 39 left 747
object 65 39 right 748
object 66 39 left 747
object 66 39 right 748
object 68 39 left 759
object 68 39 right 760
object 69 39 left 747
object 69 39 right 748
object 70 39 left 747
object 70 39 right 748
object 71 39 left 747
object 71 39 right 748
object 73 39 left 747
object 73 39 right 748
object 75 39 left 747
object 75 39 right 748
object 76 39 left 747
object 76 39 right 748
object 77 39 left 747
object 77 39 right 748
object 78 39 left 747
object 78 39 right 748
object 79 39 left 747
object 79 39 right 748
object 80 39 left 747
object 80 39 right 748
object 81 39 left 747
object 81 39 right 748
object 82 39 left 747
object 82 39 right 748
object 83 39 left 747
object 83 39 right 748
object 86 39 left 747
object 86 39 right 748
object 88 39 left 747
object 88 39 right 748
object 89 39 left 759
object 89 39 right 760
object 90 39 right 3270
object 91 39 left 747
object 91 39 right 748
object 93 39 left 747
object 93 39 right 748
object 94 39 left 747
object 94 39 right 748
object 96 39 left 747
object 96 39 right 748
object 99 39 left 759
object 99 39 right 760
object 4 40 left 747
object 4 40 right 748
object 5 40 left 747
object 5 40 right 748
object 6 40 left 747
object 6 40 right 748
object 7 40 left 747
object 7 40 right 748
object 8 40 left 747
object 8 40 right 748
object 9 40 left 747
object 9 40 right 748
object 10 40 left 747
object 10 40 right 748
object 11 40 left 3268
object 11 40 right 3269
object 13 40 left 747
object 13 40 right 2557
object 17 40 left 747
object 17 40 right 748
object 21 40 left 747
object 21 40 right 748
object 23 40 left 747
object 23 40 right 748
object 24 40 left 747
object 24 40 right 748
object 25 40 left 747
object 25 40 right 748
object 26 40 left 747
object 26 40 right 748
object 27 40 left 747
object 27 40 right 748
object 28 40 left 747
object 28 40 right 748
object 29 40 left 759
object 29 40 right 760
object 30 40 left 747
object 30 40 right 748
object 33 40 left 747
object 33 40 right 748
object 34 40 left 747
object 34 40 right 748
object 37 40 left 747
object 37 40 right 748
object 38 40 left 759
object 38 40 right 760
object 39 40 left 747
object 39 40 right 748
object 40 40 left 747
object 40 40 right 748
object 41 40 left 747
object 41 40 right 748
object 42 40 left 747
object 42 40 right 748
object 44 40 left 747
object 44 40 right 748
object 45 40 left 747
object 45 40 right 748
object 46 40 left 747
object 46 40 right 748
object 47 40 left 747
object 47 40 right 748
object 49 40 left 747
object 49 40 right 748
object 50 40 left 747
object 50 40 right 748
object 51 40 left 747
object 51 40 right 748
object 52 40 left 747
object 52 40 right 748
object 53 40 left 747
object 53 40 right 748
object 56 40 left 747
object 56 40 right 748
object 57 40 left 747
object 57 40 right 748
object 59 40 left 747
object 59 40 right 748
object 61 40 left 747
object 61 40 right 748
object 62 40 left 747
object 62 40 right 748
object 64 40 left 747
object 64 40 right 748
object 65 40 left 747
object 65 40 right 748
object 67 40 left 747
object 67 40 right 748
object 68 40 left 747
object 68 40 right 748
object 70 40 left 747
object 70 40 right 748
object 71 40 left 747
object 71 40 right 748
object 72 40 left 747
object 72 40 right 748
object 73 40 left 747
object 73 40 right 748
object 74 40 left 747
object 74 40 right 748
object 75 40 left 747
object 75 40 right 748
object 76 40 left 747
object 76 40 right 748
object 77 40 left 759
object 77 40 right 760
object 78 40 left 747
object 78 40 right 748
object 79 40 left 747
object 79 40 right 748
object 80 40 left 747
object 80 40 right 748
object 82 40 left 747
object 82 40 right 748
object 84 40 left 747
object 84 40 right 748
object 85 40 left 747
object 85 40 right 748
object 87 40 left 747
object 87 40 right 748
object 88 40 left 747
object 88 40 right 748
object 89 40 left 747
object 89 40 right 748
object 90 40 left 3268
object 90 40 right 3269
object 93 40 left 747
object 93 40 right 748
object 94 40 left 747
object 94 40 right 748
object 95 40 left 747
object 95 40 right 748
object 96 40 left 747
object 96 40 right 748
object 97 40 left 747
object 97 40 right 748
object 98 40 left 747
object 98 40 right 748
object 99 40 left 747
object 99 40 right 748
object 4 41 left 747
object 4 41 right 748
object 5 41 left 747
object 5 41 right 748
object 6 41 left 747
object 6 41 right 748
object 7 41 left 747
object 7 41 right 748
object 9 41 left 747
object 9 41 right 748
object 10 41 left 747
object 10 41 right 748
object 11 41 left 747
object 11 41 right 748
object 12 41 left 747
object 12 41 right 748
object 13 41 left 2555
object 13 41 right 2556
object 14 41 left 747
object 14 41 right 748
object 15 41 left 747
object 15 41 right 748
object 16 41 left 747
object 16 41 right 748
object 18 41 left 747
object 18 41 right 748
object 22 41 left 747
object 22 41 right 748
object 25 41 left 747
object 25 41 right 748
object 26 41 left 747
object 26 41 right 748
object 28 41 left 747
object 28 41 right 748
object 29 41 left 747
object 29 41 right 748
object 30 41 left 747
object 30 41 right 748
object 31 41 left 747
object 31 41 right 748
object 32 41 left 747
object 32 41 right 748
object 35 41 left 747
object 35 41 right 748
object 39 41 left 747
object 39 41 right 748
object 40 41 left 747
object 40 41 right 748
object 43 41 left 747
object 43 41 right 748
object 44 41 left 747
object 44 41 right 748
object 45 41 left 747
object 45 41 right 748
object 47 41 left 747
object 47 41 right 748
object 49 41 left 747
object 49 41 right 748
object 50 41 left 747
object 50 41 right 748
object 52 41 left 759
object 52 41 right 760
object 54 41 left 747
object 54 41 right 748
object 55 41 left 747
object 55 41 right 748
object 57 41 left 747
object 57 41 right 748
object 58 41 left 747
object 58 41 right 748
object 59 41 left 747
object 59 41 right 748
object 61 41 left 747
object 61 41 right 748
object 62 41 left 747
object 62 41 right 748
object 64 41 left 747
object 64 41 right 748
object 65 41 left 747
object 65 41 right 748
object 68 41 left 747
object 68 41 right 748
object 74 41 left 747
object 74 41 right 748
object 75 41 left 747
object 75 41 right 748
object 76 41 left 747
object 76 41 right 748
object 77 41 left 747
object 77 41 right 748
object 78 41 left 747
object 78 41 right 748
object 80 41 left 79
object 80 41 right 80
object 81 41 left 747
object 81 41 right 748
object 83 41 left 747
object 83 41 right 748
object 85 41 left 747
object 85 41 right 748
object 89 41 left 747
object 89 41 right 748
object 90 41 left 759
object 90 41 right 760
object 91 41 left 747
object 91 41 right 748
object 93 41 left 747
object 93 41 right 748
object 94 41 left 759
object 94 41 right 760
object 95 41 left 747
object 95 41 right 748
object 96 41 left 747
object 96 41 right 2574
object 98 41 left 747
object 98 41 right 748
object 99 41 left 747
object 99 41 right 3270
object 3 42 left 747
object 3 42 right 748
object 5 42 left 747
object 5 42 right 748
object 6 42 left 747
object 6 42 right 748
object 7 42 left 759
object 7 42 right 760
object 8 42 left 747
object 8 42 right 3270
object 10 42 left 747
object 10 42 right 748
object 11 42 left 759
object 11 42 right 760
object 12 42 left 747
object 12 42 right 748
object 13 42 left 747
object 13 42 right 748
object 14 42 left 747
object 14 42 right 748
object 15 42 left 747
object 15 42 right 748
object 16 42 left 747
object 16 42 right 748
object 18 42 left 759
object 18 42 right 760
object 19 42 left 747
object 19 42 right 748
object 22 42 left 747
object 22 42 right 748
object 24 42 left 759
object 24 42 right 760
object 25 42 left 747
object 25 42 right 748
object 26 42 left 747
object 26 42 right 748
object 27 42 left 747
object 27 42 right 748
object 31 42 left 747
object 31 42 right 748
object 32 42 left 747
object 32 42 right 748
object 33 42 left 747
object 33 42 right 748
object 34 42 left 747
object 34 42 right 748
object 36 42 left 747
object 36 42 right 748
object 38 42 left 747
object 38 42 right 748
object 39 42 left 747
object 39 42 right 748
object 40 42 left 747
object 40 42 right 748
object 41 42 left 747
object 41 42 right 748
object 43 42 left 747
object 43 42 right 748
object 44 42 left 747
object 44 42 right 748
object 45 42 left 747
object 45 42 right 748
object 46 42 left 747
object 46 42 right 748
object 47 42 left 747
object 47 42 right 748
object 49 42 left 747
object 49 42 right 748
object 51 42 left 747
object 51 42 right 748
object 57 42 left 747
object 57 42 right 748
object 58 42 left 747
object 58 42 right 748
object 60 42 left 747
object 60 42 right 748
object 61 42 left 747
object 61 42 right 748
object 63 42 left 747
object 63 42 right 748
object 65 42 left 747
object 65 42 right 748
object 68 42 left 747
object 68 42 right 748
object 69 42 left 747
object 69 42 right 748
object 70 42 left 747
object 70 42 right 748
object 71 42 left 747
object 71 42 right 748
object 72 42 left 747
object 72 42 right 748
object 73 42 left 747
object 73 42 right 748
object 74 42 left 747
object 74 42 right 748
object 75 42 left 747
object 75 42 right 748
object 76 42 left 747
object 76 42 right 748
object 77 42 left 747
object 77 42 right 748
object 79 42 left 747
object 79 42 right 748
object 80 42 left 747
object 80 42 right 748
object 81 42 left 747
object 81 42 right 748
object 82 42 left 747
object 82 42 right 748
object 83 42 left 747
object 83 42 right 748
object 84 42 left 747
object 84 42 right 748
object 89 42 left 747
object 89 42 right 748
object 90 42 left 747
object 90 42 right 748
object 92 42 left 747
object 92 42 right 748
object 94 42 left 747
object 94 42 right 748
object 95 42 left 747
object 95 42 right 748
object 96 42 right 2573
object 97 42 left 747
object 97 42 right 748
object 98 42 left 747
object 98 42 right 748
object 99 42 left 3268
object 99 42 right 3269
object 2 43 left 747
object 2 43 right 748
object 5 43 left 747
object 5 43 right 748
object 6 43 left 747
object 6 43 right 748
object 7 43 left 747
object 7 43 right 748
object 8 43 left 3268
object 8 43 right 3269
object 9 43 left 747
object 9 43 right 748
object 10 43 left 747
object 10 43 right 748
object 11 43 left 747
object 11 43 right 748
object 12 43 left 747
object 12 43 right 748
object 13 43 left 747
object 13 43 right 748
object 14 43 left 747
object 14 43 right 748
object 15 43 left 747
object 15 43 right 748
object 16 43 left 747
object 16 43 right 748
object 17 43 left 747
object 17 43 right 748
object 20 43 left 747
object 20 43 right 748
object 23 43 left 747
object 23 43 right 748
object 24 43 left 747
object 24 43 right 748
object 26 43 left 747
object 26 43 right 748
object 27 43 left 747
object 27 43 right 748
object 28 43 left 747
object 28 43 right 748
object 29 43 left 747
object 29 43 right 748
object 30 43 left 747
object 30 43 right 748
object 31 43 left 747
object 31 43 right 748
object 32 43 left 747
object 32 43 right 748
object 33 43 left 759
object 33 43 right 760
object 34 43 left 747
object 34 43 right 748
object 36 43 left 747
object 36 43 right 748
object 39 43 left 747
object 39 43 right 748
object 40 43 left 747
object 40 43 right 748
object 41 43 left 747
object 41 43 right 748
object 42 43 left 747
object 42 43 right 748
object 43 43 left 747
object 43 43 right 748
object 44 43 left 747
object 44 43 right 748
object 45 43 left 747
object 45 43 right 748
object 46 43 left 747
object 46 43 right 748
object 48 43 left 747
object 48 43 right 748
object 52 43 left 747
object 52 43 right 748
object 56 43 left 747
object 56 43 right 748
object 58 43 left 747
object 58 43 right 748
object 59 43 left 747
object 59 43 right 748
object 60 43 left 747
object 60 43 right 748
object 61 43 left 747
object 61 43 right 748
object 62 43 left 747
object 62 43 right 748
object 63 43 left 747
object 63 43 right 748
object 64 43 left 759
object 64 43 right 760
object 65 43 left 747
object 65 43 right 748
object 71 43 left 747
object 71 43 right 748
object 72 43 left 747
object 72 43 right 748
object 73 43 left 747
object 73 43 right 748
object 76 43 left 747
object 76 43 right 748
object 78 43 left 747
object 78 43 right 748
object 79 43 left 747
object 79 43 right 748
object 80 43 left 747
object 80 43 right 748
object 81 43 left 747
object 81 43 right 748
object 82 43 left 747
object 82 43 right 748
object 83 43 left 747
object 83 43 right 748
object 84 43 left 747
object 84 43 right 748
object 90 43 left 747
object 90 43 right 748
object 91 43 left 747
object 91 43 right 748
object 92 43 left 747
object 92 43 right 748
object 94 43 left 747
object 94 43 right 748
object 95 43 left 747
object 95 43 right 748
object 96 43 right 2572
object 97 43 left 747
object 97 43 right 748
object 98 43 left 747
object 98 43 right 748
object 99 43 left 747
object 99 43 right 748
object 2 44 left 759
object 2 44 right 760
object 3 44 left 747
object 3 44 right 748
object 5 44 left 747
object 5 44 right 748
object 6 44 left 759
object 6 44 right 760
object 7 44 left 747
object 7 44 right 748
object 8 44 left 747
object 8 44 right 748
object 9 44 left 747
object 9 44 right 748
object 10 44 left 747
object 10 44 right 748
object 11 44 left 747
object 11 44 right 748
object 12 44 left 747
object 12 44 right 748
object 13 44 left 759
object 13 44 right 760
object 14 44 left 747
object 14 44 right 748
object 15 44 left 747
object 15 44 right 748
object 16 44 left 747
object 16 44 right 748
object 17 44 left 747
object 17 44 right 748
object 18 44 left 747
object 18 44 right 748
object 21 44 left 747
object 21 44 right 748
object 24 44 left 747
object 24 44 right 748
object 30 44 left 747
object 30 44 right 748
object 31 44 left 747
object 31 44 right 748
object 32 44 left 747
object 32 44 right 748
object 33 44 left 747
object 33 44 right 748
object 34 44 left 747
object 34 44 right 748
object 39 44 left 747
object 39 44 right 748
object 40 44 left 747
object 40 44 right 748
object 41 44 left 747
object 41 44 right 748
object 42 44 left 747
object 42 44 right 748
object 44 44 left 747
object 44 44 right 748
object 45 44 left 747
object 45 44 right 748
object 46 44 left 747
object 46 44 right 748
object 47 44 left 747
object 47 44 right 748
object 48 44 left 747
object 48 44 right 748
object 49 44 left 747
object 49 44 right 748
object 50 44 left 747
object 50 44 right 748
object 51 44 left 747
object 51 44 right 748
object 53 44 left 747
object 53 44 right 748
object 57 44 left 747
object 57 44 right 748
object 60 44 left 747
object 60 44 right 748
object 61 44 left 747
object 61 44 right 748
object 63 44 left 747
object 63 44 right 748
object 64 44 left 747
object 64 44 right 748
object 65 44 left 747
object 65 44 right 748
object 68 44 right 3270
object 71 44 left 747
object 71 44 right 748
object 72 44 left 747
object 72 44 right 748
object 74 44 left 747
object 74 44 right 748
object 75 44 left 747
object 75 44 right 748
object 76 44 left 747
object 76 44 right 748
object 77 44 left 747
object 77 44 right 748
object 78 44 left 747
object 78 44 right 748
object 79 44 left 747
object 79 44 right 748
object 80 44 left 747
object 80 44 right 748
object 82 44 left 747
object 82 44 right 748
object 83 44 left 747
object 83 44 right 748
object 84 44 left 747
object 84 44 right 748
object 85 44 left 747
object 85 44 right 748
object 90 44 left 747
object 90 44 right 748
object 91 44 left 747
object 91 44 right 748
object 93 44 left 747
object 93 44 right 748
object 94 44 left 747
object 94 44 right 748
object 96 44 left 2570
object 96 44 right 2571
object 98 44 left 747
object 98 44 right 748
object 2 45 left 747
object 2 45 right 748
object 4 45 left 747
object 4 45 right 748
object 6 45 left 747
object 6 45 right 748
object 7 45 left 747
object 7 45 right 748
object 8 45 left 747
object 8 45 right 748
object 9 45 left 747
object 9 45 right 748
object 10 45 left 747
object 10 45 right 748
object 11 45 left 747
object 11 45 right 748
object 12 45 left 747
object 12 45 right 748
object 13 45 left 747
object 13 45 right 748
object 15 45 left 747
object 15 45 right 748
object 18 45 left 747
object 18 45 right 748
object 19 45 left 747
object 19 45 right 748
object 22 45 left 747
object 22 45 right 748
object 24 45 left 747
object 24 45 right 748
object 25 45 left 747
object 25 45 right 748
object 26 45 left 747
object 26 45 right 748
object 27 45 left 759
object 27 45 right 760
object 28 45 left 747
object 28 45 right 748
object 29 45 left 747
object 29 45 right 3270
object 30 45 left 747
object 30 45 right 748
object 31 45 left 747
object 31 45 right 748
object 33 45 left 747
object 33 45 right 748
object 35 45 left 747
object 35 45 right 748
object 36 45 left 747
object 36 45 right 748
object 38 45 left 747
object 38 45 right 748
object 40 45 left 747
object 40 45 right 748
object 41 45 left 747
object 41 45 right 748
object 42 45 left 759
object 42 45 right 760
object 43 45 left 747
object 43 45 right 748
object 45 45 left 747
object 45 45 right 748
object 46 45 left 759
object 46 45 right 760
object 47 45 left 747
object 47 45 right 748
object 48 45 left 747
object 48 45 right 748
object 49 45 left 747
object 49 45 right 748
object 50 45 left 747
object 50 45 right 748
object 51 45 left 747
object 51 45 right 748
object 53 45 left 759
object 53 45 right 760
object 54 45 left 747
object 54 45 right 748
object 57 45 left 747
object 57 45 right 748
object 59 45 left 759
object 59 45 right 760
object 60 45 left 747
object 60 45 right 748
object 61 45 left 747
object 61 45 right 748
object 62 45 left 747
object 62 45 right 748
object 68 45 left 3268
object 68 45 right 3269
object 72 45 left 747
object 72 45 right 748
object 73 45 left 747
object 73 45 right 748
object 74 45 left 747
object 74 45 right 748
object 75 45 left 747
object 75 45 right 748
object 76 45 left 747
object 76 45 right 748
object 77 45 left 747
object 77 45 right 748
object 78 45 left 747
object 78 45 right 748
object 79 45 left 747
object 79 45 right 748
object 80 45 left 747
object 80 45 right 748
object 81 45 left 747
object 81 45 right 748
object 82 45 left 747
object 82 45 right 748
object 83 45 left 747
object 83 45 right 748
object 84 45 left 759
object 84 45 right 760
object 85 45 left 747
object 85 45 right 748
object 86 45 left 747
object 86 45 right 748
object 87 45 left 747
object 87 45 right 748
object 89 45 left 747
object 89 45 right 748
object 91 45 left 747
object 91 45 right 748
object 92 45 left 747
object 92 45 right 748
object 93 45 left 747
object 93 45 right 748
object 94 45 left 747
object 94 45 right 748
object 95 45 left 747
object 95 45 right 748
object 96 45 left 747
object 96 45 right 748
object 97 45 left 759
object 97 45 right 760
object 98 45 left 747
object 98 45 right 748
object 2 46 left 747
object 2 46 right 748
object 3 46 left 747
object 3 46 right 748
object 4 46 left 747
object 4 46 right 748
object 6 46 left 747
object 6 46 right 748
object 7 46 left 747
object 7 46 right 748
object 8 46 left 747
object 8 46 right 748
object 9 46 left 747
object 9 46 right 748
object 10 46 left 747
object 10 46 right 748
object 11 46 left 747
object 11 46 right 748
object 12 46 left 747
object 12 46 right 748
object 13 46 left 747
object 13 46 right 748
object 14 46 left 759
object 14 46 right 760
object 15 46 left 747
object 15 46 right 748
object 16 46 left 747
object 16 46 right 748
object 18 46 left 747
object 18 46 right 748
object 19 46 left 747
object 19 46 right 748
object 29 46 left 3268
object 29 46 right 3269
object 32 46 left 747
object 32 46 right 748
object 34 46 left 747
object 34 46 right 748
object 36 46 left 747
object 36 46 right 748
object 37 46 left 747
object 37 46 right 748
object 40 46 left 747
object 40 46 right 748
object 41 46 left 747
object 41 46 right 748
object 42 46 left 747
object 42 46 right 748
object 43 46 left 747
object 43 46 right 748
object 44 46 left 747
object 44 46 right 748
object 45 46 left 747
object 45 46 right 3270
object 46 46 left 747
object 46 46 right 748
object 47 46 left 747
object 47 46 right 748
object 48 46 left 747
object 48 46 right 748
object 49 46 left 747
object 49 46 right 748
object 50 46 left 747
object 50 46 right 748
object 51 46 left 747
object 51 46 right 748
object 52 46 left 747
object 52 46 right 748
object 55 46 left 747
object 55 46 right 748
object 58 46 left 747
object 58 46 right 748
object 59 46 left 747
object 59 46 right 748
object 61 46 left 747
object 61 46 right 748
object 62 46 left 747
object 62 46 right 748
object 63 46 left 747
object 63 46 right 748
object 64 46 left 747
object 64 46 right 748
object 65 46 left 747
object 65 46 right 748
object 73 46 left 747
object 73 46 right 748
object 74 46 left 759
object 74 46 right 760
object 75 46 left 747
object 75 46 right 748
object 77 46 left 747
object 77 46 right 748
object 78 46 left 759
object 78 46 right 760
object 79 46 left 747
object 79 46 right 748
object 80 46 left 747
object 80 46 right 748
object 82 46 left 747
object 82 46 right 748
object 83 46 left 747
object 83 46 right 748
object 85 46 left 759
object 85 46 right 760
object 86 46 left 747
object 86 46 right 748
object 90 46 left 747
object 90 46 right 748
object 93 46 left 747
object 93 46 right 748
object 94 46 left 747
object 94 46 right 748
object 96 46 left 747
object 96 46 right 748
object 97 46 left 747
object 97 46 right 748
object 98 46 left 747
object 98 46 right 748
object 99 46 left 747
object 99 46 right 748
object 3 47 left 747
object 3 47 right 748
object 5 47 left 747
object 5 47 right 748
object 6 47 left 747
object 6 47 right 748
object 7 47 left 747
object 7 47 right 748
object 8 47 left 747
object 8 47 right 748
object 10 47 left 747
object 10 47 right 748
object 11 47 left 747
object 11 47 right 748
object 13 47 left 747
object 13 47 right 748
object 14 47 left 747
object 14 47 right 748
object 15 47 left 747
object 15 47 right 748
object 16 47 left 747
object 16 47 right 748
object 17 47 left 747
object 17 47 right 748
object 20 47 left 747
object 20 47 right 748
object 27 47 left 747
object 27 47 right 748
object 28 47 left 747
object 28 47 right 748
object 30 47 left 747
object 30 47 right 748
object 32 47 left 747
object 32 47 right 748
object 34 47 left 747
object 34 47 right 748
object 35 47 left 747
object 35 47 right 748
object 37 47 left 759
object 37 47 right 760
object 38 47 left 747
object 38 47 right 748
object 40 47 left 747
object 40 47 right 748
object 41 47 left 759
object 41 47 right 760
object 42 47 left 747
object 42 47 right 748
object 43 47 left 747
object 43 47 right 748
object 44 47 left 747
object 44 47 right 748
object 45 47 left 3268
object 45 47 right 3269
object 46 47 left 747
object 46 47 right 748
object 47 47 left 747
object 47 47 right 748
object 48 47 left 759
object 48 47 right 760
object 49 47 left 747
object 49 47 right 748
object 50 47 left 747
object 50 47 right 748
object 51 47 left 2540
object 51 47 right 748
object 52 47 left 2541
object 52 47 right 748
object 53 47 left 2542
object 53 47 right 748
object 54 47 left 2543
object 54 47 right 2544
object 56 47 left 747
object 56 47 right 748
object 59 47 left 747
object 59 47 right 748
object 65 47 left 747
object 65 47 right 748
object 73 47 left 747
object 73 47 right 748
object 74 47 left 747
object 74 47 right 748
object 76 47 left 747
object 76 47 right 748
object 78 47 left 747
object 78 47 right 748
object 79 47 left 747
object 79 47 right 748
object 81 47 left 747
object 81 47 right 748
object 82 47 left 747
object 82 47 right 3270
object 83 47 left 747
object 83 47 right 748
object 84 47 left 747
object 84 47 right 748
object 87 47 left 747
object 87 47 right 748
object 90 47 left 747
object 90 47 right 748
object 92 47 left 759
object 92 47 right 760
object 93 47 left 747
object 93 47 right 748
object 94 47 left 747
object 94 47 right 748
object 95 47 left 747
object 95 47 right 748
object 99 47 left 747
object 99 47 right 748
object 7 48 left 747
object 7 48 right 748
object 8 48 left 747
object 8 48 right 748
object 9 48 left 759
object 9 48 right 760
object 10 48 left 747
object 10 48 right 748
object 11 48 left 747
object 11 48 right 748
object 12 48 left 747
object 12 48 right 748
object 13 48 left 747
object 13 48 right 748
object 14 48 left 747
object 14 48 right 748
object 16 48 left 747
object 16 48 right 748
object 17 48 left 747
object 17 48 right 748
object 18 48 left 747
object 18 48 right 748
object 19 48 left 747
object 19 48 right 748
object 21 48 left 747
object 21 48 right 748
object 23 48 left 747
object 23 48 right 748
object 28 48 left 747
object 28 48 right 748
object 29 48 left 747
object 29 48 right 748
object 30 48 left 747
object 30 48 right 748
object 31 48 left 747
object 31 48 right 748
object 32 48 left 747
object 32 48 right 748
object 33 48 left 747
object 33 48 right 748
object 34 48 left 747
object 34 48 right 748
object 35 48 left 747
object 35 48 right 748
object 37 48 left 747
object 37 48 right 748
object 39 48 left 747
object 39 48 right 748
object 41 48 left 747
object 41 48 right 748
object 42 48 left 747
object 42 48 right 748
object 43 48 left 747
object 43 48 right 748
object 44 48 left 747
object 44 48 right 748
object 45 48 left 747
object 45 48 right 748
object 46 48 left 747
object 46 48 right 748
object 47 48 left 747
object 47 48 right 748
object 48 48 left 747
object 48 48 right 748
object 50 48 left 747
object 50 48 right 748
object 53 48 left 747
object 53 48 right 748
object 54 48 left 747
object 54 48 right 748
object 57 48 left 747
object 57 48 right 748
object 59 48 left 747
object 59 48 right 748
object 60 48 left 747
object 60 48 right 748
object 61 48 left 747
object 61 48 right 748
object 62 48 left 759
object 62 48 right 760
object 63 48 left 747
object 63 48 right 748
object 64 48 left 747
object 64 48 right 748
object 65 48 left 747
object 65 48 right 748
object 74 48 left 747
object 74 48 right 748
object 75 48 left 747
object 75 48 right 748
object 76 48 left 747
object 76 48 right 748
object 78 48 left 747
object 78 48 right 748
object 79 48 left 747
object 79 48 right 748
object 81 48 left 747
object 81 48 right 748
object 82 48 left 3268
object 82 48 right 3269
object 83 48 left 747
object 83 48 right 748
object 84 48 left 747
object 84 48 right 748
object 85 48 left 747
object 85 48 right 748
object 88 48 left 747
object 88 48 right 748
object 91 48 left 747
object 91 48 right 748
object 92 48 left 747
object 92 48 right 748
object 94 48 left 747
object 94 48 right 748
object 95 48 left 747
object 95 48 right 748
object 96 48 left 747
object 96 48 right 748
object 97 48 left 747
object 97 48 right 748
object 98 48 left 747
object 98 48 right 748
object 99 48 left 747
object 99 48 right 748
object 11 49 left 747
object 11 49 right 748
object 12 49 left 747
object 12 49 right 748
object 13 49 left 747
object 13 49 right 748
object 14 49 left 747
object 14 49 right 748
object 15 49 left 747
object 15 49 right 748
object 16 49 left 747
object 16 49 right 748
object 17 49 left 747
object 17 49 right 748
object 18 49 left 759
object 18 49 right 760
object 19 49 left 747
object 19 49 right 748
object 21 49 left 747
object 21 49 right 748
object 23 49 left 747
object 23 49 right 748
object 24 49 left 747
object 24 49 right 748
object 28 49 left 747
object 28 49 right 748
object 31 49 left 747
object 31 49 right 748
object 33 49 left 747
object 33 49 right 748
object 34 49 left 747
object 34 49 right 748
object 35 49 left 747
object 35 49 right 748
object 36 49 left 747
object 36 49 right 748
object 37 49 left 747
object 37 49 right 748
object 38 49 left 747
object 38 49 right 748
object 39 49 left 747
object 39 49 right 748
object 41 49 left 747
object 41 49 right 748
object 42 49 left 747
object 42 49 right 748
object 43 49 left 747
object 43 49 right 748
object 44 49 left 747
object 44 49 right 748
object 45 49 left 747
object 45 49 right 748
object 46 49 left 747
object 46 49 right 748
object 47 49 left 747
object 47 49 right 748
object 48 49 left 747
object 48 49 right 748
object 49 49 left 759
object 49 49 right 760
object 50 49 left 747
object 50 49 right 748
object 51 49 left 747
object 51 49 right 748
object 53 49 left 747
object 53 49 right 748
object 54 49 left 747
object 54 49 right 748
object 64 49 left 747
object 64 49 right 748
object 74 49 left 747
object 74 49 right 748
object 75 49 left 747
object 75 49 right 748
object 77 49 left 2540
object 77 49 right 748
object 78 49 left 2541
object 78 49 right 748
object 79 49 left 2542
object 80 49 left 2543
object 80 49 right 2544
object 82 49 left 747
object 82 49 right 748
object 85 49 left 747
object 85 49 right 748
object 86 49 left 747
object 86 49 right 748
object 89 49 left 747
object 89 49 right 748
object 92 49 left 747
object 92 49 right 748
object 98 49 left 747
object 98 49 right 748
object 99 49 left 747
object 99 49 right 748
object 2 50 left 747
object 2 50 right 748
object 4 50 left 759
object 4 50 right 760
object 5 50 left 747
object 5 50 right 748
object 14 50 left 747
object 14 50 right 748
object 15 50 left 747
object 15 50 right 748
object 16 50 left 747
object 16 50 right 748
object 17 50 left 747
object 17 50 right 748
object 18 50 left 747
object 18 50 right 748
object 19 50 left 747
object 19 50 right 748
object 21 50 right 3270
object 22 50 left 747
object 22 50 right 748
object 24 50 left 747
object 24 50 right 748
object 25 50 left 759
object 25 50 right 760
object 27 50 left 747
object 27 50 right 748
object 29 50 left 747
object 29 50 right 748
object 30 50 left 747
object 30 50 right 748
object 32 50 left 747
object 32 50 right 748
object 35 50 left 759
object 35 50 right 760
object 36 50 left 747
object 36 50 right 748
object 37 50 left 747
object 37 50 right 748
object 38 50 left 747
object 38 50 right 748
object 40 50 left 747
object 40 50 right 748
object 41 50 left 747
object 41 50 right 748
object 42 50 left 747
object 42 50 right 748
object 43 50 left 747
object 43 50 right 748
object 45 50 left 747
object 45 50 right 748
object 46 50 left 747
object 46 50 right 748
object 48 50 left 747
object 48 50 right 748
object 49 50 left 747
object 49 50 right 748
object 50 50 left 747
object 50 50 right 748
object 51 50 left 747
object 51 50 right 748
object 52 50 left 747
object 52 50 right 748
object 55 50 left 747
object 55 50 right 748
object 62 50 left 747
object 62 50 right 748
object 63 50 left 747
object 63 50 right 748
object 65 50 left 747
object 65 50 right 748
object 73 50 left 747
object 73 50 right 748
object 75 50 left 747
object 75 50 right 748
object 76 50 left 747
object 76 50 right 748
object 77 50 left 747
object 77 50 right 748
object 78 50 left 747
object 78 50 right 748
object 79 50 left 747
object 79 50 right 748
object 80 50 left 747
object 80 50 right 748
object 81 50 left 759
object 81 50 right 760
object 82 50 left 747
object 82 50 right 748
object 85 50 left 747
object 85 50 right 748
object 86 50 left 747
object 86 50 right 748
object 92 50 left 747
object 92 50 right 748
object 93 50 left 747
object 93 50 right 748
object 94 50 left 747
object 94 50 right 748
object 95 50 left 759
object 95 50 right 760
object 96 50 left 747
object 96 50 right 748
object 97 50 left 79
object 97 50 right 80
object 98 50 left 747
object 98 50 right 748
object 99 50 left 747
object 99 50 right 748
object 3 51 left 747
object 3 51 right 748
object 4 51 left 747
object 4 51 right 748
object 6 51 left 747
object 6 51 right 748
object 7 51 left 747
object 7 51 right 748
object 8 51 left 747
object 8 51 right 748
object 9 51 left 747
object 9 51 right 748
object 14 51 left 747
object 14 51 right 748
object 15 51 left 747
object 15 51 right 748
object 16 51 left 747
object 16 51 right 748
object 18 51 left 747
object 18 51 right 748
object 20 51 left 747
object 20 51 right 748
object 21 51 left 3268
object 21 51 right 3269
object 23 51 left 747
object 23 51 right 748
object 24 51 left 747
object 24 51 right 748
object 25 51 left 747
object 25 51 right 748
object 26 51 left 747
object 26 51 right 748
object 29 51 left 747
object 29 51 right 748
object 30 51 left 747
object 30 51 right 748
object 31 51 left 747
object 31 51 right 748
object 32 51 left 747
object 32 51 right 748
object 33 51 left 747
object 33 51 right 748
object 34 51 left 747
object 34 51 right 748
object 35 51 left 747
object 35 51 right 748
object 38 51 left 747
object 38 51 right 748
object 39 51 left 747
object 39 51 right 748
object 40 51 left 747
object 40 51 right 748
object 41 51 left 747
object 41 51 right 748
object 42 51 left 747
object 42 51 right 748
object 43 51 left 747
object 43 51 right 748
object 44 51 left 759
object 44 51 right 760
object 45 51 left 747
object 45 51 right 748
object 46 51 left 747
object 46 51 right 748
object 47 51 left 747
object 47 51 right 748
object 48 51 left 747
object 48 51 right 748
object 49 51 left 747
object 49 51 right 748
object 51 51 left 747
object 51 51 right 748
object 52 51 left 747
object 52 51 right 748
object 53 51 left 747
object 53 51 right 748
object 54 51 left 747
object 54 51 right 748
object 56 51 left 747
object 56 51 right 748
object 58 51 left 747
object 58 51 right 748
object 63 51 left 747
object 63 51 right 748
object 64 51 left 747
object 64 51 right 748
object 65 51 left 747
object 65 51 right 748
object 74 51 left 747
object 74 51 right 748
object 77 51 left 747
object 77 51 right 748
object 78 51 left 747
object 78 51 right 748
object 80 51 left 747
object 80 51 right 748
object 81 51 left 747
object 81 51 right 748
object 82 51 left 747
object 82 51 right 748
object 83 51 left 747
object 83 51 right 748
object 84 51 left 747
object 84 51 right 748
object 87 51 left 747
object 87 51 right 748
object 97 51 left 747
object 97 51 right 748
object 2 52 right 3270
object 4 52 left 747
object 4 52 right 748
object 10 52 left 747
object 10 52 right 748
object 11 52 left 747
object 11 52 right 748
object 12 52 left 747
object 12 52 right 748
object 13 52 left 747
object 13 52 right 748
object 14 52 left 747
object 14 52 right 748
object 17 52 left 747
object 17 52 right 748
object 19 52 left 747
object 19 52 right 748
object 21 52 left 747
object 21 52 right 748
object 25 52 left 747
object 25 52 right 748
object 26 52 left 759
object 26 52 right 760
object 27 52 left 747
object 27 52 right 748
object 29 52 left 747
object 29 52 right 748
object 30 52 left 759
object 30 52 right 760
object 31 52 left 747
object 31 52 right 748
object 32 52 left 747
object 32 52 right 748
object 34 52 left 747
object 34 52 right 748
object 35 52 left 747
object 35 52 right 748
object 37 52 left 747
object 37 52 right 748
object 40 52 left 747
object 40 52 right 748
object 41 52 left 747
object 41 52 right 748
object 43 52 left 747
object 43 52 right 3270
object 44 52 left 747
object 44 52 right 748
object 45 52 left 747
object 45 52 right 748
object 46 52 left 747
object 46 52 right 748
object 47 52 left 747
object 47 52 right 748
object 48 52 left 747
object 48 52 right 748
object 49 52 left 747
object 49 52 right 748
object 50 52 left 747
object 50 52 right 748
object 51 52 left 747
object 51 52 right 748
object 52 52 left 747
object 52 52 right 748
object 53 52 left 759
object 53 52 right 760
object 54 52 left 747
object 54 52 right 748
object 56 52 left 747
object 56 52 right 748
object 58 52 left 747
object 58 52 right 748
object 59 52 left 747
object 59 52 right 748
object 63 52 left 747
object 63 52 right 748
object 74 52 left 747
object 74 52 right 748
object 76 52 left 759
object 76 52 right 760
object 77 52 left 747
object 77 52 right 748
object 78 52 left 747
object 78 52 right 748
object 79 52 left 747
object 79 52 right 748
object 83 52 left 747
object 83 52 right 748
object 84 52 left 747
object 84 52 right 748
object 85 52 left 747
object 85 52 right 748
object 86 52 left 747
object 86 52 right 748
object 88 52 left 747
object 88 52 right 748
object 95 52 left 747
object 95 52 right 748
object 96 52 left 747
object 96 52 right 748
object 98 52 left 747
object 98 52 right 748
object 0 53 left 747
object 0 53 right 748
object 2 53 left 3268
object 2 53 right 3269
object 4 53 left 747
object 4 53 right 748
object 5 53 left 747
object 5 53 right 748
object 6 53 left 747
object 6 53 right 748
object 7 53 left 747
object 7 53 right 748
object 8 53 left 747
object 8 53 right 748
object 9 53 left 747
object 9 53 right 748
object 10 53 left 747
object 10 53 right 748
object 11 53 left 747
object 11 53 right 748
object 12 53 left 747
object 12 53 right 748
object 13 53 left 747
object 13 53 right 748
object 15 53 left 747
object 15 53 right 748
object 16 53 left 747
object 16 53 right 748
object 17 53 left 747
object 17 53 right 748
object 18 53 left 747
object 18 53 right 748
object 19 53 left 747
object 19 53 right 748
object 20 53 left 747
object 20 53 right 748
object 25 53 left 747
object 25 53 right 748
object 26 53 left 747
object 26 53 right 748
object 28 53 left 747
object 28 53 right 748
object 30 53 left 747
object 30 53 right 748
object 31 53 left 747
object 31 53 right 748
object 33 53 left 747
object 33 53 right 748
object 34 53 left 747
object 34 53 right 748
object 35 53 left 747
object 35 53 right 748
object 36 53 left 747
object 36 53 right 748
object 37 53 left 747
object 37 53 right 748
object 39 53 left 759
object 39 53 right 760
object 40 53 left 747
object 40 53 right 748
object 41 53 left 747
object 41 53 right 748
object 42 53 left 747
object 42 53 right 748
object 43 53 left 3268
object 43 53 right 3269
object 44 53 left 747
object 44 53 right 748
object 46 53 left 747
object 46 53 right 748
object 47 53 left 747
object 47 53 right 748
object 48 53 left 747
object 48 53 right 748
object 49 53 left 747
object 49 53 right 748
object 50 53 left 747
object 50 53 right 748
object 51 53 left 747
object 51 53 right 748
object 52 53 left 747
object 52 53 right 748
object 53 53 left 747
object 53 53 right 748
object 54 53 left 747
object 54 53 right 748
object 57 53 left 747
object 57 53 right 748
object 59 53 left 747
object 59 53 right 3270
object 60 53 left 759
object 60 53 right 760
object 62 53 left 747
object 62 53 right 748
object 64 53 left 747
object 64 53 right 748
object 65 53 left 747
object 65 53 right 748
object 74 53 left 79
object 74 53 right 80
object 75 53 left 747
object 75 53 right 748
object 76 53 left 747
object 76 53 right 748
object 78 53 left 747
object 78 53 right 748
object 79 53 left 747
object 79 53 right 748
object 80 53 left 747
object 80 53 right 748
object 81 53 left 747
object 81 53 right 748
object 82 53 left 747
object 82 53 right 748
object 83 53 left 747
object 83 53 right 748
object 84 53 left 747
object 84 53 right 748
object 85 53 left 759
object 85 53 right 760
object 86 53 left 747
object 86 53 right 748
object 88 53 left 747
object 88 53 right 748
object 97 53 left 747
object 97 53 right 748
object 98 53 left 747
object 98 53 right 748
object 99 53 left 747
object 99 53 right 748
object 0 54 left 747
object 0 54 right 748
object 1 54 left 747
object 1 54 right 748
object 7 54 left 747
object 7 54 right 748
object 8 54 left 747
object 8 54 right 748
object 9 54 left 747
object 9 54 right 748
object 12 54 left 747
object 12 54 right 748
object 14 54 left 747
object 14 54 right 748
object 15 54 left 747
object 15 54 right 748
object 16 54 left 747
object 16 54 right 748
object 17 54 left 747
object 17 54 right 748
object 18 54 left 747
object 18 54 right 748
object 19 54 left 747
object 19 54 right 748
object 20 54 left 747
object 20 54 right 748
object 26 54 left 747
object 26 54 right 748
object 27 54 left 747
object 27 54 right 748
object 28 54 left 747
object 28 54 right 748
object 30 54 left 747
object 30 54 right 748
object 31 54 left 747
object 31 54 right 748
object 33 54 left 747
object 33 54 right 748
object 34 54 left 747
object 34 54 right 748
object 35 54 left 747
object 35 54 right 748
object 36 54 left 747
object 36 54 right 748
object 38 54 left 747
object 38 54 right 748
object 39 54 left 747
object 39 54 right 748
object 41 54 left 747
object 41 54 right 748
object 42 54 left 747
object 42 54 right 748
object 43 54 left 747
object 43 54 right 748
object 44 54 left 747
object 44 54 right 748
object 45 54 left 747
object 45 54 right 748
object 46 54 left 747
object 46 54 right 748
object 47 54 left 747
object 47 54 right 748
object 48 54 left 759
object 48 54 right 760
object 49 54 left 747
object 49 54 right 748
object 50 54 left 747
object 50 54 right 748
object 51 54 left 747
object 51 54 right 748
object 53 54 left 747
object 53 54 right 748
object 55 54 left 747
object 55 54 right 748
object 56 54 left 747
object 56 54 right 748
object 58 54 left 747
object 58 54 right 748
object 59 54 left 3268
object 59 54 right 3269
object 60 54 left 747
object 60 54 right 748
object 61 54 left 747
object 61 54 right 748
object 64 54 left 747
object 64 54 right 748
object 65 54 left 747
object 65 54 right 748
object 66 54 left 747
object 66 54 right 748
object 67 54 left 747
object 67 54 right 748
object 68 54 left 747
object 68 54 right 748
object 69 54 left 747
object 69 54 right 748
object 70 54 left 747
object 70 54 right 748
object 72 54 left 747
object 72 54 right 748
object 73 54 left 747
object 73 54 right 748
object 74 54 left 747
object 74 54 right 748
object 75 54 left 747
object 75 54 right 748
object 76 54 left 747
object 76 54 right 748
object 77 54 left 747
object 77 54 right 748
object 78 54 left 747
object 78 54 right 748
object 79 54 left 747
object 79 54 right 748
object 80 54 left 759
object 80 54 right 760
object 81 54 left 747
object 81 54 right 748
object 82 54 left 747
object 82 54 right 748
object 84 54 left 747
object 84 54 right 748
object 85 54 left 747
object 85 54 right 748
object 95 54 left 747
object 95 54 right 748
object 98 54 left 747
object 98 54 right 748
object 1 55 left 747
object 1 55 right 748
object 7 55 left 747
object 7 55 right 748
object 8 55 left 747
object 8 55 right 748
object 10 55 left 747
object 10 55 right 748
object 11 55 left 747
object 11 55 right 748
object 12 55 left 747
object 12 55 right 748
object 13 55 left 747
object 13 55 right 748
object 14 55 left 747
object 14 55 right 748
object 15 55 left 747
object 15 55 right 748
object 16 55 left 747
object 16 55 right 748
object 18 55 left 747
object 18 55 right 748
object 19 55 left 747
object 19 55 right 748
object 20 55 left 747
object 20 55 right 748
object 21 55 left 747
object 21 55 right 748
object 26 55 left 747
object 26 55 right 748
object 27 55 left 747
object 27 55 right 748
object 29 55 left 747
object 29 55 right 748
object 30 55 left 747
object 30 55 right 748
object 32 55 left 747
object 32 55 right 748
object 34 55 left 747
object 34 55 right 748
object 39 55 left 747
object 39 55 right 748
object 45 55 left 747
object 45 55 right 748
object 46 55 left 747
object 46 55 right 748
object 47 55 left 747
object 47 55 right 748
object 48 55 left 747
object 48 55 right 748
object 49 55 left 747
object 49 55 right 748
object 52 55 left 747
object 52 55 right 748
object 54 55 left 747
object 54 55 right 748
object 56 55 left 747
object 56 55 right 748
object 60 55 left 747
object 60 55 right 748
object 61 55 left 759
object 61 55 right 760
object 62 55 left 747
object 62 55 right 748
object 64 55 left 747
object 64 55 right 748
object 65 55 left 759
object 65 55 right 760
object 66 55 left 747
object 66 55 right 748
object 67 55 left 747
object 67 55 right 748
object 68 55 left 747
object 68 55 right 748
object 69 55 left 747
object 69 55 right 748
object 71 55 left 747
object 71 55 right 748
object 72 55 left 747
object 72 55 right 748
object 73 55 left 747
object 73 55 right 748
object 74 55 left 747
object 74 55 right 748
object 76 55 left 747
object 76 55 right 748
object 77 55 left 747
object 77 55 right 748
object 79 55 left 747
object 79 55 right 748
object 80 55 left 747
object 80 55 right 3270
object 81 55 left 747
object 81 55 right 748
object 82 55 left 747
object 82 55 right 748
object 83 55 left 747
object 83 55 right 748
object 86 55 left 747
object 86 55 right 748
object 93 55 left 747
object 93 55 right 748
object 94 55 left 747
object 94 55 right 748
object 96 55 left 747
object 96 55 right 748
object 98 55 left 747
object 98 55 right 748
object 1 56 left 747
object 1 56 right 748
object 8 56 left 747
object 8 56 right 748
object 9 56 left 747
object 9 56 right 748
object 10 56 left 747
object 10 56 right 748
object 11 56 left 747
object 11 56 right 748
object 12 56 left 747
object 12 56 right 748
object 13 56 left 747
object 13 56 right 748
object 14 56 left 747
object 14 56 right 748
object 15 56 left 747
object 15 56 right 748
object 16 56 left 747
object 16 56 right 748
object 17 56 left 747
object 17 56 right 748
object 18 56 left 747
object 18 56 right 748
object 19 56 left 747
object 19 56 right 748
object 20 56 left 759
object 20 56 right 760
object 21 56 left 747
object 21 56 right 748
object 22 56 left 747
object 22 56 right 748
object 23 56 left 747
object 23 56 right 748
object 25 56 left 747
object 25 56 right 748
object 27 56 left 747
object 27 56 right 748
object 28 56 left 747
object 28 56 right 748
object 29 56 left 747
object 29 56 right 748
object 30 56 left 747
object 30 56 right 748
object 31 56 left 747
object 31 56 right 748
object 32 56 left 747
object 32 56 right 748
object 33 56 left 759
object 33 56 right 760
object 34 56 left 747
object 34 56 right 748
object 39 56 left 747
object 39 56 right 748
object 40 56 left 747
object 40 56 right 748
object 41 56 left 747
object 41 56 right 748
object 42 56 left 747
object 42 56 right 748
object 43 56 left 747
object 43 56 right 748
object 44 56 left 747
object 44 56 right 748
object 45 56 left 747
object 45 56 right 748
object 46 56 left 747
object 46 56 right 748
object 47 56 left 747
object 47 56 right 748
object 48 56 left 747
object 48 56 right 748
object 50 56 left 747
object 50 56 right 748
object 51 56 left 747
object 51 56 right 748
object 52 56 left 747
object 52 56 right 748
object 53 56 left 747
object 53 56 right 748
object 54 56 left 747
object 54 56 right 748
object 55 56 left 747
object 55 56 right 748
object 60 56 left 747
object 60 56 right 748
object 61 56 left 747
object 61 56 right 748
object 63 56 left 747
object 63 56 right 748
object 65 56 left 747
object 65 56 right 748
object 66 56 left 747
object 66 56 right 748
object 69 56 left 747
object 69 56 right 748
object 70 56 left 747
object 70 56 right 748
object 71 56 left 747
object 71 56 right 748
object 72 56 left 747
object 72 56 right 748
object 73 56 left 747
object 73 56 right 748
object 74 56 left 747
object 74 56 right 748
object 75 56 left 759
object 75 56 right 760
object 76 56 left 747
object 76 56 right 748
object 77 56 left 747
object 77 56 right 748
object 78 56 left 747
object 78 56 right 748
object 79 56 left 747
object 79 56 right 748
object 80 56 left 3268
object 80 56 right 3269
object 82 56 left 747
object 82 56 right 748
object 83 56 left 747
object 83 56 right 748
object 84 56 left 747
object 84 56 right 748
object 85 56 left 747
object 85 56 right 748
object 87 56 left 747
object 87 56 right 748
object 89 56 left 747
object 89 56 right 748
object 94 56 left 747
object 94 56 right 748
object 95 56 left 747
object 95 56 right 748
object 96 56 left 747
object 96 56 right 748
object 97 56 left 747
object 97 56 right 748
object 98 56 left 747
object 98 56 right 748
object 99 56 left 747
object 99 56 right 748
object 3 57 right 2559
object 9 57 left 747
object 9 57 right 748
object 10 57 left 759
object 10 57 right 760
object 11 57 left 747
object 11 57 right 748
object 13 57 left 747
object 13 57 right 748
object 14 57 left 759
object 14 57 right 760
object 15 57 left 747
object 15 57 right 748
object 16 57 left 747
object 16 57 right 748
object 18 57 left 747
object 18 57 right 748
object 19 57 left 747
object 19 57 right 748
object 21 57 left 759
object 21 57 right 760
object 22 57 left 747
object 22 57 right 748
object 26 57 left 747
object 26 57 right 748
object 29 57 left 747
object 29 57 right 748
object 30 57 left 747
object 30 57 right 748
object 32 57 left 747
object 32 57 right 748
object 33 57 left 747
object 33 57 right 748
object 34 57 left 747
object 34 57 right 748
object 35 57 left 747
object 35 57 right 748
object 36 57 left 747
object 36 57 right 748
object 42 57 left 747
object 42 57 right 3270
object 43 57 left 747
object 43 57 right 748
object 44 57 left 747
object 44 57 right 748
object 47 57 left 747
object 47 57 right 748
object 49 57 left 747
object 49 57 right 748
object 50 57 left 747
object 50 57 right 748
object 51 57 left 747
object 51 57 right 748
object 52 57 left 747
object 52 57 right 748
object 53 57 left 747
object 53 57 right 748
object 54 57 left 747
object 54 57 right 748
object 55 57 left 747
object 55 57 right 748
object 61 57 left 747
object 61 57 right 748
object 62 57 left 747
object 62 57 right 748
object 63 57 left 747
object 63 57 right 748
object 65 57 left 747
object 65 57 right 748
object 66 57 left 747
object 66 57 right 748
object 68 57 left 747
object 68 57 right 748
object 71 57 left 747
object 71 57 right 748
object 72 57 left 747
object 72 57 right 748
object 74 57 left 747
object 74 57 right 748
object 75 57 left 747
object 75 57 right 748
object 76 57 left 747
object 76 57 right 748
object 77 57 left 747
object 77 57 right 748
object 78 57 left 747
object 78 57 right 748
object 79 57 left 747
object 79 57 right 748
object 80 57 left 747
object 80 57 right 748
object 81 57 left 747
object 81 57 right 748
object 82 57 left 747
object 82 57 right 748
object 83 57 left 747
object 83 57 right 748
object 84 57 left 759
object 84 57 right 760
object 85 57 left 747
object 85 57 right 748
object 87 57 left 747
object 87 57 right 748
object 89 57 left 747
object 89 57 right 748
object 90 57 left 747
object 90 57 right 748
object 94 57 left 747
object 94 57 right 748
object 97 57 left 747
object 97 57 right 748
object 99 57 left 747
object 99 57 right 748
object 3 58 right 2558
object 9 58 left 747
object 9 58 right 748
object 10 58 left 747
object 10 58 right 748
object 12 58 left 747
object 12 58 right 748
object 14 58 left 747
object 14 58 right 748
object 15 58 left 747
object 15 58 right 748
object 17 58 left 747
object 17 58 right 748
object 18 58 left 747
object 18 58 right 748
object 19 58 left 747
object 19 58 right 748
object 20 58 left 747
object 20 58 right 748
object 23 58 left 747
object 23 58 right 748
object 26 58 left 747
object 26 58 right 748
object 28 58 left 759
object 28 58 right 760
object 29 58 left 747
object 29 58 right 748
object 30 58 left 747
object 30 58 right 748
object 31 58 left 747
object 31 58 right 748
object 35 58 left 747
object 35 58 right 748
object 36 58 left 747
object 36 58 right 748
object 42 58 left 3268
object 42 58 right 3269
object 43 58 left 747
object 43 58 right 748
object 45 58 left 747
object 45 58 right 748
object 46 58 left 747
object 46 58 right 748
object 47 58 left 747
object 47 58 right 748
object 48 58 left 747
object 48 58 right 2559
object 49 58 left 747
object 49 58 right 748
object 50 58 left 747
object 50 58 right 748
object 51 58 left 747
object 51 58 right 748
object 53 58 left 747
object 53 58 right 748
object 54 58 left 747
object 54 58 right 748
object 55 58 left 747
object 55 58 right 748
object 56 58 left 747
object 56 58 right 748
object 61 58 left 747
object 61 58 right 748
object 62 58 left 747
object 62 58 right 748
object 64 58 left 747
object 64 58 right 748
object 65 58 left 747
object 65 58 right 748
object 67 58 left 747
object 67 58 right 748
object 68 58 left 747
object 68 58 right 748
object 70 58 left 759
object 70 58 right 760
object 71 58 left 747
object 71 58 right 748
object 72 58 left 747
object 72 58 right 748
object 73 58 left 747
object 73 58 right 748
object 75 58 left 747
object 75 58 right 748
object 77 58 left 747
object 77 58 right 748
object 78 58 left 747
object 78 58 right 748
object 79 58 left 747
object 79 58 right 748
object 80 58 left 747
object 80 58 right 748
object 81 58 left 747
object 81 58 right 748
object 82 58 left 747
object 82 58 right 748
object 83 58 left 747
object 83 58 right 748
object 84 58 left 747
object 84 58 right 748
object 85 58 left 747
object 85 58 right 748
object 88 58 left 747
object 88 58 right 748
object 90 58 left 747
object 90 58 right 748
object 91 58 left 759
object 91 58 right 760
object 93 58 left 747
object 93 58 right 748
object 95 58 left 747
object 95 58 right 748
object 96 58 left 747
object 96 58 right 748
object 98 58 left 79
object 98 58 right 80
object 0 59 left 747
object 0 59 right 748
object 1 59 left 747
object 1 59 right 748
object 3 59 right 2557
object 10 59 left 747
object 10 59 right 748
object 11 59 left 747
object 11 59 right 748
object 12 59 left 747
object 12 59 right 748
object 14 59 left 747
object 14 59 right 748
object 15 59 left 747
object 15 59 right 748
object 17 59 left 747
object 17 59 right 748
object 18 59 left 747
object 18 59 right 748
object 19 59 left 747
object 19 59 right 748
object 20 59 left 747
object 20 59 right 748
object 21 59 left 747
object 21 59 right 748
object 24 59 left 747
object 24 59 right 748
object 27 59 left 747
object 27 59 right 748
object 28 59 left 747
object 28 59 right 748
object 30 59 left 747
object 30 59 right 748
object 31 59 left 747
object 31 59 right 748
object 32 59 left 747
object 32 59 right 748
object 33 59 left 747
object 33 59 right 748
object 34 59 left 747
object 34 59 right 748
object 35 59 left 747
object 35 59 right 748
object 36 59 left 747
object 36 59 right 748
object 43 59 left 747
object 43 59 right 748
object 44 59 left 747
object 44 59 right 748
object 45 59 left 747
object 45 59 right 748
object 46 59 left 747
object 46 59 right 748
object 47 59 left 747
object 47 59 right 748
object 48 59 left 747
object 48 59 right 2558
object 49 59 left 747
object 49 59 right 748
object 50 59 left 747
object 50 59 right 748
object 51 59 left 747
object 51 59 right 748
object 52 59 left 747
object 52 59 right 748
object 53 59 left 747
object 53 59 right 748
object 54 59 left 747
object 54 59 right 748
object 55 59 left 759
object 55 59 right 760
object 56 59 left 747
object 56 59 right 748
object 57 59 left 747
object 57 59 right 748
object 58 59 left 747
object 58 59 right 748
object 60 59 left 747
object 60 59 right 748
object 62 59 left 747
object 62 59 right 748
object 63 59 left 747
object 63 59 right 748
object 64 59 left 747
object 64 59 right 748
object 65 59 left 747
object 65 59 right 748
object 66 59 left 747
object 66 59 right 748
object 67 59 left 747
object 67 59 right 748
object 69 59 left 747
object 69 59 right 748
object 70 59 left 747
object 70 59 right 748
object 72 59 left 747
object 72 59 right 748
object 73 59 left 747
object 73 59 right 748
object 74 59 left 747
object 74 59 right 748
object 75 59 left 747
object 75 59 right 748
object 76 59 left 747
object 76 59 right 748
object 77 59 left 747
object 77 59 right 748
object 78 59 left 747
object 78 59 right 748
object 79 59 left 759
object 79 59 right 760
object 80 59 left 747
object 80 59 right 748
object 81 59 left 747
object 81 59 right 748
object 82 59 left 747
object 82 59 right 748
object 84 59 left 747
object 84 59 right 748
object 86 59 left 747
object 86 59 right 748
object 87 59 left 747
object 87 59 right 748
object 89 59 left 747
object 89 59 right 748
object 90 59 left 747
object 90 59 right 748
object 91 59 left 747
object 91 59 right 748
object 92 59 left 747
object 92 59 right 748
object 95 59 left 747
object 95 59 right 748
object 96 59 left 747
object 96 59 right 748
object 97 59 left 747
object 97 59 right 748
object 98 59 left 747
object 98 59 right 748
object 99 59 left 747
object 99 59 right 748
object 0 60 left 747
object 0 60 right 748
object 1 60 left 747
object 1 60 right 748
object 3 60 left 2555
object 3 60 right 2556
object 10 60 left 747
object 10 60 right 748
object 11 60 left 747
object 11 60 right 748
object 12 60 right 3270
object 13 60 left 747
object 13 60 right 748
object 14 60 left 747
object 14 60 right 748
object 15 60 right 2559
object 16 60 left 747
object 16 60 right 748
object 18 60 left 747
object 18 60 right 748
object 21 60 left 747
object 21 60 right 748
object 22 60 left 747
object 22 60 right 748
object 25 60 left 747
object 25 60 right 748
object 28 60 left 747
object 28 60 right 748
object 30 60 right 3270
object 34 60 left 747
object 34 60 right 748
object 35 60 left 747
object 35 60 right 748
object 36 60 left 747
object 36 60 right 748
object 44 60 left 747
object 44 60 right 748
object 45 60 left 759
object 45 60 right 760
object 46 60 left 747
object 46 60 right 748
object 48 60 left 747
object 48 60 right 2557
object 49 60 left 759
object 49 60 right 760
object 50 60 left 747
object 50 60 right 748
object 51 60 left 747
object 51 60 right 748
object 53 60 left 747
object 53 60 right 748
object 54 60 left 747
object 54 60 right 748
object 56 60 left 759
object 56 60 right 760
object 57 60 left 747
object 57 60 right 748
object 61 60 left 747
object 61 60 right 748
object 64 60 left 747
object 64 60 right 748
object 65 60 left 759
object 65 60 right 760
object 66 60 left 747
object 66 60 right 748
object 67 60 left 747
object 67 60 right 748
object 70 60 left 747
object 70 60 right 748
object 76 60 left 747
object 76 60 right 748
object 77 60 left 747
object 77 60 right 748
object 78 60 left 747
object 78 60 right 748
object 79 60 left 747
object 79 60 right 748
object 80 60 left 747
object 80 60 right 748
object 83 60 left 747
object 83 60 right 748
object 85 60 left 747
object 85 60 right 748
object 87 60 left 747
object 87 60 right 748
object 91 60 left 747
object 91 60 right 748
object 92 60 left 759
object 92 60 right 760
object 93 60 left 747
object 93 60 right 748
object 95 60 left 747
object 95 60 right 748
object 96 60 left 759
object 96 60 right 760
object 97 60 left 747
object 97 60 right 748
object 98 60 left 747
object 98 60 right 748
object 0 61 left 747
object 0 61 right 748
object 1 61 left 759
object 1 61 right 760
object 9 61 left 747
object 9 61 right 748
object 11 61 left 747
object 11 61 right 748
object 12 61 left 3268
object 12 61 right 3269
object 13 61 left 747
object 13 61 right 748
object 14 61 left 747
object 14 61 right 748
object 15 61 left 747
object 15 61 right 2558
object 16 61 left 747
object 16 61 right 748
object 17 61 left 759
object 17 61 right 760
object 18 61 left 747
object 18 61 right 748
object 21 61 left 747
object 21 61 right 748
object 22 61 left 747
object 22 61 right 748
object 28 61 left 747
object 28 61 right 748
object 29 61 left 747
object 29 61 right 748
object 30 61 left 3268
object 30 61 right 3269
object 31 61 left 759
object 31 61 right 760
object 32 61 left 747
object 32 61 right 748
object 33 61 left 747
object 33 61 right 748
object 34 61 left 747
object 34 61 right 748
object 35 61 left 747
object 35 61 right 748
object 44 61 left 747
object 44 61 right 748
object 45 61 left 747
object 45 61 right 748
object 47 61 left 747
object 47 61 right 748
object 48 61 left 2555
object 48 61 right 2556
object 49 61 left 747
object 49 61 right 748
object 50 61 left 747
object 50 61 right 748
object 52 61 left 747
object 52 61 right 748
object 53 61 left 747
object 53 61 right 748
object 54 61 left 747
object 54 61 right 748
object 55 61 left 747
object 55 61 right 748
object 58 61 left 747
object 58 61 right 748
object 61 61 left 747
object 61 61 right 748
object 64 61 left 747
object 64 61 right 748
object 65 61 left 747
object 65 61 right 748
object 66 61 left 747
object 66 61 right 748
object 67 61 left 747
object 67 61 right 748
object 70 61 left 747
object 70 61 right 748
object 71 61 left 747
object 71 61 right 748
object 72 61 left 747
object 72 61 right 748
object 73 61 left 747
object 73 61 right 748
object 74 61 left 747
object 74 61 right 748
object 75 61 left 747
object 75 61 right 748
object 76 61 left 747
object 76 61 right 748
object 77 61 left 747
object 77 61 right 748
object 78 61 left 747
object 78 61 right 748
object 79 61 left 747
object 79 61 right 748
object 81 61 left 747
object 81 61 right 748
object 82 61 left 747
object 82 61 right 748
object 83 61 left 747
object 83 61 right 748
object 84 61 left 747
object 84 61 right 748
object 85 61 left 747
object 85 61 right 748
object 86 61 left 747
object 86 61 right 748
object 91 61 left 747
object 91 61 right 748
object 92 61 left 747
object 92 61 right 748
object 94 61 left 747
object 94 61 right 748
object 96 61 left 747
object 96 61 right 748
object 97 61 left 747
object 97 61 right 748
object 99 61 left 747
object 99 61 right 748
object 1 62 left 747
object 1 62 right 748
object 10 62 left 747
object 10 62 right 748
object 13 62 left 747
object 13 62 right 748
object 14 62 left 747
object 14 62 right 748
object 15 62 right 2557
object 16 62 left 747
object 16 62 right 748
object 17 62 left 747
object 17 62 right 748
object 18 62 left 747
object 18 62 right 748
object 19 62 left 747
object 19 62 right 748
object 20 62 left 747
object 20 62 right 748
object 23 62 left 747
object 23 62 right 748
object 33 62 left 747
object 33 62 right 748
object 36 62 left 747
object 36 62 right 748
object 45 62 left 747
object 45 62 right 748
object 46 62 left 747
object 46 62 right 748
object 47 62 left 747
object 47 62 right 748
object 49 62 left 747
object 49 62 right 748
object 50 62 left 747
object 50 62 right 748
object 52 62 left 747
object 52 62 right 748
object 53 62 left 747
object 53 62 right 748
object 54 62 left 747
object 54 62 right 748
object 55 62 left 747
object 55 62 right 748
object 56 62 left 747
object 56 62 right 748
object 59 62 left 747
object 59 62 right 748
object 62 62 left 747
object 62 62 right 748
object 63 62 left 747
object 63 62 right 748
object 65 62 left 747
object 65 62 right 748
object 66 62 left 747
object 66 62 right 748
object 67 62 left 747
object 67 62 right 748
object 73 62 left 747
object 73 62 right 748
object 74 62 left 747
object 74 62 right 748
object 75 62 left 747
object 75 62 right 748
object 78 62 left 747
object 78 62 right 748
object 80 62 left 747
object 80 62 right 748
object 81 62 left 747
object 81 62 right 748
object 82 62 left 747
object 82 62 right 748
object 83 62 left 747
object 83 62 right 748
object 84 62 left 747
object 84 62 right 748
object 85 62 left 747
object 85 62 right 748
object 86 62 left 747
object 86 62 right 748
object 92 62 left 747
object 92 62 right 748
object 93 62 left 747
object 93 62 right 748
object 94 62 left 747
object 94 62 right 748
object 96 62 left 747
object 96 62 right 748
object 97 62 left 747
object 97 62 right 748
object 99 62 left 747
object 99 62 right 748
object 1 63 left 747
object 1 63 right 748
object 10 63 left 747
object 10 63 right 748
object 12 63 left 759
object 12 63 right 760
object 13 63 left 747
object 13 63 right 748
object 14 63 left 747
object 14 63 right 748
object 15 63 left 2555
object 15 63 right 2556
object 19 63 left 747
object 19 63 right 748
object 20 63 left 747
object 20 63 right 748
object 21 63 left 747
object 21 63 right 748
object 22 63 left 747
object 22 63 right 748
object 24 63 left 747
object 24 63 right 748
object 31 63 left 747
object 31 63 right 748
object 32 63 left 747
object 32 63 right 748
object 34 63 left 747
object 34 63 right 748
object 36 63 left 747
object 36 63 right 748
object 45 63 left 747
object 45 63 right 748
object 46 63 left 747
object 46 63 right 748
object 48 63 left 747
object 48 63 right 748
object 49 63 left 747
object 49 63 right 748
object 51 63 left 747
object 51 63 right 748
object 53 63 left 747
object 53 63 right 748
object 56 63 left 747
object 56 63 right 748
object 57 63 left 747
object 57 63 right 748
object 60 63 left 747
object 60 63 right 748
object 63 63 left 747
object 63 63 right 748
object 64 63 left 747
object 64 63 right 748
object 65 63 left 747
object 65 63 right 748
object 66 63 left 747
object 66 63 right 748
object 67 63 left 747
object 67 63 right 748
object 73 63 left 747
object 73 63 right 748
object 74 63 left 747
object 74 63 right 748
object 76 63 left 747
object 76 63 right 748
object 77 63 left 747
object 77 63 right 748
object 78 63 left 747
object 78 63 right 748
object 79 63 left 747
object 79 63 right 748
object 80 63 left 747
object 80 63 right 748
object 81 63 left 747
object 81 63 right 748
object 82 63 left 747
object 82 63 right 748
object 84 63 left 747
object 84 63 right 748
object 85 63 left 747
object 85 63 right 748
object 86 63 left 747
object 86 63 right 748
object 87 63 left 747
object 87 63 right 748
object 92 63 left 747
object 92 63 right 748
object 93 63 left 747
object 93 63 right 748
object 95 63 left 747
object 95 63 right 748
object 96 63 left 747
object 96 63 right 748
object 98 63 left 747
object 98 63 right 748
object 0 64 left 747
object 0 64 right 748
object 1 64 left 747
object 1 64 right 748
object 11 64 left 747
object 11 64 right 748
object 12 64 left 747
object 12 64 right 2574
object 14 64 left 747
object 14 64 right 748
object 15 64 left 747
object 15 64 right 748
object 16 64 left 747
object 16 64 right 748
object 17 64 left 747
object 17 64 right 748
object 18 64 left 747
object 18 64 right 748
object 19 64 left 747
object 19 64 right 748
object 20 64 left 747
object 20 64 right 748
object 21 64 left 759
object 21 64 right 760
object 22 64 left 747
object 22 64 right 748
object 24 64 left 747
object 24 64 right 748
object 33 64 left 747
object 33 64 right 748
object 34 64 left 747
object 34 64 right 748
object 35 64 left 747
object 35 64 right 748
object 36 64 left 747
object 36 64 right 748
object 44 64 left 747
object 44 64 right 748
object 46 64 left 747
object 46 64 right 748
object 47 64 left 747
object 47 64 right 748
object 48 64 left 747
object 48 64 right 748
object 49 64 left 747
object 49 64 right 748
object 50 64 left 747
object 50 64 right 748
object 51 64 left 747
object 51 64 right 748
object 52 64 left 759
object 52 64 right 760
object 53 64 left 747
object 53 64 right 748
object 56 64 left 747
object 56 64 right 748
object 57 64 left 747
object 57 64 right 748
object 63 64 left 759
object 63 64 right 760
object 64 64 left 747
object 64 64 right 748
object 65 64 left 747
object 65 64 right 748
object 66 64 left 747
object 66 64 right 748
object 67 64 left 747
object 67 64 right 748
object 74 64 left 747
object 74 64 right 748
object 75 64 left 747
object 75 64 right 748
object 76 64 left 747
object 76 64 right 748
object 77 64 left 747
object 77 64 right 748
object 78 64 left 747
object 78 64 right 748
object 79 64 left 747
object 79 64 right 748
object 80 64 left 747
object 80 64 right 748
object 81 64 left 747
object 81 64 right 748
object 82 64 left 747
object 82 64 right 748
object 83 64 left 747
object 83 64 right 748
object 84 64 left 747
object 84 64 right 748
object 85 64 left 747
object 85 64 right 748
object 86 64 left 759
object 86 64 right 760
object 87 64 left 747
object 87 64 right 748
object 88 64 left 747
object 88 64 right 748
object 89 64 left 747
object 89 64 right 748
object 91 64 left 747
object 91 64 right 748
object 93 64 left 747
object 93 64 right 748
object 94 64 left 747
object 94 64 right 748
object 95 64 left 747
object 95 64 right 748
object 96 64 left 747
object 96 64 right 748
object 97 64 left 747
object 97 64 right 748
object 98 64 left 747
object 98 64 right 748
object 99 64 left 759
object 99 64 right 760
object 0 65 left 747
object 0 65 right 748
object 1 65 left 747
object 1 65 right 748
object 2 65 left 747
object 2 65 right 748
object 3 65 left 747
object 3 65 right 748
object 4 65 left 759
object 4 65 right 760
object 5 65 left 747
object 5 65 right 748
object 8 65 left 747
object 8 65 right 748
object 9 65 left 747
object 9 65 right 748
object 11 65 left 747
object 11 65 right 748
object 12 65 left 747
object 12 65 right 2573
object 13 65 left 747
object 13 65 right 748
object 14 65 left 747
object 14 65 right 748
object 15 65 left 747
object 15 65 right 748
object 18 65 left 747
object 18 65 right 748
object 22 65 left 747
object 22 65 right 748
object 23 65 left 747
object 23 65 right 748
object 24 65 left 747
object 24 65 right 748
object 25 65 left 747
object 25 65 right 748
object 26 65 left 759
object 26 65 right 760
object 27 65 left 747
object 27 65 right 748
object 28 65 left 747
object 28 65 right 748
object 29 65 left 747
object 29 65 right 748
object 30 65 left 759
object 30 65 right 760
object 31 65 left 747
object 31 65 right 748
object 32 65 left 747
object 32 65 right 748
object 33 65 left 747
object 33 65 right 3270
object 34 65 left 747
object 34 65 right 748
object 35 65 left 747
object 35 65 right 748
object 45 65 left 747
object 45 65 right 748
object 48 65 left 747
object 48 65 right 748
object 49 65 left 747
object 49 65 right 748
object 51 65 left 747
object 51 65 right 748
object 52 65 left 747
object 52 65 right 748
object 53 65 left 747
object 53 65 right 748
object 54 65 left 747
object 54 65 right 748
object 55 65 left 747
object 55 65 right 748
object 58 65 left 747
object 58 65 right 748
object 63 65 left 747
object 63 65 right 748
object 64 65 left 747
object 64 65 right 748
object 65 65 left 747
object 65 65 right 748
object 66 65 left 747
object 66 65 right 748
object 67 65 left 747
object 67 65 right 748
object 75 65 left 747
object 75 65 right 748
object 76 65 left 759
object 76 65 right 760
object 77 65 left 747
object 77 65 right 748
object 79 65 left 747
object 79 65 right 748
object 80 65 left 759
object 80 65 right 760
object 81 65 left 747
object 81 65 right 748
object 82 65 left 747
object 82 65 right 748
object 84 65 left 747
object 84 65 right 748
object 85 65 left 747
object 85 65 right 748
object 87 65 left 759
object 87 65 right 760
object 88 65 left 747
object 88 65 right 748
object 92 65 left 747
object 92 65 right 748
object 95 65 left 747
object 95 65 right 748
object 96 65 left 79
object 96 65 right 80
object 98 65 left 747
object 98 65 right 748
object 99 65 left 747
object 99 65 right 748
object 0 66 left 747
object 0 66 right 748
object 1 66 left 747
object 1 66 right 748
object 3 66 left 747
object 3 66 right 748
object 4 66 left 747
object 4 66 right 748
object 5 66 left 747
object 5 66 right 748
object 6 66 left 747
object 6 66 right 748
object 7 66 left 747
object 7 66 right 748
object 8 66 left 759
object 8 66 right 760
object 9 66 left 747
object 9 66 right 748
object 10 66 left 747
object 10 66 right 748
object 11 66 left 747
object 11 66 right 748
object 12 66 left 747
object 12 66 right 2572
object 14 66 left 747
object 14 66 right 748
object 16 66 left 747
object 16 66 right 748
object 17 66 left 747
object 17 66 right 748
object 18 66 left 747
object 18 66 right 748
object 19 66 left 747
object 19 66 right 748
object 21 66 left 747
object 21 66 right 748
object 23 66 left 747
object 23 66 right 748
object 24 66 left 747
object 24 66 right 748
object 25 66 left 747
object 25 66 right 748
object 26 66 left 747
object 26 66 right 748
object 27 66 left 747
object 27 66 right 748
object 28 66 left 747
object 28 66 right 748
object 29 66 left 747
object 29 66 right 748
object 30 66 left 747
object 30 66 right 748
object 31 66 left 747
object 31 66 right 748
object 32 66 left 747
object 32 66 right 748
object 33 66 left 3268
object 33 66 right 3269
object 34 66 left 747
object 34 66 right 748
object 35 66 left 747
object 35 66 right 748
object 36 66 left 747
object 36 66 right 748
object 45 66 left 747
object 45 66 right 748
object 47 66 left 759
object 47 66 right 760
object 48 66 left 747
object 48 66 right 748
object 49 66 left 747
object 49 66 right 748
object 50 66 left 747
object 50 66 right 748
object 54 66 left 747
object 54 66 right 748
object 55 66 left 747
object 55 66 right 748
object 56 66 left 747
object 56 66 right 748
object 57 66 left 747
object 57 66 right 748
object 59 66 left 747
object 59 66 right 748
object 63 66 left 747
object 63 66 right 748
object 64 66 left 747
object 64 66 right 748
object 66 66 left 747
object 66 66 right 748
object 67 66 left 759
object 67 66 right 760
object 68 66 left 747
object 68 66 right 748
object 69 66 left 747
object 69 66 right 748
object 70 66 left 747
object 70 66 right 748
object 71 66 left 759
object 71 66 right 760
object 72 66 left 747
object 72 66 right 748
object 73 66 left 747
object 73 66 right 748
object 75 66 left 747
object 75 66 right 748
object 76 66 left 747
object 76 66 right 748
object 78 66 left 759
object 78 66 right 760
object 79 66 left 747
object 79 66 right 748
object 0 67 left 747
object 0 67 right 748
object 1 67 left 747
object 1 67 right 748
object 2 67 left 747
object 2 67 right 748
object 6 67 left 747
object 6 67 right 748
object 7 67 left 747
object 7 67 right 748
object 8 67 left 747
object 8 67 right 748
object 9 67 left 747
object 9 67 right 748
object 10 67 left 747
object 10 67 right 748
object 11 67 left 747
object 11 67 right 748
object 12 67 left 2570
object 12 67 right 2571
object 13 67 left 747
object 13 67 right 748
object 15 67 left 747
object 15 67 right 748
object 17 67 left 747
object 17 67 right 748
object 19 67 left 747
object 19 67 right 748
object 21 67 left 759
object 21 67 right 760
object 22 67 left 747
object 22 67 right 748
object 24 67 left 747
object 24 67 right 3270
object 25 67 left 759
object 25 67 right 760
object 26 67 left 747
object 26 67 right 748
object 27 67 left 747
object 27 67 right 748
object 28 67 left 747
object 28 67 right 748
object 29 67 left 747
object 29 67 right 748
object 30 67 left 747
object 30 67 right 748
object 31 67 left 747
object 31 67 right 748
object 32 67 left 759
object 32 67 right 760
object 33 67 left 747
object 33 67 right 748
object 34 67 left 747
object 34 67 right 748
object 35 67 left 747
object 35 67 right 748
object 36 67 left 747
object 36 67 right 2559
object 46 67 left 747
object 46 67 right 748
object 47 67 left 747
object 47 67 right 748
object 49 67 left 747
object 49 67 right 748
object 50 67 left 747
object 50 67 right 748
object 51 67 left 747
object 51 67 right 748
object 52 67 left 747
object 52 67 right 748
object 53 67 left 747
object 53 67 right 748
object 54 67 left 747
object 54 67 right 748
object 55 67 left 747
object 55 67 right 748
object 56 67 left 759
object 56 67 right 760
object 57 67 left 747
object 57 67 right 748
object 59 67 left 747
object 59 67 right 748
object 63 67 left 747
object 63 67 right 748
object 66 67 left 747
object 66 67 right 748
object 67 67 left 747
object 67 67 right 748
object 68 67 left 747
object 68 67 right 748
object 69 67 left 747
object 69 67 right 748
object 70 67 left 747
object 70 67 right 2559
object 71 67 left 747
object 71 67 right 748
object 72 67 left 747
object 72 67 right 748
object 74 67 left 747
object 74 67 right 748
object 75 67 left 747
object 75 67 right 748
object 76 67 left 747
object 76 67 right 748
object 77 67 left 747
object 77 67 right 748
object 80 67 left 747
object 80 67 right 748
object 1 68 left 747
object 1 68 right 748
object 2 68 left 747
object 2 68 right 748
object 3 68 left 747
object 3 68 right 748
object 4 68 left 747
object 4 68 right 748
object 5 68 left 747
object 5 68 right 748
object 6 68 left 747
object 6 68 right 748
object 7 68 left 747
object 7 68 right 748
object 8 68 left 759
object 8 68 right 760
object 9 68 left 747
object 9 68 right 748
object 11 68 left 747
object 11 68 right 748
object 13 68 left 747
object 13 68 right 748
object 15 68 left 747
object 15 68 right 748
object 16 68 left 747
object 16 68 right 748
object 19 68 left 747
object 19 68 right 748
object 20 68 left 747
object 20 68 right 748
object 21 68 left 747
object 21 68 right 748
object 23 68 left 747
object 23 68 right 748
object 24 68 left 3268
object 24 68 right 3269
object 25 68 left 747
object 25 68 right 748
object 26 68 left 747
object 26 68 right 748
object 27 68 left 747
object 27 68 right 748
object 28 68 left 747
object 28 68 right 748
object 29 68 left 747
object 29 68 right 748
object 30 68 left 747
object 30 68 right 748
object 31 68 left 747
object 31 68 right 748
object 32 68 left 747
object 32 68 right 748
object 34 68 left 747
object 34 68 right 748
object 36 68 right 2558
object 37 68 left 747
object 37 68 right 748
object 38 68 left 747
object 38 68 right 748
object 41 68 left 747
object 41 68 right 748
object 43 68 left 747
object 43 68 right 748
object 44 68 left 747
object 44 68 right 748
object 45 68 left 747
object 45 68 right 748
object 46 68 left 759
object 46 68 right 760
object 47 68 left 747
object 47 68 right 748
object 48 68 left 747
object 48 68 right 748
object 49 68 left 747
object 49 68 right 748
object 50 68 left 747
object 50 68 right 748
object 52 68 left 747
object 52 68 right 748
object 54 68 left 747
object 54 68 right 748
object 55 68 left 747
object 55 68 right 748
object 57 68 left 747
object 57 68 right 748
object 63 68 left 747
object 63 68 right 748
object 64 68 left 747
object 64 68 right 748
object 65 68 left 747
object 65 68 right 748
object 67 68 left 747
object 67 68 right 748
object 68 68 left 747
object 68 68 right 748
object 69 68 left 747
object 69 68 right 748
object 70 68 right 2558
object 71 68 left 747
object 71 68 right 748
object 72 68 left 747
object 72 68 right 748
object 74 68 left 747
object 74 68 right 748
object 75 68 left 747
object 75 68 right 748
object 76 68 left 747
object 76 68 right 748
object 77 68 left 747
object 77 68 right 748
object 78 68 left 79
object 78 68 right 80
object 81 68 left 747
object 81 68 right 748
object 5 69 left 747
object 5 69 right 748
object 6 69 left 747
object 6 69 right 748
object 7 69 left 747
object 7 69 right 748
object 8 69 left 747
object 8 69 right 748
object 9 69 left 747
object 9 69 right 748
object 10 69 left 747
object 10 69 right 748
object 11 69 left 747
object 11 69 right 748
object 12 69 left 747
object 12 69 right 748
object 13 69 left 747
object 13 69 right 748
object 14 69 left 747
object 14 69 right 748
object 15 69 left 747
object 15 69 right 748
object 16 69 left 747
object 16 69 right 748
object 20 69 left 747
object 20 69 right 748
object 21 69 left 747
object 21 69 right 748
object 22 69 left 747
object 22 69 right 748
object 23 69 left 747
object 23 69 right 748
object 24 69 left 747
object 24 69 right 748
object 25 69 left 747
object 25 69 right 748
object 26 69 left 747
object 26 69 right 748
object 27 69 left 747
object 27 69 right 748
object 28 69 left 747
object 28 69 right 748
object 29 69 left 747
object 29 69 right 748
object 30 69 left 747
object 30 69 right 748
object 31 69 left 747
object 31 69 right 748
object 32 69 left 747
object 32 69 right 748
object 33 69 left 759
object 33 69 right 760
object 34 69 left 747
object 34 69 right 748
object 35 69 left 747
object 35 69 right 748
object 36 69 right 2557
object 37 69 left 747
object 37 69 right 748
object 38 69 left 747
object 38 69 right 748
object 48 69 left 747
object 48 69 right 748
object 51 69 left 747
object 51 69 right 748
object 53 69 left 747
object 53 69 right 748
object 55 69 left 747
object 55 69 right 748
object 63 69 left 747
object 63 69 right 748
object 65 69 left 747
object 65 69 right 748
object 66 69 left 747
object 66 69 right 748
object 67 69 left 747
object 67 69 right 748
object 68 69 left 747
object 68 69 right 748
object 69 69 left 747
object 69 69 right 748
object 70 69 left 747
object 70 69 right 2557
object 71 69 left 747
object 71 69 right 748
object 72 69 left 747
object 72 69 right 748
object 73 69 left 747
object 73 69 right 748
object 75 69 left 747
object 75 69 right 748
object 78 69 left 747
object 78 69 right 748
object 79 69 left 747
object 79 69 right 748
object 82 69 left 747
object 82 69 right 748
object 0 70 left 747
object 0 70 right 748
object 1 70 left 747
object 1 70 right 748
object 2 70 left 759
object 2 70 right 760
object 3 70 left 747
object 3 70 right 748
object 4 70 left 747
object 4 70 right 748
object 5 70 left 747
object 5 70 right 748
object 6 70 left 747
object 6 70 right 748
object 8 70 left 747
object 8 70 right 748
object 9 70 left 747
object 9 70 right 748
object 10 70 left 747
object 10 70 right 748
object 11 70 left 747
object 11 70 right 748
object 13 70 left 747
object 13 70 right 748
object 14 70 left 747
object 14 70 right 748
object 15 70 left 747
object 15 70 right 748
object 16 70 left 747
object 16 70 right 748
object 17 70 left 747
object 17 70 right 748
object 20 70 left 747
object 20 70 right 748
object 21 70 left 747
object 21 70 right 748
object 22 70 left 747
object 22 70 right 748
object 23 70 left 747
object 23 70 right 748
object 24 70 left 747
object 24 70 right 748
object 25 70 left 747
object 25 70 right 748
object 26 70 left 747
object 26 70 right 748
object 27 70 left 747
object 27 70 right 748
object 28 70 left 747
object 28 70 right 748
object 29 70 left 747
object 29 70 right 748
object 30 70 left 747
object 30 70 right 748
object 31 70 left 747
object 31 70 right 748
object 32 70 left 747
object 32 70 right 748
object 33 70 left 747
object 33 70 right 748
object 34 70 left 747
object 34 70 right 748
object 35 70 left 747
object 35 70 right 748
object 36 70 left 2555
object 36 70 right 2556
object 39 70 left 747
object 39 70 right 748
object 46 70 left 747
object 46 70 right 748
object 47 70 left 747
object 47 70 right 748
object 49 70 left 747
object 49 70 right 748
object 51 70 left 747
object 51 70 right 748
object 53 70 left 747
object 53 70 right 748
object 54 70 left 747
object 54 70 right 748
object 63 70 left 747
object 63 70 right 748
object 64 70 left 747
object 64 70 right 748
object 65 70 left 759
object 65 70 right 760
object 66 70 left 747
object 66 70 right 748
object 67 70 left 747
object 67 70 right 748
object 68 70 left 747
object 68 70 right 748
object 69 70 left 747
object 69 70 right 748
object 70 70 left 2555
object 70 70 right 2556
object 71 70 left 747
object 71 70 right 748
object 72 70 left 759
object 72 70 right 760
object 73 70 left 747
object 73 70 right 748
object 74 70 left 759
object 74 70 right 760
object 75 70 left 747
object 75 70 right 748
object 78 70 left 747
object 78 70 right 748
object 79 70 left 747
object 79 70 right 748
object 3 71 left 747
object 3 71 right 748
object 4 71 left 747
object 4 71 right 748
object 7 71 left 747
object 7 71 right 748
object 8 71 left 747
object 8 71 right 748
object 9 71 left 747
object 9 71 right 748
object 11 71 left 747
object 11 71 right 748
object 13 71 left 747
object 13 71 right 748
object 14 71 left 747
object 14 71 right 748
object 16 71 left 759
object 16 71 right 760
object 18 71 left 747
object 18 71 right 748
object 19 71 left 747
object 19 71 right 748
object 21 71 left 747
object 21 71 right 748
object 22 71 left 747
object 22 71 right 748
object 23 71 left 747
object 23 71 right 748
object 24 71 left 747
object 24 71 right 748
object 25 71 left 747
object 25 71 right 748
object 26 71 left 747
object 26 71 right 748
object 27 71 left 747
object 27 71 right 748
object 28 71 left 759
object 28 71 right 760
object 29 71 left 747
object 29 71 right 748
object 30 71 left 747
object 30 71 right 748
object 31 71 left 747
object 31 71 right 748
object 32 71 left 747
object 32 71 right 748
object 33 71 left 747
object 33 71 right 748
object 35 71 left 747
object 35 71 right 748
object 36 71 left 747
object 36 71 right 748
object 37 71 left 747
object 37 71 right 748
object 38 71 left 747
object 38 71 right 748
object 40 71 left 747
object 40 71 right 748
object 42 71 left 747
object 42 71 right 748
object 47 71 left 747
object 47 71 right 748
object 48 71 left 747
object 48 71 right 748
object 49 71 left 747
object 49 71 right 748
object 50 71 left 747
object 50 71 right 748
object 51 71 left 747
object 51 71 right 748
object 52 71 left 747
object 52 71 right 748
object 53 71 left 747
object 53 71 right 748
object 54 71 left 747
object 54 71 right 748
object 55 71 left 747
object 55 71 right 748
object 57 71 left 747
object 57 71 right 748
object 58 71 left 747
object 58 71 right 748
object 60 71 left 759
object 60 71 right 760
object 61 71 left 747
object 61 71 right 748
object 63 71 left 747
object 63 71 right 748
object 64 71 left 747
object 64 71 right 748
object 65 71 left 747
object 65 71 right 748
object 66 71 left 747
object 66 71 right 748
object 67 71 left 747
object 67 71 right 748
object 68 71 left 747
object 68 71 right 748
object 69 71 left 747
object 69 71 right 748
object 70 71 left 747
object 70 71 right 748
object 71 71 left 747
object 71 71 right 748
object 73 71 left 747
object 73 71 right 748
object 74 71 left 747
object 74 71 right 748
object 75 71 left 747
object 75 71 right 748
object 76 71 left 747
object 76 71 right 748
object 77 71 left 747
object 77 71 right 748
object 80 71 left 747
object 80 71 right 748
object 95 71 left 2540
object 96 71 left 2540
object 97 71 left 2541
object 98 71 left 2542
object 98 71 right 2544
object 99 71 left 2543
object 99 71 right 2544
object 2 72 left 747
object 2 72 right 748
object 3 72 left 747
object 3 72 right 748
object 4 72 left 747
object 4 72 right 748
object 5 72 left 747
object 5 72 right 748
object 7 72 left 747
object 7 72 right 748
object 8 72 left 747
object 8 72 right 748
object 9 72 left 747
object 9 72 right 748
object 10 72 left 747
object 10 72 right 3270
object 11 72 left 747
object 11 72 right 748
object 13 72 left 747
object 13 72 right 748
object 15 72 left 747
object 15 72 right 748
object 21 72 left 747
object 21 72 right 748
object 22 72 left 747
object 22 72 right 748
object 24 72 left 747
object 24 72 right 748
object 25 72 left 747
object 25 72 right 748
object 27 72 left 747
object 27 72 right 748
object 28 72 left 747
object 28 72 right 748
object 29 72 left 747
object 29 72 right 748
object 30 72 left 747
object 30 72 right 748
object 31 72 left 747
object 31 72 right 748
object 32 72 left 747
object 32 72 right 748
object 33 72 left 747
object 33 72 right 748
object 34 72 left 747
object 34 72 right 748
object 35 72 left 747
object 35 72 right 748
object 36 72 left 747
object 36 72 right 748
object 37 72 left 759
object 37 72 right 760
object 38 72 left 747
object 38 72 right 748
object 40 72 left 747
object 40 72 right 748
object 42 72 left 747
object 42 72 right 748
object 43 72 left 747
object 43 72 right 748
object 45 72 right 3270
object 47 72 left 747
object 47 72 right 748
object 48 72 left 747
object 48 72 right 748
object 49 72 left 747
object 49 72 right 748
object 50 72 left 747
object 50 72 right 748
object 51 72 left 747
object 51 72 right 748
object 52 72 left 747
object 52 72 right 748
object 53 72 left 747
object 53 72 right 748
object 54 72 left 747
object 54 72 right 748
object 55 72 left 747
object 55 72 right 748
object 56 72 left 747
object 56 72 right 748
object 57 72 left 747
object 57 72 right 748
object 58 72 left 747
object 58 72 right 748
object 59 72 left 747
object 59 72 right 748
object 62 72 left 747
object 62 72 right 748
object 65 72 left 747
object 65 72 right 748
object 66 72 left 747
object 66 72 right 748
object 67 72 left 747
object 67 72 right 748
object 68 72 left 747
object 68 72 right 748
object 69 72 left 747
object 69 72 right 748
object 70 72 left 747
object 70 72 right 748
object 71 72 left 747
object 71 72 right 748
object 72 72 left 747
object 72 72 right 748
object 75 72 left 747
object 75 72 right 748
object 76 72 left 747
object 76 72 right 748
object 77 72 left 747
object 77 72 right 748
object 78 72 left 747
object 78 72 right 748
object 79 72 left 747
object 79 72 right 748
object 81 72 left 747
object 81 72 right 748
object 3 73 left 747
object 3 73 right 748
object 4 73 left 747
object 4 73 right 748
object 5 73 left 747
object 5 73 right 748
object 6 73 left 747
object 6 73 right 748
object 7 73 left 747
object 7 73 right 748
object 8 73 left 747
object 8 73 right 748
object 9 73 left 747
object 9 73 right 748
object 10 73 left 3268
object 10 73 right 3269
object 12 73 left 747
object 12 73 right 748
object 16 73 left 747
object 16 73 right 748
object 20 73 left 747
object 20 73 right 748
object 21 73 left 747
object 21 73 right 748
object 22 73 left 747
object 22 73 right 748
object 23 73 left 759
object 23 73 right 760
object 24 73 left 747
object 24 73 right 748
object 25 73 left 747
object 25 73 right 748
object 26 73 left 747
object 26 73 right 748
object 27 73 left 747
object 27 73 right 748
object 28 73 left 747
object 28 73 right 748
object 29 73 left 747
object 29 73 right 748
object 30 73 left 747
object 30 73 right 748
object 31 73 left 747
object 31 73 right 748
object 32 73 left 747
object 32 73 right 748
object 33 73 left 747
object 33 73 right 2604
object 34 73 left 747
object 34 73 right 748
object 35 73 left 747
object 35 73 right 748
object 36 73 left 747
object 36 73 right 748
object 37 73 left 747
object 37 73 right 748
object 38 73 left 747
object 38 73 right 748
object 41 73 left 747
object 41 73 right 748
object 43 73 left 747
object 43 73 right 748
object 44 73 left 759
object 44 73 right 760
object 45 73 left 3268
object 45 73 right 3269
object 46 73 left 747
object 46 73 right 748
object 47 73 left 747
object 47 73 right 748
object 48 73 left 747
object 48 73 right 748
object 49 73 left 747
object 49 73 right 748
object 50 73 left 747
object 50 73 right 748
object 51 73 left 747
object 51 73 right 748
object 53 73 left 747
object 53 73 right 748
object 54 73 left 759
object 54 73 right 760
object 55 73 left 747
object 55 73 right 748
object 56 73 left 747
object 56 73 right 748
object 57 73 left 747
object 57 73 right 748
object 58 73 left 747
object 58 73 right 748
object 59 73 left 747
object 59 73 right 748
object 60 73 left 747
object 60 73 right 748
object 63 73 left 747
object 63 73 right 748
object 64 73 left 759
object 64 73 right 760
object 65 73 left 747
object 65 73 right 748
object 67 73 left 747
object 67 73 right 748
object 68 73 left 747
object 68 73 right 748
object 69 73 left 747
object 69 73 right 748
object 71 73 left 747
object 71 73 right 748
object 72 73 left 747
object 72 73 right 748
object 73 73 left 747
object 73 73 right 748
object 74 73 left 747
object 74 73 right 748
object 75 73 left 747
object 75 73 right 748
object 76 73 left 747
object 76 73 right 748
object 77 73 left 747
object 77 73 right 748
object 78 73 left 759
object 78 73 right 760
object 79 73 left 747
object 79 73 right 748
object 81 73 left 747
object 81 73 right 748
object 96 73 right 3270
object 3 74 left 747
object 3 74 right 748
object 4 74 left 747
object 4 74 right 748
object 5 74 left 747
object 5 74 right 3270
object 6 74 left 747
object 6 74 right 748
object 8 74 left 747
object 8 74 right 748
object 9 74 left 747
object 9 74 right 748
object 10 74 left 747
object 10 74 right 748
object 11 74 left 747
object 11 74 right 748
object 12 74 left 747
object 12 74 right 748
object 13 74 left 747
object 13 74 right 748
object 14 74 left 747
object 14 74 right 748
object 15 74 left 747
object 15 74 right 748
object 17 74 left 747
object 17 74 right 748
object 21 74 left 747
object 21 74 right 748
object 22 74 left 747
object 22 74 right 748
object 23 74 left 747
object 23 74 right 748
object 24 74 left 747
object 24 74 right 748
object 25 74 left 747
object 25 74 right 748
object 26 74 left 747
object 26 74 right 748
object 27 74 left 747
object 27 74 right 748
object 28 74 left 747
object 28 74 right 748
object 29 74 left 747
object 29 74 right 748
object 30 74 left 747
object 30 74 right 748
object 31 74 left 747
object 31 74 right 748
object 32 74 left 759
object 32 74 right 760
object 33 74 left 747
object 33 74 right 2603
object 34 74 left 747
object 34 74 right 748
object 35 74 left 747
object 35 74 right 748
object 37 74 left 747
object 37 74 right 748
object 39 74 left 747
object 39 74 right 748
object 40 74 left 747
object 40 74 right 748
object 42 74 left 747
object 42 74 right 748
object 43 74 left 747
object 43 74 right 748
object 44 74 left 747
object 44 74 right 748
object 45 74 left 747
object 45 74 right 748
object 47 74 left 747
object 47 74 right 748
object 48 74 left 747
object 48 74 right 748
object 49 74 left 747
object 49 74 right 748
object 50 74 left 747
object 50 74 right 748
object 51 74 left 747
object 51 74 right 748
object 52 74 left 747
object 52 74 right 748
object 53 74 left 747
object 53 74 right 748
object 54 74 left 747
object 54 74 right 748
object 55 74 left 747
object 55 74 right 748
object 56 74 left 747
object 56 74 right 748
object 57 74 left 747
object 57 74 right 748
object 59 74 right 3270
object 60 74 left 747
object 60 74 right 748
object 61 74 left 747
object 61 74 right 748
object 65 74 left 747
object 65 74 right 748
object 66 74 left 747
object 66 74 right 748
object 67 74 left 747
object 67 74 right 748
object 68 74 left 759
object 68 74 right 760
object 69 74 left 747
object 69 74 right 748
object 72 74 left 747
object 72 74 right 748
object 73 74 left 747
object 73 74 right 748
object 75 74 left 747
object 75 74 right 748
object 76 74 left 747
object 76 74 right 748
object 77 74 left 747
object 77 74 right 748
object 78 74 left 747
object 78 74 right 748
object 79 74 left 747
object 79 74 right 3270
object 82 74 left 747
object 82 74 right 748
object 84 74 right 3270
object 87 74 left 747
object 87 74 right 748
object 90 74 left 747
object 90 74 right 748
object 92 74 left 747
object 92 74 right 748
object 93 74 left 747
object 93 74 right 748
object 96 74 left 3268
object 96 74 right 3269
object 2 75 left 747
object 2 75 right 748
object 4 75 left 747
object 4 75 right 748
object 5 75 left 3268
object 5 75 right 3269
object 6 75 left 759
object 6 75 right 760
object 7 75 left 747
object 7 75 right 748
object 9 75 left 747
object 9 75 right 748
object 10 75 left 759
object 10 75 right 760
object 11 75 left 747
object 11 75 right 748
object 12 75 left 747
object 12 75 right 748
object 13 75 left 747
object 13 75 right 748
object 14 75 left 747
object 14 75 right 748
object 15 75 left 747
object 15 75 right 748
object 17 75 left 759
object 17 75 right 760
object 18 75 left 747
object 18 75 right 748
object 21 75 left 747
object 21 75 right 748
object 23 75 left 747
object 23 75 right 748
object 24 75 left 747
object 24 75 right 748
object 25 75 left 747
object 25 75 right 748
object 26 75 left 747
object 26 75 right 748
object 29 75 left 747
object 29 75 right 748
object 30 75 left 747
object 30 75 right 748
object 31 75 left 747
object 31 75 right 748
object 32 75 left 2600
object 32 75 right 748
object 33 75 left 2601
object 33 75 right 2602
object 35 75 left 747
object 35 75 right 748
object 36 75 left 747
object 36 75 right 748
object 38 75 left 747
object 38 75 right 748
object 40 75 left 747
object 40 75 right 748
object 44 75 left 747
object 44 75 right 748
object 45 75 left 759
object 45 75 right 760
object 46 75 left 747
object 46 75 right 748
object 47 75 left 759
object 47 75 right 760
object 48 75 left 747
object 48 75 right 748
object 49 75 left 759
object 49 75 right 760
object 50 75 left 747
object 50 75 right 748
object 51 75 left 747
object 51 75 right 748
object 52 75 left 747
object 52 75 right 748
object 53 75 left 747
object 53 75 right 748
object 54 75 left 747
object 54 75 right 748
object 55 75 left 747
object 55 75 right 748
object 56 75 left 759
object 56 75 right 760
object 57 75 left 747
object 57 75 right 748
object 59 75 left 3268
object 59 75 right 3269
object 60 75 left 747
object 60 75 right 748
object 61 75 left 747
object 61 75 right 748
object 64 75 left 747
object 64 75 right 748
object 65 75 left 747
object 65 75 right 748
object 67 75 left 747
object 67 75 right 748
object 68 75 left 747
object 68 75 right 748
object 69 75 left 747
object 69 75 right 748
object 70 75 left 747
object 70 75 right 748
object 71 75 left 747
object 71 75 right 748
object 72 75 left 759
object 72 75 right 760
object 73 75 left 747
object 73 75 right 748
object 74 75 left 747
object 74 75 right 748
object 75 75 left 747
object 75 75 right 748
object 76 75 left 747
object 76 75 right 748
object 78 75 left 747
object 78 75 right 748
object 79 75 left 3268
object 79 75 right 3269
object 80 75 left 747
object 80 75 right 748
object 81 75 left 747
object 81 75 right 748
object 82 75 left 747
object 82 75 right 748
object 83 75 left 747
object 83 75 right 748
object 84 75 left 3268
object 84 75 right 3269
object 87 75 left 747
object 87 75 right 748
object 90 75 left 747
object 90 75 right 748
object 92 75 left 747
object 92 75 right 748
object 94 75 left 747
object 94 75 right 748
object 0 76 left 747
object 0 76 right 748
object 1 76 left 747
object 1 76 right 748
object 4 76 left 747
object 4 76 right 748
object 5 76 left 747
object 5 76 right 748
object 6 76 left 747
object 6 76 right 748
object 7 76 left 747
object 7 76 right 748
object 8 76 left 747
object 8 76 right 748
object 9 76 left 747
object 9 76 right 748
object 10 76 left 747
object 10 76 right 748
object 11 76 left 747
object 11 76 right 748
object 12 76 left 747
object 12 76 right 748
object 13 76 left 747
object 13 76 right 748
object 14 76 left 747
object 14 76 right 748
object 15 76 left 747
object 15 76 right 748
object 16 76 left 747
object 16 76 right 748
object 19 76 left 747
object 19 76 right 748
object 22 76 left 747
object 22 76 right 748
object 23 76 left 747
object 23 76 right 748
object 24 76 left 747
object 24 76 right 748
object 25 76 left 747
object 25 76 right 748
object 26 76 left 747
object 26 76 right 748
object 27 76 left 747
object 27 76 right 748
object 28 76 left 747
object 28 76 right 748
object 29 76 left 747
object 29 76 right 748
object 30 76 left 747
object 30 76 right 748
object 31 76 left 747
object 31 76 right 748
object 32 76 left 747
object 32 76 right 748
object 33 76 left 747
object 33 76 right 748
object 34 76 left 747
object 34 76 right 748
object 35 76 left 747
object 35 76 right 748
object 36 76 left 747
object 36 76 right 748
object 37 76 left 747
object 37 76 right 748
object 38 76 left 747
object 38 76 right 748
object 39 76 left 747
object 39 76 right 748
object 44 76 left 747
object 44 76 right 748
object 45 76 left 747
object 45 76 right 748
object 47 76 left 747
object 47 76 right 748
object 48 76 left 747
object 48 76 right 748
object 49 76 left 747
object 49 76 right 748
object 50 76 left 747
object 50 76 right 748
object 51 76 left 747
object 51 76 right 748
object 52 76 left 747
object 52 76 right 748
object 53 76 left 747
object 53 76 right 748
object 54 76 left 747
object 54 76 right 748
object 55 76 left 747
object 55 76 right 748
object 56 76 left 747
object 56 76 right 748
object 57 76 left 747
object 57 76 right 748
object 58 76 left 747
object 58 76 right 748
object 59 76 left 747
object 59 76 right 748
object 62 76 left 747
object 62 76 right 748
object 65 76 left 747
object 65 76 right 748
object 66 76 left 747
object 66 76 right 748
object 69 76 right 3270
object 70 76 left 747
object 70 76 right 748
object 71 76 left 747
object 71 76 right 748
object 72 76 left 747
object 72 76 right 748
object 73 76 left 747
object 73 76 right 748
object 74 76 left 747
object 74 76 right 748
object 75 76 left 747
object 75 76 right 748
object 77 76 left 747
object 77 76 right 748
object 79 76 left 747
object 79 76 right 748
object 81 76 left 747
object 81 76 right 748
object 83 76 left 747
object 83 76 right 748
object 86 76 left 747
object 86 76 right 748
object 88 76 left 747
object 88 76 right 748
object 89 76 left 747
object 89 76 right 748
object 91 76 left 747
object 91 76 right 748
object 95 76 left 747
object 95 76 right 748
object 0 77 left 747
object 0 77 right 748
object 1 77 left 759
object 1 77 right 760
object 2 77 left 747
object 2 77 right 748
object 4 77 left 747
object 4 77 right 748
object 5 77 left 759
object 5 77 right 760
object 6 77 left 747
object 6 77 right 748
object 7 77 left 747
object 7 77 right 748
object 8 77 left 747
object 8 77 right 748
object 9 77 left 747
object 9 77 right 748
object 10 77 left 747
object 10 77 right 748
object 11 77 left 747
object 11 77 right 748
object 12 77 left 759
object 12 77 right 760
object 13 77 left 747
object 13 77 right 748
object 14 77 left 747
object 14 77 right 748
object 15 77 left 747
object 15 77 right 748
object 16 77 left 747
object 16 77 right 748
object 17 77 left 747
object 17 77 right 748
object 20 77 left 747
object 20 77 right 748
object 23 77 left 747
object 23 77 right 748
object 26 77 left 747
object 26 77 right 748
object 27 77 left 747
object 27 77 right 748
object 28 77 left 747
object 28 77 right 748
object 29 77 left 747
object 29 77 right 748
object 30 77 left 747
object 30 77 right 748
object 31 77 left 747
object 31 77 right 748
object 32 77 left 747
object 32 77 right 748
object 33 77 left 747
object 33 77 right 748
object 34 77 left 747
object 34 77 right 748
object 35 77 left 747
object 35 77 right 748
object 36 77 left 747
object 36 77 right 748
object 37 77 left 747
object 37 77 right 748
object 38 77 left 747
object 38 77 right 748
object 39 77 left 747
object 39 77 right 748
object 45 77 left 747
object 45 77 right 748
object 46 77 left 747
object 46 77 right 748
object 47 77 left 747
object 47 77 right 748
object 48 77 left 747
object 48 77 right 748
object 49 77 left 747
object 49 77 right 748
object 50 77 left 747
object 50 77 right 748
object 51 77 left 747
object 51 77 right 748
object 52 77 left 747
object 52 77 right 748
object 53 77 left 747
object 53 77 right 748
object 54 77 left 747
object 54 77 right 748
object 55 77 left 747
object 55 77 right 748
object 56 77 left 747
object 56 77 right 748
object 57 77 left 747
object 57 77 right 748
object 58 77 left 747
object 58 77 right 748
object 59 77 left 747
object 59 77 right 748
object 60 77 left 747
object 60 77 right 748
object 61 77 left 747
object 61 77 right 748
object 65 77 left 747
object 65 77 right 748
object 66 77 left 747
object 66 77 right 748
object 67 77 left 747
object 67 77 right 748
object 68 77 left 747
object 68 77 right 748
object 69 77 left 3268
object 69 77 right 3269
object 70 77 left 747
object 70 77 right 748
object 71 77 left 747
object 71 77 right 748
object 72 77 left 759
object 72 77 right 760
object 73 77 left 747
object 73 77 right 748
object 75 77 left 747
object 75 77 right 748
object 77 77 left 747
object 77 77 right 748
object 79 77 left 747
object 79 77 right 748
object 80 77 left 747
object 80 77 right 748
object 83 77 left 747
object 83 77 right 748
object 84 77 left 747
object 84 77 right 748
object 85 77 left 747
object 85 77 right 748
object 88 77 left 747
object 88 77 right 748
object 89 77 left 747
object 89 77 right 748
object 90 77 left 747
object 90 77 right 748
object 91 77 left 747
object 91 77 right 748
object 92 77 left 747
object 92 77 right 748
object 93 77 left 747
object 93 77 right 748
object 94 77 left 747
object 94 77 right 748
object 96 77 left 747
object 96 77 right 748
object 0 78 left 747
object 0 78 right 748
object 1 78 left 747
object 1 78 right 748
object 3 78 left 747
object 3 78 right 748
object 5 78 left 747
object 5 78 right 748
object 6 78 left 747
object 6 78 right 748
object 7 78 left 747
object 7 78 right 748
object 8 78 left 747
object 8 78 right 748
object 9 78 left 747
object 9 78 right 748
object 10 78 left 747
object 10 78 right 748
object 11 78 left 747
object 11 78 right 748
object 12 78 left 747
object 12 78 right 748
object 14 78 left 747
object 14 78 right 748
object 17 78 left 747
object 17 78 right 748
object 18 78 left 747
object 18 78 right 748
object 21 78 left 747
object 21 78 right 748
object 23 78 left 747
object 23 78 right 748
object 24 78 left 747
object 24 78 right 748
object 25 78 left 747
object 25 78 right 748
object 26 78 left 747
object 26 78 right 748
object 27 78 left 747
object 27 78 right 748
object 28 78 left 747
object 28 78 right 748
object 29 78 left 747
object 29 78 right 748
object 30 78 left 747
object 30 78 right 748
object 31 78 left 747
object 31 78 right 748
object 32 78 left 747
object 32 78 right 748
object 33 78 left 747
object 33 78 right 748
object 34 78 left 747
object 34 78 right 748
object 35 78 left 747
object 35 78 right 748
object 37 78 left 747
object 37 78 right 748
object 38 78 left 747
object 38 78 right 748
object 39 78 left 747
object 39 78 right 3270
object 40 78 left 747
object 40 78 right 748
object 45 78 left 747
object 45 78 right 748
object 46 78 left 747
object 46 78 right 748
object 47 78 left 747
object 47 78 right 748
object 48 78 left 747
object 48 78 right 748
object 49 78 left 747
object 49 78 right 748
object 50 78 left 747
object 50 78 right 748
object 51 78 left 747
object 51 78 right 748
object 53 78 left 747
object 53 78 right 748
object 54 78 left 747
object 54 78 right 748
object 55 78 left 747
object 55 78 right 748
object 56 78 left 747
object 56 78 right 2574
object 57 78 left 747
object 57 78 right 748
object 58 78 left 747
object 58 78 right 748
object 59 78 left 747
object 59 78 right 748
object 60 78 left 759
object 60 78 right 760
object 61 78 left 747
object 61 78 right 748
object 64 78 left 747
object 64 78 right 748
object 69 78 left 747
object 69 78 right 748
object 70 78 left 747
object 70 78 right 748
object 71 78 left 747
object 71 78 right 748
object 72 78 left 747
object 72 78 right 748
object 73 78 left 747
object 73 78 right 748
object 74 78 left 747
object 74 78 right 748
object 75 78 left 747
object 75 78 right 748
object 76 78 left 747
object 76 78 right 748
object 77 78 left 747
object 77 78 right 748
object 78 78 left 747
object 78 78 right 748
object 79 78 left 747
object 79 78 right 748
object 80 78 left 747
object 80 78 right 748
object 84 78 left 747
object 84 78 right 748
object 85 78 left 759
object 85 78 right 760
object 86 78 left 747
object 86 78 right 748
object 88 78 left 747
object 88 78 right 748
object 89 78 left 759
object 89 78 right 760
object 90 78 left 747
object 90 78 right 748
object 91 78 left 747
object 91 78 right 748
object 93 78 left 747
object 93 78 right 748
object 94 78 left 747
object 94 78 right 748
object 96 78 left 759
object 96 78 right 760
object 97 78 left 747
object 97 78 right 748
object 1 79 left 747
object 1 79 right 748
object 2 79 left 747
object 2 79 right 748
object 3 79 left 747
object 3 79 right 748
object 5 79 left 747
object 5 79 right 748
object 6 79 left 747
object 6 79 right 748
object 7 79 left 747
object 7 79 right 748
object 8 79 left 747
object 8 79 right 748
object 9 79 left 747
object 9 79 right 748
object 10 79 left 747
object 10 79 right 748
object 11 79 left 747
object 11 79 right 748
object 12 79 left 747
object 12 79 right 748
object 13 79 left 759
object 13 79 right 760
object 14 79 left 747
object 14 79 right 748
object 15 79 left 747
object 15 79 right 748
object 17 79 left 747
object 17 79 right 748
object 18 79 left 747
object 18 79 right 748
object 27 79 left 747
object 27 79 right 748
object 28 79 left 747
object 28 79 right 748
object 29 79 left 747
object 29 79 right 748
object 30 79 left 747
object 30 79 right 748
object 31 79 left 747
object 31 79 right 748
object 32 79 left 747
object 32 79 right 748
object 33 79 left 747
object 33 79 right 748
object 34 79 left 747
object 34 79 right 748
object 35 79 left 747
object 35 79 right 748
object 36 79 left 747
object 36 79 right 748
object 37 79 left 747
object 37 79 right 748
object 38 79 left 747
object 38 79 right 748
object 39 79 left 3268
object 39 79 right 3269
object 40 79 left 747
object 40 79 right 748
object 41 79 left 747
object 41 79 right 748
object 42 79 left 747
object 42 79 right 748
object 44 79 left 747
object 44 79 right 748
object 46 79 left 747
object 46 79 right 748
object 47 79 left 747
object 47 79 right 748
object 48 79 left 747
object 48 79 right 748
object 49 79 left 747
object 49 79 right 748
object 50 79 left 747
object 50 79 right 748
object 51 79 left 747
object 51 79 right 748
object 52 79 left 759
object 52 79 right 760
object 53 79 left 747
object 53 79 right 748
object 54 79 left 747
object 54 79 right 748
object 55 79 left 747
object 55 79 right 748
object 56 79 left 747
object 56 79 right 2573
object 57 79 left 747
object 57 79 right 748
object 58 79 left 747
object 58 79 right 748
object 59 79 left 747
object 59 79 right 748
object 60 79 left 747
object 60 79 right 748
object 61 79 left 747
object 61 79 right 748
object 63 79 left 747
object 63 79 right 748
object 65 79 left 747
object 65 79 right 748
object 66 79 left 759
object 66 79 right 760
object 67 79 left 747
object 67 79 right 748
object 68 79 left 747
object 68 79 right 748
object 69 79 left 747
object 69 79 right 748
object 70 79 left 747
object 70 79 right 748
object 72 79 left 747
object 72 79 right 748
object 73 79 left 747
object 73 79 right 748
object 74 79 left 747
object 74 79 right 748
object 75 79 left 747
object 75 79 right 748
object 77 79 left 747
object 77 79 right 748
object 78 79 left 747
object 78 79 right 748
object 79 79 left 747
object 79 79 right 748
object 80 79 left 747
object 80 79 right 748
object 81 79 left 747
object 81 79 right 748
object 84 79 left 747
object 84 79 right 748
object 85 79 left 747
object 85 79 right 748
object 87 79 left 747
object 87 79 right 748
object 89 79 left 747
object 89 79 right 748
object 90 79 left 747
object 90 79 right 748
object 92 79 left 747
object 92 79 right 748
object 93 79 left 747
object 93 79 right 748
object 94 79 left 747
object 94 79 right 748
object 95 79 left 747
object 95 79 right 748
object 98 79 left 747
object 98 79 right 748
object 1 80 left 747
object 1 80 right 748
object 2 80 left 747
object 2 80 right 748
object 4 80 left 747
object 4 80 right 748
object 5 80 left 747
object 5 80 right 748
object 6 80 left 747
object 6 80 right 748
object 7 80 left 747
object 7 80 right 748
object 9 80 left 747
object 9 80 right 748
object 10 80 left 747
object 10 80 right 748
object 12 80 left 747
object 12 80 right 748
object 13 80 left 747
object 13 80 right 748
object 14 80 left 747
object 14 80 right 748
object 15 80 left 747
object 15 80 right 748
object 16 80 left 747
object 16 80 right 748
object 19 80 left 747
object 19 80 right 748
object 26 80 left 747
object 26 80 right 748
object 27 80 left 747
object 27 80 right 748
object 28 80 left 747
object 28 80 right 748
object 29 80 left 759
object 29 80 right 760
object 30 80 left 747
object 30 80 right 748
object 31 80 left 747
object 31 80 right 748
object 32 80 left 747
object 32 80 right 748
object 33 80 left 759
object 33 80 right 760
object 34 80 left 747
object 34 80 right 748
object 35 80 left 747
object 35 80 right 748
object 37 80 left 747
object 37 80 right 748
object 38 80 left 747
object 38 80 right 748
object 40 80 left 759
object 40 80 right 760
object 41 80 left 747
object 41 80 right 748
object 45 80 left 747
object 45 80 right 748
object 47 80 left 747
object 47 80 right 748
object 48 80 left 747
object 48 80 right 748
object 49 80 left 747
object 49 80 right 748
object 50 80 left 747
object 50 80 right 748
object 51 80 left 747
object 51 80 right 748
object 52 80 left 747
object 52 80 right 748
object 53 80 left 747
object 53 80 right 748
object 54 80 left 747
object 54 80 right 748
object 55 80 left 747
object 55 80 right 748
object 56 80 left 747
object 56 80 right 2572
object 57 80 left 747
object 57 80 right 748
object 58 80 left 747
object 58 80 right 748
object 60 80 left 747
object 60 80 right 748
object 62 80 left 747
object 62 80 right 748
object 63 80 left 759
object 63 80 right 760
object 64 80 left 747
object 64 80 right 748
object 67 80 left 747
object 67 80 right 748
object 68 80 left 747
object 68 80 right 748
object 71 80 left 747
object 71 80 right 748
object 72 80 left 747
object 72 80 right 748
object 73 80 left 747
object 73 80 right 748
object 75 80 left 747
object 75 80 right 748
object 77 80 left 747
object 77 80 right 748
object 78 80 left 747
object 78 80 right 748
object 80 80 left 759
object 80 80 right 760
object 82 80 left 747
object 82 80 right 748
object 83 80 left 747
object 83 80 right 748
object 85 80 left 747
object 85 80 right 748
object 86 80 left 747
object 86 80 right 748
object 87 80 left 747
object 87 80 right 748
object 89 80 left 747
object 89 80 right 748
object 90 80 left 747
object 90 80 right 748
object 92 80 left 747
object 92 80 right 748
object 93 80 left 747
object 93 80 right 748
object 94 80 left 747
object 94 80 right 748
object 95 80 left 747
object 95 80 right 748
object 96 80 left 747
object 96 80 right 748
object 99 80 left 747
object 99 80 right 748
object 0 81 left 747
object 0 81 right 748
object 2 81 left 747
object 2 81 right 748
object 3 81 left 747
object 3 81 right 748
object 4 81 left 747
object 4 81 right 748
object 5 81 left 747
object 5 81 right 748
object 6 81 left 747
object 6 81 right 748
object 7 81 left 747
object 7 81 right 748
object 8 81 left 759
object 8 81 right 760
object 9 81 left 747
object 9 81 right 748
object 10 81 left 747
object 10 81 right 748
object 11 81 left 747
object 11 81 right 748
object 12 81 left 747
object 12 81 right 748
object 13 81 left 747
object 13 81 right 748
object 15 81 left 747
object 15 81 right 748
object 16 81 left 747
object 16 81 right 748
object 17 81 left 747
object 17 81 right 748
object 18 81 left 747
object 18 81 right 748
object 20 81 left 747
object 20 81 right 748
object 22 81 left 747
object 22 81 right 748
object 27 81 left 747
object 27 81 right 748
object 28 81 left 747
object 28 81 right 748
object 29 81 left 747
object 29 81 right 748
object 30 81 left 747
object 30 81 right 748
object 31 81 left 747
object 31 81 right 748
object 32 81 left 747
object 32 81 right 748
object 33 81 left 747
object 33 81 right 748
object 34 81 left 747
object 34 81 right 748
object 36 81 left 747
object 36 81 right 748
object 37 81 left 747
object 37 81 right 748
object 38 81 left 747
object 38 81 right 748
object 39 81 left 747
object 39 81 right 748
object 42 81 left 747
object 42 81 right 748
object 45 81 left 747
object 45 81 right 748
object 47 81 left 759
object 47 81 right 760
object 48 81 left 747
object 48 81 right 748
object 49 81 left 747
object 49 81 right 748
object 50 81 left 747
object 50 81 right 748
object 52 81 left 747
object 52 81 right 748
object 53 81 left 747
object 53 81 right 748
object 54 81 left 747
object 54 81 right 748
object 55 81 left 747
object 55 81 right 748
object 56 81 left 2570
object 56 81 right 2571
object 57 81 left 747
object 57 81 right 748
object 59 81 left 747
object 59 81 right 748
object 61 81 left 747
object 61 81 right 748
object 63 81 left 747
object 63 81 right 748
object 66 81 left 747
object 66 81 right 748
object 67 81 left 747
object 67 81 right 748
object 68 81 left 747
object 68 81 right 748
object 69 81 left 747
object 69 81 right 748
object 71 81 left 747
object 71 81 right 748
object 72 81 left 747
object 72 81 right 748
object 73 81 left 747
object 73 81 right 748
object 74 81 left 747
object 74 81 right 748
object 75 81 left 747
object 75 81 right 748
object 77 81 left 747
object 77 81 right 748
object 79 81 left 747
object 79 81 right 748
object 85 81 left 747
object 85 81 right 748
object 86 81 left 747
object 86 81 right 748
object 88 81 left 747
object 88 81 right 748
object 89 81 left 747
object 89 81 right 748
object 91 81 left 747
object 91 81 right 748
object 93 81 left 747
object 93 81 right 748
object 96 81 left 747
object 96 81 right 748
object 97 81 left 747
object 97 81 right 748
object 1 82 left 747
object 1 82 right 748
object 4 82 left 747
object 4 82 right 748
object 5 82 left 747
object 5 82 right 748
object 7 82 left 747
object 7 82 right 748
object 8 82 left 747
object 8 82 right 748
object 9 82 left 747
object 9 82 right 748
object 10 82 left 747
object 10 82 right 748
object 11 82 left 747
object 11 82 right 748
object 12 82 left 747
object 12 82 right 748
object 13 82 left 747
object 13 82 right 748
object 14 82 left 747
object 14 82 right 748
object 15 82 left 747
object 15 82 right 748
object 16 82 left 747
object 16 82 right 748
object 17 82 left 759
object 17 82 right 760
object 18 82 left 747
object 18 82 right 748
object 20 82 left 747
object 20 82 right 748
object 22 82 left 747
object 22 82 right 748
object 23 82 left 747
object 23 82 right 748
object 27 82 left 747
object 27 82 right 748
object 29 82 left 747
object 29 82 right 748
object 30 82 left 747
object 30 82 right 748
object 31 82 left 747
object 31 82 right 748
object 32 82 left 747
object 32 82 right 748
object 33 82 left 747
object 33 82 right 748
object 34 82 left 747
object 34 82 right 748
object 35 82 left 747
object 35 82 right 748
object 36 82 left 747
object 36 82 right 748
object 37 82 left 747
object 37 82 right 748
object 38 82 left 747
object 38 82 right 748
object 39 82 left 747
object 39 82 right 748
object 40 82 left 747
object 40 82 right 748
object 43 82 left 747
object 43 82 right 748
object 46 82 left 747
object 46 82 right 748
object 47 82 left 747
object 47 82 right 748
object 48 82 left 747
object 48 82 right 748
object 49 82 left 747
object 49 82 right 748
object 50 82 left 747
object 50 82 right 748
object 51 82 left 747
object 51 82 right 748
object 52 82 left 747
object 52 82 right 748
object 53 82 left 747
object 53 82 right 748
object 54 82 left 747
object 54 82 right 748
object 55 82 left 747
object 55 82 right 748
object 56 82 left 759
object 56 82 right 760
object 57 82 left 747
object 57 82 right 748
object 59 82 left 747
object 59 82 right 748
object 61 82 left 747
object 61 82 right 748
object 62 82 left 747
object 62 82 right 748
object 63 82 left 747
object 63 82 right 748
object 64 82 left 747
object 64 82 right 748
object 67 82 left 747
object 67 82 right 748
object 68 82 left 747
object 68 82 right 748
object 69 82 left 747
object 69 82 right 748
object 70 82 left 747
object 70 82 right 748
object 71 82 left 747
object 71 82 right 748
object 72 82 left 747
object 72 82 right 748
object 73 82 left 747
object 73 82 right 748
object 74 82 left 747
object 74 82 right 748
object 76 82 left 747
object 76 82 right 748
object 80 82 left 747
object 80 82 right 748
object 84 82 left 747
object 84 82 right 748
object 86 82 left 747
object 86 82 right 748
object 87 82 left 747
object 87 82 right 748
object 88 82 left 747
object 88 82 right 748
object 89 82 left 747
object 89 82 right 748
object 90 82 left 747
object 90 82 right 748
object 91 82 left 747
object 91 82 right 748
object 92 82 left 759
object 92 82 right 760
object 93 82 left 747
object 93 82 right 748
object 96 82 left 747
object 96 82 right 748
object 97 82 left 747
object 97 82 right 748
object 1 83 left 747
object 1 83 right 748
object 3 83 left 759
object 3 83 right 760
object 4 83 left 747
object 4 83 right 748
object 5 83 left 747
object 5 83 right 748
object 6 83 left 747
object 6 83 right 748
object 8 83 left 747
object 8 83 right 748
object 10 83 left 747
object 10 83 right 748
object 11 83 left 747
object 11 83 right 748
object 12 83 left 747
object 12 83 right 748
object 13 83 left 747
object 13 83 right 748
object 14 83 left 747
object 14 83 right 748
object 15 83 left 747
object 15 83 right 748
object 16 83 left 747
object 16 83 right 748
object 17 83 left 747
object 17 83 right 748
object 18 83 left 747
object 18 83 right 748
object 21 83 left 747
object 21 83 right 748
object 23 83 left 747
object 23 83 right 748
object 24 83 left 759
object 24 83 right 760
object 26 83 left 747
object 26 83 right 748
object 28 83 left 747
object 28 83 right 748
object 29 83 left 747
object 29 83 right 748
object 30 83 left 747
object 30 83 right 748
object 31 83 left 747
object 31 83 right 748
object 32 83 left 747
object 32 83 right 748
object 33 83 left 747
object 33 83 right 748
object 34 83 left 759
object 34 83 right 760
object 35 83 left 747
object 35 83 right 748
object 36 83 left 747
object 36 83 right 748
object 37 83 left 747
object 37 83 right 748
object 40 83 left 747
object 40 83 right 748
object 41 83 left 747
object 41 83 right 748
object 44 83 left 747
object 44 83 right 748
object 47 83 left 747
object 47 83 right 748
object 51 83 left 747
object 51 83 right 748
object 52 83 left 747
object 52 83 right 748
object 53 83 left 747
object 53 83 right 748
object 54 83 left 747
object 54 83 right 748
object 55 83 left 747
object 55 83 right 748
object 56 83 left 747
object 56 83 right 748
object 57 83 left 747
object 57 83 right 748
object 58 83 left 747
object 58 83 right 748
object 59 83 left 747
object 59 83 right 748
object 60 83 left 747
object 60 83 right 748
object 61 83 left 747
object 61 83 right 748
object 62 83 left 747
object 62 83 right 748
object 63 83 left 747
object 63 83 right 748
object 64 83 left 747
object 64 83 right 748
object 67 83 left 747
object 67 83 right 748
object 68 83 left 747
object 68 83 right 748
object 69 83 left 747
object 69 83 right 748
object 70 83 left 747
object 70 83 right 748
object 72 83 left 747
object 72 83 right 748
object 73 83 left 747
object 73 83 right 748
object 74 83 left 747
object 74 83 right 748
object 75 83 left 747
object 75 83 right 748
object 76 83 left 747
object 76 83 right 748
object 77 83 left 747
object 77 83 right 748
object 78 83 left 747
object 78 83 right 748
object 79 83 left 747
object 79 83 right 748
object 81 83 left 747
object 81 83 right 748
object 85 83 left 747
object 85 83 right 748
object 88 83 left 747
object 88 83 right 748
object 89 83 left 747
object 89 83 right 748
object 91 83 left 747
object 91 83 right 748
object 92 83 left 747
object 92 83 right 748
object 93 83 left 747
object 93 83 right 748
object 94 83 left 747
object 94 83 right 748
object 95 83 left 747
object 95 83 right 748
object 98 83 left 747
object 98 83 right 748
object 2 84 left 747
object 2 84 right 748
object 3 84 left 747
object 3 84 right 748
object 5 84 left 747
object 5 84 right 748
object 6 84 left 747
object 6 84 right 748
object 7 84 left 747
object 7 84 right 748
object 8 84 left 747
object 8 84 right 748
object 9 84 left 747
object 9 84 right 748
object 10 84 left 747
object 10 84 right 748
object 11 84 left 747
object 11 84 right 748
object 12 84 left 759
object 12 84 right 760
object 13 84 left 747
object 13 84 right 748
object 14 84 left 747
object 14 84 right 748
object 15 84 left 747
object 15 84 right 748
object 17 84 left 747
object 17 84 right 748
object 19 84 left 747
object 19 84 right 748
object 20 84 left 747
object 20 84 right 748
object 22 84 left 747
object 22 84 right 748
object 23 84 left 747
object 23 84 right 748
object 24 84 left 747
object 24 84 right 748
object 25 84 left 747
object 25 84 right 748
object 28 84 left 747
object 28 84 right 748
object 29 84 left 747
object 29 84 right 748
object 30 84 left 747
object 30 84 right 748
object 31 84 left 747
object 31 84 right 748
object 32 84 left 747
object 32 84 right 748
object 33 84 left 747
object 33 84 right 748
object 34 84 left 747
object 34 84 right 748
object 35 84 left 747
object 35 84 right 748
object 36 84 left 759
object 36 84 right 760
object 37 84 left 747
object 37 84 right 748
object 40 84 left 747
object 40 84 right 748
object 41 84 left 747
object 41 84 right 748
object 47 84 left 747
object 47 84 right 748
object 48 84 left 747
object 48 84 right 748
object 49 84 left 747
object 49 84 right 748
object 50 84 left 759
object 50 84 right 760
object 51 84 left 747
object 51 84 right 748
object 52 84 left 747
object 52 84 right 748
object 53 84 left 747
object 53 84 right 748
object 54 84 left 747
object 54 84 right 748
object 55 84 left 747
object 55 84 right 748
object 56 84 left 747
object 56 84 right 748
object 57 84 left 747
object 57 84 right 748
object 58 84 left 747
object 58 84 right 748
object 59 84 left 747
object 59 84 right 748
object 60 84 left 747
object 60 84 right 748
object 61 84 left 747
object 61 84 right 748
object 62 84 left 747
object 62 84 right 748
object 64 84 left 747
object 64 84 right 748
object 66 84 left 747
object 66 84 right 748
object 68 84 left 747
object 68 84 right 748
object 69 84 left 747
object 69 84 right 748
object 70 84 left 759
object 70 84 right 760
object 71 84 left 747
object 71 84 right 748
object 73 84 left 747
object 73 84 right 748
object 74 84 left 759
object 74 84 right 760
object 75 84 left 747
object 75 84 right 748
object 76 84 left 747
object 76 84 right 748
object 77 84 left 747
object 77 84 right 748
object 78 84 left 747
object 78 84 right 748
object 79 84 left 747
object 79 84 right 748
object 81 84 left 759
object 81 84 right 760
object 82 84 left 747
object 82 84 right 748
object 85 84 left 747
object 85 84 right 748
object 87 84 left 759
object 87 84 right 760
object 88 84 left 747
object 88 84 right 748
object 89 84 left 747
object 89 84 right 748
object 90 84 left 747
object 90 84 right 748
object 94 84 left 747
object 94 84 right 748
object 95 84 left 747
object 95 84 right 748
object 96 84 left 747
object 96 84 right 748
object 97 84 left 747
object 97 84 right 748
object 99 84 left 747
object 99 84 right 748
object 3 85 left 747
object 3 85 right 748
object 9 85 left 747
object 9 85 right 748
object 10 85 left 747
object 10 85 right 748
object 11 85 left 747
object 11 85 right 748
object 12 85 left 747
object 12 85 right 748
object 13 85 left 747
object 13 85 right 748
object 16 85 left 747
object 16 85 right 748
object 18 85 left 747
object 18 85 right 748
object 20 85 left 747
object 20 85 right 748
object 24 85 left 747
object 24 85 right 748
object 25 85 left 759
object 25 85 right 760
object 26 85 left 747
object 26 85 right 748
object 28 85 left 747
object 28 85 right 748
object 29 85 left 747
object 29 85 right 748
object 30 85 left 747
object 30 85 right 748
object 31 85 left 747
object 31 85 right 748
object 32 85 left 747
object 32 85 right 748
object 33 85 left 747
object 33 85 right 748
object 34 85 left 747
object 34 85 right 748
object 35 85 left 747
object 35 85 right 748
object 36 85 left 747
object 36 85 right 748
object 37 85 left 747
object 37 85 right 748
object 38 85 left 747
object 38 85 right 748
object 39 85 left 747
object 39 85 right 748
object 42 85 left 747
object 42 85 right 748
object 49 85 left 747
object 49 85 right 748
object 50 85 left 747
object 50 85 right 748
object 52 85 left 747
object 52 85 right 748
object 53 85 left 747
object 53 85 right 748
object 54 85 left 747
object 54 85 right 748
object 55 85 left 747
object 55 85 right 748
object 57 85 left 747
object 57 85 right 748
object 59 85 left 747
object 59 85 right 748
object 60 85 left 747
object 60 85 right 748
object 62 85 left 759
object 62 85 right 760
object 63 85 left 747
object 63 85 right 748
object 65 85 left 747
object 65 85 right 748
object 68 85 left 747
object 68 85 right 748
object 69 85 left 747
object 69 85 right 748
object 70 85 left 747
object 70 85 right 748
object 71 85 left 747
object 71 85 right 748
object 72 85 left 747
object 72 85 right 748
object 73 85 left 747
object 73 85 right 748
object 74 85 left 747
object 74 85 right 748
object 75 85 left 747
object 75 85 right 748
object 76 85 left 747
object 76 85 right 748
object 77 85 left 747
object 77 85 right 748
object 78 85 left 747
object 78 85 right 748
object 79 85 left 747
object 79 85 right 748
object 80 85 left 747
object 80 85 right 748
object 83 85 left 747
object 83 85 right 748
object 86 85 left 747
object 86 85 right 748
object 87 85 left 747
object 87 85 right 748
object 89 85 left 747
object 89 85 right 748
object 90 85 left 747
object 90 85 right 748
object 91 85 left 747
object 91 85 right 748
object 92 85 left 747
object 92 85 right 748
object 93 85 left 747
object 93 85 right 748
object 94 85 left 747
object 94 85 right 748
object 95 85 left 747
object 95 85 right 748
object 96 85 left 759
object 96 85 right 760
object 97 85 left 747
object 97 85 right 748
object 99 85 left 747
object 99 85 right 748
object 3 86 left 747
object 3 86 right 748
object 4 86 left 747
object 4 86 right 748
object 5 86 left 747
object 5 86 right 748
object 6 86 left 747
object 6 86 right 748
object 7 86 left 747
object 7 86 right 748
object 8 86 left 747
object 8 86 right 748
object 9 86 left 747
object 9 86 right 748
object 10 86 left 747
object 10 86 right 748
object 11 86 left 747
object 11 86 right 748
object 12 86 left 747
object 12 86 right 748
object 14 86 left 747
object 14 86 right 748
object 15 86 left 747
object 15 86 right 748
object 16 86 left 747
object 16 86 right 748
object 17 86 left 747
object 17 86 right 748
object 18 86 left 747
object 18 86 right 748
object 19 86 left 747
object 19 86 right 748
object 24 86 left 747
object 24 86 right 748
object 25 86 left 747
object 25 86 right 748
object 27 86 left 747
object 27 86 right 748
object 29 86 left 747
object 29 86 right 748
object 30 86 left 747
object 30 86 right 748
object 31 86 left 759
object 31 86 right 760
object 32 86 left 747
object 32 86 right 748
object 33 86 left 747
object 33 86 right 748
object 34 86 left 747
object 34 86 right 748
object 35 86 left 747
object 35 86 right 748
object 38 86 left 747
object 38 86 right 748
object 39 86 left 747
object 39 86 right 748
object 40 86 left 747
object 40 86 right 748
object 41 86 left 747
object 41 86 right 748
object 43 86 left 747
object 43 86 right 748
object 48 86 left 747
object 48 86 right 748
object 49 86 left 747
object 49 86 right 748
object 50 86 left 747
object 50 86 right 748
object 51 86 left 747
object 51 86 right 748
object 53 86 left 747
object 53 86 right 748
object 54 86 left 747
object 54 86 right 748
object 55 86 left 747
object 55 86 right 748
object 56 86 left 747
object 56 86 right 748
object 57 86 left 747
object 57 86 right 748
object 58 86 left 747
object 58 86 right 748
object 59 86 left 747
object 59 86 right 748
object 61 86 left 747
object 61 86 right 748
object 63 86 left 747
object 63 86 right 748
object 65 86 left 759
object 65 86 right 760
object 66 86 left 747
object 66 86 right 748
object 68 86 left 747
object 68 86 right 748
object 69 86 left 759
object 69 86 right 760
object 70 86 left 747
object 70 86 right 748
object 71 86 left 747
object 71 86 right 748
object 72 86 left 747
object 72 86 right 748
object 73 86 left 747
object 73 86 right 748
object 74 86 left 747
object 74 86 right 748
object 75 86 left 747
object 75 86 right 748
object 76 86 left 759
object 76 86 right 760
object 77 86 left 747
object 77 86 right 748
object 78 86 left 747
object 78 86 right 748
object 79 86 left 747
object 79 86 right 748
object 80 86 left 747
object 80 86 right 748
object 81 86 left 747
object 81 86 right 748
object 84 86 left 747
object 84 86 right 748
object 87 86 left 747
object 87 86 right 748
object 93 86 left 747
object 93 86 right 748
object 94 86 left 747
object 94 86 right 748
object 95 86 left 747
object 95 86 right 748
object 96 86 left 747
object 96 86 right 748
object 97 86 left 747
object 97 86 right 748
object 6 87 left 747
object 6 87 right 748
object 7 87 left 747
object 7 87 right 748
object 8 87 left 747
object 8 87 right 748
object 11 87 left 747
object 11 87 right 748
object 12 87 right 3270
object 13 87 left 747
object 13 87 right 748
object 14 87 left 747
object 14 87 right 748
object 15 87 left 747
object 15 87 right 748
object 16 87 left 747
object 16 87 right 748
object 17 87 left 747
object 17 87 right 748
object 18 87 left 747
object 18 87 right 748
object 19 87 left 747
object 19 87 right 748
object 25 87 left 747
object 25 87 right 748
object 26 87 left 747
object 26 87 right 748
object 27 87 left 747
object 27 87 right 748
object 29 87 left 747
object 29 87 right 748
object 30 87 left 747
object 30 87 right 3270
object 31 87 left 747
object 31 87 right 748
object 32 87 left 747
object 32 87 right 748
object 33 87 left 747
object 33 87 right 748
object 34 87 left 747
object 34 87 right 748
object 35 87 left 747
object 35 87 right 3270
object 36 87 left 747
object 36 87 right 748
object 37 87 left 747
object 37 87 right 748
object 38 87 left 747
object 38 87 right 748
object 39 87 left 747
object 39 87 right 748
object 40 87 left 759
object 40 87 right 760
object 41 87 left 747
object 41 87 right 748
object 43 87 left 747
object 43 87 right 748
object 49 87 left 747
object 49 87 right 748
object 50 87 left 747
object 50 87 right 748
object 51 87 left 747
object 51 87 right 748
object 52 87 left 747
object 52 87 right 748
object 53 87 left 747
object 53 87 right 748
object 54 87 left 747
object 54 87 right 748
object 55 87 left 747
object 55 87 right 748
object 56 87 left 747
object 56 87 right 748
object 57 87 left 747
object 57 87 right 748
object 58 87 left 747
object 58 87 right 748
object 62 87 left 747
object 62 87 right 748
object 64 87 left 747
object 64 87 right 748
object 65 87 left 747
object 65 87 right 748
object 67 87 left 747
object 67 87 right 748
object 69 87 left 747
object 69 87 right 748
object 70 87 left 747
object 70 87 right 748
object 71 87 left 747
object 71 87 right 748
object 72 87 left 747
object 72 87 right 748
object 73 87 left 747
object 73 87 right 748
object 74 87 left 747
object 74 87 right 748
object 75 87 left 747
object 75 87 right 748
object 76 87 left 747
object 76 87 right 748
object 78 87 left 747
object 78 87 right 748
object 81 87 left 747
object 81 87 right 748
object 82 87 left 747
object 82 87 right 748
object 85 87 left 747
object 85 87 right 748
object 87 87 left 747
object 87 87 right 748
object 88 87 left 747
object 88 87 right 748
object 89 87 left 747
object 89 87 right 748
object 90 87 left 759
object 90 87 right 760
object 91 87 left 747
object 91 87 right 748
object 92 87 left 747
object 92 87 right 748
object 93 87 left 747
object 93 87 right 748
object 94 87 left 747
object 94 87 right 748
object 96 87 left 747
object 96 87 right 748
object 98 87 left 747
object 98 87 right 748
object 99 87 left 747
object 99 87 right 748
object 6 88 left 747
object 6 88 right 748
object 7 88 left 747
object 7 88 right 748
object 9 88 left 747
object 9 88 right 748
object 10 88 left 747
object 10 88 right 748
object 11 88 left 747
object 11 88 right 748
object 12 88 left 3268
object 12 88 right 3269
object 13 88 left 747
object 13 88 right 748
object 14 88 left 747
object 14 88 right 748
object 15 88 left 747
object 15 88 right 748
object 17 88 left 747
object 17 88 right 748
object 18 88 left 747
object 18 88 right 748
object 19 88 left 747
object 19 88 right 748
object 20 88 left 747
object 20 88 right 748
object 23 88 right 3270
object 25 88 left 747
object 25 88 right 748
object 26 88 left 747
object 26 88 right 748
object 28 88 left 747
object 28 88 right 748
object 29 88 left 747
object 29 88 right 748
object 30 88 left 3268
object 30 88 right 3269
object 31 88 left 747
object 31 88 right 748
object 33 88 left 747
object 33 88 right 748
object 35 88 left 3268
object 35 88 right 3269
object 36 88 left 747
object 36 88 right 748
object 37 88 left 747
object 37 88 right 748
object 40 88 left 747
object 40 88 right 748
object 49 88 left 747
object 49 88 right 748
object 50 88 left 747
object 50 88 right 748
object 51 88 left 747
object 51 88 right 748
object 52 88 left 747
object 52 88 right 748
object 54 88 left 747
object 54 88 right 748
object 55 88 left 747
object 55 88 right 748
object 56 88 left 747
object 56 88 right 748
object 57 88 left 747
object 57 88 right 748
object 58 88 left 747
object 58 88 right 748
object 59 88 left 747
object 59 88 right 748
object 60 88 left 747
object 60 88 right 748
object 61 88 left 747
object 61 88 right 748
object 65 88 left 747
object 65 88 right 748
object 66 88 left 747
object 66 88 right 748
object 67 88 left 747
object 67 88 right 748
object 69 88 left 747
object 69 88 right 748
object 70 88 left 747
object 70 88 right 748
object 71 88 left 747
object 71 88 right 748
object 72 88 left 747
object 72 88 right 748
object 73 88 left 747
object 73 88 right 748
object 74 88 left 747
object 74 88 right 748
object 75 88 left 747
object 75 88 right 748
object 76 88 left 747
object 76 88 right 748
object 77 88 left 759
object 77 88 right 760
object 78 88 left 747
object 78 88 right 748
object 79 88 left 747
object 79 88 right 748
object 81 88 left 747
object 81 88 right 748
object 82 88 left 747
object 82 88 right 748
object 92 88 left 747
object 92 88 right 748
object 95 88 left 747
object 95 88 right 748
object 97 88 left 747
object 97 88 right 748
object 98 88 right 3270
object 99 88 left 747
object 99 88 right 748
object 7 89 left 747
object 7 89 right 748
object 8 89 left 747
object 8 89 right 748
object 9 89 left 747
object 9 89 right 748
object 10 89 left 747
object 10 89 right 748
object 11 89 left 747
object 11 89 right 748
object 12 89 left 747
object 12 89 right 748
object 13 89 left 747
object 13 89 right 748
object 14 89 left 747
object 14 89 right 748
object 15 89 left 747
object 15 89 right 748
object 16 89 left 747
object 16 89 right 748
object 17 89 left 747
object 17 89 right 748
object 18 89 left 747
object 18 89 right 748
object 19 89 left 759
object 19 89 right 760
object 20 89 left 747
object 20 89 right 748
object 21 89 left 747
object 21 89 right 748
object 22 89 left 747
object 22 89 right 748
object 23 89 left 3268
object 23 89 right 3269
object 24 89 left 747
object 24 89 right 748
object 26 89 left 747
object 26 89 right 748
object 27 89 left 747
object 27 89 right 748
object 28 89 left 747
object 28 89 right 748
object 29 89 left 747
object 29 89 right 748
object 30 89 left 747
object 30 89 right 748
object 31 89 left 747
object 31 89 right 748
object 32 89 left 759
object 32 89 right 760
object 33 89 left 747
object 33 89 right 748
object 36 89 left 747
object 36 89 right 748
object 37 89 left 747
object 37 89 right 748
object 48 89 left 747
object 48 89 right 748
object 50 89 left 747
object 50 89 right 748
object 51 89 left 747
object 51 89 right 748
object 52 89 left 759
object 52 89 right 760
object 53 89 left 747
object 53 89 right 748
object 55 89 left 747
object 55 89 right 748
object 56 89 left 759
object 56 89 right 760
object 57 89 left 747
object 57 89 right 748
object 58 89 left 747
object 58 89 right 748
object 59 89 left 747
object 59 89 right 748
object 60 89 left 747
object 60 89 right 748
object 61 89 left 747
object 61 89 right 748
object 65 89 left 747
object 65 89 right 748
object 66 89 left 747
object 66 89 right 748
object 68 89 left 747
object 68 89 right 748
object 69 89 left 747
object 69 89 right 748
object 70 89 left 747
object 70 89 right 748
object 71 89 left 747
object 71 89 right 748
object 73 89 left 747
object 73 89 right 748
object 74 89 left 747
object 74 89 right 748
object 76 89 left 747
object 76 89 right 748
object 77 89 left 747
object 77 89 right 748
object 78 89 left 747
object 78 89 right 748
object 79 89 left 747
object 79 89 right 748
object 80 89 left 747
object 80 89 right 748
object 83 89 left 747
object 83 89 right 748
object 90 89 left 747
object 90 89 right 748
object 91 89 left 747
object 91 89 right 748
object 93 89 left 747
object 93 89 right 748
object 95 89 left 747
object 95 89 right 748
object 97 89 left 747
object 97 89 right 748
object 98 89 left 3268
object 98 89 right 3269
object 8 90 left 747
object 8 90 right 748
object 9 90 left 759
object 9 90 right 760
object 10 90 left 747
object 10 90 right 748
object 12 90 left 747
object 12 90 right 748
object 13 90 left 759
object 13 90 right 760
object 14 90 left 747
object 14 90 right 748
object 15 90 left 747
object 15 90 right 748
object 17 90 left 747
object 17 90 right 748
object 18 90 left 747
object 18 90 right 748
object 20 90 left 759
object 20 90 right 760
object 21 90 left 747
object 21 90 right 748
object 25 90 left 747
object 25 90 right 748
object 28 90 left 747
object 28 90 right 748
object 29 90 left 747
object 29 90 right 748
object 31 90 left 747
object 31 90 right 748
object 32 90 left 747
object 32 90 right 748
object 33 90 left 747
object 33 90 right 748
object 34 90 left 747
object 34 90 right 748
object 35 90 left 747
object 35 90 right 748
object 38 90 left 747
object 38 90 right 748
object 47 90 left 747
object 47 90 right 748
object 50 90 left 747
object 50 90 right 748
object 51 90 left 747
object 51 90 right 748
object 52 90 left 747
object 52 90 right 748
object 53 90 left 747
object 53 90 right 748
object 54 90 left 747
object 54 90 right 748
object 55 90 left 747
object 55 90 right 748
object 56 90 left 747
object 56 90 right 748
object 57 90 left 747
object 57 90 right 748
object 58 90 left 747
object 58 90 right 748
object 59 90 left 747
object 59 90 right 748
object 60 90 left 747
object 60 90 right 748
object 61 90 left 747
object 61 90 right 748
object 62 90 left 747
object 62 90 right 748
object 66 90 left 747
object 66 90 right 748
object 67 90 left 747
object 67 90 right 748
object 68 90 left 747
object 68 90 right 748
object 69 90 left 747
object 69 90 right 748
object 70 90 left 747
object 70 90 right 748
object 71 90 left 747
object 71 90 right 748
object 72 90 left 759
object 72 90 right 760
object 73 90 left 747
object 73 90 right 748
object 74 90 left 747
object 74 90 right 748
object 75 90 left 747
object 75 90 right 748
object 76 90 left 747
object 76 90 right 748
object 77 90 left 747
object 77 90 right 748
object 79 90 left 747
object 79 90 right 748
object 80 90 left 747
object 80 90 right 748
object 81 90 left 747
object 81 90 right 748
object 82 90 left 747
object 82 90 right 748
object 84 90 left 747
object 84 90 right 748
object 86 90 left 747
object 86 90 right 748
object 91 90 left 747
object 91 90 right 748
object 92 90 left 747
object 92 90 right 748
object 93 90 left 747
object 93 90 right 748
object 94 90 left 747
object 94 90 right 748
object 95 90 left 747
object 95 90 right 748
object 96 90 left 747
object 96 90 right 748
object 97 90 left 747
object 97 90 right 748
object 98 90 left 747
object 98 90 right 748
object 8 91 left 747
object 8 91 right 748
object 9 91 left 747
object 9 91 right 748
object 11 91 left 747
object 11 91 right 748
object 13 91 left 747
object 13 91 right 748
object 14 91 left 747
object 14 91 right 748
object 16 91 left 747
object 16 91 right 748
object 17 91 left 747
object 17 91 right 748
object 18 91 left 747
object 18 91 right 748
object 19 91 left 747
object 19 91 right 748
object 22 91 left 747
object 22 91 right 748
object 25 91 left 747
object 25 91 right 748
object 27 91 left 759
object 27 91 right 760
object 28 91 left 747
object 28 91 right 748
object 29 91 left 747
object 29 91 right 748
object 30 91 left 747
object 30 91 right 748
object 34 91 left 747
object 34 91 right 748
object 35 91 left 747
object 35 91 right 748
object 36 91 left 747
object 36 91 right 748
object 37 91 left 747
object 37 91 right 748
object 39 91 left 747
object 39 91 right 748
object 47 91 left 759
object 47 91 right 760
object 48 91 left 747
object 48 91 right 748
object 50 91 left 747
object 50 91 right 748
object 51 91 left 759
object 51 91 right 760
object 52 91 left 747
object 52 91 right 748
object 53 91 left 747
object 53 91 right 748
object 54 91 left 747
object 54 91 right 748
object 55 91 left 747
object 55 91 right 748
object 56 91 left 747
object 56 91 right 748
object 57 91 left 747
object 57 91 right 748
object 58 91 left 759
object 58 91 right 760
object 59 91 left 747
object 59 91 right 748
object 60 91 left 747
object 60 91 right 748
object 61 91 left 747
object 61 91 right 748
object 62 91 left 747
object 62 91 right 748
object 65 91 left 747
object 65 91 right 748
object 68 91 left 747
object 68 91 right 748
object 69 91 left 747
object 69 91 right 748
object 71 91 left 747
object 71 91 right 748
object 72 91 left 747
object 72 91 right 748
object 73 91 left 747
object 73 91 right 748
object 74 91 left 747
object 74 91 right 748
object 75 91 left 747
object 75 91 right 748
object 76 91 left 747
object 76 91 right 2574
object 77 91 left 747
object 77 91 right 748
object 78 91 left 747
object 78 91 right 748
object 79 91 left 747
object 79 91 right 748
object 80 91 left 747
object 80 91 right 748
object 81 91 left 759
object 81 91 right 760
object 82 91 left 747
object 82 91 right 748
object 84 91 left 747
object 84 91 right 748
object 86 91 left 747
object 86 91 right 748
object 87 91 left 747
object 87 91 right 748
object 91 91 left 747
object 91 91 right 748
object 94 91 left 747
object 94 91 right 748
object 96 91 left 747
object 96 91 right 748
object 97 91 left 747
object 97 91 right 748
object 98 91 left 747
object 98 91 right 748
object 99 91 left 747
object 99 91 right 748
object 9 92 left 747
object 9 92 right 748
object 10 92 left 747
object 10 92 right 748
object 11 92 left 747
object 11 92 right 748
object 13 92 left 747
object 13 92 right 748
object 14 92 left 747
object 14 92 right 748
object 16 92 left 747
object 16 92 right 748
object 17 92 left 747
object 17 92 right 748
object 18 92 left 747
object 18 92 right 748
object 19 92 left 747
object 19 92 right 748
object 20 92 left 747
object 20 92 right 748
object 23 92 left 747
object 23 92 right 748
object 26 92 left 747
object 26 92 right 748
object 27 92 left 747
object 27 92 right 748
object 29 92 left 747
object 29 92 right 748
object 30 92 left 747
object 30 92 right 748
object 31 92 left 747
object 31 92 right 748
object 32 92 left 747
object 32 92 right 748
object 33 92 left 747
object 33 92 right 748
object 34 92 left 747
object 34 92 right 748
object 35 92 left 747
object 35 92 right 748
object 36 92 left 759
object 36 92 right 760
object 37 92 left 747
object 37 92 right 748
object 39 92 left 747
object 39 92 right 748
object 47 92 left 747
object 47 92 right 748
object 49 92 left 747
object 49 92 right 748
object 51 92 left 747
object 51 92 right 748
object 52 92 left 747
object 52 92 right 748
object 53 92 left 747
object 53 92 right 748
object 54 92 left 747
object 54 92 right 748
object 55 92 left 747
object 55 92 right 748
object 56 92 left 747
object 56 92 right 748
object 57 92 left 747
object 57 92 right 748
object 58 92 left 747
object 58 92 right 748
object 60 92 left 747
object 60 92 right 748
object 65 92 left 747
object 65 92 right 748
object 67 92 left 759
object 67 92 right 760
object 68 92 left 747
object 68 92 right 748
object 69 92 left 747
object 69 92 right 748
object 70 92 left 747
object 70 92 right 748
object 72 92 left 747
object 72 92 right 748
object 74 92 left 747
object 74 92 right 748
object 75 92 left 747
object 75 92 right 748
object 76 92 left 747
object 76 92 right 2573
object 77 92 left 747
object 77 92 right 748
object 78 92 left 747
object 78 92 right 748
object 79 92 left 747
object 79 92 right 748
object 80 92 left 747
object 80 92 right 748
object 81 92 left 747
object 81 92 right 748
object 82 92 left 747
object 82 92 right 748
object 85 92 left 747
object 85 92 right 748
object 87 92 left 747
object 87 92 right 748
object 88 92 left 759
object 88 92 right 760
object 90 92 left 747
object 90 92 right 748
object 92 92 left 747
object 92 92 right 748
object 93 92 left 747
object 93 92 right 748
object 95 92 left 747
object 95 92 right 748
object 98 92 left 759
object 98 92 right 760
object 99 92 left 747
object 99 92 right 748
object 9 93 left 747
object 9 93 right 748
object 10 93 left 747
object 10 93 right 748
object 12 93 left 747
object 12 93 right 748
object 13 93 left 747
object 13 93 right 748
object 15 93 left 747
object 15 93 right 748
object 17 93 left 747
object 17 93 right 748
object 20 93 left 747
object 20 93 right 748
object 21 93 left 747
object 21 93 right 748
object 24 93 left 747
object 24 93 right 748
object 27 93 left 747
object 27 93 right 748
object 33 93 left 747
object 33 93 right 748
object 34 93 left 747
object 34 93 right 748
object 35 93 left 747
object 35 93 right 748
object 36 93 left 747
object 36 93 right 748
object 37 93 left 747
object 37 93 right 748
object 40 93 left 747
object 40 93 right 748
object 47 93 left 747
object 47 93 right 748
object 48 93 left 747
object 48 93 right 748
object 49 93 left 747
object 49 93 right 748
object 51 93 left 747
object 51 93 right 748
object 52 93 left 747
object 52 93 right 748
object 53 93 left 747
object 53 93 right 748
object 54 93 left 747
object 54 93 right 748
object 55 93 left 747
object 55 93 right 748
object 56 93 left 747
object 56 93 right 748
object 57 93 left 747
object 57 93 right 748
object 58 93 left 747
object 58 93 right 748
object 59 93 left 759
object 59 93 right 760
object 60 93 left 747
object 60 93 right 748
object 61 93 left 747
object 61 93 right 748
object 66 93 left 747
object 66 93 right 748
object 67 93 left 747
object 67 93 right 748
object 69 93 left 747
object 69 93 right 748
object 70 93 left 747
object 70 93 right 748
object 71 93 left 747
object 71 93 right 748
object 72 93 left 747
object 72 93 right 748
object 73 93 left 747
object 73 93 right 748
object 74 93 left 747
object 74 93 right 748
object 75 93 left 747
object 75 93 right 748
object 76 93 left 759
object 76 93 right 2572
object 77 93 left 747
object 77 93 right 748
object 78 93 left 747
object 78 93 right 748
object 79 93 left 747
object 79 93 right 748
object 81 93 left 747
object 81 93 right 748
object 83 93 left 747
object 83 93 right 748
object 84 93 left 747
object 84 93 right 748
object 86 93 left 747
object 86 93 right 748
object 87 93 left 747
object 87 93 right 748
object 88 93 left 747
object 88 93 right 748
object 89 93 left 747
object 89 93 right 3270
object 92 93 left 747
object 92 93 right 748
object 93 93 left 747
object 93 93 right 748
object 94 93 left 747
object 94 93 right 748
object 95 93 left 747
object 95 93 right 748
object 96 93 left 747
object 96 93 right 748
object 97 93 left 747
object 97 93 right 748
object 98 93 left 747
object 98 93 right 748
object 8 94 left 747
object 8 94 right 748
object 10 94 left 747
object 10 94 right 748
object 11 94 left 747
object 11 94 right 748
object 12 94 left 747
object 12 94 right 748
object 13 94 left 747
object 13 94 right 748
object 14 94 left 747
object 14 94 right 748
object 15 94 left 747
object 15 94 right 748
object 16 94 left 759
object 16 94 right 760
object 17 94 left 747
object 17 94 right 748
object 20 94 left 747
object 20 94 right 748
object 21 94 left 747
object 21 94 right 748
object 27 94 left 747
object 27 94 right 748
object 28 94 left 747
object 28 94 right 748
object 29 94 left 747
object 29 94 right 748
object 30 94 left 759
object 30 94 right 760
object 31 94 left 747
object 31 94 right 748
object 32 94 left 747
object 32 94 right 748
object 33 94 left 747
object 33 94 right 748
object 34 94 left 747
object 34 94 right 748
object 36 94 left 747
object 36 94 right 748
object 38 94 left 747
object 38 94 right 748
object 39 94 left 747
object 39 94 right 748
object 41 94 left 747
object 41 94 right 748
object 47 94 left 747
object 47 94 right 2559
object 48 94 left 747
object 48 94 right 748
object 50 94 left 747
object 50 94 right 748
object 51 94 left 747
object 51 94 right 748
object 52 94 left 747
object 52 94 right 748
object 53 94 left 747
object 53 94 right 2574
object 55 94 left 747
object 55 94 right 748
object 56 94 left 747
object 56 94 right 748
object 58 94 left 747
object 58 94 right 748
object 59 94 left 747
object 59 94 right 748
object 60 94 left 747
object 60 94 right 748
object 61 94 left 747
object 61 94 right 748
object 62 94 left 747
object 62 94 right 748
object 67 94 left 747
object 67 94 right 748
object 73 94 left 747
object 73 94 right 748
object 74 94 left 747
object 74 94 right 748
object 75 94 left 747
object 75 94 right 748
object 76 94 left 2570
object 76 94 right 2571
object 77 94 left 747
object 77 94 right 748
object 80 94 left 747
object 80 94 right 748
object 82 94 left 747
object 82 94 right 748
object 84 94 left 747
object 84 94 right 748
object 88 94 left 747
object 88 94 right 748
object 89 94 left 3268
object 89 94 right 3269
object 90 94 left 747
object 90 94 right 748
object 92 94 left 747
object 92 94 right 748
object 93 94 left 759
object 93 94 right 760
object 94 94 left 747
object 94 94 right 748
object 95 94 left 747
object 95 94 right 748
object 97 94 left 747
object 97 94 right 748
object 98 94 left 747
object 98 94 right 748
object 9 95 left 747
object 9 95 right 748
object 12 95 left 747
object 12 95 right 748
object 13 95 left 747
object 13 95 right 748
object 15 95 left 747
object 15 95 right 748
object 16 95 left 747
object 16 95 right 748
object 17 95 left 747
object 17 95 right 748
object 18 95 left 747
object 18 95 right 748
object 19 95 left 747
object 19 95 right 748
object 22 95 left 747
object 22 95 right 748
object 31 95 right 3270
object 32 95 left 747
object 32 95 right 748
object 35 95 left 747
object 35 95 right 748
object 37 95 left 747
object 37 95 right 748
object 39 95 left 747
object 39 95 right 748
object 47 95 right 2558
object 48 95 left 747
object 48 95 right 748
object 49 95 left 747
object 49 95 right 748
object 50 95 left 747
object 50 95 right 748
object 51 95 left 747
object 51 95 right 748
object 52 95 left 747
object 52 95 right 748
object 53 95 left 747
object 53 95 right 2573
object 54 95 left 759
object 54 95 right 760
object 55 95 left 747
object 55 95 right 748
object 56 95 left 747
object 56 95 right 748
object 57 95 left 747
object 57 95 right 748
object 58 95 left 747
object 58 95 right 748
object 59 95 left 747
object 59 95 right 748
object 61 95 left 747
object 61 95 right 748
object 62 95 left 747
object 62 95 right 748
object 67 95 left 747
object 67 95 right 748
object 68 95 left 747
object 68 95 right 748
object 69 95 left 747
object 69 95 right 748
object 70 95 left 747
object 70 95 right 748
object 71 95 left 747
object 71 95 right 748
object 72 95 left 747
object 72 95 right 748
object 73 95 left 747
object 73 95 right 748
object 74 95 left 747
object 74 95 right 748
object 75 95 left 747
object 75 95 right 748
object 76 95 left 747
object 76 95 right 748
object 78 95 left 747
object 78 95 right 748
object 79 95 left 747
object 79 95 right 748
object 80 95 left 747
object 80 95 right 748
object 81 95 left 747
object 81 95 right 748
object 82 95 left 747
object 82 95 right 748
object 83 95 left 747
object 83 95 right 748
object 88 95 left 747
object 88 95 right 748
object 89 95 left 747
object 89 95 right 748
object 91 95 left 747
object 91 95 right 748
object 93 95 left 747
object 93 95 right 748
object 94 95 left 747
object 94 95 right 748
object 96 95 left 747
object 96 95 right 748
object 97 95 left 747
object 97 95 right 748
object 98 95 left 747
object 98 95 right 748
object 99 95 left 747
object 99 95 right 748
object 9 96 left 747
object 9 96 right 748
object 11 96 left 759
object 11 96 right 760
object 12 96 left 747
object 12 96 right 748
object 13 96 left 747
object 13 96 right 748
object 14 96 left 747
object 14 96 right 748
object 18 96 left 747
object 18 96 right 748
object 19 96 left 747
object 19 96 right 748
object 20 96 left 747
object 20 96 right 748
object 21 96 left 747
object 21 96 right 748
object 23 96 left 747
object 23 96 right 748
object 30 96 left 747
object 30 96 right 748
object 31 96 left 3268
object 31 96 right 3269
object 33 96 left 747
object 33 96 right 748
object 35 96 left 747
object 35 96 right 748
object 37 96 left 747
object 37 96 right 748
object 38 96 left 747
object 38 96 right 748
object 47 96 left 747
object 47 96 right 2557
object 50 96 left 747
object 50 96 right 748
object 51 96 left 747
object 51 96 right 748
object 53 96 left 747
object 53 96 right 2572
object 54 96 left 747
object 54 96 right 748
object 55 96 left 747
object 55 96 right 748
object 56 96 left 747
object 56 96 right 748
object 57 96 left 747
object 57 96 right 748
object 58 96 left 747
object 58 96 right 748
object 59 96 left 747
object 59 96 right 748
object 60 96 left 747
object 60 96 right 748
object 61 96 left 747
object 61 96 right 748
object 62 96 left 747
object 62 96 right 748
object 70 96 left 747
object 70 96 right 748
object 71 96 left 747
object 71 96 right 748
object 72 96 left 747
object 72 96 right 748
object 75 96 left 747
object 75 96 right 748
object 77 96 left 747
object 77 96 right 748
object 78 96 left 747
object 78 96 right 748
object 79 96 left 747
object 79 96 right 748
object 80 96 left 747
object 80 96 right 748
object 81 96 left 747
object 81 96 right 748
object 82 96 left 747
object 82 96 right 748
object 83 96 left 747
object 83 96 right 748
object 89 96 left 747
object 89 96 right 748
object 90 96 left 747
object 90 96 right 748
object 91 96 left 747
object 91 96 right 748
object 93 96 left 747
object 93 96 right 748
object 94 96 left 747
object 94 96 right 748
object 96 96 left 747
object 96 96 right 748
object 97 96 left 747
object 97 96 right 748
object 98 96 left 747
object 98 96 right 748
object 99 96 left 747
object 99 96 right 748
object 10 97 left 747
object 10 97 right 748
object 11 97 left 747
object 11 97 right 748
object 13 97 left 747
object 13 97 right 748
object 14 97 left 747
object 14 97 right 748
object 15 97 left 747
object 15 97 right 748
object 16 97 left 747
object 16 97 right 748
object 17 97 left 747
object 17 97 right 748
object 18 97 left 747
object 18 97 right 748
object 19 97 left 747
object 19 97 right 748
object 20 97 left 759
object 20 97 right 760
object 21 97 left 747
object 21 97 right 748
object 23 97 left 747
object 23 97 right 3270
object 32 97 left 747
object 32 97 right 748
object 33 97 left 747
object 33 97 right 748
object 34 97 left 747
object 34 97 right 748
object 35 97 left 747
object 35 97 right 748
object 36 97 left 747
object 36 97 right 748
object 37 97 left 747
object 37 97 right 748
object 38 97 left 747
object 38 97 right 748
object 47 97 left 2555
object 47 97 right 2556
object 49 97 left 759
object 49 97 right 760
object 50 97 left 747
object 50 97 right 748
object 51 97 left 747
object 51 97 right 748
object 52 97 left 747
object 52 97 right 748
object 53 97 left 2570
object 53 97 right 2571
object 54 97 left 747
object 54 97 right 748
object 56 97 left 747
object 56 97 right 748
object 57 97 left 747
object 57 97 right 748
object 58 97 left 747
object 58 97 right 748
object 59 97 left 747
object 59 97 right 748
object 60 97 left 747
object 60 97 right 748
object 61 97 left 747
object 61 97 right 748
object 62 97 left 747
object 62 97 right 748
object 70 97 left 747
object 70 97 right 748
object 71 97 left 747
object 71 97 right 748
object 73 97 left 747
object 73 97 right 748
object 74 97 left 747
object 74 97 right 748
object 75 97 left 747
object 75 97 right 748
object 76 97 left 747
object 76 97 right 748
object 77 97 left 747
object 77 97 right 748
object 78 97 left 747
object 78 97 right 748
object 79 97 left 747
object 79 97 right 748
object 81 97 left 747
object 81 97 right 748
object 82 97 left 747
object 82 97 right 748
object 83 97 left 747
object 83 97 right 3270
object 84 97 left 747
object 84 97 right 748
object 89 97 left 747
object 89 97 right 748
object 90 97 left 747
object 90 97 right 748
object 92 97 left 747
object 92 97 right 748
object 93 97 left 747
object 93 97 right 748
object 95 97 left 747
object 95 97 right 748
object 97 97 left 747
object 97 97 right 748
object 11 98 left 747
object 11 98 right 748
object 17 98 left 747
object 17 98 right 748
object 18 98 left 747
object 18 98 right 748
object 19 98 left 747
object 19 98 right 748
object 20 98 left 747
object 20 98 right 748
object 21 98 left 747
object 21 98 right 748
object 23 98 left 3268
object 23 98 right 3269
object 24 98 left 747
object 24 98 right 748
object 36 98 left 747
object 36 98 right 748
object 37 98 left 747
object 37 98 right 748
object 38 98 left 747
object 38 98 right 748
object 39 98 left 747
object 39 98 right 748
object 48 98 left 747
object 48 98 right 748
object 49 98 left 747
object 49 98 right 748
object 51 98 left 747
object 51 98 right 748
object 52 98 left 747
object 52 98 right 748
object 53 98 left 747
object 53 98 right 748
object 54 98 left 747
object 54 98 right 748
object 55 98 left 747
object 55 98 right 748
object 56 98 left 747
object 56 98 right 748
object 57 98 left 747
object 57 98 right 748
object 58 98 left 759
object 58 98 right 760
object 59 98 left 747
object 59 98 right 748
object 60 98 left 747
object 60 98 right 748
object 61 98 left 747
object 61 98 right 748
object 71 98 left 747
object 71 98 right 748
object 72 98 left 747
object 72 98 right 748
object 73 98 left 747
object 73 98 right 748
object 74 98 left 747
object 74 98 right 748
object 75 98 left 747
object 75 98 right 748
object 76 98 left 747
object 76 98 right 748
object 77 98 left 747
object 77 98 right 748
object 78 98 left 747
object 78 98 right 748
object 79 98 left 747
object 79 98 right 748
object 80 98 left 747
object 80 98 right 748
object 81 98 left 747
object 81 98 right 748
object 82 98 left 747
object 82 98 right 748
object 83 98 left 3268
object 83 98 right 3269
object 84 98 left 747
object 84 98 right 748
object 85 98 left 747
object 85 98 right 748
object 86 98 left 747
object 86 98 right 748
object 88 98 left 747
object 88 98 right 748
object 90 98 left 747
object 90 98 right 748
object 91 98 left 747
object 91 98 right 748
object 92 98 left 747
object 92 98 right 748
object 93 98 left 747
object 93 98 right 748
object 94 98 left 747
object 94 98 right 748
object 95 98 left 747
object 95 98 right 748
object 96 98 left 759
object 96 98 right 760
object 97 98 left 747
object 97 98 right 748
object 11 99 left 747
object 11 99 right 748
object 12 99 left 747
object 12 99 right 748
object 13 99 left 747
object 13 99 right 748
object 14 99 left 759
object 14 99 right 760
object 15 99 left 747
object 15 99 right 748
object 16 99 left 747
object 16 99 right 748
object 17 99 left 747
object 17 99 right 748
object 18 99 left 747
object 18 99 right 748
object 20 99 left 747
object 20 99 right 748
object 22 99 left 747
object 22 99 right 748
object 23 99 left 747
object 23 99 right 748
object 25 99 left 747
object 25 99 right 748
object 38 99 left 759
object 38 99 right 760
object 40 99 left 747
object 40 99 right 748
object 41 99 left 747
object 41 99 right 748
object 49 99 left 747
object 49 99 right 748
object 55 99 left 747
object 55 99 right 748
object 56 99 left 747
object 56 99 right 748
object 57 99 left 747
object 57 99 right 748
object 58 99 left 747
object 58 99 right 748
object 59 99 left 747
object 59 99 right 748
object 62 99 left 747
object 62 99 right 748
object 72 99 left 747
object 72 99 right 748
object 73 99 left 759
object 73 99 right 760
object 74 99 left 747
object 74 99 right 748
object 76 99 left 747
object 76 99 right 748
object 77 99 left 759
object 77 99 right 760
object 78 99 left 747
object 78 99 right 748
object 79 99 left 747
object 79 99 right 748
object 81 99 left 747
object 81 99 right 748
object 82 99 left 747
object 82 99 right 748
object 84 99 left 759
object 84 99 right 760
object 85 99 left 747
object 85 99 right 748
object 89 99 left 747
object 89 99 right 748
object 92 99 left 747
object 92 99 right 748
object 93 99 left 747
object 93 99 right 748
object 95 99 left 747
object 95 99 right 748
object 96 99 left 747
object 96 99 right 748
object 97 99 left 747
object 97 99 right 748
object 98 99 left 747
object 98 99 right 748
object 99 99 left 747
object 99 99 right 748
