# lod20304 — tools/dat-extract layout 이 만든다. 손으로 고치지 말 것.
size 100 100
blocked
###############################..................#..#.............##################################
###############################........................#......#.##.#################################
################################..................................##################################
###############################........#..........................##################################
##############################....#########......###########............#####.#.####################
###############################...#########......############.....................##################
##################...#########....#########......##############......................#..############
##############.....#..............#########......###############........................############
##############.......#...#...#....#########......###############.#.........................#########
##############............#.......#########......#################...........................#######
##############...#................#########......#################.....#.....................#######
#############.#...#...............#.######.#....###################.....####...#...######....#######
##############...........#..........#####..........###############......#########..######....#######
##############..........#.........#.#####..####...#..#############......#######....######..#..######
##############........#......#.....######..#####.....#############......#######....######.....######
##############......#...#...##.....####....######....#############......#######....######....#######
##############....############.....####....#######.#.#############......########.#.######...#.######
##############...#############.....####....######..#..############......########........#....#######
##############...#############.....####....#######....############......#########............#######
##############...#############.....####.#..#######..#.############......##########.........#.#######
##############...#############.....#####.#.#######...#############......##########.#.....#...#######
##############...#############.....#####....#...#....#############......############.......#########
###########.##...#############.....######..........#.#############......###########......###########
############..#..#############.....#######.#.......#.#############........##########......##########
##########..........##########.....#######..........###############........#########......##########
##########..####...##.########.....########.......################.............####......###########
##########..#####.....########.....##########.....################.....#..................##########
########.#..######..#.########.....##########....#################........................##########
########....######....########......#######......##################....................#...#########
########....######.....#######......#............#.###############...........................####...
##########..######...#.########....................###############..................................
##########..#######...########............................########.....#####...#....................
###########.######...##########...............................##......############..................
############.....#....#########........................................###########..................
############..........#########.....##########.........................############.................
###########..........##########....###########......#####..............############.................
###########.........##########......##########......########..........#############.................
#############.....#############.....##########.......########..........############........########.
############.......###########......##########......###########........############.......##########
#############.....#############....##########......#############.......############.......##########
############.......############.....#########.##...#############......##############......#.########
#############.....#.###########.....########..........##########......#.########..........#.########
############........###########.....########..####...#..########......#.########...#......#.########
#############.....#.###########....#########..#####.....########......#.#######...........##########
#############.#.....###########....#######....######....########......#########..####......#########
#############.......###########....#######....######..#.########......#.######...#####.....#########
######.###................#####....#######....######.....#######.....#..#####....######..#.#########
#####..###.#...........##..........#######....######.....######.#.......#####....######....#########
.#..#..............................#######....######.....######........######....######.....########
.....#..............................########..######..#.########.......######..#.######..#..########
....................#...............#######........#....########.......######.#..######.....########
...................................#########............########.......#######...######.....########
....................................#########...........########......########........#....#########
...................#############....#########..........#########.......########............#########
...................#############...###########.......###########.......#########...........#########
#...............################....##########.......###########......##########..........##########
######..........################........######.......###########.......##########.......############
##########......###############.........######.......###########.......##########.......############
###########.....###############......................###########......############......############
############....###############......................###########......###########.......############
###########.....###############......................###########..........#######.......############
###########.....###############...###..#.............##########.........................############
############....#######..#..###...######..#.##.......########...........................############
###########.....#######.....#.....#########.#...........................................############
###########.....######............########.##.....................###.##..................##########
###########.....######..####......###########....................#######......#..###......##########
############....#####.#.#####.....###########................###########.......######........#######
###########.....####....#######...############..#............###########.......#######........######
###########.....####....######....############...............###########.......########.........####
###########.....####....######.....###########.........#################......#########.........####
############....####....######....##############.....##################.......###########.......####
###########.....####....######.....###########.......##################.......##########.......#####
###########.....#####.#.######....############.......#################.........#.#########......####
###########.....#####..#.....#....#############......#################..####....#.########......####
###########......#####..........#.############.......################...#####.....########.....#####
############.....######.........#.############.......###############....######....########......####
###########......######...........############.......###############....######....########......####
#############....#######..#....###############.#.....###############....######.....#######.....#####
###########......#######.......###############.......###############....######.....#######......####
#############....########......###############.......###############.#..######.....#######......####
#############....########......################......################...######....########.....#####
#############....########......###############.......################........#....########......####
#############....########......################......#################............########......####
##############...########......################......##################..#........########.....#####
##############...########......################......##################.........#.########......####
###############...#######......#################.....###################.......###########......####
###############....######......################......####################......###########......####
################....#####......#############.........###################.......############.....####
################.....##...............####...........####################.....#############.....####
################......................................###########..#####........###########.....####
##################...........................#..................................###########.....####
##################.#.............................................................####..####.....####
###################..........#............#.....................................................####
####################..##............##..........................................................####
########################.#......................................................................####
####################################################################################################
####################################################################################################
####################################################################################################
####################################################################################################
####################################################################################################
floor
2435 2416 2439 2420 2065 1925 346 400 346 338 415 416 417 390 391 392 378 379 384 338 399 338 332 338 332 423 332 338 386 332 427 427 427 435 427 427 435 427 427 427 435 427 435 427 427 435 427 435 427 703 427 427 427 427 435 427 703 703 703 703 703 427 427 427 427 427 380 416 416 332 415 416 416 416 416 416 346 338 415 416 417 390 391 392 378 379 384 338 399 423 416 416 416 416 391 392 393 394 389 390
2415 2438 2419 2442 2423 2076 424 348 396 386 419 420 421 396 397 398 384 385 388 383 384 423 338 423 338 353 338 423 332 338 427 427 427 427 435 427 427 435 427 435 427 427 427 427 435 435 427 427 435 427 427 427 427 427 435 427 427 703 703 703 703 427 427 435 427 427 427 416 415 338 380 338 399 391 387 388 396 386 419 420 421 396 397 398 384 338 399 391 387 388 383 384 385 332 393 394 339 340 419 392
2437 2418 2441 2422 2445 2426 388 380 328 332 423 424 425 378 379 402 378 379 394 389 397 380 353 338 423 378 379 353 338 423 427 427 427 435 427 427 427 427 427 427 427 427 435 427 427 427 427 427 427 427 427 435 435 427 427 435 427 427 427 427 435 435 427 427 427 427 327 327 327 386 419 420 425 400 338 379 379 379 421 396 425 378 379 402 378 346 338 415 416 417 390 391 392 378 379 384 338 399 423 398
1911 2440 2421 2444 2425 2448 424 348 396 386 419 420 421 396 397 398 384 385 400 338 379 385 383 384 385 399 423 424 425 378 427 427 427 427 427 427 427 427 427 427 427 427 427 427 427 427 427 427 427 427 427 427 427 427 427 427 427 427 427 427 427 427 427 427 435 427 327 327 327 327 327 327 327 388 333 385 385 427 427 427 427 423 397 398 384 396 386 419 420 421 396 397 398 384 385 388 383 384 387 390
2061 1921 2443 2424 2447 2428 388 380 328 332 423 424 425 378 379 402 378 379 388 333 385 391 425 378 379 384 387 388 383 384 427 427 427 427 386 380 415 415 423 332 379 380 427 427 427 427 435 427 427 384 385 423 415 423 415 415 380 386 353 415 427 427 435 427 427 427 435 427 427 427 427 427 427 427 427 427 427 427 427 427 427 427 427 427 399 328 332 423 424 425 378 379 402 378 379 394 389 397 423 392
1920 2072 1931 2446 2072 1931 424 425 378 379 338 399 391 387 388 383 384 385 338 399 391 415 416 417 390 391 392 378 379 384 427 427 427 427 332 380 415 415 380 386 415 415 419 427 427 427 435 427 427 378 379 332 380 415 415 419 386 332 380 415 427 427 427 427 435 427 427 435 427 427 427 427 427 427 427 427 427 427 427 427 427 427 427 427 427 427 427 427 427 421 396 397 398 384 385 400 338 379 387 398
1920 2072 1931 2446 2072 1931 388 383 384 385 346 338 415 427 427 427 427 427 427 427 427 427 427 427 427 427 427 427 427 427 427 427 427 427 338 380 415 419 386 332 380 386 415 427 427 435 427 427 427 378 379 415 415 380 386 415 415 415 415 419 353 338 423 427 427 435 427 427 427 435 435 427 435 427 427 435 435 435 427 427 435 435 435 435 427 427 427 427 427 427 427 379 402 378 379 388 333 385 423 402
2071 1930 2083 1941 1930 2083 417 390 391 392 396 386 419 427 427 427 427 427 427 427 427 427 427 676 683 684 685 427 427 427 427 435 427 427 423 421 396 386 419 420 415 391 425 435 427 427 427 427 427 384 385 397 398 384 385 388 383 384 387 415 380 386 353 427 427 427 427 435 427 427 435 435 435 435 427 435 435 427 435 427 435 435 435 435 427 427 435 427 427 427 427 427 427 384 385 338 399 391 387 406
2022 2082 1940 2094 1951 2452 423 424 425 378 379 332 423 427 427 676 677 435 679 427 427 427 427 682 689 690 691 427 427 427 427 435 427 427 415 425 328 332 423 424 419 415 416 427 427 427 427 427 427 384 338 379 402 378 379 394 389 397 423 423 423 353 338 427 427 427 427 435 427 427 427 435 435 435 427 427 427 427 427 435 435 427 435 435 427 427 427 427 427 427 427 427 427 391 392 346 338 415 416 402
1911 2440 2093 1950 2105 2057 387 388 383 384 385 399 423 427 427 682 683 435 685 427 427 427 427 688 695 435 435 427 427 427 427 427 427 427 379 421 378 379 338 399 423 419 420 427 427 435 435 427 427 388 379 397 398 384 385 400 338 379 387 424 425 378 379 386 415 419 427 427 427 427 435 435 435 435 427 427 427 427 435 427 435 427 427 427 427 427 87 87 427 435 427 427 427 427 398 396 386 419 420 406
2061 1921 2044 1906 2056 1917 423 424 425 378 379 384 387 427 427 688 435 690 435 427 427 427 427 694 695 435 435 427 427 427 427 435 427 427 385 425 384 385 346 338 387 423 424 427 427 427 427 427 427 394 385 379 402 378 379 388 333 385 423 388 383 384 385 332 415 423 427 427 435 427 427 427 435 435 427 427 427 427 427 427 427 427 427 427 427 427 427 87 87 427 427 427 427 427 427 328 332 423 424 402
1911 2440 2440 2055 1916 2067 387 388 383 384 385 397 423 427 427 694 695 435 435 427 427 435 435 427 427 427 427 427 427 435 427 427 435 427 427 427 391 392 396 386 427 415 427 415 427 427 427 427 427 427 427 427 427 384 385 338 399 391 387 378 379 384 338 399 419 353 427 427 427 435 427 427 384 385 387 427 427 427 427 427 427 427 427 87 87 87 87 87 87 87 427 435 427 427 427 334 338 387 388 406
1911 2440 1921 1915 2066 1926 423 424 425 378 379 379 387 427 427 427 427 435 427 427 427 435 427 427 427 427 427 427 435 427 435 427 427 427 427 427 425 378 379 427 427 427 427 427 427 427 427 427 427 427 427 87 427 391 392 346 338 415 416 384 385 388 383 384 415 380 427 427 427 427 427 427 378 379 393 397 398 391 392 424 427 427 427 87 87 87 87 87 87 87 427 427 427 427 427 350 386 399 387 419
2061 1921 2072 2065 1925 2077 387 388 383 384 383 384 338 427 427 427 427 427 427 435 427 427 427 427 427 427 427 427 427 427 427 427 435 427 427 427 383 384 427 427 427 427 427 427 427 427 87 87 427 427 427 427 427 427 398 396 386 419 420 378 379 394 389 397 419 386 427 435 427 427 427 427 378 379 332 423 424 425 427 427 427 427 427 87 87 87 87 87 87 87 427 427 427 427 427 423 424 338 399 423
1920 2072 2072 1924 2076 1935 423 424 425 378 387 388 383 427 427 427 435 427 427 427 427 427 427 427 427 427 427 427 427 427 427 427 427 427 427 427 425 378 427 427 427 427 427 427 427 427 427 87 87 427 427 427 427 427 427 328 332 423 424 384 385 400 338 379 400 345 427 427 427 435 427 427 384 385 399 423 424 425 427 427 427 427 427 87 87 87 87 87 87 87 427 427 427 427 427 387 388 383 384 387
1920 2072 1923 2075 1934 2087 387 388 383 384 393 394 389 427 427 435 427 427 427 427 427 427 427 427 427 427 427 427 427 537 538 539 540 540 541 542 424 425 427 427 427 427 427 87 87 87 87 87 87 87 427 427 427 427 427 334 338 387 388 378 379 388 333 385 380 381 427 427 427 435 427 427 378 379 384 387 388 383 427 427 427 427 87 87 87 87 87 87 87 87 427 427 427 427 427 399 387 389 397 423
2062 1922 2074 1933 2086 1944 423 424 425 378 399 400 332 427 427 435 427 427 385 385 387 385 425 378 379 338 399 391 387 543 544 545 546 546 547 548 388 383 427 427 87 427 427 87 87 87 87 87 87 87 427 427 427 427 427 350 386 399 387 384 385 338 399 391 385 383 427 427 435 427 427 427 378 379 386 416 417 390 427 427 427 427 87 87 87 87 87 87 87 87 427 427 427 427 427 385 400 338 379 387
1921 2073 1932 2085 1943 2097 387 388 383 384 387 388 338 427 435 427 427 427 350 386 402 391 383 384 385 346 338 415 416 549 550 551 552 552 553 554 424 425 427 427 427 427 427 87 87 87 87 87 87 87 427 427 427 427 427 423 424 338 399 391 392 346 338 415 391 425 435 427 427 427 427 427 384 385 332 420 421 396 397 427 427 427 427 87 87 87 435 87 87 87 427 427 427 427 427 379 388 333 385 423
2072 1931 2084 1942 2096 1953 423 424 425 378 402 338 386 427 435 427 427 427 423 424 400 415 390 391 392 396 386 419 420 555 556 557 558 558 559 560 424 425 427 427 427 427 427 87 87 87 87 87 87 87 427 427 427 427 427 387 388 383 384 397 398 396 386 419 415 416 427 427 427 427 427 427 384 338 399 424 425 378 379 427 427 427 427 427 87 435 435 87 87 427 427 427 427 427 427 385 338 399 391 387
1930 2083 1941 2095 1952 2107 386 419 420 421 396 397 332 427 427 435 435 427 387 388 397 398 384 385 388 383 384 387 424 561 562 563 564 564 565 566 388 383 427 427 427 427 87 87 87 87 87 87 87 87 427 427 427 427 427 399 387 389 397 379 402 328 332 423 419 420 427 427 435 435 427 427 388 383 384 424 425 378 379 386 427 427 427 427 87 435 435 435 427 427 427 427 427 427 391 392 346 338 415 416
2413 2436 2417 2054 1915 2066 332 423 424 425 378 379 399 427 427 427 427 427 378 379 402 402 378 379 394 389 397 423 424 537 538 539 570 540 571 572 417 390 427 427 427 427 87 87 87 87 87 87 87 87 427 427 427 427 427 385 400 338 379 379 386 334 338 387 423 424 427 427 427 427 427 427 394 389 397 388 383 384 385 332 427 427 427 427 427 435 435 427 427 427 427 427 427 427 397 398 396 386 419 420
2435 2416 2439 2420 2065 1925 379 338 399 391 387 427 427 427 427 427 427 427 416 417 390 398 384 385 400 338 379 387 388 537 538 539 576 540 541 542 421 396 397 427 427 427 427 87 87 87 435 87 87 87 427 427 427 427 427 379 388 333 385 385 332 350 386 399 419 420 427 435 427 427 427 427 400 338 379 338 415 416 417 390 391 427 427 427 427 427 427 427 427 427 427 427 427 378 379 402 328 332 423 424
2415 2438 2419 2442 2423 2076 385 346 338 415 416 427 703 427 427 703 703 427 420 421 396 402 378 379 388 333 385 423 424 543 544 545 564 546 547 548 425 378 379 427 427 427 427 427 87 435 435 435 435 427 427 427 427 427 427 385 338 399 391 379 338 349 332 327 423 424 427 427 427 427 427 427 427 427 427 427 419 420 421 396 397 398 427 427 427 427 435 427 427 427 427 427 425 378 379 386 334 338 387 388
2437 2418 2441 2422 2445 2426 392 396 386 427 427 427 427 427 427 703 703 703 703 427 427 427 384 385 338 399 391 387 388 549 550 551 570 552 553 554 425 378 379 386 427 427 427 427 87 87 435 435 427 435 427 427 427 427 391 392 346 338 415 385 338 381 383 383 338 399 427 427 435 427 435 427 427 427 427 427 423 424 425 378 379 402 383 427 427 427 427 427 427 427 427 388 383 384 385 332 350 386 399 387
1911 2440 2421 2444 2425 2448 378 379 427 427 427 427 427 427 427 703 703 703 703 703 703 703 391 392 346 338 415 416 399 555 556 557 576 558 559 560 383 384 385 332 427 427 427 427 427 427 427 427 435 427 427 427 427 427 397 398 396 386 419 378 379 386 387 387 346 338 4 427 427 427 427 427 427 427 427 427 423 424 425 378 379 386 425 4 427 427 435 427 427 427 427 390 391 392 346 338 415 416 421 378
2061 1921 2443 2424 2447 2428 384 427 427 703 703 427 427 703 427 703 703 703 703 703 703 703 427 398 396 386 419 420 384 561 562 563 564 564 565 566 415 416 417 390 391 427 427 427 427 427 435 427 427 427 427 427 427 378 379 402 328 332 423 384 385 332 393 393 396 386 427 427 435 427 427 427 427 427 427 427 427 427 427 427 427 427 427 427 427 427 427 427 427 427 421 396 397 398 396 386 419 420 425 384
1920 2072 1931 2446 2072 1931 378 427 427 703 703 427 427 703 427 703 703 703 703 703 703 703 427 427 328 332 423 424 397 567 568 569 570 570 571 572 419 420 421 396 397 398 427 427 427 427 427 427 427 427 427 427 425 378 379 386 334 338 387 384 338 399 379 399 379 332 427 427 427 427 427 427 427 427 435 427 435 427 427 427 427 427 427 427 427 427 435 427 427 427 425 378 379 402 328 332 423 424 389 390
1920 2072 1931 2446 2072 1931 425 427 427 703 703 427 87 703 87 87 703 703 703 703 703 703 427 427 334 338 387 388 424 573 574 575 576 576 577 578 423 424 425 378 379 402 383 427 4 427 427 427 427 427 427 388 383 384 385 332 350 386 399 388 383 384 385 387 385 399 427 427 427 435 427 427 435 427 427 435 435 427 435 427 427 435 427 427 427 427 427 427 427 427 425 378 379 386 334 338 387 388 391 392
2071 1930 2083 1941 1930 2083 383 427 427 703 703 703 87 87 87 87 703 703 703 703 703 703 427 427 350 386 399 387 388 383 427 427 427 427 427 427 427 424 425 378 379 386 425 427 427 435 427 427 427 427 427 390 391 392 346 338 415 416 421 394 389 397 379 402 379 384 427 427 427 427 435 427 427 427 427 427 427 427 427 427 427 427 427 435 427 435 427 427 427 427 427 427 427 427 427 427 427 427 427 427
2022 2082 1940 2094 1951 2452 425 427 427 427 703 703 87 703 87 87 703 703 703 703 703 703 427 427 423 424 338 399 378 379 427 435 427 435 427 427 427 427 427 427 435 427 427 427 427 427 427 427 427 427 427 327 327 327 327 386 419 420 425 400 338 379 385 400 385 397 427 427 427 427 427 427 427 427 427 427 427 427 435 427 427 427 435 435 427 427 427 427 427 427 435 427 427 427 427 427 427 427 427 427
1885 2033 2093 1950 2105 2057 425 427 427 427 703 703 87 703 87 87 87 87 703 703 703 703 427 427 387 388 383 384 384 385 4 427 427 435 427 427 435 427 435 427 427 427 427 435 435 427 427 427 435 427 427 327 327 327 327 327 327 327 327 388 333 385 379 348 379 379 427 427 427 427 427 427 427 427 427 427 427 427 427 427 427 427 427 427 427 435 427 435 427 427 427 427 427 427 427 427 427 427 427 427
2032 1895 2044 1906 2056 1917 383 427 427 427 703 703 703 87 703 703 87 87 703 703 703 703 427 427 399 387 389 397 378 379 427 427 435 427 435 427 427 427 427 427 435 427 435 427 427 427 427 435 427 427 427 427 427 427 427 427 427 427 427 427 427 427 427 427 383 384 427 427 427 427 427 378 379 387 387 427 427 427 427 427 427 427 427 427 427 427 427 427 427 427 435 427 427 435 435 435 427 427 435 427
1894 2043 1905 2055 1916 2067 390 427 427 427 427 87 703 87 703 703 87 87 703 703 703 703 427 427 385 400 338 379 384 385 427 427 427 435 427 427 427 427 427 427 427 427 427 427 427 427 427 427 427 427 435 427 427 435 427 427 427 427 427 427 427 427 427 427 427 427 427 435 427 427 383 384 385 393 393 397 398 391 392 424 348 427 427 427 427 435 435 427 427 435 427 427 427 427 427 427 427 435 435 427
2042 1904 2054 1915 2066 1926 396 397 427 427 427 703 703 703 703 435 703 703 703 435 703 703 427 427 379 388 333 385 378 379 427 427 427 427 427 427 427 427 427 427 427 427 427 427 427 427 427 427 427 427 427 427 427 427 427 427 435 427 435 427 427 435 427 427 427 427 427 427 427 427 327 327 379 379 399 379 402 397 398 392 380 427 427 427 427 427 427 427 427 435 435 427 435 427 435 427 427 427 427 427
1903 2053 1914 2065 1925 2077 378 379 427 427 427 703 703 703 435 435 435 703 703 703 703 703 427 427 385 338 399 391 384 385 427 435 435 427 427 427 384 385 400 338 379 425 378 385 383 427 427 427 427 427 427 427 427 427 427 427 427 427 427 435 427 427 427 427 435 427 427 427 427 427 327 327 385 385 387 379 425 378 379 424 392 396 427 427 427 427 427 427 427 427 427 427 427 427 427 427 435 427 435 427
2052 1913 2064 1924 2076 1935 378 379 386 427 427 703 703 435 435 435 435 703 703 703 703 703 427 391 392 346 338 415 391 392 427 427 427 435 427 427 378 379 388 333 385 383 384 379 425 427 427 427 427 427 427 427 385 421 424 425 378 427 427 427 427 435 427 435 427 435 427 435 427 427 327 327 379 379 402 385 383 384 385 388 383 378 427 427 427 427 427 427 427 427 427 427 435 427 427 427 427 427 435 427
1912 2063 1923 2075 1934 2087 384 385 332 427 427 427 703 435 703 435 703 703 703 703 703 427 427 397 398 396 386 419 397 398 427 427 427 427 427 427 384 385 421 396 386 419 420 421 396 427 427 427 427 427 427 427 392 425 397 398 384 385 388 383 427 427 427 427 427 427 435 427 427 427 327 327 385 385 400 379 425 378 379 417 390 398 427 427 427 427 427 427 427 427 427 427 427 427 427 427 427 427 427 427
2062 1922 2074 1933 2086 1944 416 417 390 391 427 427 427 427 435 435 427 427 427 427 427 427 378 379 402 328 332 423 379 402 427 427 427 427 427 427 391 392 425 328 332 423 424 425 378 427 427 427 427 427 427 427 427 379 379 402 378 379 394 389 397 427 427 427 427 435 427 427 427 427 327 327 392 379 348 385 383 384 385 423 424 402 427 427 427 427 427 427 427 427 427 328 332 423 424 425 378 379 402 427
1921 2073 1932 2085 1943 2097 420 421 396 397 398 427 427 427 427 427 427 427 427 427 427 425 378 379 386 334 338 387 379 386 427 427 435 427 427 427 397 398 421 378 379 338 399 391 387 427 427 427 427 427 427 427 427 386 397 398 384 385 400 338 379 387 424 427 427 427 427 427 427 427 327 327 398 421 396 386 419 420 421 396 397 396 427 427 427 427 427 427 427 427 398 350 385 388 383 384 387 385 406 407
2072 1931 2084 1942 2096 1953 2089 420 420 420 420 383 427 427 427 427 427 427 427 427 388 383 384 385 332 350 386 399 385 332 427 427 427 427 427 427 379 402 425 384 385 346 338 415 416 427 427 427 427 427 427 427 427 427 379 402 378 379 388 333 385 423 396 427 427 427 427 427 427 427 327 327 388 425 328 332 423 424 425 378 379 378 427 427 427 427 427 427 427 427 327 327 417 394 389 397 423 416 417 390
1930 2083 1941 2095 1952 2107 1946 420 420 420 420 425 427 427 427 427 435 427 427 427 390 391 392 346 338 415 416 421 379 338 427 427 427 427 427 427 379 386 391 391 392 396 386 427 427 427 427 427 427 427 427 427 427 427 427 427 384 385 338 399 391 387 378 427 427 427 435 435 427 427 327 327 417 421 378 379 338 399 391 387 427 427 427 427 427 427 427 427 427 427 391 327 327 400 338 379 387 420 421 396
1928 2080 1939 2092 2082 2050 1911 420 420 420 420 420 427 427 427 427 427 427 427 427 396 397 398 396 386 419 420 425 379 386 427 427 427 435 427 427 385 332 415 425 378 379 427 427 427 427 427 427 427 427 427 427 427 427 427 427 391 392 346 338 415 416 398 427 427 427 427 427 427 427 391 327 327 425 384 385 346 338 415 416 427 427 427 427 427 427 427 427 427 427 397 327 327 388 333 385 423 423 424 425
2079 1938 2091 1949 2103 2093 2061 420 420 420 420 420 427 427 427 427 427 427 427 427 378 379 402 328 332 423 424 389 385 332 427 427 427 427 427 427 379 338 419 383 384 427 427 427 427 427 427 427 427 87 87 427 427 427 427 427 427 398 396 386 419 420 402 427 427 427 427 427 435 427 397 327 327 391 391 392 396 386 427 427 427 427 427 427 427 427 427 427 427 427 379 327 327 338 399 391 387 387 388 383
1976 1844 1988 1855 2000 2060 1920 2072 420 421 420 396 427 427 427 427 427 435 427 427 416 417 390 391 392 378 379 384 338 399 427 427 427 427 427 427 386 338 423 425 378 427 427 427 427 427 427 427 427 427 87 87 427 427 427 427 427 427 328 332 423 424 396 427 427 427 427 427 427 427 379 327 327 415 425 378 379 427 427 427 427 427 427 427 427 427 427 427 427 427 398 327 427 346 338 415 416 423 424 425
1843 1987 1854 1999 1865 2011 2071 1930 2060 420 420 378 427 427 427 427 427 427 427 427 420 421 396 397 398 384 385 388 383 384 427 427 427 427 427 427 332 378 423 424 425 427 427 427 427 427 87 87 87 87 87 87 87 427 427 427 427 427 334 338 387 388 378 427 427 435 427 427 427 427 398 327 327 419 383 384 427 427 427 427 427 427 427 427 87 87 427 427 427 427 427 427 387 396 386 419 420 387 388 383
1986 1853 1998 1864 2010 1875 2022 2082 2060 416 427 427 389 427 427 427 427 427 427 427 427 427 427 427 427 427 427 427 389 397 427 427 435 427 427 427 399 384 387 388 383 427 427 427 427 427 87 87 87 87 87 87 87 427 427 427 427 427 350 386 399 387 380 427 427 427 427 427 427 427 402 327 327 423 425 378 427 427 427 427 427 427 427 427 427 87 87 427 427 427 427 427 427 328 332 423 424 423 424 425
1852 1997 1863 2009 1874 2021 3828 2033 2093 1931 427 427 427 427 427 427 427 427 435 435 427 427 427 427 427 427 427 427 427 427 427 427 427 427 427 427 384 378 423 424 425 427 427 427 427 427 87 87 87 87 87 87 87 427 427 427 427 427 423 424 338 399 402 427 427 427 427 427 427 427 423 327 327 423 424 425 427 427 427 427 427 87 87 87 87 87 87 87 427 427 427 427 427 334 338 387 388 387 388 383
1996 1862 2008 1873 2020 427 427 2770 2196 2067 427 427 427 427 427 427 427 427 427 427 435 427 427 427 427 427 427 427 427 427 427 427 435 427 427 427 397 384 423 424 425 427 427 427 427 427 87 87 87 87 87 87 87 427 435 427 427 427 387 388 383 384 400 427 427 427 435 427 435 427 427 327 327 387 388 383 427 427 427 427 427 87 87 87 87 87 87 87 427 427 427 427 427 350 386 399 387 416 417 390
427 2007 427 427 2770 427 427 427 2777 427 427 427 427 427 427 427 427 427 435 427 435 427 435 427 427 427 427 427 435 427 435 427 427 427 427 427 379 378 387 388 383 427 427 427 435 87 87 87 87 87 87 87 87 427 427 427 427 427 399 387 389 397 348 427 427 435 427 427 427 427 427 327 327 423 424 425 427 427 427 427 427 87 87 87 87 87 87 87 427 427 435 427 427 423 424 338 399 420 421 396
435 427 427 427 427 2194 427 427 427 427 427 435 435 427 427 427 427 427 427 427 427 435 427 427 427 435 427 427 427 435 427 427 427 427 427 427 385 384 416 417 390 427 427 427 427 87 87 87 87 87 87 87 87 427 427 427 427 427 385 400 338 379 379 427 427 427 427 435 427 427 327 327 383 423 424 425 427 427 427 427 427 87 87 87 87 87 87 87 427 427 427 427 427 387 388 383 384 424 425 378
435 427 427 427 427 427 427 427 427 427 435 435 435 427 427 427 427 427 427 435 427 427 427 427 435 427 427 427 427 427 427 427 427 427 427 427 391 391 420 421 396 397 427 427 427 427 87 87 435 435 435 87 87 427 427 427 427 427 379 388 333 385 385 427 427 427 427 427 427 427 327 327 425 387 388 383 427 427 427 427 87 87 87 87 87 87 87 87 427 427 435 427 427 399 387 389 397 338 399 423
427 427 427 427 427 427 427 427 427 427 435 435 427 427 427 427 427 427 427 427 427 427 427 427 427 427 427 427 427 427 427 427 427 427 427 427 379 386 424 425 378 379 427 427 427 427 427 435 435 435 435 435 435 427 427 427 427 427 385 338 399 391 379 427 427 435 435 427 427 427 327 327 383 416 417 390 427 427 427 427 87 87 87 87 87 87 87 87 427 435 427 427 427 385 400 338 379 383 384 387
435 427 427 427 427 427 427 427 427 427 427 435 435 427 427 427 427 427 427 427 427 427 427 427 427 427 427 427 427 427 427 427 435 427 427 427 385 332 424 425 378 379 386 427 427 427 427 87 435 435 435 427 427 427 427 427 427 391 392 346 338 415 385 427 427 427 427 427 427 427 327 327 390 420 421 396 397 427 427 427 435 87 435 435 435 435 87 87 427 427 427 427 427 379 388 333 385 389 397 423
435 435 435 435 427 427 427 427 427 427 427 427 435 427 427 427 427 427 427 396 397 398 385 346 400 346 338 415 416 417 390 427 427 427 427 427 338 399 388 383 384 385 332 427 427 427 427 427 427 435 427 435 427 427 427 427 427 397 398 396 386 419 379 427 435 427 427 435 427 427 327 327 396 424 425 378 379 427 427 427 427 435 435 435 435 435 435 427 427 427 427 427 427 385 338 399 391 338 379 387
427 427 427 427 427 427 427 427 427 427 435 435 427 427 427 427 427 427 427 425 420 402 379 424 348 396 386 419 420 421 396 427 427 435 427 427 383 384 338 415 416 417 390 391 427 427 427 427 435 427 435 427 427 427 427 427 378 379 402 328 332 423 399 427 427 427 427 427 427 427 327 327 378 424 425 378 379 386 427 427 427 427 87 435 435 435 435 427 427 427 427 427 391 392 346 338 415 333 385 423
1870 427 427 427 427 427 427 427 427 427 427 435 435 427 427 427 423 424 378 421 392 415 385 388 380 328 332 423 424 425 378 427 427 427 427 427 389 397 386 419 420 421 396 397 398 427 427 427 427 427 427 427 427 427 427 425 378 379 386 334 338 387 384 427 427 427 435 427 427 427 327 327 397 388 383 384 385 332 427 427 427 427 427 427 435 435 427 427 427 427 427 427 397 398 396 386 419 399 391 387
2016 1880 2028 1901 2437 2418 427 427 427 427 427 427 435 427 427 427 387 388 384 397 398 391 392 424 348 396 386 420 421 425 427 427 427 727 427 427 427 427 427 427 424 425 378 379 402 383 427 435 427 427 435 427 427 427 388 383 384 385 332 350 386 399 397 427 427 435 427 427 427 427 327 327 379 338 415 416 417 390 391 427 427 427 435 427 435 435 435 427 427 427 427 378 379 402 328 332 423 338 415 416
2004 2027 1890 2050 1911 2440 2421 2444 2425 2447 427 427 427 427 427 427 423 424 378 379 402 397 398 388 380 328 332 424 425 383 427 427 427 727 427 427 435 427 435 427 424 425 378 379 386 425 427 427 427 427 427 427 427 427 390 391 392 346 338 415 416 421 379 427 427 427 427 435 427 427 327 327 384 386 419 420 421 396 397 398 427 427 427 435 427 427 427 427 427 427 425 378 379 386 334 338 387 386 419 420
1844 1988 1855 2000 2060 1920 2072 1931 2446 2072 1931 427 427 427 427 427 387 388 384 379 425 378 379 424 425 378 379 399 391 425 427 427 427 427 427 427 427 427 427 427 427 427 427 435 427 427 427 427 427 435 435 427 427 421 396 397 398 396 386 419 420 425 385 427 427 435 427 427 427 427 327 327 391 332 423 424 425 378 379 402 383 427 427 427 427 427 435 427 427 388 383 384 385 332 350 386 399 332 423 424
1844 1988 1855 2000 2060 1920 2072 1931 2446 2072 1931 427 427 427 427 427 423 421 386 419 420 421 396 397 398 384 396 419 420 425 427 427 427 427 727 727 427 727 427 435 427 427 435 427 427 427 427 435 435 427 427 427 427 425 378 379 402 328 332 423 424 389 338 427 427 427 427 435 435 427 378 396 397 399 423 424 425 378 379 386 425 427 427 427 435 427 427 427 427 390 391 392 346 338 415 416 421 390 391 392
1987 1854 1999 1865 2011 2071 1930 2083 1941 1930 2083 427 427 427 427 427 387 425 332 423 424 425 378 379 338 399 328 423 424 425 427 427 427 727 727 427 427 427 427 427 427 427 427 427 427 435 427 427 427 435 427 427 427 392 400 338 399 400 346 400 387 388 383 427 427 427 427 427 427 427 427 427 427 427 427 427 427 427 427 427 427 427 427 435 427 427 435 427 421 396 397 398 396 386 419 420 425 392 393 394
1853 1998 1864 2010 1875 2022 2082 1940 2094 1951 2452 427 427 427 427 427 385 421 379 338 399 391 387 427 427 427 427 427 427 421 427 427 427 727 423 424 378 427 427 427 427 427 427 427 427 427 427 435 427 427 435 427 427 398 388 333 334 383 384 424 399 427 427 427 427 427 435 427 427 435 427 435 427 435 427 427 435 427 427 427 427 427 427 427 427 435 427 427 425 378 379 402 328 332 423 424 389 398 399 415
1997 1863 2009 1874 2021 1885 2033 2093 1950 2105 2057 427 427 427 427 427 391 425 385 346 338 415 416 427 427 427 427 427 427 427 427 427 427 727 387 388 384 333 427 427 427 427 427 427 427 9 427 427 427 435 427 427 427 402 394 339 340 387 388 383 427 427 427 435 427 435 427 427 427 427 435 427 427 435 427 427 435 427 427 427 435 427 435 427 435 435 427 427 423 424 425 378 379 386 425 378 379 402 403 419
2017 1881 2029 1892 2041 1903 2053 1914 2065 1925 2077 427 427 471 471 427 346 391 392 396 386 427 427 427 427 427 427 427 427 727 727 727 727 727 423 424 378 399 391 387 405 396 427 427 427 427 427 427 427 427 427 427 427 427 427 427 427 427 427 427 435 427 427 427 427 427 427 427 427 427 427 427 435 427 427 427 427 427 435 435 427 435 427 427 427 427 427 427 427 427 383 379 385 332 383 384 385 406 407 423
1880 2028 1891 2040 1902 2052 1913 2064 1924 2076 1935 427 427 427 427 427 424 415 378 379 427 427 427 427 427 427 727 727 727 727 727 427 427 727 423 421 346 338 415 416 409 378 427 427 427 427 435 427 427 427 427 427 427 427 435 427 435 427 435 427 427 427 427 427 427 427 427 378 379 427 427 427 427 427 427 427 435 435 427 427 427 427 427 427 427 427 435 427 435 427 379 384 338 399 379 418 419 420 421 378
2027 1890 2039 1901 2051 1912 2063 1923 2075 1934 2087 427 427 427 427 427 388 419 384 427 427 427 427 427 427 427 727 727 727 727 727 727 427 427 387 425 396 386 419 420 413 384 427 427 427 427 427 427 427 435 427 427 435 427 427 435 427 427 427 427 427 427 427 427 427 427 392 384 385 388 392 384 427 427 427 427 427 435 421 427 427 396 427 427 435 427 427 427 427 427 427 427 427 384 385 422 423 424 425 384
2015 2038 1900 2050 1911 2062 1922 2074 1933 2086 1944 427 471 427 427 427 424 423 378 427 427 727 727 727 727 727 727 727 727 727 427 727 427 427 385 421 328 332 423 424 417 390 391 392 393 427 427 427 427 427 427 427 427 427 427 427 427 435 427 427 427 427 425 334 402 338 386 391 392 379 384 384 427 435 427 427 427 427 427 392 380 328 332 423 427 427 427 435 427 427 427 427 427 397 391 392 393 394 389 390
1879 2026 2049 1910 2061 1921 2073 1932 2085 1943 2097 427 427 427 427 427 388 423 425 427 427 727 727 727 727 727 727 727 727 727 427 427 427 427 427 427 334 338 387 388 421 396 397 398 399 400 427 485 427 427 427 435 427 427 427 427 427 435 427 427 327 388 383 399 400 397 332 419 420 385 378 391 427 427 435 427 427 427 427 400 397 398 384 385 427 427 427 427 427 427 435 427 427 427 427 327 417 390 391 392
2025 1889 2037 2060 1920 2072 1931 2084 1942 2096 1953 427 471 427 427 427 424 387 383 427 427 727 727 727 727 727 727 727 727 727 727 427 427 427 427 427 350 386 399 387 425 378 379 402 403 404 427 427 427 427 485 427 427 427 427 427 427 427 427 427 327 327 424 425 425 328 332 423 424 391 384 397 427 427 427 427 427 427 427 327 379 402 378 379 427 427 427 427 427 427 435 427 435 427 427 427 421 396 397 398
1888 2036 1899 2048 2071 1930 2083 1941 2095 1952 2107 427 427 471 471 427 388 423 425 427 427 427 427 427 87 87 87 87 87 87 87 427 427 427 427 427 423 424 338 399 383 384 385 406 407 408 427 427 427 427 427 427 427 427 427 333 334 402 338 399 327 327 388 383 421 378 379 338 399 391 387 379 427 427 427 427 427 427 327 327 397 398 384 385 400 338 379 427 427 427 427 427 427 427 427 427 425 378 379 402
2069 1929 2081 2071 1935 2088 1946 2100 1957 2112 1941 427 427 427 427 427 417 423 425 427 427 427 427 427 87 87 87 87 87 87 87 427 427 427 427 427 387 388 383 384 389 390 391 410 411 412 427 427 427 427 427 427 427 399 400 338 399 400 346 338 415 416 417 390 425 384 385 346 338 415 416 427 427 427 427 427 427 427 427 427 379 402 378 379 388 333 385 427 427 427 427 427 435 427 427 427 383 384 385 406
1928 2080 1939 2092 2082 2050 1911 2440 2421 2444 2425 427 427 427 427 427 423 387 383 427 427 427 727 727 727 727 727 87 87 87 87 727 427 427 427 427 399 387 389 397 395 396 397 414 415 416 427 427 427 427 427 427 427 387 388 333 334 348 396 386 419 420 421 396 391 391 392 396 386 427 427 427 427 427 427 427 427 427 427 427 427 427 384 385 338 399 391 427 427 427 427 435 427 427 427 427 419 420 421 378
2079 1938 2091 1949 2103 2093 2061 1921 2443 2424 2447 471 427 427 427 427 387 416 390 427 427 427 427 727 727 727 727 727 727 87 87 727 427 427 427 427 385 400 338 379 331 332 379 418 419 420 427 427 427 427 427 427 427 393 394 339 340 380 328 332 423 424 425 378 415 425 378 379 427 427 427 427 427 427 427 427 427 427 427 427 427 427 391 392 346 338 415 427 427 427 427 435 427 427 427 427 423 424 425 384
1976 1844 1988 1855 2000 2060 1920 2072 1931 2446 2072 427 471 427 427 427 427 427 396 397 427 427 427 727 727 727 727 727 727 87 87 727 427 427 427 427 379 388 333 385 337 338 385 422 423 424 427 427 427 427 485 427 427 399 400 345 348 386 383 384 338 399 423 424 419 383 384 427 427 427 427 427 427 427 427 87 87 427 427 427 427 427 427 398 396 386 419 420 398 384 427 427 427 427 427 427 393 394 389 390
1843 1987 1854 1999 1865 2011 2071 1930 2083 1941 1930 427 427 427 471 427 427 425 378 379 427 427 427 427 727 727 727 727 727 727 727 427 427 427 427 427 385 338 399 391 343 344 391 392 393 394 427 427 485 427 427 427 427 387 388 333 380 332 387 388 383 384 387 388 423 425 378 427 427 427 427 427 427 427 427 427 87 87 427 427 427 427 427 427 328 332 423 424 402 378 427 435 427 427 427 427 417 390 391 392
1986 1853 1998 1864 2010 1875 2022 2082 1940 2094 1951 427 427 427 471 427 427 425 378 379 386 427 427 427 727 727 727 727 727 727 727 427 427 427 427 391 392 346 338 415 349 350 415 416 417 390 427 427 427 489 427 427 427 393 394 339 386 338 393 394 389 397 423 424 423 424 425 427 427 427 427 427 87 87 87 87 87 87 87 427 427 427 427 427 334 338 387 388 383 384 427 427 435 427 427 427 421 396 397 398
1852 1997 1863 2009 1874 2021 1885 2033 2093 1950 2105 427 427 471 427 427 427 383 384 385 332 427 427 427 727 727 727 727 727 727 727 427 427 427 427 397 398 396 386 419 379 380 419 420 421 396 427 427 489 427 427 427 427 415 416 417 390 391 399 400 338 379 387 388 387 388 383 427 427 427 427 427 87 87 87 87 87 87 87 427 427 427 427 427 350 386 399 387 390 391 427 427 427 427 427 427 425 378 379 402
1996 1862 2008 1873 2020 1884 2032 1895 2044 1906 2056 427 427 427 427 471 427 415 416 417 390 391 427 427 727 727 727 727 727 727 727 427 427 427 378 379 402 328 332 423 385 386 423 424 425 378 427 427 427 427 427 427 427 419 420 421 396 397 387 388 333 385 423 424 423 424 425 427 427 427 427 427 87 87 87 87 87 87 87 427 427 427 427 427 423 424 338 399 396 397 427 427 435 427 427 427 383 384 385 406
1861 2007 1872 2019 1883 2031 2414 2043 1905 2055 1916 427 427 427 427 427 427 419 420 421 396 397 398 427 727 727 727 727 727 727 727 427 427 425 378 379 386 334 338 387 391 392 387 388 383 384 427 427 427 427 485 427 427 423 424 425 378 379 402 338 399 391 387 388 423 424 425 427 427 427 427 427 87 87 87 87 87 87 87 427 427 427 427 427 387 388 383 384 378 379 427 435 427 427 427 427 390 391 392 393
2006 1871 2018 1882 2030 2413 2436 2417 2054 1915 2066 393 427 427 471 427 427 423 424 425 378 379 402 383 727 727 727 727 727 727 727 427 388 383 384 385 332 350 386 399 388 333 393 394 389 390 427 427 489 427 427 427 427 387 388 383 384 385 400 346 338 415 416 417 387 388 383 427 427 427 427 87 87 87 87 87 87 87 87 427 427 427 427 427 399 387 389 397 378 379 427 427 427 427 427 427 396 397 398 399
1870 2017 1881 2029 2412 2435 2416 2439 2420 2065 1925 399 427 427 471 427 427 423 424 425 378 379 386 425 537 538 539 540 541 541 541 542 390 391 392 346 338 415 416 421 328 338 399 400 395 396 427 427 485 427 427 427 427 393 394 389 390 391 348 396 386 419 420 421 416 417 390 427 427 427 427 87 87 87 87 87 87 87 87 427 427 427 427 427 385 400 338 379 384 385 427 435 435 427 427 427 378 379 402 403
2016 1880 2028 1891 2434 2415 2438 2419 2442 2423 2076 387 427 427 427 427 427 387 388 383 384 385 332 350 543 544 545 546 547 547 547 548 396 397 398 396 386 419 420 425 417 396 397 398 331 332 427 427 427 427 485 427 427 399 400 395 396 397 380 328 332 423 424 425 420 421 396 397 427 427 427 427 87 87 87 727 727 87 87 427 427 427 427 427 379 388 333 385 378 379 427 427 427 427 427 427 384 385 406 407
2004 2027 1890 2039 1901 2437 2418 2441 2422 2445 2426 402 427 427 427 427 427 378 379 379 334 399 400 338 549 550 551 552 553 553 553 554 378 379 402 328 332 423 424 389 421 378 379 380 328 332 427 427 485 427 427 427 427 329 330 331 332 379 418 391 392 393 394 389 424 425 378 379 427 427 427 427 427 87 87 427 727 87 427 427 427 427 427 427 385 338 399 391 384 385 427 435 427 427 427 427 394 389 390 391
1835 1978 2038 1900 2050 1911 2440 2421 2444 2425 2448 400 427 427 427 427 427 424 425 378 379 399 423 424 555 556 557 558 559 559 559 560 387 406 407 423 385 422 423 424 425 384 385 386 398 328 427 427 427 427 489 427 427 398 349 334 394 339 340 415 416 417 390 391 424 425 378 379 386 427 427 427 427 87 87 727 427 427 427 427 427 427 427 391 392 346 338 415 424 425 427 427 427 435 427 427 390 391 392 393
1977 1845 1989 2049 1910 2061 1921 2443 2424 2447 2428 383 427 427 427 471 427 424 425 378 378 378 425 378 561 562 563 564 565 565 565 566 393 353 353 415 391 392 393 394 389 390 391 392 380 415 427 427 427 427 485 427 427 380 415 415 415 380 397 419 420 421 396 397 388 383 384 385 332 427 427 427 427 427 427 427 727 427 427 427 427 427 427 397 398 396 386 419 388 383 427 435 427 427 427 427 396 397 398 399
1844 1988 1855 2000 2060 1920 2072 1931 2446 2072 1931 425 378 387 387 427 427 427 424 425 424 424 425 378 567 568 569 570 571 571 571 572 399 423 332 419 415 416 417 390 391 392 393 394 386 415 427 427 427 427 427 427 427 386 415 415 415 380 379 423 424 425 378 379 338 415 416 417 390 391 427 427 427 427 427 427 727 427 427 427 427 427 378 379 402 328 332 423 424 425 427 427 427 427 427 427 378 379 402 403
1844 1988 1855 2000 2060 1920 2072 1931 2446 2072 1931 383 384 393 393 427 427 427 427 424 424 424 424 424 573 574 575 576 577 577 577 578 387 386 338 423 419 420 421 396 397 398 399 415 392 397 427 427 427 489 485 427 427 392 398 415 415 380 385 387 388 383 384 385 386 419 420 421 396 397 398 427 427 427 427 727 427 427 427 427 427 425 378 379 386 334 338 387 388 383 427 435 435 427 435 427 384 385 406 407
1987 1854 1999 1865 2011 2071 1930 2083 1941 1930 2083 425 378 399 399 427 427 427 471 427 427 427 427 427 427 427 427 427 427 427 427 427 427 427 427 427 427 427 427 427 427 427 427 427 427 427 427 427 427 427 427 427 427 394 380 415 415 380 391 392 393 394 389 390 332 423 424 425 378 379 402 383 427 427 427 427 427 427 427 427 388 383 384 385 332 350 386 399 424 425 427 427 435 427 427 427 416 417 396 397
1853 1998 1864 2010 1875 2022 2082 1940 2094 1951 2452 383 384 387 387 427 427 427 427 471 427 427 427 427 427 427 427 427 473 427 427 427 427 427 427 482 482 427 427 427 427 427 427 427 427 482 427 427 482 427 427 427 427 415 386 415 415 380 415 416 417 390 391 392 399 423 424 425 378 379 386 425 427 427 427 427 427 427 427 427 390 391 392 346 338 415 416 421 388 383 427 427 427 427 427 427 420 421 378 379
1997 1863 2009 1874 2021 1885 2033 2093 1950 2105 2057 425 378 402 402 427 427 427 427 427 427 427 427 427 427 427 473 471 427 427 427 427 476 427 427 427 427 427 427 427 427 427 427 482 427 427 427 482 427 482 427 427 427 427 427 427 427 427 427 427 427 427 427 427 427 735 427 427 427 427 427 427 427 427 427 427 427 427 735 427 396 397 398 396 386 419 420 425 417 390 427 427 435 427 435 427 424 425 384 385
1862 2008 1873 2020 1884 2032 1895 2044 1906 2056 1917 383 384 400 400 383 384 338 427 471 427 427 427 471 427 471 427 427 427 427 472 427 427 427 476 427 427 427 482 427 481 482 427 482 427 427 427 482 427 427 427 427 427 482 427 427 427 427 427 427 427 427 427 427 427 427 427 427 427 427 735 427 427 427 427 735 427 427 427 427 378 379 402 328 332 423 424 389 425 378 427 427 427 427 427 427 394 389 390 391
2007 1872 2019 1883 2031 1894 2043 1905 2055 1916 2067 424 425 378 379 399 423 424 427 427 427 471 427 471 427 427 474 427 427 427 427 427 472 427 427 427 477 427 427 479 427 427 482 427 427 482 427 427 427 482 427 482 427 427 427 427 427 427 427 427 427 427 427 427 727 427 427 427 427 427 427 427 427 735 427 427 427 427 427 427 427 427 427 427 427 427 427 427 427 427 427 427 427 427 427 427 390 391 392 393
1871 2018 1882 2030 1893 2042 1904 2054 1915 2066 1926 327 423 332 419 353 353 338 423 427 427 427 427 427 427 471 471 475 427 427 427 427 475 427 427 427 427 427 427 480 427 427 427 427 427 427 427 427 482 427 482 427 427 427 482 482 427 489 427 427 489 427 427 489 427 427 427 427 427 727 427 427 727 427 427 427 735 427 427 427 427 427 427 735 427 427 427 427 427 427 427 427 435 427 427 427 396 397 398 399
2017 1881 2029 1892 2041 1903 2053 1914 2065 1925 2077 340 353 338 423 332 338 332 338 423 427 427 353 338 427 427 427 427 427 427 427 427 427 427 427 427 427 427 427 479 427 427 427 427 482 427 427 427 427 427 427 427 427 427 427 427 427 427 427 427 427 427 427 427 427 427 427 427 427 427 427 427 427 427 427 427 427 427 427 735 427 427 427 427 427 427 427 427 435 427 427 427 427 435 427 427 378 379 402 403
1880 2028 1891 2040 1902 2052 1913 2064 1924 2076 1935 346 399 400 353 338 423 338 423 353 338 423 338 423 427 427 427 427 427 427 427 427 427 427 427 427 427 427 427 427 427 427 427 427 427 427 427 427 427 427 427 427 427 427 427 427 427 427 427 427 427 427 427 427 427 427 427 427 427 427 427 427 427 427 427 427 427 427 427 427 427 427 427 427 427 427 427 427 427 427 427 427 427 427 427 427 384 385 406 407
2027 1890 2039 1901 2051 1912 2063 1923 2075 1934 2087 396 387 388 333 327 328 415 380 386 387 388 419 386 353 338 423 423 423 332 338 386 387 388 383 384 338 399 400 338 399 400 415 380 386 379 418 419 420 421 391 392 393 379 418 419 420 421 378 379 380 421 396 397 398 385 387 388 383 384 385 406 387 388 383 384 385 406 407 423 424 379 418 419 420 421 378 379 380 393 394 389 379 418 419 420 421 378 379 380
2015 2038 1900 2050 1911 2062 1922 2074 1933 2086 1944 415 380 386 400 345 415 380 386 415 380 415 423 332 338 386 380 386 353 338 423 415 380 386 389 390 415 380 386 415 415 380 419 386 332 385 422 423 424 425 415 416 417 385 422 423 424 425 384 385 386 425 378 379 402 391 392 393 394 389 390 391 385 422 423 424 425 384 385 386 394 385 422 423 424 425 384 385 386 417 390 391 385 422 423 424 425 384 385 386
1879 2026 2049 1910 2061 1921 2073 1932 2085 1943 2097 380 386 415 380 386 419 386 332 419 386 419 353 338 423 332 386 332 415 380 386 419 386 415 380 386 419 386 332 419 419 386 423 332 338 391 392 393 394 389 419 420 421 391 392 393 394 389 390 391 392 383 384 385 406 415 416 417 390 391 392 393 391 392 393 394 389 390 391 392 390 391 392 393 394 389 390 391 392 421 396 397 391 392 393 394 389 390 391 392
2025 1889 2037 2060 1920 2072 1931 2084 1942 2096 1953 386 332 419 386 332 423 332 338 423 332 423 332 423 332 338 332 338 419 386 332 423 332 419 386 332 423 332 338 423 423 332 353 338 423 415 416 417 390 391 423 424 425 415 416 417 390 391 392 393 394 393 394 389 390 419 420 421 396 397 398 399 415 416 417 390 391 392 393 394 396 415 416 417 390 391 392 393 394 425 378 379 415 416 417 390 391 392 393 394
1888 2036 1899 2048 2071 1930 2083 1941 2095 1952 2107 332 338 423 332 338 353 338 423 353 338 353 338 353 338 423 338 423 423 332 338 353 338 423 332 338 353 338 423 353 353 338 423 419 386 419 420 421 396 397 387 388 383 419 420 421 396 397 398 399 415 417 390 391 392 423 424 425 378 379 402 403 419 420 421 396 397 398 399 415 378 419 420 421 396 397 398 399 415 383 384 385 419 420 421 396 397 398 399 415
tile 4 0 0
tile 9 56 0
tile 87 112 0
tile 327 168 0
tile 328 224 0
tile 329 280 0
tile 330 336 0
tile 331 392 0
tile 332 448 0
tile 333 504 0
tile 334 560 0
tile 337 616 0
tile 338 672 0
tile 339 728 0
tile 340 784 0
tile 343 840 0
tile 344 896 0
tile 345 952 0
tile 346 1008 0
tile 348 0 27
tile 349 56 27
tile 350 112 27
tile 353 168 27
tile 378 224 27
tile 379 280 27
tile 380 336 27
tile 381 392 27
tile 383 448 27
tile 384 504 27
tile 385 560 27
tile 386 616 27
tile 387 672 27
tile 388 728 27
tile 389 784 27
tile 390 840 27
tile 391 896 27
tile 392 952 27
tile 393 1008 27
tile 394 0 54
tile 395 56 54
tile 396 112 54
tile 397 168 54
tile 398 224 54
tile 399 280 54
tile 400 336 54
tile 402 392 54
tile 403 448 54
tile 404 504 54
tile 405 560 54
tile 406 616 54
tile 407 672 54
tile 408 728 54
tile 409 784 54
tile 410 840 54
tile 411 896 54
tile 412 952 54
tile 413 1008 54
tile 414 0 81
tile 415 56 81
tile 416 112 81
tile 417 168 81
tile 418 224 81
tile 419 280 81
tile 420 336 81
tile 421 392 81
tile 422 448 81
tile 423 504 81
tile 424 560 81
tile 425 616 81
tile 427 672 81
tile 435 728 81
tile 471 784 81
tile 472 840 81
tile 473 896 81
tile 474 952 81
tile 475 1008 81
tile 476 0 108
tile 477 56 108
tile 479 112 108
tile 480 168 108
tile 481 224 108
tile 482 280 108
tile 485 336 108
tile 489 392 108
tile 537 448 108
tile 538 504 108
tile 539 560 108
tile 540 616 108
tile 541 672 108
tile 542 728 108
tile 543 784 108
tile 544 840 108
tile 545 896 108
tile 546 952 108
tile 547 1008 108
tile 548 0 135
tile 549 56 135
tile 550 112 135
tile 551 168 135
tile 552 224 135
tile 553 280 135
tile 554 336 135
tile 555 392 135
tile 556 448 135
tile 557 504 135
tile 558 560 135
tile 559 616 135
tile 560 672 135
tile 561 728 135
tile 562 784 135
tile 563 840 135
tile 564 896 135
tile 565 952 135
tile 566 1008 135
tile 567 0 162
tile 568 56 162
tile 569 112 162
tile 570 168 162
tile 571 224 162
tile 572 280 162
tile 573 336 162
tile 574 392 162
tile 575 448 162
tile 576 504 162
tile 577 560 162
tile 578 616 162
tile 676 672 162
tile 677 728 162
tile 679 784 162
tile 682 840 162
tile 683 896 162
tile 684 952 162
tile 685 1008 162
tile 688 0 189
tile 689 56 189
tile 690 112 189
tile 691 168 189
tile 694 224 189
tile 695 280 189
tile 703 336 189
tile 727 392 189
tile 735 448 189
tile 1835 504 189
tile 1843 560 189
tile 1844 616 189
tile 1845 672 189
tile 1852 728 189
tile 1853 784 189
tile 1854 840 189
tile 1855 896 189
tile 1861 952 189
tile 1862 1008 189
tile 1863 0 216
tile 1864 56 216
tile 1865 112 216
tile 1870 168 216
tile 1871 224 216
tile 1872 280 216
tile 1873 336 216
tile 1874 392 216
tile 1875 448 216
tile 1879 504 216
tile 1880 560 216
tile 1881 616 216
tile 1882 672 216
tile 1883 728 216
tile 1884 784 216
tile 1885 840 216
tile 1888 896 216
tile 1889 952 216
tile 1890 1008 216
tile 1891 0 243
tile 1892 56 243
tile 1893 112 243
tile 1894 168 243
tile 1895 224 243
tile 1899 280 243
tile 1900 336 243
tile 1901 392 243
tile 1902 448 243
tile 1903 504 243
tile 1904 560 243
tile 1905 616 243
tile 1906 672 243
tile 1910 728 243
tile 1911 784 243
tile 1912 840 243
tile 1913 896 243
tile 1914 952 243
tile 1915 1008 243
tile 1916 0 270
tile 1917 56 270
tile 1920 112 270
tile 1921 168 270
tile 1922 224 270
tile 1923 280 270
tile 1924 336 270
tile 1925 392 270
tile 1926 448 270
tile 1928 504 270
tile 1929 560 270
tile 1930 616 270
tile 1931 672 270
tile 1932 728 270
tile 1933 784 270
tile 1934 840 270
tile 1935 896 270
tile 1938 952 270
tile 1939 1008 270
tile 1940 0 297
tile 1941 56 297
tile 1942 112 297
tile 1943 168 297
tile 1944 224 297
tile 1946 280 297
tile 1949 336 297
tile 1950 392 297
tile 1951 448 297
tile 1952 504 297
tile 1953 560 297
tile 1957 616 297
tile 1976 672 297
tile 1977 728 297
tile 1978 784 297
tile 1986 840 297
tile 1987 896 297
tile 1988 952 297
tile 1989 1008 297
tile 1996 0 324
tile 1997 56 324
tile 1998 112 324
tile 1999 168 324
tile 2000 224 324
tile 2004 280 324
tile 2006 336 324
tile 2007 392 324
tile 2008 448 324
tile 2009 504 324
tile 2010 560 324
tile 2011 616 324
tile 2015 672 324
tile 2016 728 324
tile 2017 784 324
tile 2018 840 324
tile 2019 896 324
tile 2020 952 324
tile 2021 1008 324
tile 2022 0 351
tile 2025 56 351
tile 2026 112 351
tile 2027 168 351
tile 2028 224 351
tile 2029 280 351
tile 2030 336 351
tile 2031 392 351
tile 2032 448 351
tile 2033 504 351
tile 2036 560 351
tile 2037 616 351
tile 2038 672 351
tile 2039 728 351
tile 2040 784 351
tile 2041 840 351
tile 2042 896 351
tile 2043 952 351
tile 2044 1008 351
tile 2048 0 378
tile 2049 56 378
tile 2050 112 378
tile 2051 168 378
tile 2052 224 378
tile 2053 280 378
tile 2054 336 378
tile 2055 392 378
tile 2056 448 378
tile 2057 504 378
tile 2060 560 378
tile 2061 616 378
tile 2062 672 378
tile 2063 728 378
tile 2064 784 378
tile 2065 840 378
tile 2066 896 378
tile 2067 952 378
tile 2069 1008 378
tile 2071 0 405
tile 2072 56 405
tile 2073 112 405
tile 2074 168 405
tile 2075 224 405
tile 2076 280 405
tile 2077 336 405
tile 2079 392 405
tile 2080 448 405
tile 2081 504 405
tile 2082 560 405
tile 2083 616 405
tile 2084 672 405
tile 2085 728 405
tile 2086 784 405
tile 2087 840 405
tile 2088 896 405
tile 2089 952 405
tile 2091 1008 405
tile 2092 0 432
tile 2093 56 432
tile 2094 112 432
tile 2095 168 432
tile 2096 224 432
tile 2097 280 432
tile 2100 336 432
tile 2103 392 432
tile 2105 448 432
tile 2107 504 432
tile 2112 560 432
tile 2194 616 432
tile 2196 672 432
tile 2412 728 432
tile 2413 784 432
tile 2414 840 432
tile 2415 896 432
tile 2416 952 432
tile 2417 1008 432
tile 2418 0 459
tile 2419 56 459
tile 2420 112 459
tile 2421 168 459
tile 2422 224 459
tile 2423 280 459
tile 2424 336 459
tile 2425 392 459
tile 2426 448 459
tile 2428 504 459
tile 2434 560 459
tile 2435 616 459
tile 2436 672 459
tile 2437 728 459
tile 2438 784 459
tile 2439 840 459
tile 2440 896 459
tile 2441 952 459
tile 2442 1008 459
tile 2443 0 486
tile 2444 56 486
tile 2445 112 486
tile 2446 168 486
tile 2447 224 486
tile 2448 280 486
tile 2452 336 486
tile 2770 392 486
tile 2777 448 486
tile 3828 504 486
picture 75 420 82 40 0
picture 76 392 968 41 0
picture 77 392 530 45 0
picture 78 392 484 46 0
picture 141 420 236 35 0
picture 142 392 753 43 0
picture 185 364 167 54 0
picture 186 364 221 54 0
picture 201 364 275 54 0
picture 202 364 329 54 0
picture 239 420 271 35 0
picture 240 336 0 59 0
picture 241 420 200 36 0
picture 242 392 575 45 0
picture 243 364 112 55 0
picture 244 336 929 56 0
picture 245 308 260 64 0
picture 246 420 162 38 0
picture 247 364 436 52 0
picture 248 336 118 58 0
picture 249 308 324 64 0
picture 250 336 59 59 0
picture 329 392 151 48 0
picture 330 392 199 48 0
picture 333 392 343 47 0
picture 334 392 247 48 0
picture 337 392 390 47 0
picture 338 392 437 47 0
picture 341 392 51 50 0
picture 342 336 176 58 0
picture 415 168 200 98 0
picture 416 168 298 98 0
picture 445 280 0 74 0
picture 446 252 788 77 0
picture 739 280 74 74 0
picture 740 308 388 64 0
picture 745 420 0 41 0
picture 746 392 665 44 0
picture 747 392 709 44 0
picture 748 420 41 41 0
picture 753 392 295 48 0
picture 759 308 452 62 0
picture 760 336 872 57 0
picture 787 308 514 62 0
picture 788 252 865 75 0
picture 789 336 234 58 0
picture 796 336 292 58 0
picture 797 252 940 75 0
picture 798 308 576 62 0
picture 1219 420 122 40 0
picture 1220 280 720 68 0
picture 1221 280 788 68 0
picture 2041 364 488 52 0
picture 2042 308 760 60 0
picture 2043 420 340 27 0
picture 2044 420 367 27 0
picture 2045 308 820 60 0
picture 2046 364 540 52 0
picture 2131 392 620 45 0
picture 2132 196 744 90 0
picture 2133 196 834 88 0
picture 2134 336 350 58 0
picture 2135 420 394 27 0
picture 2136 280 148 74 0
picture 2137 224 662 80 0
picture 2138 420 306 34 0
picture 2520 392 796 43 0
picture 2521 280 222 72 0
picture 2522 224 0 84 0
picture 2523 224 500 81 0
picture 2524 336 408 58 0
picture 2525 392 839 43 0
picture 2526 364 0 56 0
picture 2527 308 0 65 0
picture 2528 280 856 68 0
picture 2529 336 466 58 0
picture 2530 308 65 65 0
picture 2531 252 632 78 0
picture 2532 252 0 79 0
picture 2533 252 79 79 0
picture 2534 364 800 51 0
picture 2550 336 524 58 0
picture 2551 224 581 81 0
picture 2552 224 84 84 0
picture 2553 280 294 72 0
picture 2554 392 882 43 0
picture 2555 336 582 58 0
picture 2556 280 924 68 0
picture 2557 308 130 65 0
picture 2558 364 56 56 0
picture 2559 392 925 43 0
picture 2560 364 851 51 0
picture 2561 252 158 79 0
picture 2562 252 237 79 0
picture 2563 252 710 78 0
picture 2564 308 195 65 0
picture 2605 420 421 27 0
picture 2606 280 366 71 0
picture 2607 168 0 100 0
picture 2608 112 750 112 0
picture 2609 168 687 95 0
picture 2610 336 640 58 0
picture 2611 420 448 27 0
picture 2612 280 437 71 0
picture 2613 224 168 84 0
picture 2614 168 877 93 0
picture 2615 224 336 82 0
picture 2616 336 698 58 0
picture 2617 420 475 27 0
picture 2618 196 0 93 0
picture 2619 140 214 106 0
picture 2620 140 0 107 0
picture 2621 196 93 93 0
picture 2622 364 902 51 0
picture 2623 420 502 27 0
picture 2624 196 186 93 0
picture 2625 140 320 106 0
picture 2626 112 518 116 0
picture 2627 140 744 104 0
picture 2628 308 638 61 0
picture 2629 336 756 58 0
picture 2630 168 782 95 0
picture 2631 112 862 112 0
picture 2632 168 100 100 0
picture 2633 280 508 71 0
picture 2634 420 529 27 0
picture 2635 336 814 58 0
picture 2636 224 418 82 0
picture 2637 196 279 93 0
picture 2638 224 252 84 0
picture 2639 280 579 71 0
picture 2640 420 556 27 0
picture 2641 364 953 51 0
picture 2642 196 372 93 0
picture 2643 140 107 107 0
picture 2644 140 426 106 0
picture 2645 196 465 93 0
picture 2646 420 583 27 0
picture 2647 308 699 61 0
picture 2648 140 848 104 0
picture 2649 112 634 116 0
picture 2650 140 532 106 0
picture 2651 196 558 93 0
picture 2652 420 610 27 0
picture 2659 28 0 184 0
picture 2660 0 457 211 0
picture 2661 0 229 228 0
picture 2662 0 0 229 0
picture 2663 0 668 210 0
picture 2664 28 184 184 0
picture 2872 224 742 80 0
picture 2873 112 394 124 0
picture 2874 84 174 154 0
picture 2875 84 0 174 0
picture 2876 28 368 181 0
picture 2877 28 549 181 0
picture 2878 84 636 143 0
picture 2886 84 328 154 0
picture 2887 56 543 175 0
picture 2888 28 730 181 0
picture 2889 56 0 181 0
picture 2890 84 779 143 0
picture 2891 84 482 154 0
picture 2892 56 718 175 0
picture 2893 56 181 181 0
picture 2894 56 362 181 0
picture 2895 112 0 143 0
picture 3271 112 269 125 0
picture 3272 112 143 126 0
picture 3273 140 638 106 0
picture 3277 364 592 52 0
picture 3278 308 880 60 0
picture 3279 420 637 27 0
picture 3280 420 664 27 0
picture 3281 308 940 60 0
picture 3282 364 644 52 0
picture 3287 420 691 27 0
picture 3288 252 316 79 0
picture 3289 252 395 79 0
picture 3290 364 696 52 0
picture 3969 252 474 79 0
picture 3970 224 822 80 0
picture 3971 280 650 70 0
picture 3972 196 922 88 0
picture 3975 224 902 80 0
picture 3976 252 553 79 0
picture 3983 196 651 93 0
picture 3984 168 396 98 0
picture 3985 364 748 52 0
picture 3986 392 101 50 0
picture 3989 168 494 97 0
picture 3990 168 591 96 0
picture 3995 392 0 51 0
picture 3996 364 383 53 0
object 28 0 right 2554
object 29 0 right 2554
object 30 0 left 747
object 30 0 right 2554
object 31 0 left 747
object 31 0 right 748
object 32 0 left 747
object 32 0 right 748
object 34 0 left 747
object 34 0 right 748
object 35 0 left 747
object 35 0 right 748
object 37 0 left 747
object 37 0 right 748
object 38 0 left 747
object 38 0 right 748
object 39 0 left 747
object 39 0 right 748
object 41 0 left 747
object 41 0 right 748
object 43 0 left 747
object 43 0 right 748
object 44 0 left 747
object 44 0 right 748
object 46 0 left 747
object 46 0 right 748
object 48 0 left 747
object 48 0 right 748
object 49 0 left 341
object 49 0 right 342
object 50 0 left 747
object 50 0 right 748
object 51 0 left 759
object 51 0 right 760
object 52 0 left 333
object 52 0 right 334
object 53 0 left 747
object 53 0 right 748
object 55 0 left 747
object 55 0 right 3273
object 56 0 left 747
object 57 0 left 747
object 57 0 right 748
object 58 0 right 748
object 59 0 right 748
object 60 0 left 747
object 60 0 right 748
object 61 0 right 748
object 62 0 left 747
object 62 0 right 3273
object 63 0 left 747
object 63 0 right 748
object 64 0 left 747
object 64 0 right 748
object 65 0 left 747
object 65 0 right 3273
object 82 0 right 2134
object 6 1 right 2646
object 28 1 right 2553
object 29 1 right 2553
object 30 1 left 747
object 30 1 right 2553
object 31 1 left 747
object 31 1 right 3273
object 32 1 left 747
object 32 1 right 748
object 33 1 left 747
object 33 1 right 748
object 35 1 left 747
object 35 1 right 748
object 36 1 left 747
object 36 1 right 748
object 38 1 left 747
object 38 1 right 748
object 40 1 left 747
object 40 1 right 748
object 41 1 left 747
object 41 1 right 748
object 42 1 left 747
object 42 1 right 748
object 43 1 left 747
object 43 1 right 748
object 46 1 left 747
object 46 1 right 748
object 47 1 left 747
object 47 1 right 748
object 49 1 left 747
object 49 1 right 748
object 50 1 left 747
object 50 1 right 748
object 51 1 left 747
object 51 1 right 748
object 52 1 left 747
object 52 1 right 748
object 53 1 left 747
object 53 1 right 748
object 55 1 left 3271
object 55 1 right 3272
object 56 1 left 747
object 56 1 right 748
object 57 1 left 747
object 58 1 left 747
object 58 1 right 748
object 59 1 left 747
object 59 1 right 748
object 60 1 left 747
object 60 1 right 748
object 61 1 left 747
object 61 1 right 748
object 62 1 left 3271
object 62 1 right 3272
object 64 1 left 75
object 64 1 right 76
object 65 1 left 3271
object 65 1 right 3272
object 66 1 left 747
object 66 1 right 748
object 81 1 left 2131
object 82 1 left 2132
object 82 1 right 2133
object 6 2 right 2645
object 28 2 right 2552
object 29 2 right 2552
object 30 2 left 747
object 30 2 right 2552
object 31 2 left 3271
object 31 2 right 3272
object 32 2 left 747
object 32 2 right 748
object 34 2 left 747
object 34 2 right 748
object 35 2 left 747
object 35 2 right 748
object 36 2 left 747
object 36 2 right 748
object 37 2 left 747
object 37 2 right 748
object 38 2 left 747
object 38 2 right 748
object 39 2 left 747
object 39 2 right 748
object 40 2 left 747
object 40 2 right 748
object 41 2 left 747
object 41 2 right 748
object 43 2 left 747
object 43 2 right 748
object 44 2 left 747
object 44 2 right 748
object 45 2 left 747
object 45 2 right 748
object 46 2 left 747
object 46 2 right 748
object 47 2 left 747
object 47 2 right 748
object 48 2 left 747
object 48 2 right 748
object 49 2 left 747
object 49 2 right 748
object 50 2 left 747
object 50 2 right 748
object 53 2 left 747
object 53 2 right 748
object 54 2 left 747
object 54 2 right 748
object 56 2 left 747
object 56 2 right 748
object 57 2 left 747
object 57 2 right 748
object 58 2 left 747
object 58 2 right 748
object 59 2 left 747
object 59 2 right 748
object 62 2 right 748
object 63 2 left 747
object 63 2 right 748
object 64 2 left 747
object 64 2 right 748
object 65 2 left 747
object 65 2 right 748
object 66 2 left 2521
object 67 2 left 2522
object 68 2 left 2523
object 68 2 right 2524
object 6 3 right 2644
object 28 3 left 2550
object 28 3 right 2551
object 29 3 left 2550
object 29 3 right 2554
object 30 3 left 2550
object 30 3 right 2551
object 31 3 left 747
object 31 3 right 748
object 32 3 left 747
object 32 3 right 748
object 33 3 left 747
object 33 3 right 748
object 34 3 left 747
object 34 3 right 748
object 35 3 left 747
object 35 3 right 748
object 36 3 left 747
object 36 3 right 748
object 37 3 left 747
object 37 3 right 748
object 38 3 left 747
object 38 3 right 748
object 39 3 left 747
object 39 3 right 3282
object 40 3 left 747
object 40 3 right 748
object 41 3 left 747
object 41 3 right 748
object 42 3 left 747
object 42 3 right 748
object 43 3 left 747
object 43 3 right 748
object 44 3 left 747
object 44 3 right 748
object 45 3 left 747
object 45 3 right 748
object 46 3 left 747
object 46 3 right 748
object 47 3 left 747
object 47 3 right 748
object 48 3 left 747
object 48 3 right 748
object 49 3 left 747
object 49 3 right 748
object 50 3 left 747
object 50 3 right 748
object 51 3 left 747
object 51 3 right 748
object 52 3 left 747
object 52 3 right 748
object 53 3 left 747
object 53 3 right 748
object 54 3 left 747
object 54 3 right 748
object 55 3 left 747
object 55 3 right 748
object 56 3 left 747
object 56 3 right 748
object 57 3 left 747
object 57 3 right 748
object 58 3 left 747
object 58 3 right 748
object 59 3 left 747
object 59 3 right 748
object 63 3 left 747
object 63 3 right 748
object 65 3 left 747
object 65 3 right 748
object 66 3 left 2521
object 67 3 left 2522
object 68 3 left 2523
object 68 3 right 2524
object 69 3 left 2520
object 70 3 left 2521
object 71 3 left 2522
object 72 3 left 2523
object 72 3 right 2524
object 73 3 left 2520
object 74 3 left 2521
object 75 3 left 2522
object 76 3 left 2522
object 77 3 left 2522
object 78 3 left 2523
object 78 3 right 2524
object 79 3 left 2525
object 79 3 right 748
object 80 3 left 2526
object 80 3 right 748
object 81 3 left 2527
object 5 4 left 2641
object 6 4 left 2642
object 6 4 right 2643
object 29 4 right 2553
object 30 4 left 747
object 30 4 right 3273
object 31 4 left 747
object 31 4 right 748
object 32 4 left 747
object 32 4 right 748
object 33 4 left 747
object 33 4 right 748
object 38 4 right 2610
object 41 4 right 2553
object 42 4 left 747
object 42 4 right 2554
object 43 4 left 747
object 43 4 right 748
object 44 4 left 747
object 44 4 right 748
object 45 4 left 747
object 45 4 right 748
object 47 4 left 747
object 47 4 right 748
object 48 4 left 747
object 48 4 right 748
object 50 4 right 2652
object 54 4 right 2610
object 58 4 right 2610
object 59 4 right 3282
object 60 4 left 747
object 60 4 right 748
object 61 4 left 747
object 61 4 right 748
object 65 4 left 747
object 65 4 right 748
object 67 4 left 747
object 67 4 right 748
object 68 4 left 747
object 68 4 right 748
object 69 4 left 747
object 69 4 right 748
object 70 4 left 747
object 70 4 right 748
object 71 4 left 747
object 71 4 right 748
object 72 4 left 2520
object 72 4 right 748
object 73 4 left 2521
object 73 4 right 748
object 74 4 left 2522
object 74 4 right 748
object 75 4 left 2523
object 75 4 right 2524
object 76 4 left 2523
object 76 4 right 2524
object 77 4 left 747
object 77 4 right 748
object 78 4 left 75
object 78 4 right 76
object 79 4 left 747
object 79 4 right 748
object 80 4 left 2525
object 80 4 right 748
object 81 4 left 2526
object 81 4 right 748
object 82 4 left 2527
object 82 4 right 748
object 83 4 left 2528
object 83 4 right 2529
object 6 5 right 2645
object 17 5 left 2520
object 18 5 left 2521
object 19 5 left 2522
object 20 5 left 2523
object 20 5 right 2524
object 29 5 right 2552
object 30 5 left 3271
object 30 5 right 3272
object 31 5 left 747
object 31 5 right 748
object 32 5 left 747
object 32 5 right 748
object 33 5 left 747
object 33 5 right 748
object 35 5 left 2605
object 35 5 right 2134
object 36 5 left 2606
object 37 5 left 2607
object 38 5 left 2608
object 38 5 right 2609
object 39 5 left 2605
object 40 5 left 2607
object 41 5 left 2608
object 41 5 right 2609
object 42 5 right 2553
object 43 5 left 747
object 43 5 right 748
object 44 5 left 747
object 44 5 right 748
object 45 5 left 747
object 45 5 right 748
object 47 5 left 747
object 47 5 right 748
object 48 5 left 747
object 48 5 right 748
object 50 5 right 2651
object 51 5 left 2607
object 52 5 left 2608
object 52 5 right 2609
object 53 5 left 2607
object 54 5 left 2608
object 54 5 right 2609
object 55 5 left 2605
object 56 5 left 2606
object 57 5 left 2607
object 58 5 left 2608
object 58 5 right 2609
object 59 5 left 3280
object 59 5 right 3281
object 60 5 left 747
object 60 5 right 3282
object 61 5 left 747
object 61 5 right 748
object 62 5 left 747
object 62 5 right 748
object 63 5 left 747
object 63 5 right 748
object 66 5 left 747
object 66 5 right 748
object 68 5 left 747
object 68 5 right 748
object 69 5 right 748
object 70 5 left 747
object 70 5 right 748
object 71 5 left 747
object 71 5 right 748
object 72 5 left 747
object 72 5 right 748
object 73 5 left 747
object 73 5 right 748
object 74 5 left 747
object 74 5 right 748
object 75 5 left 747
object 75 5 right 748
object 76 5 left 747
object 76 5 right 748
object 77 5 left 747
object 77 5 right 748
object 78 5 left 747
object 78 5 right 748
object 79 5 left 747
object 79 5 right 748
object 80 5 left 747
object 80 5 right 748
object 81 5 left 747
object 81 5 right 748
object 82 5 left 2525
object 82 5 right 748
object 83 5 left 2526
object 83 5 right 748
object 84 5 left 2522
object 85 5 left 2523
object 85 5 right 2524
object 86 5 left 2520
object 87 5 left 2521
object 88 5 left 2522
object 89 5 left 2523
object 89 5 right 2524
object 6 6 right 2644
object 13 6 left 747
object 13 6 right 2554
object 14 6 left 2520
object 14 6 right 748
object 15 6 left 2521
object 15 6 right 748
object 16 6 left 2522
object 16 6 right 748
object 17 6 left 2523
object 17 6 right 2524
object 18 6 left 747
object 18 6 right 748
object 19 6 left 747
object 19 6 right 748
object 20 6 left 747
object 20 6 right 748
object 21 6 left 2520
object 21 6 right 748
object 22 6 left 2521
object 22 6 right 748
object 23 6 left 2522
object 23 6 right 748
object 24 6 left 2523
object 24 6 right 2524
object 25 6 left 2520
object 25 6 right 748
object 26 6 left 2521
object 26 6 right 748
object 27 6 left 2522
object 27 6 right 748
object 28 6 left 2523
object 28 6 right 2524
object 29 6 left 2550
object 29 6 right 2551
object 30 6 left 747
object 30 6 right 748
object 31 6 left 747
object 31 6 right 748
object 32 6 left 747
object 32 6 right 748
object 33 6 left 747
object 33 6 right 748
object 34 6 left 2131
object 35 6 left 2132
object 35 6 right 2133
object 42 6 right 2553
object 43 6 left 747
object 43 6 right 748
object 44 6 left 747
object 44 6 right 748
object 46 6 left 747
object 46 6 right 748
object 47 6 left 747
object 47 6 right 748
object 48 6 left 747
object 48 6 right 748
object 50 6 right 2650
object 60 6 left 3280
object 60 6 right 3281
object 61 6 right 3282
object 62 6 right 3282
object 63 6 left 747
object 63 6 right 748
object 64 6 left 747
object 64 6 right 748
object 66 6 left 747
object 71 6 left 747
object 71 6 right 748
object 73 6 left 747
object 73 6 right 748
object 74 6 left 747
object 74 6 right 748
object 78 6 left 747
object 78 6 right 748
object 79 6 left 747
object 79 6 right 748
object 84 6 left 747
object 84 6 right 748
object 85 6 left 75
object 85 6 right 76
object 86 6 left 747
object 86 6 right 748
object 87 6 left 747
object 87 6 right 748
object 88 6 left 2520
object 89 6 left 2521
object 90 6 left 2522
object 91 6 left 2523
object 91 6 right 2524
object 5 7 left 2641
object 6 7 left 2642
object 6 7 right 2643
object 13 7 left 747
object 13 7 right 2553
object 14 7 left 747
object 14 7 right 748
object 15 7 left 747
object 15 7 right 748
object 16 7 left 747
object 16 7 right 748
object 17 7 left 747
object 17 7 right 748
object 18 7 left 747
object 18 7 right 748
object 19 7 left 3995
object 19 7 right 3996
object 20 7 left 747
object 20 7 right 748
object 21 7 left 747
object 21 7 right 3273
object 22 7 left 747
object 22 7 right 748
object 23 7 left 747
object 23 7 right 748
object 24 7 left 747
object 24 7 right 748
object 25 7 left 747
object 25 7 right 748
object 26 7 left 747
object 26 7 right 2664
object 27 7 left 747
object 27 7 right 748
object 28 7 left 747
object 28 7 right 748
object 29 7 left 747
object 29 7 right 3273
object 30 7 left 747
object 30 7 right 748
object 32 7 left 747
object 32 7 right 748
object 33 7 left 747
object 33 7 right 748
object 35 7 right 2651
object 42 7 right 2552
object 44 7 left 747
object 44 7 right 748
object 45 7 left 747
object 45 7 right 748
object 46 7 left 747
object 46 7 right 748
object 47 7 left 747
object 47 7 right 748
object 48 7 left 747
object 48 7 right 748
object 49 7 left 2647
object 50 7 left 2648
object 50 7 right 2649
object 61 7 left 3280
object 61 7 right 3281
object 62 7 left 3280
object 62 7 right 3281
object 63 7 left 747
object 63 7 right 3282
object 64 7 left 747
object 64 7 right 748
object 65 7 left 747
object 65 7 right 748
object 66 7 left 747
object 66 7 right 748
object 69 7 left 747
object 69 7 right 748
object 74 7 left 747
object 74 7 right 748
object 77 7 left 747
object 77 7 right 748
object 79 7 left 747
object 79 7 right 748
object 84 7 left 747
object 84 7 right 748
object 85 7 left 747
object 85 7 right 748
object 87 7 left 747
object 87 7 right 748
object 89 7 left 2520
object 90 7 left 2521
object 91 7 left 2522
object 92 7 left 2523
object 92 7 right 2524
object 94 7 right 2652
object 6 8 right 2645
object 12 8 right 2554
object 13 8 left 747
object 13 8 right 2552
object 14 8 left 747
object 14 8 right 748
object 15 8 left 747
object 15 8 right 748
object 16 8 left 747
object 16 8 right 748
object 17 8 left 747
object 17 8 right 748
object 18 8 left 747
object 18 8 right 748
object 19 8 left 747
object 19 8 right 748
object 20 8 left 747
object 20 8 right 748
object 21 8 left 3271
object 21 8 right 3272
object 22 8 left 747
object 22 8 right 748
object 23 8 left 747
object 23 8 right 748
object 24 8 left 747
object 24 8 right 748
object 25 8 right 748
object 26 8 left 747
object 26 8 right 2663
object 27 8 left 747
object 27 8 right 748
object 28 8 left 747
object 28 8 right 748
object 29 8 left 3271
object 29 8 right 3272
object 30 8 left 747
object 30 8 right 748
object 32 8 left 747
object 32 8 right 748
object 33 8 left 747
object 33 8 right 748
object 35 8 right 2650
object 42 8 left 2550
object 42 8 right 2551
object 43 8 left 747
object 43 8 right 748
object 44 8 left 747
object 44 8 right 748
object 45 8 left 747
object 45 8 right 748
object 46 8 left 747
object 46 8 right 748
object 47 8 left 747
object 47 8 right 748
object 48 8 left 747
object 48 8 right 748
object 50 8 right 2652
object 55 8 right 2134
object 63 8 left 3280
object 63 8 right 3281
object 64 8 left 747
object 64 8 right 748
object 65 8 left 747
object 65 8 right 2554
object 66 8 left 747
object 66 8 right 748
object 69 8 left 747
object 69 8 right 748
object 70 8 left 747
object 70 8 right 748
object 74 8 left 747
object 74 8 right 748
object 75 8 left 747
object 75 8 right 748
object 76 8 left 747
object 76 8 right 748
object 77 8 left 747
object 77 8 right 748
object 78 8 left 747
object 78 8 right 748
object 81 8 left 747
object 81 8 right 748
object 84 8 left 747
object 84 8 right 748
object 85 8 left 747
object 85 8 right 748
object 86 8 left 747
object 86 8 right 748
object 87 8 left 747
object 87 8 right 748
object 88 8 left 747
object 88 8 right 748
object 89 8 left 747
object 89 8 right 748
object 90 8 left 747
object 90 8 right 748
object 91 8 left 75
object 91 8 right 76
object 94 8 right 2651
object 6 9 right 2644
object 12 9 right 2553
object 13 9 left 2550
object 13 9 right 3273
object 14 9 left 747
object 14 9 right 748
object 15 9 left 747
object 15 9 right 748
object 16 9 left 747
object 16 9 right 748
object 18 9 left 747
object 18 9 right 2664
object 19 9 left 747
object 19 9 right 748
object 20 9 left 747
object 20 9 right 748
object 21 9 left 747
object 21 9 right 748
object 22 9 left 747
object 22 9 right 748
object 23 9 left 747
object 23 9 right 748
object 24 9 left 2659
object 24 9 right 748
object 25 9 left 2660
object 25 9 right 748
object 26 9 left 2661
object 26 9 right 2662
object 27 9 left 747
object 27 9 right 748
object 28 9 left 747
object 28 9 right 748
object 29 9 left 747
object 29 9 right 748
object 30 9 left 747
object 30 9 right 748
object 31 9 left 747
object 31 9 right 748
object 32 9 left 747
object 32 9 right 748
object 33 9 left 747
object 33 9 right 748
object 34 9 left 2647
object 35 9 left 2648
object 35 9 right 2649
object 42 9 right 2554
object 43 9 left 747
object 43 9 right 748
object 44 9 left 747
object 44 9 right 748
object 47 9 left 747
object 47 9 right 748
object 48 9 left 747
object 48 9 right 748
object 50 9 right 2650
object 54 9 left 2131
object 55 9 left 2132
object 55 9 right 2133
object 65 9 right 2553
object 66 9 left 747
object 66 9 right 748
object 67 9 left 747
object 67 9 right 748
object 69 9 right 748
object 74 9 left 747
object 74 9 right 748
object 75 9 left 747
object 75 9 right 748
object 76 9 left 747
object 76 9 right 748
object 77 9 left 747
object 77 9 right 748
object 79 9 left 747
object 79 9 right 748
object 81 9 left 747
object 81 9 right 748
object 82 9 left 747
object 82 9 right 748
object 87 9 left 747
object 87 9 right 748
object 88 9 left 747
object 88 9 right 748
object 90 9 left 747
object 90 9 right 748
object 91 9 left 747
object 91 9 right 748
object 92 9 left 747
object 92 9 right 748
object 94 9 right 2650
object 5 10 left 2641
object 5 10 right 748
object 6 10 left 2642
object 6 10 right 2643
object 12 10 right 2552
object 13 10 left 3271
object 13 10 right 3272
object 14 10 left 747
object 14 10 right 3273
object 15 10 left 747
object 15 10 right 748
object 17 10 right 748
object 18 10 left 747
object 18 10 right 2663
object 19 10 left 747
object 19 10 right 748
object 20 10 left 747
object 20 10 right 748
object 21 10 left 747
object 21 10 right 748
object 22 10 left 747
object 22 10 right 748
object 23 10 left 747
object 23 10 right 748
object 24 10 left 2659
object 24 10 right 748
object 27 10 left 747
object 27 10 right 748
object 28 10 left 747
object 28 10 right 748
object 29 10 left 747
object 29 10 right 748
object 30 10 left 747
object 30 10 right 748
object 32 10 left 747
object 32 10 right 748
object 33 10 left 747
object 33 10 right 748
object 34 10 right 798
object 42 10 right 2553
object 43 10 left 747
object 43 10 right 748
object 44 10 left 747
object 44 10 right 748
object 45 10 left 747
object 45 10 right 748
object 46 10 left 747
object 46 10 right 748
object 47 10 left 747
object 47 10 right 748
object 48 10 left 747
object 48 10 right 748
object 50 10 left 2648
object 50 10 right 2649
object 51 10 left 2523
object 51 10 right 2524
object 65 10 right 2552
object 66 10 left 747
object 66 10 right 3273
object 67 10 left 747
object 67 10 right 748
object 69 10 left 747
object 69 10 right 748
object 70 10 left 747
object 70 10 right 748
object 71 10 left 2647
object 71 10 right 748
object 74 10 left 747
object 74 10 right 748
object 75 10 left 747
object 75 10 right 748
object 76 10 left 747
object 76 10 right 748
object 77 10 left 747
object 77 10 right 748
object 78 10 left 747
object 78 10 right 748
object 79 10 left 747
object 79 10 right 748
object 80 10 left 747
object 80 10 right 748
object 81 10 left 747
object 81 10 right 748
object 82 10 left 747
object 82 10 right 748
object 88 10 left 747
object 88 10 right 748
object 89 10 left 747
object 89 10 right 748
object 90 10 left 747
object 90 10 right 748
object 91 10 left 747
object 91 10 right 748
object 92 10 left 747
object 92 10 right 748
object 93 10 left 2647
object 94 10 left 2648
object 94 10 right 2649
object 98 10 right 2138
object 5 11 right 748
object 6 11 right 2646
object 12 11 left 2550
object 12 11 right 2551
object 13 11 left 747
object 13 11 right 748
object 14 11 left 3271
object 14 11 right 3272
object 15 11 left 747
object 15 11 right 748
object 16 11 left 2659
object 16 11 right 748
object 17 11 left 2660
object 17 11 right 748
object 18 11 left 2661
object 18 11 right 2662
object 19 11 left 747
object 19 11 right 748
object 20 11 left 747
object 20 11 right 748
object 23 11 left 747
object 23 11 right 748
object 24 11 left 747
object 24 11 right 748
object 25 11 left 747
object 25 11 right 3273
object 26 11 left 747
object 26 11 right 748
object 27 11 left 747
object 27 11 right 748
object 28 11 left 747
object 28 11 right 748
object 30 11 left 747
object 30 11 right 748
object 31 11 left 747
object 31 11 right 748
object 33 11 left 747
object 33 11 right 748
object 34 11 left 796
object 34 11 right 797
object 35 11 left 747
object 35 11 right 748
object 37 11 right 2652
object 39 11 right 2559
object 40 11 right 2558
object 41 11 right 2553
object 42 11 left 747
object 42 11 right 748
object 43 11 left 2607
object 44 11 left 747
object 44 11 right 748
object 45 11 left 747
object 45 11 right 748
object 46 11 left 747
object 46 11 right 748
object 47 11 left 747
object 47 11 right 748
object 49 11 left 2520
object 50 11 left 2521
object 51 11 left 2522
object 52 11 left 2523
object 52 11 right 2524
object 54 11 right 2652
object 65 11 left 2550
object 65 11 right 2551
object 66 11 left 3271
object 66 11 right 3272
object 67 11 left 747
object 67 11 right 748
object 68 11 right 748
object 70 11 left 747
object 70 11 right 748
object 71 11 left 747
object 71 11 right 748
object 73 11 right 2651
object 75 11 left 747
object 75 11 right 2622
object 76 11 left 747
object 76 11 right 748
object 77 11 left 747
object 77 11 right 748
object 78 11 left 747
object 78 11 right 748
object 79 11 left 747
object 79 11 right 2622
object 80 11 left 747
object 80 11 right 748
object 81 11 left 747
object 81 11 right 748
object 82 11 left 747
object 82 11 right 748
object 85 11 left 2886
object 86 11 left 2887
object 87 11 left 2888
object 88 11 left 2889
object 88 11 right 2890
object 89 11 left 747
object 89 11 right 748
object 90 11 left 747
object 90 11 right 748
object 92 11 left 747
object 92 11 right 748
object 95 11 right 2652
object 97 11 left 2135
object 98 11 left 2136
object 98 11 right 2137
object 5 12 right 748
object 6 12 right 2645
object 13 12 left 747
object 13 12 right 2559
object 14 12 left 747
object 14 12 right 748
object 15 12 left 747
object 15 12 right 3273
object 16 12 left 747
object 16 12 right 748
object 18 12 left 747
object 18 12 right 748
object 19 12 left 747
object 19 12 right 748
object 20 12 left 747
object 20 12 right 748
object 22 12 left 747
object 22 12 right 748
object 23 12 left 747
object 23 12 right 748
object 24 12 left 747
object 24 12 right 748
object 25 12 left 3271
object 25 12 right 3272
object 26 12 left 747
object 26 12 right 748
object 27 12 left 747
object 27 12 right 748
object 29 12 left 747
object 29 12 right 748
object 31 12 left 747
object 31 12 right 748
object 32 12 left 747
object 32 12 right 748
object 33 12 left 747
object 33 12 right 748
object 34 12 left 747
object 34 12 right 748
object 35 12 left 747
object 35 12 right 748
object 37 12 right 2651
object 39 12 right 2558
object 40 12 right 2557
object 41 12 left 747
object 41 12 right 748
object 42 12 left 747
object 42 12 right 748
object 43 12 left 747
object 43 12 right 748
object 44 12 left 747
object 44 12 right 748
object 45 12 left 747
object 45 12 right 748
object 46 12 left 747
object 46 12 right 748
object 47 12 left 747
object 47 12 right 748
object 48 12 left 747
object 48 12 right 748
object 49 12 left 747
object 49 12 right 748
object 50 12 left 747
object 50 12 right 748
object 51 12 left 333
object 51 12 right 334
object 54 12 right 2651
object 65 12 right 2553
object 66 12 left 747
object 66 12 right 748
object 67 12 left 747
object 67 12 right 748
object 68 12 right 748
object 69 12 left 747
object 69 12 right 748
object 70 12 left 747
object 70 12 right 748
object 71 12 left 747
object 71 12 right 748
object 73 12 right 2650
object 74 12 left 2619
object 75 12 left 2620
object 75 12 right 2621
object 76 12 left 2617
object 77 12 left 2618
object 78 12 left 2619
object 79 12 left 2620
object 79 12 right 2621
object 80 12 left 75
object 80 12 right 76
object 81 12 left 747
object 81 12 right 748
object 82 12 left 747
object 82 12 right 748
object 85 12 left 2891
object 86 12 left 2892
object 87 12 left 2893
object 88 12 left 2894
object 88 12 right 2895
object 89 12 left 3971
object 89 12 right 3972
object 90 12 left 747
object 90 12 right 748
object 91 12 left 747
object 91 12 right 748
object 92 12 left 747
object 92 12 right 748
object 95 12 right 2651
object 5 13 right 748
object 6 13 right 2644
object 13 13 left 747
object 13 13 right 2558
object 14 13 left 747
object 14 13 right 748
object 15 13 left 747
object 15 13 right 748
object 16 13 left 747
object 16 13 right 748
object 17 13 left 747
object 17 13 right 748
object 18 13 left 747
object 18 13 right 748
object 20 13 left 747
object 20 13 right 748
object 21 13 left 747
object 21 13 right 748
object 22 13 left 747
object 22 13 right 3273
object 23 13 left 747
object 23 13 right 748
object 24 13 left 3995
object 24 13 right 3996
object 25 13 left 747
object 25 13 right 748
object 26 13 left 747
object 26 13 right 748
object 27 13 left 747
object 27 13 right 748
object 28 13 left 747
object 28 13 right 748
object 29 13 left 747
object 29 13 right 748
object 30 13 left 747
object 30 13 right 748
object 31 13 left 747
object 31 13 right 748
object 33 13 left 747
object 33 13 right 748
object 34 13 left 3995
object 34 13 right 3996
object 35 13 left 747
object 35 13 right 748
object 37 13 right 2650
object 38 13 right 2559
object 39 13 right 2557
object 40 13 left 2555
object 40 13 right 2556
object 41 13 left 747
object 41 13 right 748
object 42 13 left 747
object 42 13 right 748
object 47 13 left 747
object 47 13 right 748
object 48 13 left 747
object 48 13 right 748
object 49 13 left 747
object 49 13 right 748
object 50 13 left 3985
object 50 13 right 3986
object 51 13 left 747
object 51 13 right 748
object 52 13 left 747
object 52 13 right 748
object 54 13 right 2650
object 65 13 right 2552
object 66 13 left 747
object 66 13 right 748
object 69 13 left 747
object 69 13 right 748
object 70 13 left 747
object 70 13 right 748
object 71 13 left 747
object 71 13 right 748
object 72 13 left 2647
object 73 13 left 2648
object 73 13 right 2649
object 78 13 right 2559
object 79 13 left 759
object 79 13 right 760
object 80 13 left 747
object 80 13 right 748
object 81 13 left 747
object 81 13 right 748
object 82 13 left 747
object 82 13 right 748
object 85 13 left 2891
object 86 13 left 2892
object 87 13 left 2893
object 88 13 left 2894
object 88 13 right 2895
object 89 13 left 3969
object 89 13 right 3970
object 90 13 left 747
object 90 13 right 748
object 91 13 left 75
object 91 13 right 76
object 92 13 left 747
object 92 13 right 748
object 93 13 left 747
object 93 13 right 748
object 95 13 right 2650
object 5 14 left 2641
object 6 14 left 2642
object 6 14 right 2643
object 13 14 left 747
object 13 14 right 2557
object 14 14 left 747
object 14 14 right 748
object 15 14 left 747
object 15 14 right 748
object 17 14 left 747
object 17 14 right 748
object 18 14 left 747
object 18 14 right 748
object 19 14 left 747
object 19 14 right 748
object 20 14 left 747
object 20 14 right 748
object 21 14 left 747
object 21 14 right 748
object 22 14 left 3271
object 22 14 right 3272
object 23 14 left 747
object 23 14 right 748
object 24 14 left 747
object 24 14 right 748
object 25 14 left 747
object 25 14 right 748
object 26 14 left 747
object 26 14 right 748
object 27 14 left 747
object 27 14 right 748
object 28 14 left 747
object 28 14 right 748
object 29 14 left 239
object 29 14 right 240
object 30 14 left 747
object 30 14 right 748
object 31 14 left 747
object 31 14 right 748
object 32 14 left 747
object 32 14 right 748
object 33 14 left 747
object 33 14 right 748
object 34 14 left 747
object 34 14 right 748
object 35 14 left 245
object 35 14 right 246
object 36 14 left 2647
object 37 14 left 2648
object 37 14 right 2649
object 38 14 right 2558
object 39 14 left 2555
object 39 14 right 2556
object 40 14 left 333
object 40 14 right 334
object 41 14 left 747
object 41 14 right 748
object 42 14 left 747
object 42 14 right 748
object 48 14 left 747
object 48 14 right 748
object 49 14 left 747
object 49 14 right 748
object 50 14 left 747
object 50 14 right 748
object 51 14 left 747
object 51 14 right 748
object 52 14 left 747
object 52 14 right 748
object 53 14 left 2647
object 54 14 left 2648
object 54 14 right 2649
object 65 14 left 2550
object 65 14 right 2551
object 66 14 left 747
object 66 14 right 748
object 68 14 left 747
object 68 14 right 748
object 70 14 left 747
object 70 14 right 748
object 71 14 left 747
object 71 14 right 748
object 73 14 right 2652
object 78 14 right 2558
object 79 14 left 747
object 79 14 right 748
object 80 14 left 747
object 80 14 right 748
object 81 14 left 747
object 81 14 right 748
object 82 14 left 747
object 82 14 right 748
object 85 14 left 2891
object 86 14 left 2892
object 87 14 left 2893
object 88 14 left 2894
object 88 14 right 2895
object 89 14 left 747
object 89 14 right 748
object 90 14 left 747
object 90 14 right 748
object 91 14 left 747
object 91 14 right 748
object 92 14 left 747
object 92 14 right 748
object 93 14 left 747
object 93 14 right 3273
object 94 14 left 2647
object 95 14 left 2648
object 95 14 right 2649
object 96 14 right 2652
object 6 15 right 2646
object 13 15 left 2555
object 13 15 right 2556
object 14 15 left 747
object 14 15 right 748
object 16 15 left 747
object 16 15 right 748
object 17 15 left 747
object 17 15 right 748
object 18 15 left 747
object 18 15 right 748
object 19 15 left 747
object 19 15 right 748
object 20 15 left 747
object 20 15 right 2616
object 21 15 left 747
object 21 15 right 748
object 22 15 left 747
object 22 15 right 748
object 23 15 left 747
object 23 15 right 748
object 24 15 left 747
object 24 15 right 2616
object 25 15 left 747
object 25 15 right 748
object 26 15 left 747
object 26 15 right 748
object 27 15 left 747
object 27 15 right 748
object 28 15 left 747
object 28 15 right 2616
object 29 15 left 241
object 29 15 right 242
object 35 15 left 247
object 35 15 right 248
object 38 15 right 2557
object 39 15 left 759
object 39 15 right 760
object 40 15 left 747
object 40 15 right 748
object 41 15 left 747
object 41 15 right 748
object 42 15 left 747
object 42 15 right 748
object 45 15 left 2886
object 46 15 left 2887
object 47 15 left 2888
object 48 15 left 2889
object 48 15 right 2890
object 49 15 left 747
object 49 15 right 748
object 50 15 left 747
object 50 15 right 748
object 51 15 left 747
object 51 15 right 748
object 52 15 left 747
object 52 15 right 748
object 55 15 right 2652
object 65 15 right 2554
object 66 15 left 747
object 66 15 right 748
object 67 15 left 747
object 67 15 right 748
object 68 15 right 748
object 70 15 left 747
object 70 15 right 748
object 71 15 left 747
object 71 15 right 748
object 73 15 right 2651
object 78 15 right 2557
object 79 15 left 759
object 79 15 right 760
object 80 15 left 747
object 80 15 right 748
object 81 15 left 747
object 81 15 right 3273
object 82 15 left 747
object 82 15 right 748
object 85 15 left 2891
object 86 15 left 2892
object 87 15 left 2893
object 88 15 left 2894
object 88 15 right 2895
object 89 15 left 3971
object 89 15 right 3972
object 90 15 left 747
object 90 15 right 748
object 91 15 left 747
object 91 15 right 748
object 92 15 left 747
object 92 15 right 748
object 93 15 left 3271
object 93 15 right 3272
object 96 15 right 2651
object 6 16 right 2645
object 13 16 left 747
object 13 16 right 2554
object 14 16 left 747
object 14 16 right 748
object 16 16 left 747
object 16 16 right 748
object 17 16 left 747
object 17 16 right 748
object 18 16 left 2612
object 19 16 left 2613
object 20 16 left 2614
object 20 16 right 2615
object 21 16 left 2611
object 22 16 left 2612
object 23 16 left 2613
object 24 16 left 2614
object 24 16 right 2615
object 25 16 left 2611
object 26 16 left 2612
object 27 16 left 2613
object 28 16 left 2614
object 28 16 right 2615
object 29 16 left 241
object 29 16 right 242
object 35 16 left 247
object 35 16 right 248
object 38 16 left 2555
object 38 16 right 2556
object 39 16 left 747
object 39 16 right 748
object 40 16 left 747
object 40 16 right 748
object 41 16 left 747
object 41 16 right 748
object 42 16 left 747
object 42 16 right 748
object 45 16 left 2891
object 46 16 left 2892
object 47 16 left 2893
object 48 16 left 2894
object 48 16 right 2895
object 49 16 left 3995
object 49 16 right 3996
object 50 16 left 747
object 50 16 right 748
object 51 16 left 747
object 51 16 right 798
object 52 16 left 747
object 52 16 right 748
object 55 16 right 2651
object 65 16 right 2553
object 66 16 left 747
object 66 16 right 748
object 67 16 left 747
object 67 16 right 748
object 69 16 left 747
object 69 16 right 748
object 70 16 left 747
object 70 16 right 748
object 71 16 left 747
object 71 16 right 748
object 73 16 right 2650
object 78 16 left 2555
object 78 16 right 2556
object 79 16 right 2559
object 80 16 left 747
object 80 16 right 748
object 81 16 left 3271
object 81 16 right 3272
object 82 16 left 747
object 82 16 right 748
object 83 16 left 2872
object 84 16 left 2873
object 85 16 left 2874
object 86 16 left 2875
object 87 16 left 2876
object 88 16 left 2877
object 88 16 right 2878
object 89 16 left 3969
object 89 16 right 3970
object 90 16 left 747
object 90 16 right 748
object 91 16 left 747
object 91 16 right 748
object 92 16 left 415
object 92 16 right 416
object 93 16 left 747
object 93 16 right 748
object 96 16 right 2650
object 6 17 right 2644
object 13 17 left 747
object 13 17 right 2553
object 15 17 left 747
object 15 17 right 748
object 16 17 left 747
object 16 17 right 748
object 18 17 right 2651
object 29 17 left 241
object 29 17 right 242
object 35 17 left 247
object 35 17 right 248
object 38 17 right 2559
object 39 17 left 759
object 39 17 right 760
object 40 17 left 747
object 40 17 right 748
object 41 17 left 747
object 41 17 right 748
object 42 17 left 747
object 42 17 right 748
object 45 17 left 2891
object 46 17 left 2892
object 47 17 left 2893
object 48 17 left 2894
object 48 17 right 2895
object 49 17 left 747
object 49 17 right 748
object 50 17 left 747
object 50 17 right 748
object 51 17 left 796
object 51 17 right 797
object 52 17 left 747
object 52 17 right 748
object 53 17 left 747
object 53 17 right 748
object 55 17 right 2650
object 65 17 right 2552
object 67 17 left 747
object 67 17 right 748
object 68 17 right 748
object 69 17 left 747
object 69 17 right 748
object 70 17 left 747
object 70 17 right 748
object 71 17 left 747
object 71 17 right 748
object 72 17 left 2647
object 73 17 left 2648
object 73 17 right 2649
object 79 17 right 2558
object 80 17 left 759
object 80 17 right 760
object 81 17 left 747
object 81 17 right 748
object 82 17 left 747
object 82 17 right 748
object 83 17 left 747
object 83 17 right 748
object 84 17 left 3975
object 84 17 right 3976
object 85 17 left 747
object 85 17 right 748
object 87 17 left 747
object 87 17 right 748
object 88 17 left 739
object 88 17 right 740
object 89 17 left 747
object 89 17 right 748
object 90 17 left 747
object 90 17 right 748
object 91 17 left 747
object 91 17 right 748
object 92 17 left 747
object 92 17 right 748
object 95 17 left 2647
object 96 17 left 2648
object 96 17 right 2649
object 5 18 left 2641
object 6 18 left 2642
object 6 18 right 2643
object 13 18 left 747
object 13 18 right 2552
object 15 18 left 747
object 15 18 right 748
object 16 18 left 747
object 16 18 right 748
object 18 18 right 2650
object 25 18 right 2610
object 29 18 left 241
object 29 18 right 242
object 35 18 left 247
object 35 18 right 248
object 38 18 right 2558
object 39 18 left 747
object 39 18 right 748
object 40 18 left 747
object 40 18 right 748
object 41 18 left 747
object 41 18 right 748
object 42 18 left 747
object 42 18 right 748
object 45 18 left 2891
object 46 18 left 2892
object 47 18 left 2893
object 48 18 left 2894
object 48 18 right 2895
object 49 18 left 3985
object 49 18 right 3986
object 50 18 left 747
object 50 18 right 748
object 51 18 left 747
object 51 18 right 748
object 52 18 left 747
object 52 18 right 748
object 53 18 left 747
object 53 18 right 748
object 54 18 left 2647
object 55 18 left 2648
object 55 18 right 2649
object 56 18 right 2652
object 65 18 left 2550
object 65 18 right 2551
object 66 18 left 747
object 66 18 right 748
object 67 18 left 747
object 67 18 right 748
object 68 18 left 747
object 68 18 right 748
object 69 18 left 747
object 69 18 right 748
object 70 18 left 747
object 70 18 right 748
object 71 18 left 747
object 71 18 right 748
object 73 18 right 2652
object 79 18 right 2557
object 80 18 right 2559
object 81 18 left 759
object 81 18 right 760
object 82 18 left 747
object 82 18 right 748
object 83 18 left 747
object 83 18 right 748
object 84 18 left 747
object 84 18 right 748
object 87 18 left 747
object 87 18 right 748
object 88 18 left 747
object 88 18 right 748
object 89 18 left 747
object 89 18 right 748
object 90 18 left 747
object 90 18 right 748
object 91 18 left 747
object 91 18 right 748
object 92 18 left 747
object 92 18 right 748
object 95 18 right 2652
object 6 19 right 2639
object 13 19 left 2550
object 13 19 right 2551
object 14 19 left 747
object 14 19 right 748
object 17 19 left 2647
object 18 19 left 2648
object 18 19 right 2649
object 19 19 right 2652
object 22 19 left 2605
object 23 19 left 2606
object 24 19 left 2607
object 25 19 left 2608
object 25 19 right 2609
object 29 19 left 241
object 29 19 right 242
object 35 19 left 247
object 35 19 right 248
object 38 19 right 2557
object 39 19 left 759
object 39 19 right 760
object 40 19 left 3995
object 40 19 right 3996
object 41 19 left 747
object 41 19 right 748
object 42 19 left 747
object 42 19 right 748
object 45 19 left 2891
object 46 19 left 2892
object 47 19 left 2893
object 48 19 left 2894
object 48 19 right 2895
object 49 19 left 3995
object 49 19 right 3996
object 50 19 left 747
object 50 19 right 748
object 51 19 left 747
object 51 19 right 748
object 52 19 left 3995
object 52 19 right 3996
object 53 19 left 747
object 53 19 right 748
object 56 19 right 2651
object 65 19 right 2554
object 66 19 left 747
object 66 19 right 748
object 67 19 left 747
object 67 19 right 748
object 70 19 left 747
object 70 19 right 748
object 71 19 left 747
object 71 19 right 748
object 73 19 right 2651
object 79 19 left 2555
object 79 19 right 2556
object 80 19 right 2558
object 81 19 right 2559
object 82 19 left 747
object 82 19 right 748
object 83 19 left 747
object 83 19 right 748
object 84 19 left 747
object 84 19 right 748
object 88 19 left 747
object 88 19 right 748
object 89 19 left 747
object 89 19 right 748
object 90 19 left 747
object 90 19 right 748
object 91 19 left 75
object 91 19 right 76
object 92 19 left 747
object 92 19 right 748
object 95 19 right 2651
object 6 20 right 2638
object 13 20 left 747
object 13 20 right 2554
object 14 20 left 747
object 14 20 right 748
object 15 20 left 747
object 15 20 right 748
object 16 20 left 747
object 16 20 right 748
object 19 20 right 2645
object 29 20 left 241
object 29 20 right 242
object 35 20 left 247
object 35 20 right 248
object 38 20 left 2555
object 38 20 right 2556
object 39 20 right 2559
object 40 20 left 747
object 40 20 right 748
object 41 20 left 415
object 41 20 right 416
object 42 20 left 747
object 42 20 right 748
object 43 20 left 2872
object 44 20 left 2873
object 45 20 left 2874
object 46 20 left 2875
object 47 20 left 2876
object 48 20 left 2877
object 48 20 right 2878
object 49 20 left 3985
object 49 20 right 3986
object 50 20 left 747
object 50 20 right 748
object 51 20 left 747
object 51 20 right 748
object 52 20 left 747
object 52 20 right 748
object 53 20 left 333
object 53 20 right 334
object 56 20 right 2650
object 65 20 right 2553
object 66 20 left 747
object 66 20 right 748
object 67 20 left 747
object 67 20 right 748
object 68 20 left 747
object 68 20 right 748
object 69 20 left 747
object 69 20 right 748
object 70 20 left 747
object 70 20 right 748
object 71 20 left 747
object 71 20 right 748
object 73 20 right 2650
object 80 20 right 2557
object 81 20 right 2558
object 82 20 left 745
object 82 20 right 746
object 83 20 left 3989
object 83 20 right 3990
object 84 20 left 747
object 84 20 right 748
object 87 20 left 747
object 87 20 right 748
object 88 20 left 747
object 88 20 right 748
object 89 20 left 3989
object 89 20 right 3990
object 90 20 left 747
object 90 20 right 748
object 91 20 left 747
object 91 20 right 748
object 92 20 left 747
object 92 20 right 748
object 95 20 right 2650
object 5 21 left 2635
object 6 21 left 2636
object 6 21 right 2637
object 10 21 right 2559
object 11 21 left 2520
object 12 21 left 2521
object 13 21 left 2522
object 13 21 right 2553
object 14 21 left 747
object 14 21 right 748
object 15 21 left 747
object 15 21 right 748
object 16 21 left 747
object 16 21 right 748
object 19 21 right 2644
object 29 21 left 241
object 29 21 right 242
object 35 21 left 247
object 35 21 right 248
object 39 21 right 2558
object 40 21 left 759
object 40 21 right 760
object 41 21 left 747
object 41 21 right 748
object 42 21 left 747
object 42 21 right 748
object 43 21 left 747
object 43 21 right 748
object 44 21 left 3985
object 44 21 right 3986
object 45 21 left 3975
object 45 21 right 3976
object 47 21 left 747
object 47 21 right 748
object 48 21 left 739
object 48 21 right 740
object 49 21 left 747
object 49 21 right 748
object 50 21 left 747
object 50 21 right 748
object 51 21 left 747
object 51 21 right 748
object 52 21 left 747
object 52 21 right 748
object 55 21 left 2647
object 56 21 left 2648
object 56 21 right 2649
object 65 21 right 2552
object 66 21 left 747
object 66 21 right 748
object 68 21 left 747
object 68 21 right 748
object 69 21 left 747
object 69 21 right 748
object 70 21 left 747
object 70 21 right 748
object 71 21 left 747
object 71 21 right 748
object 72 21 left 2647
object 73 21 left 2648
object 73 21 right 2649
object 74 21 left 2527
object 75 21 left 2528
object 75 21 right 2529
object 80 21 left 2555
object 80 21 right 2556
object 81 21 right 2557
object 82 21 right 2559
object 83 21 left 3989
object 83 21 right 3990
object 84 21 left 747
object 84 21 right 748
object 85 21 left 747
object 85 21 right 748
object 86 21 left 747
object 86 21 right 748
object 87 21 left 747
object 87 21 right 748
object 88 21 left 747
object 88 21 right 748
object 89 21 left 747
object 89 21 right 748
object 93 21 left 75
object 93 21 right 76
object 94 21 left 2647
object 95 21 left 2648
object 95 21 right 2649
object 6 22 right 2639
object 9 22 right 2559
object 10 22 right 2558
object 11 22 left 747
object 11 22 right 748
object 12 22 left 2520
object 13 22 left 2521
object 13 22 right 2552
object 14 22 left 747
object 14 22 right 748
object 15 22 left 747
object 15 22 right 748
object 16 22 left 747
object 16 22 right 748
object 17 22 left 2520
object 18 22 left 2641
object 19 22 left 2642
object 19 22 right 2643
object 29 22 left 241
object 29 22 right 242
object 35 22 left 247
object 35 22 right 248
object 39 22 right 2557
object 40 22 right 2559
object 41 22 left 759
object 41 22 right 760
object 42 22 left 747
object 42 22 right 748
object 43 22 left 747
object 43 22 right 748
object 44 22 left 747
object 44 22 right 748
object 49 22 left 747
object 49 22 right 748
object 50 22 left 747
object 50 22 right 748
object 51 22 left 747
object 51 22 right 798
object 52 22 left 747
object 52 22 right 748
object 55 22 right 2652
object 65 22 left 2550
object 65 22 right 2551
object 66 22 left 747
object 66 22 right 748
object 67 22 left 747
object 67 22 right 748
object 68 22 left 747
object 68 22 right 748
object 69 22 left 747
object 69 22 right 748
object 70 22 left 747
object 70 22 right 748
object 71 22 left 747
object 71 22 right 748
object 72 22 left 2525
object 72 22 right 748
object 73 22 left 2526
object 73 22 right 748
object 74 22 left 2527
object 74 22 right 748
object 75 22 left 2528
object 75 22 right 2529
object 81 22 left 2555
object 81 22 right 2556
object 82 22 right 2558
object 83 22 left 747
object 83 22 right 748
object 84 22 left 747
object 84 22 right 748
object 85 22 left 747
object 85 22 right 748
object 87 22 left 747
object 87 22 right 748
object 88 22 left 747
object 88 22 right 748
object 89 22 left 3989
object 89 22 right 3990
object 92 22 right 2134
object 93 22 right 2046
object 94 22 right 2046
object 6 23 right 2638
object 8 23 right 2559
object 9 23 right 2558
object 10 23 right 2557
object 11 23 left 445
object 11 23 right 446
object 12 23 left 747
object 12 23 right 748
object 13 23 left 747
object 13 23 right 748
object 14 23 left 445
object 14 23 right 446
object 15 23 left 747
object 15 23 right 748
object 16 23 left 747
object 16 23 right 748
object 18 23 left 2520
object 19 23 left 2521
object 20 23 left 2522
object 21 23 left 2523
object 21 23 right 2524
object 23 23 right 2652
object 29 23 left 241
object 29 23 right 242
object 35 23 left 247
object 35 23 right 248
object 39 23 left 2555
object 39 23 right 2556
object 40 23 right 2558
object 41 23 right 2559
object 42 23 left 747
object 42 23 right 748
object 43 23 left 3995
object 43 23 right 3996
object 44 23 left 747
object 44 23 right 748
object 45 23 left 747
object 45 23 right 748
object 48 23 left 747
object 48 23 right 748
object 50 23 left 747
object 50 23 right 748
object 51 23 left 796
object 51 23 right 797
object 52 23 left 747
object 52 23 right 748
object 55 23 right 2651
object 65 23 right 2554
object 66 23 left 747
object 66 23 right 748
object 67 23 left 747
object 67 23 right 748
object 69 23 left 747
object 69 23 right 748
object 71 23 left 747
object 71 23 right 748
object 72 23 left 747
object 72 23 right 748
object 73 23 left 747
object 73 23 right 748
object 74 23 left 2525
object 74 23 right 748
object 75 23 left 2526
object 75 23 right 748
object 76 23 left 2527
object 77 23 left 2528
object 77 23 right 2529
object 82 23 right 2557
object 83 23 left 75
object 83 23 right 76
object 84 23 left 747
object 84 23 right 748
object 85 23 left 747
object 85 23 right 748
object 86 23 left 747
object 86 23 right 748
object 87 23 left 747
object 87 23 right 748
object 88 23 left 747
object 88 23 right 748
object 89 23 left 747
object 89 23 right 748
object 91 23 left 2131
object 92 23 left 2132
object 92 23 right 2133
object 93 23 left 2044
object 93 23 right 2045
object 94 23 left 2044
object 94 23 right 2045
object 5 24 left 2635
object 6 24 left 2636
object 6 24 right 2637
object 8 24 right 2558
object 9 24 right 2557
object 10 24 left 747
object 10 24 right 748
object 11 24 left 747
object 11 24 right 748
object 12 24 left 747
object 12 24 right 748
object 13 24 left 747
object 13 24 right 748
object 14 24 left 747
object 14 24 right 748
object 15 24 left 747
object 15 24 right 748
object 16 24 left 747
object 16 24 right 748
object 17 24 left 747
object 17 24 right 748
object 18 24 left 747
object 18 24 right 748
object 19 24 left 747
object 19 24 right 748
object 20 24 left 333
object 20 24 right 3273
object 23 24 right 2651
object 29 24 left 241
object 29 24 right 242
object 35 24 left 247
object 35 24 right 248
object 40 24 right 2557
object 41 24 right 2558
object 42 24 left 745
object 42 24 right 746
object 43 24 left 747
object 43 24 right 748
object 44 24 left 747
object 44 24 right 748
object 45 24 left 747
object 45 24 right 748
object 46 24 left 747
object 46 24 right 748
object 47 24 left 747
object 47 24 right 748
object 49 24 left 747
object 49 24 right 748
object 50 24 left 747
object 50 24 right 748
object 51 24 left 747
object 51 24 right 748
object 52 24 left 333
object 52 24 right 334
object 55 24 right 2650
object 65 24 right 2553
object 66 24 left 201
object 66 24 right 202
object 67 24 left 747
object 67 24 right 748
object 68 24 left 747
object 68 24 right 748
object 69 24 left 747
object 69 24 right 748
object 70 24 left 747
object 70 24 right 748
object 71 24 left 747
object 71 24 right 748
object 72 24 left 747
object 72 24 right 748
object 73 24 left 747
object 73 24 right 748
object 74 24 left 747
object 74 24 right 748
object 75 24 left 2525
object 75 24 right 748
object 76 24 left 2526
object 77 24 left 2527
object 78 24 left 2528
object 78 24 right 2529
object 82 24 left 2555
object 82 24 right 2556
object 83 24 left 201
object 83 24 right 202
object 84 24 left 747
object 84 24 right 748
object 85 24 left 747
object 85 24 right 748
object 87 24 left 747
object 87 24 right 748
object 88 24 left 747
object 88 24 right 748
object 89 24 left 747
object 89 24 right 748
object 91 24 left 3277
object 92 24 left 3278
object 92 24 right 3279
object 6 25 right 2640
object 7 25 right 2559
object 8 25 right 2557
object 9 25 left 2555
object 9 25 right 2556
object 10 25 left 747
object 10 25 right 748
object 11 25 left 747
object 11 25 right 748
object 16 25 left 747
object 16 25 right 748
object 17 25 left 747
object 17 25 right 748
object 18 25 left 747
object 18 25 right 748
object 19 25 left 3989
object 19 25 right 3990
object 20 25 left 3271
object 20 25 right 3272
object 21 25 left 747
object 21 25 right 748
object 23 25 right 2650
object 29 25 left 241
object 29 25 right 242
object 35 25 left 247
object 35 25 right 248
object 40 25 left 2555
object 40 25 right 2556
object 41 25 right 2557
object 42 25 right 2559
object 43 25 left 747
object 43 25 right 748
object 44 25 left 747
object 44 25 right 3273
object 45 25 left 747
object 45 25 right 748
object 47 25 left 747
object 47 25 right 748
object 48 25 left 747
object 48 25 right 748
object 49 25 left 747
object 49 25 right 748
object 53 25 left 75
object 53 25 right 76
object 54 25 left 2647
object 55 25 left 2648
object 55 25 right 2649
object 60 25 right 2134
object 65 25 right 2552
object 66 25 left 747
object 66 25 right 748
object 67 25 left 747
object 67 25 right 748
object 69 25 left 747
object 69 25 right 748
object 70 25 left 747
object 70 25 right 748
object 71 25 left 747
object 71 25 right 748
object 72 25 left 747
object 72 25 right 748
object 73 25 left 747
object 73 25 right 748
object 74 25 left 747
object 74 25 right 748
object 75 25 left 747
object 75 25 right 748
object 76 25 left 747
object 76 25 right 748
object 77 25 left 747
object 77 25 right 748
object 78 25 left 747
object 78 25 right 748
object 79 25 left 2520
object 79 25 right 748
object 80 25 left 2521
object 80 25 right 748
object 81 25 left 2522
object 81 25 right 748
object 82 25 left 2523
object 82 25 right 2524
object 83 25 left 747
object 83 25 right 748
object 84 25 left 747
object 84 25 right 748
object 85 25 left 747
object 85 25 right 748
object 86 25 left 747
object 86 25 right 748
object 87 25 left 747
object 87 25 right 748
object 88 25 left 747
object 88 25 right 748
object 89 25 left 2520
object 89 25 right 748
object 90 25 left 2521
object 91 25 left 2522
object 92 25 left 2523
object 92 25 right 2524
object 6 26 right 2639
object 7 26 right 2558
object 8 26 left 2555
object 8 26 right 2556
object 9 26 left 337
object 9 26 right 338
object 10 26 left 747
object 10 26 right 748
object 11 26 left 747
object 11 26 right 748
object 17 26 left 747
object 17 26 right 748
object 18 26 left 747
object 18 26 right 748
object 19 26 left 747
object 19 26 right 748
object 20 26 left 747
object 20 26 right 748
object 21 26 left 747
object 21 26 right 748
object 22 26 left 2647
object 23 26 left 2648
object 23 26 right 2649
object 29 26 left 241
object 29 26 right 242
object 35 26 left 247
object 35 26 right 248
object 41 26 left 2555
object 41 26 right 2556
object 42 26 right 2558
object 43 26 left 747
object 43 26 right 798
object 44 26 left 3271
object 44 26 right 3272
object 45 26 left 747
object 45 26 right 748
object 46 26 left 747
object 46 26 right 748
object 47 26 left 747
object 47 26 right 748
object 48 26 left 747
object 48 26 right 748
object 49 26 left 747
object 49 26 right 748
object 52 26 right 2134
object 53 26 right 2046
object 54 26 right 2046
object 59 26 left 2131
object 60 26 left 2132
object 60 26 right 2133
object 65 26 left 2550
object 65 26 right 2551
object 66 26 left 747
object 66 26 right 748
object 67 26 left 747
object 67 26 right 748
object 68 26 left 747
object 68 26 right 748
object 69 26 left 747
object 69 26 right 748
object 70 26 left 747
object 70 26 right 748
object 71 26 left 75
object 71 26 right 76
object 72 26 left 747
object 72 26 right 748
object 73 26 left 747
object 73 26 right 748
object 75 26 left 747
object 75 26 right 748
object 77 26 left 747
object 77 26 right 748
object 78 26 left 747
object 78 26 right 748
object 79 26 left 747
object 79 26 right 748
object 80 26 left 747
object 80 26 right 748
object 81 26 left 747
object 81 26 right 748
object 82 26 left 747
object 82 26 right 748
object 83 26 left 747
object 83 26 right 748
object 84 26 left 747
object 84 26 right 748
object 85 26 left 747
object 85 26 right 748
object 87 26 left 747
object 87 26 right 748
object 88 26 left 747
object 88 26 right 748
object 89 26 left 747
object 89 26 right 748
object 90 26 left 2520
object 91 26 left 2521
object 92 26 left 2522
object 93 26 left 2523
object 93 26 right 2524
object 6 27 right 2638
object 7 27 right 2557
object 8 27 left 759
object 8 27 right 760
object 9 27 left 445
object 9 27 right 446
object 10 27 left 747
object 10 27 right 748
object 11 27 left 747
object 11 27 right 748
object 14 27 left 2886
object 15 27 left 2887
object 16 27 left 2888
object 17 27 left 2889
object 17 27 right 2890
object 18 27 left 747
object 18 27 right 748
object 19 27 left 747
object 19 27 right 748
object 20 27 left 341
object 20 27 right 342
object 21 27 left 747
object 21 27 right 748
object 24 27 right 2652
object 29 27 left 243
object 29 27 right 244
object 35 27 left 249
object 35 27 right 250
object 42 27 right 2557
object 43 27 left 796
object 43 27 right 797
object 44 27 left 201
object 44 27 right 202
object 45 27 left 747
object 45 27 right 748
object 46 27 left 747
object 46 27 right 748
object 47 27 left 747
object 47 27 right 748
object 48 27 left 747
object 48 27 right 748
object 49 27 left 747
object 49 27 right 798
object 51 27 left 2131
object 52 27 left 2132
object 52 27 right 2133
object 53 27 left 2044
object 53 27 right 2045
object 54 27 left 2044
object 54 27 right 2045
object 65 27 right 2554
object 66 27 left 747
object 66 27 right 3273
object 67 27 left 747
object 67 27 right 748
object 68 27 left 747
object 68 27 right 748
object 70 27 left 747
object 70 27 right 748
object 71 27 left 747
object 71 27 right 748
object 73 27 left 747
object 73 27 right 748
object 74 27 left 747
object 74 27 right 748
object 77 27 left 747
object 77 27 right 748
object 79 27 left 747
object 79 27 right 748
object 80 27 left 747
object 80 27 right 748
object 82 27 left 747
object 82 27 right 748
object 83 27 left 747
object 83 27 right 748
object 84 27 left 747
object 84 27 right 748
object 85 27 left 747
object 85 27 right 748
object 86 27 left 747
object 86 27 right 748
object 87 27 left 747
object 87 27 right 748
object 88 27 left 747
object 88 27 right 748
object 89 27 left 747
object 89 27 right 748
object 90 27 left 2520
object 91 27 left 2521
object 92 27 left 2522
object 93 27 left 2523
object 93 27 right 2524
object 5 28 left 2635
object 6 28 left 2636
object 6 28 right 2637
object 7 28 left 2555
object 7 28 right 2556
object 8 28 left 747
object 8 28 right 748
object 9 28 left 747
object 9 28 right 748
object 10 28 left 747
object 10 28 right 748
object 11 28 left 747
object 11 28 right 748
object 14 28 left 2891
object 15 28 left 2892
object 16 28 left 2893
object 17 28 left 2894
object 17 28 right 2895
object 18 28 left 747
object 18 28 right 748
object 19 28 left 747
object 19 28 right 748
object 20 28 left 747
object 20 28 right 748
object 21 28 left 747
object 21 28 right 748
object 24 28 right 2651
object 29 28 right 2554
object 30 28 left 747
object 30 28 right 748
object 31 28 left 747
object 31 28 right 748
object 32 28 left 747
object 32 28 right 748
object 33 28 left 747
object 33 28 right 748
object 34 28 left 747
object 34 28 right 748
object 35 28 left 747
object 35 28 right 748
object 36 28 left 747
object 36 28 right 798
object 37 28 left 2528
object 37 28 right 2529
object 38 28 left 2525
object 39 28 left 2526
object 40 28 left 2527
object 41 28 left 2528
object 41 28 right 2529
object 42 28 left 2555
object 42 28 right 2556
object 43 28 left 747
object 43 28 right 748
object 44 28 left 747
object 44 28 right 748
object 46 28 left 747
object 46 28 right 748
object 47 28 left 747
object 47 28 right 748
object 48 28 left 747
object 48 28 right 748
object 49 28 left 796
object 49 28 right 797
object 51 28 left 3277
object 52 28 left 3278
object 52 28 right 3279
object 65 28 right 2553
object 66 28 left 3271
object 66 28 right 3272
object 67 28 left 747
object 67 28 right 748
object 68 28 left 747
object 68 28 right 748
object 69 28 left 747
object 69 28 right 748
object 71 28 left 747
object 71 28 right 748
object 72 28 left 747
object 72 28 right 748
object 73 28 left 747
object 73 28 right 748
object 74 28 left 747
object 74 28 right 748
object 75 28 left 747
object 75 28 right 748
object 76 28 left 747
object 76 28 right 748
object 77 28 left 747
object 77 28 right 748
object 78 28 left 747
object 78 28 right 748
object 79 28 left 747
object 79 28 right 748
object 80 28 left 747
object 80 28 right 748
object 81 28 left 747
object 81 28 right 748
object 82 28 left 747
object 82 28 right 748
object 84 28 left 747
object 84 28 right 748
object 86 28 left 747
object 86 28 right 748
object 87 28 left 75
object 87 28 right 76
object 88 28 left 747
object 88 28 right 748
object 89 28 left 747
object 89 28 right 748
object 90 28 left 747
object 90 28 right 748
object 91 28 left 2520
object 91 28 right 748
object 92 28 left 2521
object 92 28 right 748
object 93 28 left 2522
object 93 28 right 748
object 94 28 left 2523
object 94 28 right 2524
object 95 28 right 748
object 96 28 left 2520
object 96 28 right 748
object 97 28 left 2521
object 97 28 right 748
object 98 28 left 2522
object 98 28 right 748
object 99 28 left 2523
object 99 28 right 2524
object 6 29 right 2633
object 7 29 right 2559
object 8 29 left 759
object 8 29 right 760
object 9 29 left 747
object 9 29 right 748
object 10 29 left 747
object 10 29 right 748
object 11 29 left 747
object 11 29 right 748
object 14 29 left 2891
object 15 29 left 2892
object 16 29 left 2893
object 17 29 left 2894
object 17 29 right 2895
object 18 29 left 747
object 18 29 right 748
object 19 29 left 747
object 19 29 right 748
object 20 29 left 747
object 20 29 right 748
object 21 29 left 747
object 21 29 right 748
object 22 29 left 747
object 22 29 right 748
object 24 29 right 2650
object 29 29 right 2553
object 30 29 left 747
object 30 29 right 748
object 32 29 left 747
object 32 29 right 748
object 34 29 left 747
object 34 29 right 748
object 35 29 left 747
object 35 29 right 748
object 36 29 left 796
object 36 29 right 797
object 37 29 left 747
object 37 29 right 748
object 38 29 left 747
object 38 29 right 748
object 39 29 left 747
object 39 29 right 748
object 41 29 left 747
object 41 29 right 748
object 42 29 left 747
object 42 29 right 748
object 43 29 left 747
object 43 29 right 748
object 44 29 left 747
object 44 29 right 748
object 45 29 left 747
object 45 29 right 748
object 46 29 left 747
object 46 29 right 748
object 47 29 left 747
object 47 29 right 748
object 48 29 left 747
object 48 29 right 748
object 49 29 left 3983
object 49 29 right 3984
object 50 29 left 747
object 50 29 right 748
object 51 29 left 2520
object 52 29 left 2521
object 53 29 left 2522
object 54 29 left 2523
object 54 29 right 2524
object 65 29 right 2552
object 66 29 left 747
object 66 29 right 748
object 67 29 left 747
object 67 29 right 748
object 68 29 left 747
object 68 29 right 748
object 69 29 left 747
object 69 29 right 748
object 70 29 left 747
object 70 29 right 748
object 71 29 left 747
object 71 29 right 748
object 72 29 left 747
object 72 29 right 748
object 73 29 left 747
object 73 29 right 748
object 74 29 left 747
object 74 29 right 748
object 75 29 left 747
object 75 29 right 748
object 76 29 left 747
object 76 29 right 748
object 77 29 left 747
object 77 29 right 748
object 79 29 left 747
object 79 29 right 748
object 80 29 left 747
object 80 29 right 748
object 81 29 left 747
object 81 29 right 748
object 84 29 left 747
object 84 29 right 748
object 85 29 left 747
object 85 29 right 748
object 86 29 left 747
object 86 29 right 748
object 87 29 left 747
object 87 29 right 748
object 88 29 left 747
object 88 29 right 748
object 89 29 left 747
object 89 29 right 748
object 91 29 left 747
object 91 29 right 748
object 92 29 left 747
object 92 29 right 748
object 93 29 left 2520
object 93 29 right 748
object 94 29 left 2521
object 94 29 right 748
object 95 29 left 2522
object 95 29 right 748
object 96 29 left 2523
object 96 29 right 2524
object 97 29 left 747
object 97 29 right 748
object 98 29 left 747
object 98 29 right 748
object 99 29 left 747
object 99 29 right 748
object 6 30 right 2632
object 7 30 right 2558
object 8 30 left 1219
object 8 30 right 748
object 9 30 left 1220
object 9 30 right 1221
object 10 30 left 747
object 10 30 right 748
object 11 30 left 747
object 11 30 right 748
object 14 30 left 2891
object 15 30 left 2892
object 16 30 left 2893
object 17 30 left 2894
object 17 30 right 2895
object 18 30 left 747
object 18 30 right 748
object 19 30 left 747
object 19 30 right 748
object 20 30 left 747
object 20 30 right 748
object 21 30 left 3989
object 21 30 right 3990
object 22 30 left 747
object 22 30 right 748
object 23 30 left 2647
object 24 30 left 2648
object 24 30 right 2649
object 25 30 right 2652
object 29 30 right 2552
object 30 30 left 201
object 30 30 right 202
object 31 30 left 747
object 31 30 right 748
object 32 30 left 747
object 32 30 right 748
object 34 30 left 747
object 34 30 right 748
object 35 30 left 747
object 35 30 right 748
object 37 30 left 747
object 37 30 right 748
object 39 30 left 747
object 39 30 right 748
object 40 30 left 747
object 40 30 right 748
object 41 30 left 747
object 41 30 right 748
object 42 30 left 747
object 42 30 right 748
object 45 30 left 747
object 45 30 right 748
object 46 30 left 747
object 46 30 right 748
object 47 30 left 747
object 47 30 right 748
object 49 30 left 747
object 49 30 right 748
object 50 30 left 747
object 50 30 right 748
object 51 30 left 2520
object 52 30 left 2521
object 53 30 left 2522
object 54 30 left 2523
object 54 30 right 2524
object 55 30 left 2520
object 56 30 left 2521
object 57 30 left 2522
object 58 30 left 2523
object 58 30 right 2524
object 59 30 left 2520
object 60 30 left 2521
object 61 30 left 2522
object 62 30 left 2523
object 62 30 right 2524
object 65 30 left 2550
object 65 30 right 2551
object 66 30 left 747
object 66 30 right 748
object 67 30 left 747
object 67 30 right 748
object 68 30 left 747
object 68 30 right 748
object 69 30 left 747
object 69 30 right 748
object 70 30 left 747
object 70 30 right 748
object 71 30 left 747
object 71 30 right 748
object 72 30 left 747
object 72 30 right 748
object 73 30 left 747
object 73 30 right 748
object 74 30 left 747
object 74 30 right 748
object 75 30 left 747
object 75 30 right 748
object 76 30 left 747
object 76 30 right 748
object 77 30 left 747
object 77 30 right 748
object 78 30 left 747
object 78 30 right 748
object 79 30 left 747
object 79 30 right 748
object 80 30 left 747
object 80 30 right 748
object 81 30 left 747
object 81 30 right 748
object 82 30 left 747
object 82 30 right 748
object 83 30 left 747
object 83 30 right 748
object 84 30 left 747
object 84 30 right 748
object 86 30 left 747
object 86 30 right 748
object 88 30 left 747
object 88 30 right 748
object 89 30 left 747
object 89 30 right 748
object 90 30 left 747
object 90 30 right 748
object 91 30 left 747
object 91 30 right 748
object 92 30 left 747
object 92 30 right 748
object 93 30 left 747
object 93 30 right 748
object 94 30 left 747
object 94 30 right 748
object 95 30 left 747
object 95 30 right 748
object 96 30 left 747
object 96 30 right 748
object 97 30 left 747
object 97 30 right 748
object 98 30 left 747
object 98 30 right 748
object 99 30 left 747
object 99 30 right 748
object 5 31 left 2629
object 6 31 left 2630
object 6 31 right 2631
object 7 31 right 2557
object 8 31 left 1219
object 8 31 right 760
object 9 31 left 1220
object 9 31 right 1221
object 10 31 left 747
object 10 31 right 748
object 11 31 left 747
object 11 31 right 748
object 14 31 left 2891
object 15 31 left 2892
object 16 31 left 2893
object 17 31 left 2894
object 17 31 right 2895
object 18 31 left 141
object 18 31 right 142
object 19 31 left 747
object 19 31 right 748
object 20 31 left 747
object 20 31 right 748
object 21 31 left 747
object 21 31 right 3273
object 22 31 left 333
object 22 31 right 334
object 25 31 right 2651
object 29 31 left 2550
object 29 31 right 2551
object 30 31 left 747
object 30 31 right 748
object 31 31 left 747
object 31 31 right 748
object 33 31 left 747
object 33 31 right 748
object 35 31 left 747
object 35 31 right 748
object 36 31 left 747
object 36 31 right 748
object 37 31 left 747
object 37 31 right 748
object 38 31 left 747
object 38 31 right 748
object 39 31 left 747
object 39 31 right 748
object 41 31 left 747
object 41 31 right 748
object 43 31 left 747
object 43 31 right 748
object 44 31 left 747
object 44 31 right 748
object 45 31 left 747
object 45 31 right 748
object 46 31 left 747
object 46 31 right 748
object 48 31 left 747
object 48 31 right 748
object 49 31 left 747
object 49 31 right 748
object 50 31 left 747
object 50 31 right 748
object 51 31 left 747
object 51 31 right 748
object 52 31 left 747
object 52 31 right 748
object 53 31 left 747
object 53 31 right 748
object 54 31 left 747
object 54 31 right 748
object 55 31 left 747
object 55 31 right 748
object 56 31 left 747
object 56 31 right 748
object 57 31 left 747
object 57 31 right 748
object 58 31 left 2520
object 58 31 right 748
object 59 31 left 2521
object 59 31 right 748
object 60 31 left 2522
object 60 31 right 748
object 61 31 left 2523
object 61 31 right 2524
object 62 31 left 2520
object 62 31 right 748
object 63 31 left 2521
object 63 31 right 748
object 64 31 left 2522
object 64 31 right 2524
object 65 31 left 2523
object 65 31 right 2524
object 66 31 left 747
object 66 31 right 748
object 67 31 left 747
object 67 31 right 748
object 68 31 left 747
object 68 31 right 748
object 69 31 left 747
object 69 31 right 748
object 70 31 left 747
object 70 31 right 748
object 71 31 right 2134
object 75 31 left 747
object 75 31 right 2622
object 76 31 left 747
object 76 31 right 748
object 77 31 left 747
object 77 31 right 748
object 78 31 left 747
object 78 31 right 748
object 79 31 left 747
object 79 31 right 2622
object 80 31 left 747
object 80 31 right 748
object 81 31 left 747
object 81 31 right 748
object 82 31 left 747
object 82 31 right 748
object 83 31 left 747
object 83 31 right 748
object 84 31 left 747
object 84 31 right 748
object 85 31 left 747
object 85 31 right 748
object 86 31 left 747
object 86 31 right 748
object 87 31 left 747
object 87 31 right 748
object 88 31 left 747
object 88 31 right 748
object 89 31 left 747
object 89 31 right 748
object 91 31 left 747
object 91 31 right 748
object 92 31 left 747
object 92 31 right 748
object 96 31 left 747
object 96 31 right 748
object 97 31 left 747
object 97 31 right 748
object 99 31 left 747
object 99 31 right 748
object 6 32 right 2633
object 7 32 left 2555
object 7 32 right 2556
object 8 32 right 2559
object 9 32 left 1219
object 9 32 right 748
object 10 32 left 1220
object 10 32 right 1221
object 11 32 left 747
object 11 32 right 748
object 12 32 left 2872
object 13 32 left 2873
object 14 32 left 2874
object 15 32 left 2875
object 16 32 left 2876
object 17 32 left 2877
object 17 32 right 2878
object 18 32 left 747
object 18 32 right 748
object 19 32 left 747
object 19 32 right 748
object 20 32 left 747
object 20 32 right 748
object 21 32 left 3271
object 21 32 right 3272
object 22 32 left 337
object 22 32 right 338
object 25 32 right 2650
object 30 32 left 747
object 30 32 right 2554
object 31 32 left 747
object 31 32 right 748
object 32 32 left 747
object 32 32 right 748
object 34 32 left 747
object 34 32 right 748
object 35 32 left 747
object 35 32 right 748
object 36 32 left 747
object 36 32 right 748
object 37 32 left 747
object 37 32 right 748
object 38 32 left 747
object 38 32 right 748
object 39 32 left 747
object 39 32 right 748
object 40 32 left 747
object 40 32 right 748
object 41 32 left 747
object 41 32 right 748
object 42 32 left 747
object 42 32 right 748
object 43 32 left 747
object 43 32 right 748
object 44 32 left 747
object 44 32 right 748
object 45 32 left 747
object 45 32 right 748
object 46 32 left 747
object 46 32 right 748
object 47 32 left 747
object 47 32 right 748
object 48 32 left 747
object 48 32 right 748
object 49 32 left 747
object 49 32 right 748
object 51 32 left 747
object 51 32 right 748
object 52 32 left 747
object 52 32 right 748
object 54 32 left 747
object 54 32 right 748
object 55 32 left 747
object 55 32 right 748
object 56 32 left 747
object 56 32 right 748
object 57 32 left 747
object 57 32 right 748
object 58 32 left 747
object 58 32 right 748
object 59 32 left 747
object 59 32 right 748
object 60 32 left 747
object 60 32 right 748
object 61 32 left 747
object 61 32 right 748
object 62 32 left 787
object 62 32 right 748
object 63 32 left 788
object 63 32 right 789
object 64 32 left 747
object 64 32 right 748
object 65 32 left 747
object 65 32 right 748
object 66 32 left 747
object 66 32 right 748
object 68 32 left 747
object 68 32 right 748
object 69 32 left 747
object 69 32 right 748
object 70 32 left 2131
object 71 32 left 2132
object 71 32 right 2133
object 72 32 left 2617
object 73 32 left 2618
object 74 32 left 2619
object 75 32 left 2620
object 75 32 right 2621
object 76 32 left 2617
object 77 32 left 2618
object 78 32 left 2619
object 79 32 left 2620
object 79 32 right 2621
object 81 32 left 747
object 81 32 right 2553
object 82 32 left 747
object 82 32 right 748
object 83 32 left 747
object 83 32 right 748
object 84 32 left 747
object 84 32 right 748
object 87 32 left 747
object 87 32 right 748
object 88 32 left 747
object 88 32 right 748
object 90 32 left 747
object 90 32 right 748
object 91 32 left 747
object 91 32 right 748
object 92 32 left 747
object 92 32 right 748
object 93 32 left 747
object 93 32 right 748
object 94 32 left 747
object 94 32 right 748
object 95 32 left 747
object 95 32 right 748
object 96 32 left 747
object 96 32 right 748
object 99 32 left 747
object 99 32 right 748
object 6 33 right 2632
object 8 33 right 2558
object 10 33 right 748
object 11 33 left 3989
object 11 33 right 3990
object 12 33 left 747
object 12 33 right 748
object 13 33 left 747
object 13 33 right 748
object 14 33 left 747
object 14 33 right 748
object 16 33 left 747
object 16 33 right 748
object 17 33 left 739
object 17 33 right 740
object 18 33 left 747
object 18 33 right 748
object 20 33 left 747
object 20 33 right 748
object 21 33 left 747
object 21 33 right 748
object 24 33 left 2647
object 25 33 left 2648
object 25 33 right 2649
object 30 33 left 747
object 30 33 right 2553
object 31 33 left 747
object 31 33 right 748
object 32 33 left 747
object 32 33 right 748
object 33 33 left 747
object 33 33 right 748
object 34 33 left 747
object 34 33 right 748
object 35 33 left 747
object 35 33 right 748
object 36 33 left 747
object 36 33 right 748
object 37 33 left 747
object 37 33 right 748
object 38 33 left 747
object 38 33 right 748
object 39 33 left 747
object 39 33 right 748
object 40 33 left 747
object 40 33 right 748
object 41 33 left 747
object 41 33 right 748
object 42 33 left 747
object 42 33 right 748
object 43 33 left 747
object 43 33 right 748
object 44 33 left 747
object 44 33 right 748
object 45 33 left 747
object 45 33 right 748
object 46 33 left 747
object 46 33 right 748
object 47 33 left 747
object 47 33 right 748
object 48 33 left 747
object 48 33 right 748
object 49 33 left 747
object 49 33 right 748
object 50 33 left 747
object 50 33 right 748
object 51 33 left 747
object 51 33 right 748
object 52 33 left 747
object 52 33 right 748
object 53 33 left 747
object 53 33 right 748
object 54 33 left 747
object 54 33 right 748
object 55 33 left 747
object 55 33 right 748
object 57 33 left 747
object 57 33 right 748
object 59 33 left 747
object 59 33 right 748
object 60 33 left 747
object 60 33 right 748
object 62 33 left 747
object 62 33 right 748
object 63 33 left 747
object 63 33 right 748
object 64 33 left 747
object 64 33 right 748
object 65 33 left 747
object 65 33 right 748
object 66 33 left 747
object 66 33 right 748
object 67 33 left 747
object 67 33 right 748
object 68 33 left 747
object 68 33 right 748
object 69 33 left 747
object 69 33 right 748
object 71 33 right 2652
object 79 33 left 2136
object 79 33 right 2137
object 80 33 left 2618
object 81 33 left 747
object 81 33 right 2552
object 82 33 left 747
object 82 33 right 748
object 83 33 left 747
object 83 33 right 748
object 84 33 left 747
object 84 33 right 748
object 85 33 left 747
object 85 33 right 748
object 86 33 left 747
object 86 33 right 748
object 87 33 left 747
object 87 33 right 748
object 88 33 left 747
object 88 33 right 748
object 91 33 left 747
object 91 33 right 748
object 93 33 left 747
object 93 33 right 748
object 95 33 left 747
object 95 33 right 748
object 96 33 left 747
object 96 33 right 748
object 97 33 left 747
object 97 33 right 748
object 98 33 left 747
object 98 33 right 748
object 99 33 left 747
object 99 33 right 748
object 5 34 left 2629
object 6 34 left 2630
object 6 34 right 2631
object 8 34 right 2557
object 9 34 right 2559
object 10 34 left 1219
object 10 34 right 760
object 11 34 left 1220
object 11 34 right 1221
object 12 34 left 747
object 12 34 right 748
object 13 34 left 747
object 13 34 right 748
object 17 34 left 747
object 17 34 right 748
object 18 34 left 747
object 18 34 right 748
object 19 34 left 747
object 19 34 right 748
object 20 34 left 747
object 20 34 right 748
object 21 34 left 747
object 21 34 right 748
object 24 34 right 2652
object 30 34 left 747
object 30 34 right 2552
object 33 34 left 747
object 33 34 right 748
object 34 34 left 747
object 34 34 right 748
object 35 34 left 747
object 35 34 right 748
object 36 34 right 2134
object 40 34 right 2610
object 44 34 right 2610
object 45 34 right 2559
object 46 34 left 747
object 46 34 right 748
object 47 34 left 747
object 47 34 right 748
object 48 34 left 747
object 48 34 right 748
object 49 34 left 747
object 49 34 right 748
object 50 34 left 747
object 50 34 right 748
object 51 34 left 747
object 51 34 right 748
object 52 34 left 747
object 52 34 right 748
object 53 34 left 747
object 53 34 right 748
object 54 34 left 747
object 54 34 right 748
object 55 34 left 747
object 55 34 right 748
object 56 34 left 747
object 56 34 right 748
object 57 34 left 747
object 57 34 right 748
object 58 34 left 747
object 58 34 right 748
object 60 34 left 747
object 60 34 right 748
object 61 34 left 747
object 61 34 right 748
object 62 34 left 747
object 62 34 right 748
object 63 34 left 747
object 63 34 right 748
object 65 34 left 747
object 65 34 right 748
object 66 34 left 747
object 66 34 right 748
object 67 34 left 747
object 67 34 right 748
object 68 34 left 747
object 68 34 right 748
object 69 34 left 747
object 69 34 right 748
object 71 34 right 2651
object 80 34 left 2136
object 80 34 right 2137
object 81 34 left 2608
object 81 34 right 2609
object 82 34 left 747
object 82 34 right 2554
object 83 34 left 747
object 83 34 right 748
object 84 34 left 747
object 84 34 right 748
object 85 34 left 747
object 85 34 right 748
object 86 34 left 747
object 86 34 right 748
object 87 34 left 747
object 87 34 right 748
object 88 34 left 747
object 88 34 right 748
object 89 34 left 747
object 89 34 right 748
object 90 34 left 747
object 90 34 right 748
object 91 34 left 747
object 91 34 right 748
object 92 34 left 747
object 92 34 right 748
object 93 34 left 747
object 93 34 right 748
object 94 34 left 747
object 94 34 right 748
object 95 34 left 747
object 95 34 right 748
object 97 34 left 747
object 97 34 right 748
object 99 34 left 747
object 99 34 right 748
object 6 35 right 2633
object 8 35 left 2555
object 8 35 right 2556
object 9 35 right 2558
object 10 35 right 2559
object 11 35 left 747
object 11 35 right 748
object 12 35 left 747
object 12 35 right 748
object 17 35 left 747
object 17 35 right 748
object 18 35 left 747
object 18 35 right 748
object 19 35 left 747
object 19 35 right 748
object 20 35 left 747
object 20 35 right 748
object 21 35 left 337
object 21 35 right 338
object 24 35 right 2651
object 29 35 right 2554
object 30 35 left 2550
object 30 35 right 2551
object 31 35 left 747
object 31 35 right 748
object 32 35 left 747
object 32 35 right 748
object 34 35 left 747
object 34 35 right 748
object 35 35 left 2131
object 35 35 right 748
object 36 35 left 2132
object 36 35 right 2133
object 37 35 left 2605
object 38 35 left 2606
object 39 35 left 2607
object 40 35 left 2608
object 40 35 right 2609
object 41 35 left 2605
object 42 35 left 2606
object 43 35 left 2607
object 44 35 left 2608
object 44 35 right 2609
object 45 35 right 2557
object 46 35 left 747
object 46 35 right 748
object 47 35 left 747
object 47 35 right 748
object 48 35 left 747
object 48 35 right 748
object 49 35 left 747
object 49 35 right 748
object 50 35 left 747
object 50 35 right 748
object 51 35 left 747
object 51 35 right 748
object 53 35 right 2134
object 56 35 right 2610
object 57 35 left 747
object 57 35 right 748
object 58 35 left 747
object 58 35 right 748
object 59 35 left 747
object 59 35 right 748
object 60 35 left 747
object 60 35 right 748
object 62 35 left 747
object 62 35 right 748
object 64 35 left 747
object 64 35 right 748
object 66 35 left 747
object 66 35 right 748
object 68 35 left 747
object 68 35 right 748
object 69 35 left 747
object 69 35 right 748
object 71 35 right 2650
object 82 35 left 747
object 82 35 right 2553
object 83 35 left 747
object 83 35 right 748
object 84 35 left 747
object 84 35 right 748
object 85 35 left 747
object 85 35 right 748
object 86 35 left 747
object 86 35 right 748
object 87 35 left 747
object 87 35 right 748
object 88 35 left 747
object 88 35 right 748
object 89 35 left 747
object 89 35 right 748
object 90 35 left 747
object 90 35 right 748
object 91 35 left 747
object 91 35 right 748
object 93 35 left 747
object 93 35 right 748
object 94 35 left 747
object 94 35 right 748
object 95 35 left 747
object 95 35 right 748
object 96 35 left 747
object 96 35 right 748
object 97 35 left 747
object 97 35 right 748
object 99 35 left 747
object 99 35 right 748
object 6 36 right 2632
object 9 36 right 2557
object 10 36 right 2558
object 11 36 left 745
object 11 36 right 746
object 12 36 left 747
object 12 36 right 748
object 14 36 left 747
object 14 36 right 748
object 16 36 left 747
object 16 36 right 748
object 17 36 left 747
object 17 36 right 748
object 18 36 left 747
object 18 36 right 748
object 19 36 left 747
object 19 36 right 748
object 20 36 left 415
object 20 36 right 416
object 21 36 left 333
object 21 36 right 334
object 24 36 right 2650
object 29 36 right 2553
object 30 36 left 747
object 30 36 right 3273
object 31 36 left 747
object 31 36 right 748
object 32 36 left 747
object 32 36 right 748
object 33 36 left 747
object 33 36 right 748
object 34 36 left 747
object 34 36 right 748
object 35 36 left 747
object 35 36 right 748
object 36 36 right 2640
object 38 36 right 2134
object 45 36 left 2555
object 45 36 right 2556
object 46 36 left 747
object 46 36 right 748
object 47 36 left 747
object 47 36 right 748
object 48 36 left 747
object 48 36 right 748
object 49 36 left 747
object 49 36 right 748
object 50 36 left 747
object 50 36 right 748
object 51 36 left 747
object 51 36 right 748
object 52 36 left 2131
object 53 36 left 2132
object 53 36 right 2133
object 54 36 left 2606
object 55 36 left 2607
object 56 36 left 2608
object 56 36 right 2609
object 59 36 right 2610
object 60 36 left 747
object 60 36 right 748
object 61 36 left 747
object 61 36 right 748
object 62 36 left 747
object 62 36 right 748
object 63 36 left 747
object 63 36 right 748
object 64 36 left 747
object 64 36 right 748
object 65 36 left 747
object 65 36 right 748
object 67 36 left 747
object 67 36 right 748
object 68 36 left 747
object 68 36 right 748
object 69 36 left 747
object 69 36 right 748
object 70 36 left 2647
object 71 36 left 2648
object 71 36 right 2649
object 72 36 right 2138
object 82 36 left 747
object 82 36 right 2552
object 83 36 left 747
object 83 36 right 748
object 84 36 left 747
object 84 36 right 748
object 85 36 left 747
object 85 36 right 748
object 86 36 left 747
object 86 36 right 748
object 87 36 left 747
object 87 36 right 748
object 88 36 left 747
object 88 36 right 748
object 89 36 left 747
object 89 36 right 748
object 90 36 left 747
object 90 36 right 748
object 91 36 left 747
object 91 36 right 748
object 92 36 left 747
object 92 36 right 748
object 93 36 left 747
object 93 36 right 748
object 94 36 left 747
object 94 36 right 748
object 95 36 left 747
object 95 36 right 748
object 96 36 left 747
object 96 36 right 748
object 97 36 left 747
object 97 36 right 748
object 98 36 left 747
object 98 36 right 748
object 99 36 left 747
object 99 36 right 748
object 5 37 left 2629
object 6 37 left 2630
object 6 37 right 2631
object 7 37 right 2634
object 9 37 left 2555
object 9 37 right 2556
object 10 37 right 2557
object 11 37 right 2559
object 12 37 left 3983
object 12 37 right 3984
object 13 37 left 747
object 13 37 right 748
object 16 37 left 747
object 16 37 right 748
object 17 37 left 747
object 17 37 right 748
object 18 37 left 3983
object 18 37 right 3984
object 22 37 left 75
object 22 37 right 76
object 23 37 left 2647
object 24 37 left 2648
object 24 37 right 2649
object 29 37 right 2552
object 30 37 left 3271
object 30 37 right 3272
object 31 37 left 747
object 31 37 right 748
object 32 37 left 747
object 32 37 right 748
object 33 37 left 747
object 33 37 right 748
object 34 37 left 747
object 34 37 right 748
object 35 37 left 747
object 35 37 right 748
object 36 37 right 2639
object 37 37 left 2131
object 38 37 left 2132
object 38 37 right 2133
object 45 37 right 2559
object 46 37 left 759
object 46 37 right 760
object 47 37 left 747
object 47 37 right 748
object 48 37 left 747
object 48 37 right 748
object 49 37 left 747
object 49 37 right 748
object 50 37 left 747
object 50 37 right 748
object 51 37 left 747
object 51 37 right 748
object 52 37 left 747
object 52 37 right 748
object 53 37 right 2638
object 56 37 left 2605
object 57 37 left 2606
object 58 37 left 2607
object 59 37 left 2608
object 59 37 right 2609
object 61 37 left 747
object 61 37 right 748
object 62 37 left 747
object 62 37 right 748
object 63 37 left 747
object 63 37 right 748
object 64 37 left 747
object 64 37 right 748
object 66 37 left 747
object 66 37 right 748
object 67 37 left 747
object 67 37 right 748
object 68 37 left 747
object 68 37 right 748
object 69 37 left 747
object 69 37 right 748
object 71 37 left 2135
object 71 37 right 2652
object 72 37 left 2136
object 72 37 right 2137
object 82 37 left 2550
object 82 37 right 2551
object 83 37 left 747
object 83 37 right 748
object 84 37 left 747
object 84 37 right 748
object 85 37 left 747
object 85 37 right 748
object 86 37 left 747
object 86 37 right 748
object 87 37 left 747
object 87 37 right 748
object 88 37 left 747
object 88 37 right 748
object 89 37 left 747
object 89 37 right 748
object 90 37 left 747
object 90 37 right 748
object 94 37 right 2616
object 98 37 right 2628
object 99 37 left 747
object 99 37 right 748
object 7 38 right 2633
object 10 38 left 2555
object 10 38 right 2556
object 11 38 right 2558
object 12 38 left 747
object 12 38 right 748
object 13 38 left 747
object 13 38 right 748
object 14 38 left 747
object 14 38 right 748
object 15 38 left 747
object 15 38 right 748
object 16 38 left 747
object 16 38 right 748
object 17 38 left 747
object 17 38 right 748
object 18 38 left 747
object 18 38 right 748
object 21 38 right 2134
object 22 38 right 2046
object 23 38 right 2046
object 29 38 left 2550
object 29 38 right 2551
object 30 38 left 747
object 30 38 right 748
object 31 38 left 747
object 31 38 right 748
object 33 38 left 747
object 33 38 right 748
object 34 38 left 747
object 34 38 right 748
object 35 38 left 747
object 35 38 right 748
object 36 38 right 2638
object 44 38 right 2559
object 45 38 right 2558
object 46 38 left 747
object 46 38 right 748
object 47 38 left 747
object 47 38 right 748
object 48 38 left 747
object 48 38 right 748
object 49 38 left 747
object 49 38 right 748
object 50 38 left 747
object 50 38 right 748
object 51 38 left 747
object 51 38 right 748
object 52 38 left 2635
object 52 38 right 748
object 53 38 left 2636
object 53 38 right 2637
object 62 38 right 2610
object 63 38 left 747
object 63 38 right 748
object 64 38 left 747
object 64 38 right 748
object 65 38 left 747
object 65 38 right 748
object 66 38 left 747
object 66 38 right 748
object 67 38 left 747
object 67 38 right 748
object 68 38 left 747
object 68 38 right 748
object 69 38 left 747
object 69 38 right 748
object 71 38 right 2651
object 82 38 left 747
object 82 38 right 2554
object 83 38 left 747
object 83 38 right 748
object 84 38 left 747
object 84 38 right 748
object 85 38 left 747
object 85 38 right 748
object 86 38 left 747
object 86 38 right 748
object 87 38 left 747
object 87 38 right 748
object 88 38 left 747
object 88 38 right 748
object 89 38 left 747
object 89 38 right 748
object 91 38 right 2651
object 92 38 left 2612
object 93 38 left 2613
object 94 38 left 2614
object 94 38 right 2615
object 95 38 left 2623
object 96 38 left 2624
object 97 38 left 2625
object 98 38 left 2626
object 98 38 right 2627
object 99 38 right 2628
object 7 39 right 2632
object 10 39 right 748
object 11 39 right 2557
object 12 39 left 3983
object 12 39 right 3984
object 13 39 left 747
object 13 39 right 748
object 14 39 left 747
object 14 39 right 748
object 15 39 left 747
object 15 39 right 748
object 16 39 left 747
object 16 39 right 748
object 17 39 left 747
object 17 39 right 748
object 18 39 left 3983
object 18 39 right 3984
object 20 39 left 2131
object 21 39 left 2132
object 21 39 right 2133
object 22 39 left 2044
object 22 39 right 2045
object 23 39 left 2044
object 23 39 right 2045
object 30 39 left 747
object 30 39 right 2554
object 31 39 left 747
object 31 39 right 748
object 32 39 left 747
object 32 39 right 748
object 33 39 left 747
object 33 39 right 748
object 34 39 left 747
object 34 39 right 748
object 35 39 left 2635
object 35 39 right 748
object 36 39 left 2636
object 36 39 right 2637
object 43 39 right 2559
object 44 39 right 2558
object 45 39 left 747
object 45 39 right 748
object 46 39 left 747
object 46 39 right 748
object 47 39 left 747
object 47 39 right 748
object 48 39 left 747
object 48 39 right 748
object 49 39 left 747
object 49 39 right 748
object 50 39 left 747
object 50 39 right 748
object 51 39 left 2520
object 52 39 left 2521
object 53 39 left 2522
object 54 39 left 2523
object 54 39 right 2524
object 59 39 left 2605
object 60 39 left 2606
object 61 39 left 2607
object 62 39 left 2608
object 62 39 right 2609
object 63 39 left 747
object 63 39 right 2554
object 64 39 left 747
object 64 39 right 748
object 65 39 left 747
object 65 39 right 748
object 66 39 left 747
object 66 39 right 748
object 67 39 left 747
object 67 39 right 748
object 68 39 left 747
object 68 39 right 748
object 69 39 left 747
object 69 39 right 748
object 71 39 right 2650
object 82 39 left 747
object 82 39 right 2553
object 83 39 left 747
object 83 39 right 748
object 84 39 left 747
object 84 39 right 748
object 85 39 left 747
object 85 39 right 748
object 86 39 left 747
object 86 39 right 748
object 87 39 left 747
object 87 39 right 748
object 88 39 left 747
object 88 39 right 748
object 89 39 left 747
object 89 39 right 748
object 90 39 left 2647
object 91 39 left 2648
object 91 39 right 2649
object 96 39 left 2623
object 97 39 left 2624
object 98 39 left 2625
object 99 39 left 2626
object 99 39 right 2627
object 6 40 left 2629
object 7 40 left 2630
object 7 40 right 2631
object 8 40 right 2634
object 10 40 right 748
object 11 40 left 2555
object 11 40 right 2556
object 12 40 left 747
object 12 40 right 748
object 13 40 left 747
object 13 40 right 748
object 14 40 left 747
object 14 40 right 748
object 15 40 left 747
object 15 40 right 748
object 17 40 left 747
object 17 40 right 748
object 18 40 left 747
object 18 40 right 748
object 20 40 left 3277
object 21 40 left 3278
object 21 40 right 3279
object 30 40 left 747
object 30 40 right 2553
object 31 40 left 753
object 31 40 right 760
object 32 40 left 747
object 32 40 right 748
object 33 40 left 747
object 33 40 right 748
object 34 40 left 747
object 34 40 right 748
object 35 40 left 747
object 35 40 right 748
object 36 40 right 2640
object 42 40 right 2559
object 43 40 right 2558
object 44 40 right 2557
object 45 40 left 747
object 45 40 right 748
object 46 40 left 333
object 46 40 right 334
object 47 40 left 333
object 47 40 right 334
object 48 40 left 747
object 48 40 right 748
object 49 40 left 747
object 49 40 right 748
object 50 40 left 747
object 50 40 right 748
object 52 40 left 2520
object 53 40 left 2521
object 54 40 left 2522
object 55 40 left 2523
object 55 40 right 2524
object 57 40 right 2652
object 63 40 left 747
object 63 40 right 2553
object 64 40 left 747
object 64 40 right 748
object 65 40 left 747
object 65 40 right 748
object 68 40 left 747
object 68 40 right 748
object 69 40 left 747
object 69 40 right 748
object 70 40 left 2647
object 71 40 left 2648
object 71 40 right 2649
object 79 40 right 2559
object 80 40 left 2520
object 81 40 left 2521
object 82 40 left 747
object 82 40 right 2552
object 83 40 left 2523
object 83 40 right 2524
object 84 40 left 747
object 84 40 right 748
object 85 40 left 747
object 85 40 right 748
object 86 40 left 747
object 86 40 right 748
object 87 40 left 747
object 87 40 right 748
object 88 40 left 747
object 88 40 right 748
object 89 40 left 747
object 89 40 right 748
object 92 40 right 2652
object 95 40 right 2138
object 8 41 right 2633
object 11 41 right 2554
object 12 41 left 3983
object 12 41 right 3984
object 13 41 left 747
object 13 41 right 748
object 14 41 left 753
object 14 41 right 760
object 15 41 left 747
object 15 41 right 748
object 16 41 left 747
object 16 41 right 748
object 17 41 left 747
object 17 41 right 748
object 18 41 left 3983
object 18 41 right 3984
object 19 41 left 747
object 19 41 right 748
object 21 41 right 2646
object 30 41 left 747
object 30 41 right 2552
object 31 41 left 747
object 31 41 right 748
object 32 41 left 747
object 32 41 right 748
object 34 41 left 747
object 34 41 right 748
object 35 41 left 747
object 35 41 right 748
object 36 41 right 2639
object 42 41 right 2558
object 43 41 right 2557
object 44 41 left 747
object 44 41 right 748
object 45 41 left 747
object 45 41 right 748
object 46 41 left 747
object 46 41 right 748
object 47 41 left 747
object 47 41 right 748
object 48 41 left 747
object 48 41 right 748
object 49 41 left 747
object 49 41 right 748
object 50 41 left 747
object 50 41 right 748
object 51 41 left 747
object 51 41 right 748
object 52 41 left 747
object 52 41 right 748
object 53 41 left 747
object 53 41 right 748
object 54 41 left 329
object 54 41 right 330
object 57 41 right 2651
object 63 41 left 747
object 63 41 right 2552
object 64 41 left 747
object 64 41 right 748
object 65 41 left 747
object 65 41 right 748
object 66 41 left 747
object 66 41 right 748
object 67 41 left 747
object 67 41 right 748
object 68 41 left 747
object 68 41 right 748
object 69 41 left 747
object 69 41 right 748
object 72 41 right 2652
object 78 41 right 2559
object 79 41 right 2558
object 80 41 left 747
object 80 41 right 748
object 81 41 left 747
object 81 41 right 748
object 82 41 left 747
object 82 41 right 748
object 83 41 left 747
object 83 41 right 3273
object 84 41 left 747
object 84 41 right 748
object 85 41 left 747
object 85 41 right 748
object 86 41 left 747
object 86 41 right 748
object 87 41 left 747
object 87 41 right 748
object 88 41 left 747
object 88 41 right 748
object 89 41 left 747
object 89 41 right 748
object 92 41 right 2651
object 94 41 left 2135
object 95 41 left 2136
object 95 41 right 2137
object 8 42 right 2632
object 11 42 right 2553
object 12 42 left 747
object 12 42 right 748
object 13 42 left 747
object 13 42 right 748
object 14 42 left 747
object 14 42 right 748
object 15 42 left 747
object 15 42 right 748
object 16 42 left 747
object 16 42 right 748
object 17 42 left 747
object 17 42 right 748
object 18 42 left 747
object 18 42 right 748
object 19 42 left 747
object 19 42 right 748
object 21 42 right 2645
object 30 42 left 2550
object 30 42 right 2551
object 31 42 left 747
object 31 42 right 748
object 32 42 left 747
object 32 42 right 748
object 33 42 left 747
object 33 42 right 748
object 34 42 left 747
object 34 42 right 748
object 35 42 left 747
object 35 42 right 748
object 36 42 right 2638
object 41 42 right 2559
object 42 42 right 2557
object 43 42 left 2555
object 43 42 right 2556
object 44 42 left 747
object 44 42 right 748
object 45 42 left 747
object 45 42 right 748
object 50 42 left 747
object 50 42 right 748
object 51 42 left 747
object 51 42 right 748
object 52 42 left 747
object 52 42 right 748
object 53 42 left 415
object 53 42 right 416
object 54 42 left 747
object 54 42 right 748
object 55 42 left 747
object 55 42 right 748
object 57 42 right 2650
object 63 42 left 2550
object 63 42 right 2551
object 64 42 left 747
object 64 42 right 748
object 65 42 left 747
object 65 42 right 748
object 66 42 left 747
object 66 42 right 748
object 67 42 left 747
object 67 42 right 748
object 69 42 left 747
object 69 42 right 748
object 72 42 right 2651
object 77 42 right 2559
object 78 42 right 2558
object 79 42 right 2557
object 80 42 left 747
object 80 42 right 748
object 81 42 left 747
object 81 42 right 748
object 82 42 left 747
object 82 42 right 748
object 83 42 left 3271
object 83 42 right 3272
object 84 42 left 747
object 84 42 right 748
object 85 42 left 747
object 85 42 right 748
object 86 42 left 747
object 86 42 right 748
object 87 42 left 747
object 87 42 right 748
object 88 42 left 747
object 88 42 right 748
object 89 42 left 747
object 89 42 right 748
object 92 42 right 2650
object 7 43 left 2629
object 8 43 left 2630
object 8 43 right 2631
object 9 43 right 2633
object 11 43 right 2552
object 12 43 left 3983
object 12 43 right 3984
object 13 43 left 747
object 13 43 right 748
object 14 43 left 747
object 14 43 right 3273
object 15 43 left 747
object 15 43 right 748
object 16 43 left 747
object 16 43 right 748
object 18 43 left 3983
object 18 43 right 3984
object 19 43 left 747
object 19 43 right 748
object 21 43 right 2644
object 30 43 left 747
object 30 43 right 2554
object 31 43 left 747
object 31 43 right 748
object 32 43 left 747
object 32 43 right 748
object 33 43 left 747
object 33 43 right 748
object 34 43 left 747
object 34 43 right 748
object 35 43 left 2635
object 35 43 right 748
object 36 43 left 2636
object 36 43 right 2637
object 41 43 right 2558
object 42 43 left 2555
object 42 43 right 2556
object 43 43 left 333
object 43 43 right 334
object 44 43 left 747
object 44 43 right 748
object 45 43 left 747
object 45 43 right 748
object 51 43 left 747
object 51 43 right 748
object 52 43 left 747
object 52 43 right 748
object 53 43 left 747
object 53 43 right 748
object 54 43 left 747
object 54 43 right 748
object 55 43 left 747
object 55 43 right 748
object 56 43 left 2647
object 57 43 left 2648
object 57 43 right 2649
object 63 43 left 747
object 63 43 right 2554
object 64 43 left 747
object 64 43 right 748
object 65 43 left 747
object 65 43 right 748
object 66 43 left 747
object 66 43 right 748
object 67 43 left 747
object 67 43 right 748
object 68 43 left 747
object 68 43 right 748
object 69 43 left 747
object 69 43 right 748
object 72 43 right 2650
object 77 43 right 2558
object 78 43 right 2557
object 79 43 left 747
object 79 43 right 748
object 80 43 left 747
object 80 43 right 748
object 81 43 left 747
object 81 43 right 748
object 82 43 left 747
object 82 43 right 748
object 83 43 left 747
object 83 43 right 748
object 84 43 left 747
object 84 43 right 748
object 85 43 left 747
object 85 43 right 748
object 86 43 left 747
object 86 43 right 748
object 87 43 left 747
object 87 43 right 748
object 88 43 left 747
object 88 43 right 748
object 89 43 left 747
object 89 43 right 748
object 91 43 left 2647
object 92 43 left 2648
object 92 43 right 2649
object 9 44 right 2632
object 11 44 left 2550
object 11 44 right 2551
object 12 44 left 747
object 12 44 right 2554
object 13 44 left 747
object 13 44 right 748
object 14 44 left 3271
object 14 44 right 3272
object 15 44 left 747
object 15 44 right 748
object 16 44 left 747
object 16 44 right 748
object 17 44 left 747
object 17 44 right 748
object 18 44 left 747
object 18 44 right 748
object 19 44 left 747
object 19 44 right 748
object 20 44 left 2641
object 21 44 left 2642
object 21 44 right 2643
object 30 44 left 747
object 30 44 right 2553
object 31 44 left 747
object 31 44 right 748
object 32 44 left 747
object 32 44 right 748
object 33 44 left 747
object 33 44 right 748
object 34 44 left 747
object 34 44 right 748
object 35 44 left 329
object 35 44 right 330
object 36 44 right 2640
object 41 44 right 2557
object 42 44 left 759
object 42 44 right 760
object 43 44 left 747
object 43 44 right 748
object 44 44 left 747
object 44 44 right 748
object 45 44 left 747
object 45 44 right 748
object 48 44 left 2886
object 49 44 left 2887
object 50 44 left 2888
object 51 44 left 2889
object 51 44 right 2890
object 52 44 left 747
object 52 44 right 748
object 53 44 left 747
object 53 44 right 748
object 54 44 left 747
object 54 44 right 748
object 55 44 left 747
object 55 44 right 748
object 58 44 right 2652
object 63 44 left 747
object 63 44 right 2553
object 64 44 left 747
object 64 44 right 748
object 66 44 left 747
object 66 44 right 748
object 67 44 left 747
object 67 44 right 748
object 68 44 left 747
object 68 44 right 748
object 69 44 left 747
object 69 44 right 748
object 71 44 left 2647
object 72 44 left 2648
object 72 44 right 2649
object 76 44 right 2559
object 77 44 right 2557
object 78 44 left 2555
object 78 44 right 2556
object 79 44 left 747
object 79 44 right 748
object 80 44 left 747
object 80 44 right 748
object 85 44 left 747
object 85 44 right 748
object 86 44 left 747
object 86 44 right 748
object 87 44 left 747
object 87 44 right 748
object 88 44 left 747
object 88 44 right 748
object 89 44 left 747
object 89 44 right 748
object 90 44 left 747
object 90 44 right 748
object 92 44 right 2651
object 9 45 left 2630
object 9 45 right 2631
object 10 45 left 2521
object 10 45 right 748
object 11 45 left 2522
object 11 45 right 748
object 12 45 left 2523
object 12 45 right 2524
object 13 45 left 747
object 13 45 right 748
object 14 45 left 747
object 14 45 right 748
object 15 45 left 747
object 15 45 right 748
object 16 45 left 747
object 16 45 right 748
object 17 45 left 747
object 17 45 right 748
object 18 45 left 747
object 18 45 right 748
object 19 45 left 747
object 19 45 right 748
object 20 45 left 329
object 20 45 right 330
object 21 45 left 2520
object 21 45 right 748
object 22 45 left 2521
object 22 45 right 748
object 23 45 left 2522
object 23 45 right 748
object 24 45 left 2523
object 24 45 right 2524
object 25 45 left 2520
object 25 45 right 748
object 26 45 left 2521
object 26 45 right 748
object 27 45 left 2522
object 27 45 right 748
object 28 45 left 2523
object 28 45 right 2524
object 30 45 left 747
object 30 45 right 2552
object 31 45 left 747
object 31 45 right 748
object 33 45 left 747
object 33 45 right 748
object 34 45 left 747
object 34 45 right 748
object 35 45 left 329
object 35 45 right 330
object 36 45 right 2639
object 41 45 left 2555
object 41 45 right 2556
object 42 45 left 747
object 42 45 right 748
object 43 45 left 747
object 43 45 right 748
object 44 45 left 747
object 44 45 right 748
object 45 45 left 747
object 45 45 right 748
object 48 45 left 2891
object 49 45 left 2892
object 50 45 left 2893
object 51 45 left 2894
object 51 45 right 2895
object 52 45 left 747
object 52 45 right 748
object 53 45 left 747
object 53 45 right 748
object 54 45 left 141
object 54 45 right 142
object 55 45 left 747
object 55 45 right 748
object 58 45 right 2651
object 62 45 right 2554
object 63 45 left 747
object 63 45 right 2552
object 64 45 left 747
object 64 45 right 748
object 65 45 left 747
object 65 45 right 748
object 66 45 left 747
object 66 45 right 748
object 67 45 left 747
object 67 45 right 748
object 68 45 left 747
object 68 45 right 748
object 69 45 left 747
object 69 45 right 3273
object 72 45 right 2652
object 76 45 right 2558
object 77 45 left 2555
object 77 45 right 2556
object 78 45 left 747
object 78 45 right 748
object 79 45 left 747
object 79 45 right 748
object 80 45 left 747
object 80 45 right 748
object 86 45 left 747
object 86 45 right 748
object 87 45 left 747
object 87 45 right 748
object 88 45 left 747
object 88 45 right 748
object 89 45 left 747
object 89 45 right 3273
object 90 45 left 747
object 90 45 right 748
object 91 45 left 2647
object 92 45 left 2648
object 92 45 right 2649
object 9 46 right 2559
object 10 46 left 747
object 10 46 right 748
object 11 46 left 747
object 11 46 right 3273
object 12 46 left 747
object 12 46 right 748
object 13 46 left 747
object 13 46 right 748
object 14 46 left 747
object 14 46 right 748
object 15 46 left 747
object 15 46 right 748
object 16 46 left 747
object 16 46 right 748
object 17 46 left 747
object 17 46 right 748
object 20 46 left 747
object 20 46 right 748
object 21 46 left 747
object 21 46 right 748
object 22 46 left 747
object 22 46 right 748
object 23 46 left 747
object 23 46 right 748
object 24 46 left 747
object 24 46 right 748
object 25 46 left 753
object 25 46 right 760
object 26 46 left 2520
object 26 46 right 748
object 27 46 left 2521
object 27 46 right 748
object 28 46 left 2522
object 28 46 right 748
object 29 46 left 2523
object 29 46 right 2524
object 30 46 left 2550
object 30 46 right 2551
object 31 46 left 747
object 31 46 right 748
object 32 46 left 747
object 32 46 right 748
object 33 46 left 747
object 33 46 right 748
object 34 46 left 747
object 34 46 right 748
object 35 46 left 329
object 35 46 right 330
object 36 46 right 2638
object 41 46 right 2559
object 42 46 left 759
object 42 46 right 760
object 43 46 left 747
object 43 46 right 748
object 44 46 left 747
object 44 46 right 748
object 45 46 left 747
object 45 46 right 748
object 48 46 left 2891
object 49 46 left 2892
object 50 46 left 2893
object 51 46 left 2894
object 51 46 right 2895
object 52 46 left 747
object 52 46 right 748
object 53 46 left 747
object 53 46 right 748
object 54 46 left 747
object 54 46 right 748
object 55 46 left 747
object 55 46 right 748
object 56 46 left 747
object 56 46 right 748
object 58 46 right 2650
object 62 46 right 2553
object 63 46 left 2550
object 63 46 right 2551
object 64 46 left 747
object 64 46 right 3273
object 65 46 left 747
object 65 46 right 748
object 66 46 left 747
object 66 46 right 748
object 67 46 left 747
object 67 46 right 748
object 68 46 left 747
object 68 46 right 748
object 69 46 left 3271
object 69 46 right 3272
object 72 46 right 2651
object 76 46 right 2557
object 77 46 left 759
object 77 46 right 760
object 78 46 left 747
object 78 46 right 748
object 79 46 left 747
object 79 46 right 748
object 80 46 left 747
object 80 46 right 748
object 83 46 left 2886
object 84 46 left 2887
object 85 46 left 2888
object 86 46 left 2889
object 86 46 right 2890
object 87 46 left 747
object 87 46 right 748
object 88 46 left 747
object 88 46 right 748
object 89 46 left 3271
object 89 46 right 3272
object 90 46 left 747
object 90 46 right 748
object 93 46 right 2652
object 5 47 left 747
object 5 47 right 748
object 6 47 left 747
object 6 47 right 748
object 9 47 right 2557
object 10 47 left 747
object 10 47 right 748
object 11 47 left 3271
object 11 47 right 3272
object 12 47 left 747
object 12 47 right 748
object 13 47 left 747
object 13 47 right 748
object 14 47 left 747
object 14 47 right 748
object 15 47 left 747
object 15 47 right 748
object 16 47 left 747
object 16 47 right 748
object 17 47 left 747
object 17 47 right 748
object 18 47 left 747
object 18 47 right 748
object 19 47 left 747
object 19 47 right 748
object 21 47 left 747
object 21 47 right 748
object 22 47 left 747
object 22 47 right 748
object 23 47 left 787
object 23 47 right 748
object 24 47 left 788
object 24 47 right 789
object 25 47 left 747
object 25 47 right 748
object 26 47 left 747
object 26 47 right 748
object 27 47 left 747
object 27 47 right 748
object 28 47 left 747
object 28 47 right 748
object 29 47 left 747
object 29 47 right 748
object 30 47 left 747
object 30 47 right 748
object 31 47 left 747
object 31 47 right 748
object 33 47 left 747
object 33 47 right 748
object 34 47 left 747
object 34 47 right 748
object 35 47 left 2635
object 35 47 right 748
object 36 47 left 2636
object 36 47 right 2637
object 41 47 right 2558
object 42 47 left 747
object 42 47 right 748
object 43 47 left 747
object 43 47 right 748
object 44 47 left 747
object 44 47 right 748
object 45 47 left 747
object 45 47 right 748
object 48 47 left 2891
object 49 47 left 2892
object 50 47 left 2893
object 51 47 left 2894
object 51 47 right 2895
object 52 47 left 747
object 52 47 right 748
object 53 47 left 747
object 53 47 right 748
object 55 47 left 747
object 55 47 right 748
object 56 47 left 747
object 56 47 right 748
object 57 47 left 2647
object 58 47 left 2648
object 58 47 right 2649
object 59 47 right 2652
object 62 47 right 2552
object 63 47 left 747
object 63 47 right 748
object 64 47 left 3271
object 64 47 right 3272
object 65 47 left 747
object 65 47 right 748
object 67 47 left 747
object 67 47 right 748
object 69 47 left 747
object 69 47 right 748
object 70 47 left 747
object 70 47 right 748
object 72 47 right 2650
object 76 47 left 2555
object 76 47 right 2556
object 77 47 left 747
object 77 47 right 748
object 78 47 left 747
object 78 47 right 748
object 79 47 left 747
object 79 47 right 748
object 80 47 left 747
object 80 47 right 748
object 83 47 left 2891
object 84 47 left 2892
object 85 47 left 2893
object 86 47 left 2894
object 86 47 right 2895
object 87 47 left 3969
object 87 47 right 3970
object 88 47 left 747
object 88 47 right 748
object 89 47 left 747
object 89 47 right 748
object 90 47 left 747
object 90 47 right 748
object 93 47 right 2651
object 0 48 left 747
object 0 48 right 748
object 2 48 left 747
object 2 48 right 748
object 3 48 left 747
object 3 48 right 748
object 5 48 left 747
object 5 48 right 748
object 6 48 left 747
object 6 48 right 748
object 7 48 left 747
object 7 48 right 748
object 9 48 left 747
object 9 48 right 748
object 10 48 left 747
object 11 48 left 747
object 11 48 right 748
object 12 48 left 747
object 12 48 right 748
object 13 48 left 747
object 13 48 right 748
object 14 48 left 747
object 14 48 right 748
object 15 48 left 747
object 15 48 right 748
object 16 48 left 747
object 16 48 right 748
object 17 48 left 747
object 17 48 right 748
object 19 48 left 747
object 19 48 right 748
object 21 48 left 747
object 21 48 right 748
object 23 48 left 747
object 23 48 right 748
object 24 48 left 747
object 24 48 right 748
object 25 48 left 747
object 25 48 right 748
object 26 48 left 747
object 26 48 right 748
object 27 48 left 747
object 27 48 right 748
object 29 48 left 747
object 29 48 right 748
object 31 48 left 747
object 31 48 right 748
object 32 48 left 747
object 32 48 right 748
object 33 48 left 747
object 33 48 right 748
object 34 48 left 747
object 34 48 right 748
object 35 48 left 329
object 35 48 right 330
object 36 48 right 2640
object 41 48 right 2557
object 42 48 left 759
object 42 48 right 760
object 43 48 left 747
object 43 48 right 748
object 45 48 left 747
object 45 48 right 748
object 48 48 left 2891
object 49 48 left 2892
object 50 48 left 2893
object 51 48 left 2894
object 51 48 right 2895
object 52 48 left 747
object 52 48 right 748
object 53 48 left 747
object 53 48 right 748
object 54 48 left 747
object 54 48 right 748
object 55 48 left 747
object 55 48 right 748
object 56 48 left 747
object 56 48 right 748
object 59 48 right 2651
object 62 48 left 2550
object 62 48 right 2551
object 63 48 left 747
object 63 48 right 748
object 64 48 left 747
object 64 48 right 748
object 66 48 left 747
object 66 48 right 748
object 67 48 left 747
object 67 48 right 748
object 68 48 left 747
object 68 48 right 748
object 69 48 left 747
object 69 48 right 748
object 70 48 left 747
object 70 48 right 748
object 71 48 left 2647
object 72 48 left 2648
object 72 48 right 2649
object 76 48 right 2559
object 77 48 left 759
object 77 48 right 760
object 78 48 left 747
object 78 48 right 748
object 79 48 left 747
object 79 48 right 3273
object 80 48 left 747
object 80 48 right 748
object 83 48 left 2891
object 84 48 left 2892
object 85 48 left 2893
object 86 48 left 2894
object 86 48 right 2895
object 87 48 left 747
object 87 48 right 748
object 88 48 left 747
object 88 48 right 748
object 89 48 left 747
object 89 48 right 748
object 91 48 left 747
object 91 48 right 748
object 93 48 right 2650
object 1 49 left 747
object 1 49 right 748
object 2 49 left 747
object 2 49 right 748
object 3 49 left 747
object 3 49 right 748
object 4 49 left 747
object 4 49 right 748
object 6 49 left 747
object 6 49 right 748
object 7 49 left 747
object 7 49 right 748
object 8 49 left 747
object 8 49 right 748
object 9 49 left 747
object 9 49 right 748
object 10 49 left 747
object 10 49 right 748
object 13 49 left 747
object 13 49 right 748
object 14 49 left 747
object 14 49 right 748
object 15 49 left 747
object 15 49 right 748
object 16 49 left 747
object 16 49 right 748
object 17 49 left 747
object 17 49 right 748
object 18 49 left 747
object 18 49 right 748
object 19 49 left 747
object 19 49 right 748
object 20 49 left 747
object 20 49 right 748
object 22 49 left 747
object 22 49 right 748
object 23 49 left 747
object 23 49 right 748
object 24 49 left 747
object 24 49 right 748
object 26 49 left 747
object 26 49 right 748
object 27 49 left 747
object 27 49 right 748
object 28 49 left 747
object 28 49 right 748
object 30 49 left 747
object 30 49 right 748
object 31 49 left 747
object 31 49 right 748
object 32 49 left 747
object 32 49 right 748
object 33 49 left 747
object 33 49 right 748
object 34 49 left 747
object 34 49 right 748
object 35 49 left 747
object 35 49 right 748
object 36 49 right 2639
object 41 49 left 2555
object 41 49 right 2556
object 42 49 right 2559
object 43 49 left 329
object 43 49 right 330
object 44 49 left 747
object 44 49 right 748
object 45 49 left 747
object 45 49 right 748
object 46 49 left 2872
object 47 49 left 2873
object 48 49 left 2874
object 49 49 left 2875
object 50 49 left 2876
object 51 49 left 2877
object 51 49 right 2878
object 52 49 left 747
object 52 49 right 748
object 53 49 left 747
object 53 49 right 748
object 54 49 left 141
object 54 49 right 142
object 55 49 left 747
object 55 49 right 748
object 56 49 left 329
object 56 49 right 330
object 59 49 right 2650
object 63 49 left 747
object 63 49 right 2554
object 64 49 left 747
object 64 49 right 748
object 65 49 left 747
object 65 49 right 748
object 66 49 left 747
object 66 49 right 748
object 68 49 left 747
object 68 49 right 748
object 69 49 left 747
object 69 49 right 748
object 71 49 right 2652
object 76 49 right 2558
object 77 49 left 747
object 77 49 right 748
object 78 49 left 747
object 78 49 right 748
object 79 49 left 3271
object 79 49 right 3272
object 80 49 left 747
object 80 49 right 748
object 83 49 left 2891
object 84 49 left 2892
object 85 49 left 2893
object 86 49 left 2894
object 86 49 right 2895
object 87 49 left 3969
object 87 49 right 3970
object 88 49 left 747
object 88 49 right 748
object 89 49 left 141
object 89 49 right 142
object 90 49 left 747
object 90 49 right 748
object 91 49 left 747
object 91 49 right 748
object 92 49 left 2647
object 93 49 left 2648
object 93 49 right 2649
object 94 49 right 2652
object 1 50 left 747
object 1 50 right 748
object 2 50 left 747
object 2 50 right 748
object 3 50 left 747
object 3 50 right 748
object 4 50 left 747
object 4 50 right 748
object 5 50 left 747
object 5 50 right 748
object 6 50 left 747
object 6 50 right 748
object 7 50 left 747
object 7 50 right 748
object 8 50 left 747
object 8 50 right 748
object 9 50 left 747
object 9 50 right 748
object 13 50 left 747
object 13 50 right 748
object 14 50 left 747
object 14 50 right 748
object 15 50 left 747
object 15 50 right 748
object 16 50 left 747
object 16 50 right 748
object 17 50 left 747
object 17 50 right 748
object 18 50 left 747
object 18 50 right 748
object 20 50 left 329
object 20 50 right 330
object 21 50 left 747
object 21 50 right 748
object 22 50 left 747
object 22 50 right 748
object 23 50 left 747
object 23 50 right 748
object 25 50 left 747
object 25 50 right 748
object 26 50 left 747
object 26 50 right 748
object 27 50 left 753
object 27 50 right 760
object 28 50 left 747
object 28 50 right 748
object 29 50 left 747
object 29 50 right 748
object 30 50 left 747
object 30 50 right 748
object 31 50 left 747
object 31 50 right 748
object 32 50 left 747
object 32 50 right 748
object 33 50 left 747
object 33 50 right 748
object 34 50 left 747
object 34 50 right 748
object 35 50 left 747
object 35 50 right 748
object 36 50 right 2638
object 42 50 right 2558
object 43 50 left 759
object 43 50 right 760
object 44 50 left 747
object 44 50 right 748
object 45 50 left 747
object 45 50 right 748
object 46 50 left 747
object 46 50 right 748
object 47 50 left 747
object 47 50 right 748
object 51 50 left 739
object 51 50 right 740
object 52 50 left 747
object 52 50 right 748
object 53 50 left 747
object 53 50 right 748
object 54 50 left 747
object 54 50 right 748
object 55 50 left 747
object 55 50 right 748
object 58 50 left 2647
object 59 50 left 2648
object 59 50 right 2649
object 62 50 right 2554
object 63 50 left 747
object 63 50 right 2553
object 64 50 left 747
object 64 50 right 748
object 65 50 left 747
object 65 50 right 748
object 66 50 left 747
object 66 50 right 748
object 67 50 left 747
object 67 50 right 748
object 68 50 left 747
object 68 50 right 748
object 69 50 left 747
object 69 50 right 748
object 71 50 right 2651
object 76 50 right 2557
object 77 50 left 759
object 77 50 right 760
object 78 50 left 415
object 78 50 right 416
object 79 50 left 747
object 79 50 right 748
object 80 50 left 747
object 80 50 right 748
object 83 50 left 2891
object 84 50 left 2892
object 85 50 left 2893
object 86 50 left 2894
object 86 50 right 2895
object 87 50 left 747
object 87 50 right 748
object 88 50 left 747
object 88 50 right 748
object 89 50 left 747
object 89 50 right 748
object 91 50 left 747
object 91 50 right 748
object 94 50 right 2651
object 0 51 left 747
object 0 51 right 748
object 1 51 left 747
object 1 51 right 748
object 2 51 left 747
object 2 51 right 748
object 3 51 left 747
object 3 51 right 748
object 4 51 left 747
object 4 51 right 748
object 5 51 left 747
object 5 51 right 748
object 6 51 left 747
object 6 51 right 748
object 7 51 left 747
object 7 51 right 748
object 8 51 left 747
object 8 51 right 748
object 9 51 left 747
object 9 51 right 748
object 12 51 left 747
object 12 51 right 748
object 13 51 left 747
object 13 51 right 748
object 14 51 left 747
object 14 51 right 748
object 15 51 left 747
object 15 51 right 748
object 16 51 left 747
object 16 51 right 748
object 17 51 left 747
object 17 51 right 748
object 18 51 left 747
object 18 51 right 748
object 19 51 left 747
object 19 51 right 748
object 20 51 left 747
object 20 51 right 748
object 21 51 left 747
object 21 51 right 748
object 22 51 left 747
object 22 51 right 748
object 23 51 left 747
object 23 51 right 748
object 24 51 left 747
object 24 51 right 748
object 25 51 left 747
object 25 51 right 748
object 26 51 left 747
object 26 51 right 748
object 27 51 left 747
object 27 51 right 748
object 28 51 left 747
object 28 51 right 748
object 29 51 left 747
object 29 51 right 748
object 30 51 left 747
object 30 51 right 748
object 31 51 left 747
object 31 51 right 748
object 32 51 left 747
object 32 51 right 748
object 33 51 left 747
object 33 51 right 748
object 34 51 left 747
object 34 51 right 748
object 35 51 left 2635
object 35 51 right 748
object 36 51 left 2636
object 36 51 right 2637
object 39 51 right 2134
object 42 51 right 2557
object 43 51 right 2559
object 44 51 left 759
object 44 51 right 760
object 45 51 left 747
object 45 51 right 748
object 46 51 left 747
object 46 51 right 748
object 53 51 left 747
object 53 51 right 748
object 54 51 left 747
object 54 51 right 748
object 55 51 left 747
object 55 51 right 748
object 58 51 right 2652
object 61 51 right 2554
object 62 51 right 2553
object 63 51 left 747
object 63 51 right 2552
object 64 51 left 747
object 64 51 right 748
object 67 51 left 747
object 67 51 right 748
object 68 51 left 747
object 68 51 right 748
object 69 51 left 747
object 69 51 right 748
object 71 51 right 2650
object 76 51 left 2555
object 76 51 right 2556
object 77 51 right 2559
object 78 51 left 747
object 78 51 right 748
object 79 51 left 747
object 79 51 right 748
object 80 51 left 747
object 80 51 right 748
object 81 51 left 2872
object 82 51 left 2873
object 83 51 left 2874
object 84 51 left 2875
object 85 51 left 2876
object 86 51 left 2877
object 86 51 right 2878
object 87 51 left 3969
object 87 51 right 3970
object 88 51 left 747
object 88 51 right 748
object 90 51 left 747
object 90 51 right 748
object 91 51 left 747
object 91 51 right 748
object 94 51 right 2650
object 96 51 right 2138
object 1 52 left 747
object 1 52 right 748
object 2 52 left 747
object 2 52 right 748
object 3 52 left 747
object 3 52 right 748
object 4 52 left 747
object 4 52 right 748
object 5 52 left 747
object 5 52 right 748
object 6 52 left 747
object 6 52 right 748
object 7 52 left 747
object 7 52 right 748
object 8 52 left 747
object 8 52 right 748
object 9 52 left 747
object 9 52 right 748
object 10 52 left 747
object 10 52 right 748
object 13 52 left 747
object 13 52 right 748
object 14 52 left 747
object 14 52 right 748
object 15 52 left 747
object 15 52 right 748
object 16 52 left 747
object 16 52 right 748
object 17 52 left 747
object 17 52 right 748
object 18 52 left 747
object 18 52 right 748
object 19 52 left 747
object 19 52 right 748
object 20 52 left 747
object 20 52 right 748
object 21 52 left 747
object 21 52 right 748
object 22 52 left 747
object 22 52 right 748
object 23 52 left 747
object 23 52 right 748
object 24 52 left 747
object 24 52 right 748
object 25 52 left 747
object 25 52 right 748
object 26 52 left 747
object 26 52 right 748
object 27 52 left 747
object 27 52 right 748
object 28 52 left 747
object 28 52 right 748
object 29 52 left 747
object 29 52 right 748
object 30 52 left 747
object 30 52 right 748
object 31 52 left 747
object 31 52 right 748
object 33 52 left 747
object 33 52 right 748
object 34 52 left 747
object 34 52 right 748
object 35 52 left 747
object 35 52 right 748
object 36 52 right 2639
object 38 52 left 2131
object 39 52 left 2132
object 39 52 right 2133
object 42 52 left 2555
object 42 52 right 2556
object 43 52 right 2558
object 44 52 right 2559
object 45 52 left 747
object 45 52 right 748
object 46 52 left 747
object 46 52 right 748
object 47 52 left 747
object 47 52 right 748
object 51 52 left 747
object 51 52 right 748
object 52 52 left 747
object 52 52 right 748
object 53 52 left 747
object 53 52 right 748
object 54 52 left 747
object 54 52 right 748
object 55 52 left 747
object 55 52 right 748
object 58 52 right 2651
object 61 52 right 2553
object 62 52 right 2552
object 63 52 left 2550
object 63 52 right 2551
object 64 52 left 747
object 64 52 right 748
object 65 52 left 747
object 65 52 right 748
object 66 52 left 747
object 66 52 right 748
object 67 52 left 747
object 67 52 right 748
object 68 52 left 747
object 68 52 right 748
object 69 52 left 747
object 69 52 right 748
object 70 52 left 2647
object 71 52 left 2648
object 71 52 right 2649
object 77 52 right 2558
object 78 52 left 759
object 78 52 right 760
object 79 52 left 747
object 79 52 right 748
object 81 52 left 747
object 81 52 right 748
object 86 52 left 739
object 86 52 right 740
object 87 52 left 747
object 87 52 right 748
object 88 52 left 747
object 88 52 right 748
object 89 52 left 747
object 89 52 right 748
object 90 52 left 747
object 90 52 right 748
object 93 52 left 2647
object 94 52 left 2648
object 94 52 right 2649
object 95 52 left 2135
object 96 52 left 2136
object 96 52 right 2137
object 4 53 left 747
object 4 53 right 748
object 5 53 left 747
object 5 53 right 748
object 6 53 left 747
object 6 53 right 748
object 7 53 left 747
object 7 53 right 748
object 8 53 left 747
object 8 53 right 748
object 9 53 left 747
object 9 53 right 748
object 10 53 left 747
object 10 53 right 748
object 11 53 left 747
object 11 53 right 748
object 13 53 left 747
object 13 53 right 748
object 14 53 left 747
object 14 53 right 748
object 15 53 left 747
object 15 53 right 748
object 16 53 left 747
object 16 53 right 748
object 17 53 left 747
object 17 53 right 748
object 18 53 left 747
object 18 53 right 748
object 22 53 right 2628
object 26 53 right 2628
object 30 53 right 2628
object 31 53 left 747
object 31 53 right 2564
object 32 53 left 747
object 32 53 right 748
object 33 53 left 747
object 33 53 right 748
object 34 53 left 747
object 34 53 right 748
object 35 53 left 747
object 35 53 right 748
object 36 53 right 2638
object 43 53 right 2557
object 44 53 right 2558
object 45 53 left 745
object 45 53 right 746
object 46 53 left 747
object 46 53 right 748
object 47 53 left 747
object 47 53 right 748
object 48 53 left 747
object 48 53 right 748
object 50 53 left 747
object 50 53 right 748
object 52 53 left 747
object 52 53 right 748
object 53 53 left 747
object 53 53 right 748
object 54 53 left 747
object 54 53 right 748
object 55 53 left 329
object 55 53 right 330
object 58 53 right 2650
object 61 53 right 2552
object 62 53 left 2550
object 62 53 right 2551
object 63 53 left 747
object 63 53 right 2554
object 65 53 left 747
object 65 53 right 748
object 66 53 left 747
object 66 53 right 748
object 68 53 left 747
object 68 53 right 748
object 69 53 left 747
object 69 53 right 748
object 71 53 right 2651
object 77 53 right 2557
object 78 53 right 2559
object 79 53 left 759
object 79 53 right 760
object 80 53 left 747
object 80 53 right 748
object 87 53 left 747
object 87 53 right 748
object 88 53 left 747
object 88 53 right 748
object 89 53 left 747
object 89 53 right 748
object 90 53 left 747
object 90 53 right 748
object 93 53 right 2652
object 0 54 left 747
object 0 54 right 748
object 1 54 left 747
object 1 54 right 748
object 2 54 left 747
object 2 54 right 748
object 3 54 left 747
object 3 54 right 748
object 4 54 left 747
object 4 54 right 748
object 5 54 left 747
object 5 54 right 748
object 6 54 left 747
object 6 54 right 748
object 7 54 left 747
object 7 54 right 748
object 8 54 left 747
object 8 54 right 748
object 9 54 left 747
object 9 54 right 748
object 12 54 left 747
object 12 54 right 748
object 13 54 left 747
object 13 54 right 748
object 14 54 left 747
object 14 54 right 748
object 15 54 left 747
object 15 54 right 748
object 16 54 left 747
object 16 54 right 748
object 17 54 left 747
object 17 54 right 748
object 18 54 left 747
object 18 54 right 748
object 19 54 right 2639
object 20 54 left 2624
object 21 54 left 2625
object 22 54 left 2626
object 22 54 right 2627
object 23 54 left 2623
object 24 54 left 2624
object 25 54 left 2625
object 26 54 left 2626
object 26 54 right 2627
object 27 54 left 2623
object 28 54 left 2624
object 29 54 left 2625
object 30 54 left 2626
object 30 54 right 2627
object 31 54 left 747
object 31 54 right 2563
object 32 54 left 747
object 32 54 right 748
object 34 54 left 747
object 34 54 right 748
object 35 54 left 2635
object 35 54 right 748
object 36 54 left 2636
object 36 54 right 2637
object 43 54 left 2555
object 43 54 right 2556
object 44 54 right 2557
object 45 54 right 2559
object 46 54 left 747
object 46 54 right 748
object 47 54 left 747
object 47 54 right 748
object 49 54 left 747
object 49 54 right 748
object 51 54 left 747
object 51 54 right 748
object 52 54 left 747
object 52 54 right 748
object 56 54 left 75
object 56 54 right 76
object 57 54 left 2647
object 58 54 left 2648
object 58 54 right 2649
object 61 54 left 2550
object 61 54 right 2551
object 62 54 right 2554
object 63 54 left 747
object 63 54 right 2553
object 64 54 left 747
object 64 54 right 748
object 65 54 left 747
object 65 54 right 748
object 66 54 left 747
object 66 54 right 748
object 67 54 left 747
object 67 54 right 748
object 68 54 left 747
object 68 54 right 748
object 69 54 left 747
object 69 54 right 748
object 71 54 right 2650
object 77 54 left 2555
object 77 54 right 2556
object 78 54 right 2558
object 79 54 right 2559
object 80 54 left 747
object 80 54 right 748
object 81 54 left 747
object 81 54 right 748
object 82 54 left 747
object 82 54 right 748
object 87 54 left 747
object 87 54 right 748
object 88 54 left 747
object 88 54 right 748
object 89 54 left 747
object 89 54 right 748
object 90 54 left 747
object 90 54 right 3273
object 93 54 right 2651
object 1 55 left 747
object 1 55 right 748
object 2 55 left 747
object 2 55 right 748
object 3 55 left 747
object 3 55 right 748
object 4 55 left 747
object 4 55 right 748
object 5 55 left 747
object 5 55 right 748
object 6 55 left 747
object 6 55 right 748
object 7 55 left 747
object 7 55 right 748
object 8 55 left 747
object 8 55 right 748
object 9 55 left 747
object 9 55 right 748
object 10 55 left 747
object 10 55 right 748
object 13 55 left 747
object 13 55 right 748
object 14 55 left 747
object 14 55 right 748
object 15 55 left 747
object 15 55 right 748
object 17 55 right 2134
object 19 55 right 2638
object 20 55 right 2628
object 21 55 left 2636
object 21 55 right 2637
object 31 55 left 747
object 31 55 right 2562
object 32 55 left 747
object 32 55 right 748
object 33 55 left 747
object 33 55 right 748
object 34 55 left 747
object 34 55 right 748
object 35 55 left 747
object 35 55 right 748
object 36 55 left 2530
object 37 55 left 2531
object 38 55 left 2532
object 39 55 left 2533
object 39 55 right 2534
object 44 55 left 2555
object 44 55 right 2556
object 45 55 right 2558
object 46 55 left 747
object 46 55 right 748
object 47 55 left 747
object 47 55 right 748
object 48 55 left 747
object 48 55 right 748
object 49 55 left 747
object 49 55 right 748
object 50 55 left 747
object 50 55 right 748
object 51 55 left 747
object 51 55 right 748
object 52 55 left 747
object 52 55 right 748
object 55 55 right 2134
object 56 55 right 2046
object 57 55 right 2046
object 62 55 right 2553
object 63 55 left 747
object 63 55 right 2552
object 64 55 left 747
object 64 55 right 748
object 65 55 left 747
object 65 55 right 748
object 67 55 left 747
object 67 55 right 748
object 68 55 left 747
object 68 55 right 748
object 69 55 left 747
object 69 55 right 748
object 70 55 left 2647
object 71 55 left 2648
object 71 55 right 2649
object 78 55 right 2557
object 79 55 right 2558
object 80 55 left 745
object 80 55 right 746
object 81 55 left 747
object 81 55 right 748
object 82 55 left 747
object 82 55 right 748
object 83 55 left 747
object 83 55 right 748
object 86 55 left 747
object 86 55 right 748
object 87 55 left 747
object 87 55 right 748
object 88 55 left 747
object 88 55 right 748
object 89 55 left 747
object 89 55 right 748
object 90 55 left 3271
object 90 55 right 3272
object 93 55 right 2650
object 6 56 left 747
object 6 56 right 748
object 7 56 left 747
object 7 56 right 748
object 8 56 left 747
object 8 56 right 748
object 9 56 left 747
object 9 56 right 748
object 10 56 left 747
object 10 56 right 748
object 11 56 left 747
object 11 56 right 748
object 13 56 left 747
object 13 56 right 748
object 14 56 left 747
object 14 56 right 748
object 15 56 left 747
object 15 56 right 748
object 16 56 left 2131
object 17 56 left 2132
object 17 56 right 2133
object 18 56 left 2624
object 19 56 left 2625
object 20 56 left 2626
object 20 56 right 2627
object 26 56 right 2134
object 30 56 right 2557
object 31 56 left 747
object 31 56 right 2552
object 32 56 left 759
object 32 56 right 760
object 33 56 left 747
object 33 56 right 748
object 34 56 left 747
object 34 56 right 748
object 35 56 left 747
object 35 56 right 748
object 36 56 left 747
object 36 56 right 748
object 37 56 left 747
object 37 56 right 748
object 38 56 left 747
object 38 56 right 748
object 39 56 left 747
object 39 56 right 748
object 40 56 left 77
object 40 56 right 78
object 45 56 right 2557
object 46 56 left 747
object 46 56 right 748
object 48 56 left 747
object 48 56 right 748
object 49 56 left 747
object 49 56 right 748
object 51 56 left 747
object 51 56 right 748
object 52 56 left 747
object 52 56 right 748
object 54 56 left 2131
object 55 56 left 2132
object 55 56 right 2133
object 56 56 left 2044
object 56 56 right 2045
object 57 56 left 2044
object 57 56 right 2045
object 62 56 right 2552
object 63 56 left 2550
object 63 56 right 2551
object 64 56 left 747
object 64 56 right 748
object 66 56 left 747
object 66 56 right 748
object 67 56 left 747
object 67 56 right 748
object 68 56 left 747
object 68 56 right 748
object 69 56 left 747
object 69 56 right 748
object 71 56 right 2651
object 78 56 left 2555
object 78 56 right 2556
object 79 56 right 2557
object 80 56 right 2559
object 81 56 left 747
object 81 56 right 748
object 83 56 left 747
object 83 56 right 748
object 87 56 left 747
object 87 56 right 748
object 91 56 left 75
object 91 56 right 76
object 92 56 left 2647
object 93 56 left 2648
object 93 56 right 2649
object 10 57 left 747
object 10 57 right 748
object 11 57 left 747
object 11 57 right 748
object 12 57 left 747
object 12 57 right 748
object 13 57 left 747
object 13 57 right 748
object 14 57 left 747
object 14 57 right 748
object 15 57 left 747
object 15 57 right 748
object 17 57 right 2640
object 25 57 left 2131
object 26 57 left 2132
object 26 57 right 2133
object 30 57 left 2555
object 30 57 right 2556
object 31 57 left 747
object 31 57 right 748
object 32 57 left 747
object 32 57 right 748
object 33 57 left 747
object 33 57 right 748
object 34 57 left 747
object 34 57 right 748
object 35 57 left 747
object 35 57 right 748
object 37 57 left 747
object 37 57 right 748
object 39 57 left 747
object 39 57 right 748
object 40 57 left 77
object 40 57 right 78
object 41 57 left 2525
object 42 57 left 2526
object 43 57 left 2527
object 44 57 left 2528
object 44 57 right 2529
object 45 57 left 2555
object 45 57 right 2556
object 46 57 left 747
object 46 57 right 748
object 47 57 left 747
object 47 57 right 748
object 48 57 left 747
object 48 57 right 748
object 49 57 left 747
object 49 57 right 748
object 50 57 left 747
object 50 57 right 748
object 51 57 left 747
object 51 57 right 748
object 52 57 left 747
object 52 57 right 748
object 54 57 left 3277
object 55 57 left 3278
object 55 57 right 3279
object 62 57 left 2550
object 62 57 right 2551
object 63 57 left 747
object 63 57 right 2564
object 64 57 left 747
object 64 57 right 748
object 65 57 left 747
object 65 57 right 748
object 66 57 left 747
object 66 57 right 748
object 68 57 left 747
object 68 57 right 748
object 69 57 left 747
object 69 57 right 748
object 71 57 right 2650
object 79 57 left 2555
object 79 57 right 2556
object 80 57 right 2558
object 81 57 left 747
object 81 57 right 3273
object 82 57 left 747
object 82 57 right 748
object 84 57 left 747
object 84 57 right 748
object 85 57 left 747
object 85 57 right 748
object 86 57 left 747
object 86 57 right 748
object 87 57 left 747
object 87 57 right 748
object 90 57 right 2134
object 91 57 right 2046
object 92 57 right 2046
object 10 58 right 2559
object 11 58 left 747
object 11 58 right 748
object 12 58 left 747
object 12 58 right 748
object 13 58 left 747
object 13 58 right 748
object 14 58 left 747
object 14 58 right 748
object 15 58 left 747
object 15 58 right 748
object 17 58 right 2639
object 30 58 right 2557
object 31 58 left 759
object 31 58 right 760
object 32 58 left 747
object 32 58 right 748
object 33 58 left 747
object 33 58 right 748
object 34 58 left 747
object 34 58 right 748
object 35 58 left 747
object 35 58 right 748
object 36 58 left 747
object 36 58 right 748
object 37 58 left 747
object 37 58 right 748
object 38 58 left 747
object 38 58 right 748
object 39 58 left 747
object 39 58 right 748
object 40 58 left 747
object 40 58 right 748
object 41 58 left 747
object 41 58 right 748
object 42 58 left 747
object 42 58 right 748
object 44 58 left 747
object 44 58 right 748
object 45 58 left 747
object 45 58 right 748
object 46 58 left 747
object 46 58 right 748
object 47 58 left 747
object 47 58 right 748
object 48 58 left 747
object 48 58 right 748
object 51 58 left 747
object 51 58 right 748
object 52 58 left 747
object 52 58 right 748
object 54 58 right 2640
object 62 58 right 2564
object 63 58 left 747
object 63 58 right 2563
object 64 58 left 747
object 64 58 right 748
object 66 58 left 747
object 66 58 right 748
object 67 58 left 747
object 67 58 right 748
object 68 58 left 747
object 68 58 right 748
object 69 58 left 747
object 69 58 right 748
object 70 58 left 2647
object 71 58 left 2648
object 71 58 right 2649
object 80 58 right 2557
object 81 58 left 3271
object 81 58 right 3272
object 82 58 left 747
object 82 58 right 748
object 83 58 left 747
object 83 58 right 748
object 84 58 left 747
object 84 58 right 748
object 85 58 left 747
object 85 58 right 748
object 87 58 left 747
object 87 58 right 748
object 89 58 left 2131
object 90 58 left 2132
object 90 58 right 2133
object 91 58 left 2044
object 91 58 right 2045
object 92 58 left 2044
object 92 58 right 2045
object 10 59 right 2558
object 11 59 left 141
object 11 59 right 142
object 12 59 left 747
object 12 59 right 748
object 13 59 left 747
object 13 59 right 748
object 14 59 left 747
object 14 59 right 748
object 15 59 left 747
object 15 59 right 748
object 17 59 right 2638
object 30 59 left 2555
object 30 59 right 2556
object 31 59 left 747
object 31 59 right 748
object 32 59 left 747
object 32 59 right 748
object 33 59 left 747
object 33 59 right 748
object 34 59 left 747
object 34 59 right 748
object 35 59 left 747
object 35 59 right 748
object 36 59 left 747
object 36 59 right 748
object 37 59 left 747
object 37 59 right 748
object 38 59 left 747
object 38 59 right 748
object 40 59 left 747
object 40 59 right 748
object 41 59 left 747
object 41 59 right 748
object 43 59 left 747
object 43 59 right 748
object 44 59 left 747
object 44 59 right 748
object 45 59 left 747
object 45 59 right 748
object 46 59 left 747
object 46 59 right 748
object 49 59 left 747
object 49 59 right 748
object 50 59 left 747
object 50 59 right 748
object 51 59 left 747
object 51 59 right 748
object 52 59 left 747
object 52 59 right 748
object 54 59 right 2639
object 62 59 right 2563
object 63 59 left 747
object 63 59 right 2562
object 64 59 left 747
object 64 59 right 748
object 65 59 left 747
object 65 59 right 748
object 66 59 left 747
object 66 59 right 748
object 69 59 left 747
object 69 59 right 748
object 70 59 left 2525
object 71 59 left 2526
object 72 59 left 2527
object 73 59 left 2528
object 73 59 right 2529
object 80 59 left 2555
object 80 59 right 2556
object 81 59 left 747
object 81 59 right 748
object 82 59 left 747
object 82 59 right 748
object 83 59 left 747
object 83 59 right 748
object 85 59 left 747
object 85 59 right 748
object 86 59 left 747
object 86 59 right 748
object 87 59 left 747
object 87 59 right 748
object 89 59 left 3277
object 90 59 left 3278
object 90 59 right 3279
object 10 60 right 2557
object 11 60 left 747
object 11 60 right 748
object 12 60 left 747
object 12 60 right 748
object 13 60 left 747
object 13 60 right 748
object 14 60 left 747
object 14 60 right 748
object 15 60 left 747
object 15 60 right 748
object 16 60 left 2635
object 17 60 left 2636
object 17 60 right 2637
object 30 60 left 747
object 30 60 right 2553
object 31 60 left 747
object 31 60 right 748
object 32 60 left 747
object 32 60 right 748
object 33 60 left 747
object 33 60 right 748
object 34 60 left 747
object 34 60 right 748
object 35 60 left 747
object 35 60 right 748
object 36 60 left 747
object 36 60 right 748
object 37 60 left 747
object 37 60 right 748
object 38 60 left 747
object 38 60 right 748
object 39 60 left 747
object 39 60 right 748
object 40 60 left 747
object 40 60 right 748
object 41 60 left 747
object 41 60 right 748
object 42 60 left 747
object 42 60 right 748
object 43 60 left 747
object 43 60 right 748
object 44 60 left 747
object 44 60 right 748
object 46 60 left 747
object 46 60 right 748
object 47 60 left 747
object 47 60 right 748
object 48 60 left 747
object 48 60 right 748
object 50 60 left 747
object 50 60 right 748
object 51 60 left 747
object 51 60 right 748
object 52 60 left 747
object 52 60 right 748
object 54 60 right 2638
object 62 60 right 2562
object 63 60 left 2560
object 63 60 right 2561
object 64 60 left 747
object 64 60 right 748
object 65 60 left 747
object 65 60 right 748
object 66 60 left 747
object 66 60 right 748
object 67 60 left 747
object 67 60 right 748
object 68 60 left 747
object 68 60 right 748
object 69 60 left 747
object 69 60 right 748
object 70 60 left 747
object 70 60 right 748
object 71 60 left 747
object 71 60 right 748
object 72 60 left 747
object 72 60 right 748
object 73 60 left 747
object 73 60 right 748
object 74 60 left 2525
object 74 60 right 748
object 75 60 left 2526
object 75 60 right 748
object 76 60 left 2527
object 76 60 right 748
object 77 60 left 2528
object 77 60 right 2529
object 78 60 left 2526
object 78 60 right 748
object 79 60 left 2527
object 79 60 right 748
object 80 60 left 2528
object 80 60 right 2529
object 81 60 left 747
object 81 60 right 748
object 82 60 left 747
object 82 60 right 748
object 84 60 left 747
object 84 60 right 748
object 85 60 left 747
object 85 60 right 748
object 87 60 left 747
object 87 60 right 748
object 90 60 right 2634
object 10 61 left 2555
object 10 61 right 2556
object 11 61 left 747
object 11 61 right 3273
object 12 61 left 747
object 12 61 right 748
object 13 61 left 747
object 13 61 right 748
object 14 61 left 747
object 14 61 right 748
object 15 61 left 747
object 15 61 right 748
object 17 61 right 2640
object 22 61 right 2559
object 23 61 left 2520
object 24 61 left 2521
object 25 61 left 2522
object 25 61 right 3273
object 26 61 left 2523
object 26 61 right 2524
object 27 61 left 2521
object 28 61 left 2522
object 29 61 left 2523
object 29 61 right 2524
object 30 61 left 747
object 30 61 right 2552
object 31 61 left 747
object 31 61 right 748
object 32 61 left 747
object 32 61 right 748
object 33 61 left 747
object 33 61 right 748
object 35 61 right 2134
object 37 61 left 747
object 37 61 right 748
object 38 61 left 747
object 38 61 right 748
object 39 61 left 747
object 39 61 right 2610
object 40 61 left 747
object 40 61 right 748
object 41 61 left 747
object 41 61 right 748
object 42 61 left 747
object 42 61 right 748
object 43 61 left 747
object 43 61 right 748
object 44 61 left 747
object 44 61 right 748
object 45 61 left 747
object 45 61 right 748
object 46 61 left 747
object 46 61 right 748
object 48 61 left 747
object 48 61 right 748
object 49 61 left 747
object 49 61 right 748
object 51 61 left 747
object 51 61 right 748
object 52 61 left 747
object 52 61 right 748
object 53 61 left 2635
object 54 61 left 2636
object 54 61 right 2637
object 59 61 left 77
object 59 61 right 78
object 60 61 left 77
object 60 61 right 78
object 61 61 left 77
object 61 61 right 78
object 62 61 left 2560
object 62 61 right 2561
object 63 61 left 747
object 63 61 right 748
object 64 61 left 747
object 64 61 right 748
object 65 61 left 747
object 65 61 right 748
object 67 61 left 747
object 67 61 right 748
object 68 61 left 747
object 68 61 right 748
object 70 61 left 747
object 70 61 right 748
object 72 61 left 747
object 72 61 right 748
object 74 61 left 747
object 74 61 right 748
object 75 61 left 747
object 75 61 right 748
object 77 61 left 747
object 77 61 right 748
object 78 61 left 747
object 78 61 right 748
object 79 61 left 747
object 79 61 right 748
object 80 61 left 747
object 80 61 right 748
object 81 61 left 747
object 81 61 right 748
object 82 61 left 747
object 82 61 right 748
object 83 61 left 747
object 83 61 right 748
object 84 61 left 747
object 84 61 right 748
object 86 61 left 747
object 86 61 right 748
object 87 61 left 747
object 87 61 right 748
object 90 61 right 2633
object 10 62 right 2559
object 11 62 left 3271
object 11 62 right 3272
object 12 62 left 747
object 12 62 right 748
object 13 62 left 747
object 13 62 right 748
object 14 62 left 747
object 14 62 right 748
object 15 62 left 747
object 15 62 right 748
object 17 62 right 2639
object 21 62 right 2559
object 22 62 right 2558
object 23 62 left 747
object 23 62 right 748
object 24 62 left 747
object 24 62 right 748
object 25 62 left 3271
object 25 62 right 3272
object 26 62 left 747
object 26 62 right 748
object 27 62 left 747
object 27 62 right 748
object 28 62 right 2558
object 29 62 left 747
object 29 62 right 2564
object 30 62 left 747
object 30 62 right 2552
object 31 62 left 747
object 31 62 right 748
object 32 62 left 747
object 32 62 right 748
object 33 62 left 747
object 33 62 right 748
object 34 62 left 2131
object 35 62 left 2132
object 35 62 right 2133
object 36 62 left 2624
object 37 62 left 2606
object 38 62 left 2607
object 38 62 right 748
object 39 62 left 2608
object 39 62 right 2609
object 40 62 left 747
object 40 62 right 748
object 41 62 left 747
object 41 62 right 748
object 42 62 left 747
object 42 62 right 2610
object 43 62 left 747
object 43 62 right 748
object 44 62 left 747
object 44 62 right 2554
object 45 62 left 185
object 45 62 right 186
object 46 62 left 747
object 46 62 right 748
object 47 62 left 747
object 47 62 right 748
object 48 62 left 747
object 48 62 right 748
object 50 62 left 747
object 50 62 right 748
object 51 62 left 747
object 51 62 right 748
object 52 62 left 747
object 52 62 right 748
object 53 62 left 2525
object 54 62 left 2526
object 55 62 left 2527
object 56 62 left 2528
object 56 62 right 2529
object 57 62 left 2526
object 58 62 left 2527
object 59 62 left 2528
object 59 62 right 2529
object 60 62 left 747
object 60 62 right 2553
object 61 62 left 747
object 61 62 right 748
object 62 62 left 747
object 62 62 right 748
object 64 62 left 747
object 64 62 right 748
object 66 62 left 747
object 66 62 right 748
object 67 62 left 747
object 67 62 right 748
object 68 62 left 747
object 68 62 right 748
object 69 62 left 747
object 69 62 right 748
object 71 62 left 747
object 71 62 right 748
object 72 62 left 747
object 72 62 right 748
object 74 62 left 747
object 74 62 right 748
object 75 62 left 747
object 75 62 right 748
object 77 62 left 747
object 77 62 right 748
object 78 62 left 747
object 78 62 right 748
object 79 62 left 747
object 79 62 right 748
object 81 62 left 747
object 81 62 right 748
object 83 62 left 747
object 83 62 right 748
object 86 62 left 747
object 86 62 right 748
object 87 62 left 747
object 87 62 right 748
object 90 62 right 2632
object 97 62 right 2138
object 10 63 right 2559
object 11 63 left 747
object 11 63 right 748
object 12 63 left 747
object 12 63 right 748
object 15 63 left 747
object 15 63 right 748
object 17 63 right 2638
object 20 63 right 2559
object 21 63 right 2558
object 22 63 right 2557
object 23 63 left 747
object 23 63 right 748
object 24 63 left 747
object 24 63 right 748
object 25 63 left 747
object 25 63 right 748
object 26 63 left 747
object 26 63 right 748
object 27 63 left 747
object 27 63 right 748
object 29 63 left 747
object 29 63 right 748
object 30 63 left 747
object 30 63 right 748
object 31 63 left 747
object 31 63 right 748
object 32 63 left 747
object 32 63 right 748
object 33 63 left 747
object 33 63 right 748
object 35 63 right 2640
object 39 63 left 2605
object 40 63 left 2606
object 41 63 left 2607
object 42 63 left 2608
object 42 63 right 2609
object 43 63 left 747
object 43 63 right 748
object 44 63 left 747
object 44 63 right 2553
object 45 63 left 747
object 45 63 right 748
object 46 63 left 747
object 46 63 right 748
object 47 63 left 747
object 47 63 right 748
object 48 63 left 747
object 48 63 right 748
object 49 63 left 747
object 49 63 right 748
object 50 63 left 747
object 50 63 right 748
object 51 63 left 747
object 51 63 right 748
object 52 63 left 747
object 52 63 right 748
object 53 63 left 747
object 53 63 right 748
object 54 63 left 747
object 54 63 right 748
object 55 63 left 747
object 55 63 right 748
object 56 63 left 747
object 56 63 right 748
object 57 63 left 747
object 57 63 right 748
object 58 63 left 747
object 58 63 right 748
object 59 63 left 747
object 59 63 right 748
object 61 63 left 747
object 61 63 right 748
object 62 63 left 747
object 62 63 right 748
object 63 63 left 747
object 63 63 right 748
object 64 63 left 747
object 64 63 right 748
object 65 63 left 747
object 65 63 right 748
object 66 63 left 747
object 66 63 right 748
object 67 63 left 747
object 67 63 right 748
object 68 63 left 747
object 68 63 right 748
object 69 63 left 747
object 69 63 right 748
object 70 63 left 747
object 70 63 right 748
object 71 63 left 747
object 71 63 right 748
object 73 63 left 747
object 73 63 right 748
object 74 63 left 747
object 74 63 right 748
object 75 63 left 747
object 75 63 right 748
object 76 63 left 747
object 76 63 right 748
object 77 63 left 747
object 77 63 right 748
object 80 63 left 747
object 80 63 right 748
object 82 63 left 747
object 82 63 right 748
object 83 63 left 747
object 83 63 right 748
object 84 63 left 747
object 84 63 right 748
object 85 63 left 747
object 85 63 right 748
object 86 63 left 747
object 86 63 right 748
object 87 63 left 747
object 87 63 right 748
object 88 63 left 77
object 88 63 right 78
object 89 63 left 2629
object 89 63 right 78
object 90 63 left 2630
object 90 63 right 2631
object 96 63 left 2135
object 97 63 left 2136
object 97 63 right 2137
object 10 64 right 2558
object 11 64 left 747
object 11 64 right 748
object 12 64 left 747
object 12 64 right 748
object 13 64 left 747
object 13 64 right 748
object 14 64 left 747
object 14 64 right 748
object 15 64 left 747
object 15 64 right 748
object 16 64 left 2635
object 17 64 left 2636
object 17 64 right 2637
object 20 64 right 2558
object 21 64 right 2557
object 22 64 left 747
object 22 64 right 748
object 23 64 left 747
object 23 64 right 748
object 24 64 left 747
object 24 64 right 748
object 25 64 left 747
object 25 64 right 748
object 26 64 left 747
object 26 64 right 748
object 27 64 left 747
object 27 64 right 748
object 28 64 left 747
object 28 64 right 748
object 29 64 left 747
object 29 64 right 748
object 30 64 left 747
object 30 64 right 748
object 31 64 left 747
object 31 64 right 748
object 32 64 left 747
object 32 64 right 748
object 33 64 left 747
object 33 64 right 748
object 35 64 right 2638
object 42 64 left 747
object 42 64 right 748
object 43 64 left 747
object 43 64 right 2610
object 44 64 left 747
object 44 64 right 2552
object 45 64 left 747
object 45 64 right 748
object 47 64 left 747
object 47 64 right 748
object 48 64 left 747
object 48 64 right 748
object 49 64 left 747
object 49 64 right 748
object 50 64 left 747
object 50 64 right 748
object 51 64 left 747
object 51 64 right 748
object 52 64 left 747
object 52 64 right 748
object 53 64 left 747
object 53 64 right 748
object 55 64 left 747
object 55 64 right 748
object 57 64 left 747
object 57 64 right 748
object 59 64 left 747
object 59 64 right 748
object 60 64 left 747
object 60 64 right 748
object 61 64 left 747
object 61 64 right 748
object 62 64 left 747
object 62 64 right 748
object 63 64 left 747
object 63 64 right 748
object 64 64 left 747
object 64 64 right 748
object 65 64 left 747
object 65 64 right 748
object 66 64 left 747
object 66 64 right 2134
object 67 64 right 2046
object 68 64 right 2046
object 69 64 left 747
object 69 64 right 748
object 70 64 left 747
object 70 64 right 2046
object 71 64 left 747
object 71 64 right 2554
object 72 64 left 747
object 72 64 right 748
object 73 64 left 747
object 73 64 right 748
object 74 64 left 747
object 74 64 right 748
object 75 64 left 747
object 75 64 right 748
object 78 64 left 747
object 78 64 right 748
object 79 64 left 747
object 79 64 right 748
object 80 64 left 747
object 80 64 right 748
object 81 64 left 747
object 81 64 right 748
object 82 64 left 747
object 82 64 right 748
object 83 64 left 747
object 83 64 right 748
object 84 64 left 747
object 84 64 right 748
object 85 64 left 747
object 85 64 right 748
object 87 64 left 747
object 87 64 right 748
object 89 64 left 747
object 89 64 right 748
object 90 64 left 3277
object 91 64 left 3278
object 91 64 right 3279
object 10 65 right 2557
object 11 65 left 747
object 11 65 right 3273
object 12 65 left 747
object 12 65 right 748
object 13 65 left 747
object 13 65 right 748
object 14 65 left 747
object 14 65 right 748
object 15 65 left 747
object 15 65 right 748
object 17 65 right 2640
object 19 65 right 2559
object 20 65 right 2557
object 21 65 left 2555
object 21 65 right 2556
object 22 65 left 747
object 22 65 right 3273
object 23 65 left 747
object 23 65 right 748
object 28 65 left 747
object 28 65 right 748
object 29 65 left 747
object 29 65 right 748
object 30 65 left 747
object 30 65 right 748
object 32 65 left 747
object 32 65 right 748
object 33 65 left 747
object 33 65 right 748
object 34 65 left 2635
object 35 65 left 2636
object 35 65 right 2637
object 40 65 left 2605
object 41 65 left 2606
object 42 65 left 2607
object 42 65 right 748
object 43 65 left 2608
object 43 65 right 2609
object 44 65 left 2550
object 44 65 right 2551
object 45 65 left 747
object 45 65 right 748
object 46 65 left 747
object 46 65 right 748
object 47 65 left 747
object 47 65 right 748
object 48 65 left 747
object 48 65 right 748
object 50 65 left 747
object 50 65 right 748
object 51 65 left 747
object 51 65 right 748
object 53 65 left 747
object 53 65 right 748
object 54 65 left 747
object 54 65 right 748
object 56 65 left 747
object 56 65 right 748
object 57 65 left 747
object 57 65 right 748
object 58 65 left 747
object 58 65 right 748
object 59 65 left 747
object 59 65 right 748
object 60 65 left 747
object 60 65 right 748
object 61 65 left 747
object 61 65 right 748
object 62 65 left 747
object 62 65 right 748
object 63 65 left 747
object 63 65 right 748
object 64 65 left 747
object 64 65 right 748
object 65 65 left 2131
object 65 65 right 748
object 66 65 left 2132
object 66 65 right 2133
object 67 65 left 2044
object 67 65 right 2045
object 68 65 left 2044
object 68 65 right 2045
object 69 65 left 2618
object 70 65 left 2132
object 70 65 right 2133
object 71 65 right 2553
object 72 65 left 747
object 72 65 right 748
object 73 65 left 747
object 73 65 right 748
object 74 65 left 747
object 74 65 right 748
object 75 65 left 747
object 75 65 right 748
object 76 65 left 747
object 76 65 right 748
object 78 65 right 2616
object 79 65 left 747
object 79 65 right 748
object 80 65 left 747
object 80 65 right 748
object 82 65 left 747
object 82 65 right 2622
object 83 65 left 747
object 83 65 right 2554
object 85 65 left 747
object 85 65 right 748
object 86 65 left 747
object 86 65 right 748
object 87 65 left 747
object 87 65 right 748
object 88 65 left 747
object 88 65 right 748
object 89 65 left 747
object 89 65 right 748
object 90 65 left 77
object 90 65 right 78
object 91 65 left 77
object 91 65 right 78
object 92 65 left 2041
object 92 65 right 748
object 93 65 left 2042
object 93 65 right 2043
object 10 66 left 2555
object 10 66 right 2556
object 11 66 left 3271
object 11 66 right 3272
object 13 66 left 747
object 13 66 right 748
object 14 66 left 747
object 14 66 right 748
object 15 66 left 747
object 15 66 right 748
object 17 66 right 2639
object 19 66 right 2558
object 20 66 left 2555
object 20 66 right 2556
object 21 66 left 747
object 21 66 right 748
object 22 66 left 3271
object 22 66 right 3272
object 23 66 left 747
object 23 66 right 748
object 29 66 left 747
object 29 66 right 748
object 30 66 left 747
object 30 66 right 3273
object 31 66 left 747
object 31 66 right 748
object 32 66 left 747
object 32 66 right 748
object 33 66 left 747
object 33 66 right 748
object 35 66 right 2640
object 44 66 right 2564
object 45 66 left 747
object 45 66 right 748
object 46 66 left 747
object 46 66 right 748
object 47 66 left 747
object 47 66 right 748
object 48 66 left 747
object 48 66 right 748
object 49 66 left 747
object 49 66 right 748
object 50 66 left 747
object 50 66 right 748
object 51 66 left 747
object 51 66 right 748
object 52 66 left 747
object 52 66 right 748
object 53 66 left 747
object 53 66 right 748
object 54 66 left 747
object 54 66 right 748
object 55 66 left 747
object 55 66 right 748
object 56 66 left 747
object 56 66 right 748
object 58 66 left 747
object 58 66 right 748
object 59 66 left 747
object 59 66 right 748
object 60 66 left 747
object 60 66 right 748
object 61 66 right 748
object 62 66 right 2134
object 63 66 right 2138
object 64 66 right 2046
object 65 66 right 2046
object 71 66 left 2550
object 71 66 right 2551
object 72 66 left 747
object 72 66 right 748
object 74 66 left 747
object 74 66 right 748
object 75 66 left 747
object 75 66 right 748
object 76 66 left 747
object 76 66 right 748
object 77 66 left 747
object 77 66 right 748
object 78 66 left 747
object 78 66 right 748
object 79 66 right 2651
object 80 66 left 2618
object 81 66 left 2619
object 82 66 left 2620
object 82 66 right 2621
object 83 66 right 2553
object 84 66 left 747
object 84 66 right 2554
object 85 66 left 747
object 85 66 right 748
object 86 66 left 747
object 86 66 right 748
object 88 66 left 747
object 88 66 right 748
object 89 66 left 747
object 89 66 right 748
object 90 66 left 747
object 90 66 right 748
object 91 66 left 747
object 91 66 right 748
object 92 66 left 747
object 92 66 right 748
object 93 66 left 2041
object 94 66 left 2042
object 94 66 right 2043
object 10 67 right 2559
object 11 67 left 747
object 11 67 right 748
object 12 67 left 747
object 12 67 right 748
object 13 67 left 747
object 13 67 right 748
object 14 67 left 747
object 14 67 right 748
object 15 67 left 747
object 15 67 right 748
object 17 67 right 2638
object 19 67 right 2557
object 20 67 left 759
object 20 67 right 760
object 21 67 left 747
object 21 67 right 748
object 22 67 left 747
object 22 67 right 748
object 23 67 left 747
object 23 67 right 748
object 26 67 left 2886
object 27 67 left 2887
object 28 67 left 2888
object 29 67 left 2889
object 29 67 right 2890
object 30 67 left 3271
object 30 67 right 3272
object 31 67 left 747
object 31 67 right 748
object 32 67 left 747
object 32 67 right 748
object 33 67 left 747
object 33 67 right 748
object 36 67 right 2652
object 44 67 right 2563
object 45 67 right 2564
object 46 67 left 747
object 46 67 right 748
object 48 67 left 329
object 48 67 right 330
object 49 67 left 747
object 49 67 right 748
object 50 67 left 747
object 50 67 right 748
object 52 67 left 747
object 52 67 right 748
object 53 67 left 747
object 53 67 right 748
object 54 67 left 747
object 54 67 right 748
object 55 67 left 747
object 55 67 right 748
object 56 67 left 747
object 56 67 right 748
object 58 67 left 747
object 58 67 right 748
object 59 67 left 747
object 59 67 right 748
object 61 67 left 2131
object 61 67 right 2634
object 62 67 left 2132
object 62 67 right 2133
object 63 67 left 2136
object 63 67 right 2137
object 64 67 left 2624
object 64 67 right 2045
object 65 67 left 2620
object 65 67 right 2621
object 71 67 right 2553
object 72 67 left 747
object 72 67 right 748
object 73 67 left 747
object 73 67 right 748
object 75 67 left 747
object 75 67 right 748
object 76 67 left 747
object 76 67 right 748
object 77 67 left 747
object 77 67 right 748
object 78 67 left 747
object 78 67 right 748
object 79 67 right 2650
object 83 67 right 2552
object 84 67 left 747
object 84 67 right 2553
object 85 67 left 747
object 85 67 right 2554
object 86 67 left 747
object 86 67 right 748
object 87 67 left 747
object 87 67 right 748
object 88 67 left 747
object 88 67 right 748
object 89 67 left 747
object 89 67 right 748
object 91 67 left 747
object 91 67 right 748
object 92 67 left 747
object 92 67 right 748
object 93 67 left 747
object 93 67 right 748
object 94 67 left 2041
object 94 67 right 748
object 95 67 left 2042
object 95 67 right 2043
object 10 68 right 2558
object 11 68 left 747
object 11 68 right 748
object 13 68 left 747
object 13 68 right 748
object 14 68 left 747
object 14 68 right 748
object 15 68 left 747
object 15 68 right 748
object 16 68 left 2635
object 17 68 left 2636
object 17 68 right 2637
object 19 68 left 2555
object 19 68 right 2556
object 20 68 left 747
object 20 68 right 748
object 21 68 left 747
object 21 68 right 748
object 22 68 left 747
object 22 68 right 748
object 23 68 left 747
object 23 68 right 748
object 26 68 left 2891
object 27 68 left 2892
object 28 68 left 2893
object 29 68 left 2894
object 29 68 right 2895
object 30 68 left 747
object 30 68 right 748
object 31 68 left 747
object 31 68 right 748
object 32 68 left 747
object 32 68 right 748
object 33 68 left 747
object 33 68 right 748
object 36 68 right 2651
object 44 68 right 2562
object 45 68 right 2563
object 46 68 left 747
object 46 68 right 748
object 47 68 left 747
object 47 68 right 748
object 48 68 left 747
object 48 68 right 748
object 49 68 left 747
object 49 68 right 748
object 51 68 left 747
object 51 68 right 748
object 52 68 left 747
object 52 68 right 748
object 53 68 left 747
object 53 68 right 748
object 54 68 left 747
object 54 68 right 748
object 55 68 left 747
object 55 68 right 748
object 56 68 left 747
object 56 68 right 748
object 57 68 left 747
object 57 68 right 748
object 58 68 left 747
object 58 68 right 748
object 59 68 left 747
object 59 68 right 748
object 61 68 right 2633
object 62 68 right 3290
object 71 68 right 2552
object 72 68 left 747
object 72 68 right 748
object 73 68 left 747
object 73 68 right 748
object 74 68 left 747
object 74 68 right 748
object 75 68 left 747
object 75 68 right 748
object 76 68 left 747
object 76 68 right 748
object 77 68 left 747
object 77 68 right 748
object 78 68 left 747
object 78 68 right 748
object 79 68 right 2650
object 83 68 left 2550
object 83 68 right 2551
object 84 68 left 747
object 84 68 right 2552
object 85 68 left 747
object 85 68 right 2553
object 86 68 left 747
object 86 68 right 2564
object 87 68 left 747
object 87 68 right 748
object 88 68 left 747
object 88 68 right 748
object 89 68 left 747
object 89 68 right 748
object 91 68 left 747
object 91 68 right 748
object 93 68 left 747
object 93 68 right 748
object 94 68 left 747
object 94 68 right 748
object 95 68 left 747
object 95 68 right 748
object 96 68 right 2652
object 10 69 right 2557
object 11 69 left 747
object 11 69 right 748
object 12 69 left 747
object 12 69 right 748
object 15 69 left 747
object 15 69 right 748
object 17 69 right 2640
object 19 69 right 2559
object 20 69 left 759
object 20 69 right 760
object 21 69 left 747
object 21 69 right 748
object 22 69 left 747
object 22 69 right 748
object 23 69 left 747
object 23 69 right 748
object 26 69 left 2891
object 27 69 left 2892
object 28 69 left 2893
object 29 69 left 2894
object 29 69 right 2895
object 30 69 left 747
object 30 69 right 748
object 31 69 left 747
object 31 69 right 748
object 32 69 left 747
object 32 69 right 748
object 33 69 left 747
object 33 69 right 748
object 34 69 left 747
object 34 69 right 748
object 36 69 right 2650
object 44 69 left 2560
object 44 69 right 2561
object 45 69 right 2562
object 46 69 left 747
object 46 69 right 748
object 47 69 left 747
object 47 69 right 748
object 48 69 left 747
object 48 69 right 748
object 49 69 left 747
object 49 69 right 748
object 50 69 left 747
object 50 69 right 748
object 51 69 left 747
object 51 69 right 748
object 52 69 left 747
object 52 69 right 748
object 53 69 left 747
object 53 69 right 748
object 54 69 left 747
object 54 69 right 748
object 56 69 right 2138
object 59 69 right 2628
object 60 69 left 2647
object 61 69 left 3287
object 61 69 right 2632
object 62 69 left 3288
object 62 69 right 3289
object 70 69 right 2559
object 71 69 left 2550
object 71 69 right 2551
object 72 69 left 747
object 72 69 right 748
object 73 69 left 747
object 73 69 right 748
object 74 69 left 747
object 74 69 right 748
object 75 69 left 747
object 75 69 right 748
object 76 69 left 747
object 76 69 right 748
object 77 69 left 747
object 77 69 right 748
object 78 69 left 2647
object 78 69 right 2524
object 79 69 left 2648
object 79 69 right 2649
object 84 69 left 2550
object 84 69 right 2551
object 85 69 right 2552
object 86 69 right 2563
object 87 69 left 747
object 87 69 right 748
object 88 69 left 747
object 88 69 right 3273
object 89 69 left 747
object 89 69 right 748
object 90 69 left 747
object 90 69 right 748
object 91 69 left 747
object 91 69 right 748
object 92 69 left 747
object 92 69 right 748
object 93 69 left 747
object 93 69 right 748
object 94 69 left 747
object 94 69 right 748
object 95 69 left 747
object 95 69 right 748
object 96 69 right 2651
object 10 70 left 2555
object 10 70 right 2556
object 11 70 left 141
object 11 70 right 142
object 12 70 left 747
object 12 70 right 748
object 13 70 left 747
object 13 70 right 748
object 14 70 left 747
object 14 70 right 748
object 15 70 left 747
object 15 70 right 748
object 17 70 right 2639
object 19 70 right 2558
object 20 70 left 747
object 20 70 right 748
object 21 70 left 747
object 21 70 right 748
object 22 70 left 747
object 22 70 right 748
object 23 70 left 747
object 23 70 right 748
object 26 70 left 2891
object 27 70 left 2892
object 28 70 left 2893
object 29 70 left 2894
object 29 70 right 2895
object 30 70 left 747
object 30 70 right 748
object 31 70 left 747
object 31 70 right 748
object 32 70 left 747
object 32 70 right 748
object 33 70 left 747
object 33 70 right 748
object 34 70 left 141
object 34 70 right 142
object 35 70 left 2647
object 36 70 left 2648
object 36 70 right 2649
object 37 70 right 2652
object 45 70 left 2560
object 45 70 right 2561
object 46 70 left 787
object 46 70 right 748
object 47 70 left 788
object 47 70 right 789
object 48 70 left 747
object 48 70 right 748
object 49 70 left 747
object 49 70 right 748
object 50 70 left 747
object 50 70 right 748
object 51 70 left 747
object 51 70 right 748
object 52 70 left 747
object 52 70 right 748
object 54 70 right 2634
object 55 70 left 2135
object 55 70 right 2138
object 56 70 left 2136
object 56 70 right 2137
object 57 70 left 2624
object 58 70 left 2625
object 59 70 left 2626
object 59 70 right 2627
object 60 70 left 2629
object 61 70 left 2630
object 61 70 right 2631
object 69 70 right 2559
object 70 70 right 2558
object 71 70 left 747
object 71 70 right 748
object 72 70 left 747
object 72 70 right 748
object 73 70 left 747
object 73 70 right 748
object 74 70 left 747
object 74 70 right 748
object 75 70 left 747
object 75 70 right 748
object 76 70 left 747
object 76 70 right 748
object 77 70 left 747
object 77 70 right 748
object 78 70 left 2521
object 79 70 left 2522
object 80 70 left 2523
object 80 70 right 2524
object 85 70 left 2550
object 85 70 right 2551
object 86 70 right 2562
object 87 70 left 747
object 87 70 right 2564
object 88 70 left 3271
object 88 70 right 3272
object 89 70 left 747
object 89 70 right 748
object 90 70 left 747
object 90 70 right 748
object 91 70 left 747
object 91 70 right 748
object 93 70 left 747
object 93 70 right 748
object 94 70 left 747
object 94 70 right 748
object 95 70 left 747
object 95 70 right 748
object 96 70 right 2650
object 10 71 left 747
object 10 71 right 2559
object 11 71 left 747
object 11 71 right 748
object 12 71 left 747
object 12 71 right 748
object 13 71 left 747
object 13 71 right 748
object 14 71 left 747
object 14 71 right 748
object 15 71 left 747
object 15 71 right 748
object 17 71 right 2638
object 19 71 right 2557
object 20 71 left 759
object 20 71 right 760
object 21 71 left 747
object 21 71 right 748
object 23 71 left 747
object 23 71 right 748
object 26 71 left 2891
object 27 71 left 2892
object 28 71 left 2893
object 29 71 left 2894
object 29 71 right 2895
object 30 71 left 747
object 30 71 right 748
object 32 71 left 747
object 32 71 right 748
object 33 71 left 747
object 33 71 right 748
object 34 71 left 747
object 34 71 right 3273
object 37 71 right 2651
object 45 71 right 2564
object 46 71 left 747
object 46 71 right 748
object 47 71 left 747
object 47 71 right 748
object 48 71 left 747
object 48 71 right 748
object 49 71 left 747
object 49 71 right 748
object 50 71 left 747
object 50 71 right 748
object 51 71 left 747
object 51 71 right 748
object 52 71 left 747
object 52 71 right 748
object 54 71 left 2135
object 54 71 right 2633
object 55 71 left 2136
object 55 71 right 2137
object 68 71 right 2559
object 69 71 right 2558
object 70 71 right 2557
object 71 71 left 747
object 71 71 right 748
object 72 71 left 747
object 72 71 right 748
object 73 71 left 747
object 73 71 right 748
object 74 71 left 747
object 74 71 right 748
object 75 71 left 747
object 75 71 right 748
object 76 71 left 747
object 76 71 right 748
object 77 71 left 747
object 77 71 right 748
object 78 71 left 2520
object 79 71 left 2521
object 80 71 left 2522
object 81 71 left 2523
object 81 71 right 2524
object 83 71 right 2652
object 86 71 left 2560
object 86 71 right 2561
object 87 71 left 747
object 87 71 right 2563
object 88 71 left 747
object 88 71 right 748
object 89 71 left 747
object 89 71 right 748
object 90 71 left 747
object 90 71 right 748
object 92 71 left 747
object 92 71 right 748
object 93 71 left 747
object 93 71 right 748
object 94 71 left 747
object 94 71 right 748
object 95 71 left 2647
object 95 71 right 748
object 96 71 left 2648
object 96 71 right 2649
object 10 72 left 747
object 10 72 right 2558
object 12 72 left 747
object 12 72 right 748
object 13 72 left 747
object 13 72 right 748
object 14 72 left 747
object 14 72 right 748
object 15 72 left 747
object 15 72 right 748
object 16 72 left 2635
object 17 72 left 2636
object 17 72 right 2637
object 19 72 left 2555
object 19 72 right 2556
object 20 72 right 2559
object 21 72 left 747
object 21 72 right 748
object 22 72 left 3271
object 22 72 right 3272
object 23 72 left 747
object 23 72 right 748
object 24 72 left 2872
object 25 72 left 2873
object 26 72 left 2874
object 27 72 left 2875
object 28 72 left 2876
object 29 72 left 2877
object 29 72 right 2878
object 30 72 left 747
object 30 72 right 748
object 31 72 left 747
object 31 72 right 748
object 32 72 left 747
object 32 72 right 748
object 33 72 left 747
object 33 72 right 748
object 34 72 left 3271
object 34 72 right 3272
object 37 72 right 2650
object 45 72 right 2563
object 46 72 left 747
object 46 72 right 3273
object 47 72 left 747
object 47 72 right 748
object 48 72 left 747
object 48 72 right 748
object 49 72 left 747
object 49 72 right 748
object 50 72 left 747
object 50 72 right 748
object 51 72 left 747
object 51 72 right 748
object 52 72 left 747
object 52 72 right 748
object 54 72 right 2632
object 68 72 right 2558
object 69 72 right 2557
object 70 72 left 747
object 70 72 right 748
object 71 72 left 747
object 71 72 right 748
object 72 72 left 747
object 72 72 right 748
object 73 72 left 747
object 73 72 right 748
object 74 72 left 747
object 74 72 right 748
object 75 72 left 747
object 75 72 right 748
object 76 72 left 747
object 76 72 right 748
object 77 72 left 747
object 77 72 right 748
object 78 72 left 747
object 78 72 right 748
object 79 72 left 415
object 79 72 right 416
object 80 72 left 747
object 80 72 right 748
object 83 72 right 2651
object 87 72 left 747
object 87 72 right 2562
object 88 72 left 747
object 88 72 right 2564
object 89 72 left 747
object 89 72 right 2554
object 90 72 left 747
object 90 72 right 748
object 92 72 left 747
object 92 72 right 748
object 93 72 left 747
object 93 72 right 748
object 94 72 left 747
object 94 72 right 748
object 95 72 left 747
object 95 72 right 748
object 96 72 right 2651
object 10 73 right 2557
object 11 73 left 747
object 11 73 right 748
object 13 73 left 747
object 13 73 right 748
object 14 73 left 747
object 14 73 right 748
object 15 73 left 747
object 15 73 right 748
object 16 73 left 75
object 16 73 right 76
object 17 73 left 75
object 17 73 right 76
object 18 73 right 2634
object 20 73 right 2558
object 21 73 left 759
object 21 73 right 760
object 22 73 left 747
object 22 73 right 748
object 23 73 left 415
object 23 73 right 416
object 24 73 left 747
object 24 73 right 748
object 25 73 left 747
object 25 73 right 748
object 26 73 left 747
object 26 73 right 748
object 27 73 left 747
object 27 73 right 748
object 28 73 left 747
object 28 73 right 748
object 29 73 left 739
object 29 73 right 740
object 30 73 left 747
object 30 73 right 748
object 31 73 left 747
object 31 73 right 748
object 32 73 left 747
object 32 73 right 3273
object 33 73 left 747
object 33 73 right 748
object 36 73 left 2647
object 37 73 left 2648
object 37 73 right 2649
object 42 73 right 2134
object 45 73 right 2562
object 46 73 left 3271
object 46 73 right 3272
object 47 73 left 747
object 47 73 right 748
object 48 73 left 747
object 48 73 right 748
object 49 73 left 747
object 49 73 right 748
object 51 73 left 747
object 51 73 right 748
object 52 73 left 747
object 52 73 right 748
object 53 73 left 2629
object 54 73 left 2630
object 54 73 right 2631
object 67 73 right 2559
object 68 73 right 2557
object 69 73 left 2555
object 69 73 right 2556
object 70 73 left 747
object 70 73 right 748
object 71 73 left 747
object 71 73 right 748
object 76 73 left 747
object 76 73 right 748
object 77 73 left 747
object 77 73 right 748
object 78 73 left 747
object 78 73 right 748
object 79 73 left 747
object 79 73 right 748
object 80 73 left 3985
object 80 73 right 3986
object 81 73 left 747
object 81 73 right 748
object 83 73 right 2650
object 87 73 left 2560
object 87 73 right 2561
object 88 73 right 2563
object 89 73 right 2553
object 90 73 left 747
object 90 73 right 748
object 91 73 left 747
object 91 73 right 748
object 92 73 left 747
object 92 73 right 748
object 93 73 left 747
object 93 73 right 748
object 94 73 left 747
object 94 73 right 748
object 95 73 left 747
object 95 73 right 748
object 96 73 right 2650
object 10 74 left 2555
object 10 74 right 2556
object 11 74 left 747
object 11 74 right 3273
object 12 74 left 747
object 12 74 right 748
object 13 74 left 747
object 13 74 right 748
object 15 74 left 747
object 15 74 right 748
object 16 74 left 747
object 16 74 right 748
object 18 74 right 2633
object 20 74 right 2557
object 21 74 right 2559
object 22 74 left 759
object 22 74 right 760
object 23 74 left 747
object 23 74 right 748
object 24 74 left 747
object 24 74 right 748
object 26 74 left 747
object 26 74 right 748
object 27 74 left 747
object 27 74 right 748
object 28 74 left 747
object 28 74 right 748
object 29 74 left 747
object 29 74 right 748
object 30 74 left 747
object 30 74 right 748
object 31 74 left 747
object 31 74 right 748
object 32 74 left 3271
object 32 74 right 3272
object 33 74 left 747
object 33 74 right 748
object 36 74 right 2652
object 41 74 left 2131
object 42 74 left 2132
object 42 74 right 2133
object 45 74 left 2560
object 45 74 right 2561
object 46 74 left 747
object 46 74 right 748
object 47 74 left 747
object 47 74 right 748
object 49 74 left 747
object 49 74 right 748
object 50 74 left 747
object 50 74 right 748
object 51 74 left 747
object 51 74 right 748
object 52 74 left 747
object 52 74 right 748
object 54 74 right 2634
object 67 74 right 2558
object 68 74 left 2555
object 68 74 right 2556
object 69 74 left 747
object 69 74 right 748
object 70 74 left 747
object 70 74 right 748
object 71 74 left 747
object 71 74 right 748
object 77 74 left 747
object 77 74 right 748
object 78 74 left 747
object 78 74 right 748
object 79 74 left 747
object 79 74 right 748
object 80 74 left 747
object 80 74 right 748
object 81 74 left 747
object 81 74 right 748
object 82 74 left 2647
object 83 74 left 2648
object 83 74 right 2649
object 88 74 right 2562
object 89 74 right 2552
object 90 74 left 747
object 90 74 right 748
object 92 74 left 747
object 92 74 right 748
object 93 74 left 747
object 93 74 right 748
object 94 74 left 747
object 94 74 right 748
object 95 74 left 2647
object 95 74 right 748
object 96 74 left 2648
object 96 74 right 2649
object 10 75 right 2559
object 11 75 left 3271
object 11 75 right 3272
object 12 75 left 747
object 12 75 right 748
object 13 75 left 747
object 13 75 right 748
object 15 75 left 747
object 15 75 right 748
object 16 75 left 747
object 16 75 right 748
object 18 75 right 2632
object 20 75 left 2555
object 20 75 right 2556
object 21 75 right 2558
object 22 75 right 2559
object 23 75 left 747
object 23 75 right 748
object 25 75 left 747
object 25 75 right 748
object 26 75 left 747
object 26 75 right 748
object 27 75 left 747
object 27 75 right 748
object 30 75 left 747
object 30 75 right 748
object 31 75 left 747
object 31 75 right 748
object 32 75 left 329
object 32 75 right 330
object 33 75 left 747
object 33 75 right 748
object 36 75 right 2651
object 45 75 right 2558
object 46 75 left 747
object 46 75 right 748
object 47 75 left 747
object 47 75 right 748
object 48 75 left 747
object 48 75 right 748
object 50 75 left 747
object 50 75 right 748
object 51 75 left 747
object 51 75 right 748
object 52 75 left 747
object 52 75 right 748
object 54 75 right 2633
object 63 75 right 2138
object 67 75 right 2557
object 68 75 left 759
object 68 75 right 760
object 69 75 left 747
object 69 75 right 748
object 70 75 left 747
object 70 75 right 748
object 71 75 left 747
object 71 75 right 748
object 74 75 left 2886
object 75 75 left 2887
object 76 75 left 2888
object 77 75 left 2889
object 77 75 right 2890
object 78 75 left 747
object 78 75 right 748
object 79 75 left 747
object 79 75 right 748
object 80 75 left 747
object 80 75 right 748
object 81 75 left 747
object 81 75 right 748
object 84 75 right 2652
object 88 75 left 2560
object 88 75 right 2561
object 89 75 left 2550
object 89 75 right 2551
object 90 75 left 747
object 90 75 right 748
object 91 75 left 747
object 91 75 right 748
object 93 75 left 747
object 93 75 right 748
object 94 75 left 747
object 94 75 right 748
object 95 75 left 747
object 95 75 right 748
object 96 75 right 2651
object 10 76 right 2558
object 11 76 left 747
object 11 76 right 748
object 12 76 left 747
object 12 76 right 748
object 14 76 left 747
object 14 76 right 748
object 15 76 left 747
object 15 76 right 748
object 16 76 left 747
object 16 76 right 748
object 17 76 left 2629
object 18 76 left 2630
object 18 76 right 2631
object 21 76 right 2557
object 22 76 right 2558
object 23 76 left 745
object 23 76 right 746
object 24 76 left 747
object 24 76 right 748
object 25 76 left 747
object 25 76 right 748
object 26 76 left 747
object 26 76 right 748
object 28 76 left 747
object 28 76 right 748
object 29 76 left 747
object 29 76 right 748
object 31 76 left 747
object 31 76 right 748
object 32 76 left 747
object 32 76 right 748
object 33 76 left 747
object 33 76 right 748
object 36 76 right 2650
object 45 76 right 2557
object 46 76 left 747
object 46 76 right 748
object 47 76 left 747
object 47 76 right 748
object 49 76 left 747
object 49 76 right 748
object 50 76 left 747
object 50 76 right 748
object 51 76 left 747
object 51 76 right 748
object 52 76 left 747
object 52 76 right 748
object 54 76 right 2632
object 62 76 left 2135
object 63 76 left 2136
object 63 76 right 2137
object 67 76 left 2555
object 67 76 right 2556
object 68 76 left 747
object 68 76 right 748
object 69 76 left 747
object 69 76 right 748
object 70 76 left 747
object 70 76 right 748
object 71 76 left 747
object 71 76 right 748
object 74 76 left 2891
object 75 76 left 2892
object 76 76 left 2893
object 77 76 left 2894
object 77 76 right 2895
object 78 76 left 747
object 78 76 right 748
object 79 76 left 747
object 79 76 right 748
object 80 76 left 747
object 80 76 right 748
object 81 76 left 747
object 81 76 right 748
object 84 76 right 2651
object 89 76 right 2553
object 90 76 left 747
object 90 76 right 748
object 91 76 left 747
object 91 76 right 748
object 92 76 left 747
object 92 76 right 748
object 93 76 left 747
object 93 76 right 748
object 94 76 left 747
object 94 76 right 748
object 95 76 left 747
object 95 76 right 748
object 96 76 right 2650
object 10 77 right 2557
object 11 77 left 787
object 11 77 right 748
object 12 77 left 788
object 12 77 right 789
object 13 77 left 747
object 13 77 right 748
object 14 77 left 747
object 14 77 right 748
object 16 77 left 747
object 16 77 right 748
object 18 77 right 2634
object 21 77 left 2555
object 21 77 right 2556
object 22 77 right 2557
object 23 77 right 2559
object 25 77 left 747
object 25 77 right 748
object 26 77 left 329
object 26 77 right 330
object 27 77 left 747
object 27 77 right 748
object 29 77 left 747
object 29 77 right 748
object 30 77 left 747
object 30 77 right 748
object 34 77 left 75
object 34 77 right 76
object 35 77 left 2647
object 36 77 left 2648
object 36 77 right 2649
object 45 77 left 2555
object 45 77 right 2556
object 46 77 left 747
object 46 77 right 748
object 47 77 left 329
object 47 77 right 330
object 48 77 left 747
object 48 77 right 748
object 49 77 left 747
object 49 77 right 748
object 50 77 left 747
object 50 77 right 748
object 51 77 left 747
object 51 77 right 748
object 52 77 left 747
object 52 77 right 748
object 53 77 left 2629
object 54 77 left 2630
object 54 77 right 2631
object 67 77 right 2559
object 68 77 left 759
object 68 77 right 760
object 69 77 left 747
object 69 77 right 748
object 70 77 left 747
object 70 77 right 748
object 71 77 left 747
object 71 77 right 748
object 74 77 left 2891
object 75 77 left 2892
object 76 77 left 2893
object 77 77 left 2894
object 77 77 right 2895
object 78 77 left 747
object 78 77 right 748
object 79 77 left 747
object 79 77 right 748
object 80 77 left 747
object 80 77 right 748
object 81 77 left 747
object 81 77 right 748
object 82 77 left 747
object 82 77 right 748
object 84 77 right 2650
object 89 77 right 2552
object 90 77 left 747
object 90 77 right 748
object 91 77 left 747
object 91 77 right 748
object 93 77 left 747
object 93 77 right 748
object 94 77 left 747
object 94 77 right 748
object 95 77 left 2647
object 95 77 right 748
object 96 77 left 2648
object 96 77 right 2649
object 10 78 left 2555
object 10 78 right 2556
object 11 78 left 747
object 11 78 right 748
object 12 78 left 747
object 12 78 right 748
object 13 78 left 747
object 13 78 right 748
object 14 78 left 747
object 14 78 right 748
object 15 78 left 747
object 15 78 right 748
object 16 78 left 747
object 16 78 right 748
object 18 78 right 2633
object 22 78 left 2555
object 22 78 right 2556
object 23 78 right 2558
object 24 78 left 747
object 24 78 right 748
object 25 78 left 747
object 25 78 right 748
object 27 78 left 747
object 27 78 right 748
object 28 78 left 747
object 28 78 right 748
object 29 78 left 747
object 29 78 right 748
object 30 78 left 747
object 30 78 right 748
object 33 78 right 2134
object 34 78 right 2046
object 35 78 right 2046
object 45 78 right 2559
object 46 78 left 747
object 46 78 right 748
object 47 78 left 747
object 47 78 right 748
object 48 78 left 747
object 48 78 right 748
object 49 78 left 747
object 49 78 right 748
object 51 78 left 747
object 51 78 right 748
object 52 78 left 747
object 52 78 right 748
object 54 78 right 2634
object 67 78 right 2558
object 68 78 left 747
object 68 78 right 748
object 69 78 left 747
object 69 78 right 748
object 70 78 left 747
object 70 78 right 748
object 71 78 left 747
object 71 78 right 748
object 74 78 left 2891
object 75 78 left 2892
object 76 78 left 2893
object 77 78 left 2894
object 77 78 right 2895
object 78 78 left 747
object 78 78 right 748
object 79 78 left 747
object 79 78 right 748
object 80 78 left 747
object 80 78 right 748
object 81 78 left 747
object 81 78 right 748
object 82 78 left 747
object 82 78 right 748
object 83 78 left 2647
object 84 78 left 2648
object 84 78 right 2649
object 85 78 right 2652
object 89 78 left 2550
object 89 78 right 2551
object 90 78 left 747
object 90 78 right 748
object 92 78 left 747
object 92 78 right 748
object 93 78 left 747
object 93 78 right 748
object 94 78 left 747
object 94 78 right 748
object 95 78 left 747
object 95 78 right 748
object 96 78 right 2651
object 11 79 left 75
object 11 79 right 76
object 12 79 left 747
object 12 79 right 2559
object 13 79 left 747
object 13 79 right 748
object 15 79 left 747
object 15 79 right 748
object 16 79 left 747
object 16 79 right 748
object 18 79 right 2632
object 23 79 right 2557
object 24 79 left 239
object 24 79 right 240
object 25 79 left 747
object 25 79 right 748
object 26 79 left 747
object 26 79 right 748
object 27 79 left 747
object 27 79 right 748
object 29 79 left 747
object 29 79 right 748
object 30 79 left 747
object 30 79 right 748
object 31 79 left 245
object 31 79 right 246
object 32 79 left 2131
object 33 79 left 2132
object 33 79 right 2133
object 34 79 left 2044
object 34 79 right 2045
object 35 79 left 2044
object 35 79 right 2045
object 45 79 right 2558
object 46 79 left 747
object 46 79 right 3273
object 47 79 left 747
object 47 79 right 748
object 49 79 left 747
object 49 79 right 748
object 50 79 left 747
object 50 79 right 748
object 51 79 left 747
object 51 79 right 748
object 52 79 left 747
object 52 79 right 748
object 54 79 right 2633
object 67 79 right 2557
object 68 79 left 759
object 68 79 right 760
object 69 79 left 3985
object 69 79 right 3986
object 70 79 left 747
object 70 79 right 748
object 71 79 left 747
object 71 79 right 748
object 74 79 left 2891
object 75 79 left 2892
object 76 79 left 2893
object 77 79 left 2894
object 77 79 right 2895
object 78 79 left 747
object 78 79 right 748
object 79 79 left 747
object 79 79 right 748
object 80 79 left 747
object 80 79 right 748
object 81 79 left 747
object 81 79 right 748
object 82 79 left 747
object 82 79 right 3273
object 85 79 right 2651
object 89 79 right 2554
object 90 79 left 747
object 90 79 right 748
object 91 79 left 747
object 91 79 right 748
object 92 79 left 747
object 92 79 right 748
object 93 79 left 747
object 93 79 right 748
object 94 79 left 747
object 94 79 right 748
object 95 79 left 747
object 95 79 right 748
object 96 79 right 2650
object 11 80 right 2652
object 12 80 left 747
object 12 80 right 2558
object 13 80 left 747
object 13 80 right 748
object 15 80 left 747
object 15 80 right 748
object 16 80 left 747
object 16 80 right 748
object 17 80 left 2629
object 18 80 left 2630
object 18 80 right 2631
object 23 80 left 2555
object 23 80 right 2556
object 24 80 left 241
object 24 80 right 242
object 31 80 left 247
object 31 80 right 248
object 32 80 left 3277
object 33 80 left 3278
object 33 80 right 3279
object 45 80 right 2557
object 46 80 left 3271
object 46 80 right 3272
object 47 80 left 747
object 47 80 right 748
object 49 80 left 747
object 49 80 right 748
object 50 80 left 747
object 50 80 right 748
object 51 80 left 747
object 51 80 right 748
object 52 80 left 747
object 52 80 right 748
object 54 80 right 2632
object 67 80 left 2555
object 67 80 right 2556
object 68 80 right 2559
object 69 80 left 747
object 69 80 right 748
object 70 80 left 747
object 70 80 right 748
object 71 80 left 747
object 71 80 right 748
object 72 80 left 2872
object 73 80 left 2873
object 74 80 left 2874
object 75 80 left 2875
object 76 80 left 2876
object 77 80 left 2877
object 77 80 right 2878
object 78 80 left 747
object 78 80 right 748
object 79 80 left 747
object 79 80 right 748
object 80 80 left 747
object 80 80 right 748
object 81 80 left 747
object 81 80 right 748
object 82 80 left 3271
object 82 80 right 3272
object 85 80 right 2650
object 89 80 right 2553
object 90 80 left 747
object 90 80 right 748
object 93 80 left 747
object 93 80 right 748
object 94 80 left 747
object 94 80 right 748
object 95 80 left 2647
object 95 80 right 748
object 96 80 left 2648
object 96 80 right 2649
object 11 81 right 2651
object 12 81 left 747
object 12 81 right 2557
object 13 81 left 747
object 13 81 right 748
object 14 81 left 747
object 14 81 right 748
object 15 81 left 747
object 15 81 right 748
object 16 81 left 747
object 16 81 right 748
object 18 81 right 2634
object 24 81 left 241
object 24 81 right 242
object 31 81 left 247
object 31 81 right 248
object 45 81 left 2555
object 45 81 right 2556
object 46 81 left 747
object 46 81 right 748
object 47 81 left 747
object 47 81 right 748
object 48 81 left 747
object 48 81 right 748
object 49 81 left 747
object 49 81 right 748
object 51 81 left 747
object 51 81 right 748
object 52 81 left 747
object 52 81 right 748
object 53 81 left 2629
object 54 81 left 2630
object 54 81 right 2631
object 68 81 right 2558
object 69 81 left 759
object 69 81 right 760
object 70 81 left 747
object 70 81 right 748
object 71 81 left 747
object 71 81 right 748
object 72 81 left 747
object 72 81 right 748
object 73 81 left 747
object 73 81 right 748
object 74 81 left 747
object 74 81 right 748
object 77 81 left 739
object 77 81 right 740
object 78 81 left 747
object 78 81 right 748
object 79 81 left 747
object 79 81 right 748
object 80 81 left 747
object 80 81 right 748
object 81 81 left 747
object 81 81 right 748
object 84 81 left 2647
object 85 81 left 2648
object 85 81 right 2649
object 89 81 right 2552
object 90 81 left 747
object 90 81 right 748
object 91 81 left 747
object 91 81 right 748
object 92 81 left 747
object 92 81 right 748
object 93 81 left 747
object 93 81 right 748
object 94 81 left 747
object 94 81 right 748
object 95 81 left 747
object 95 81 right 748
object 96 81 right 2651
object 11 82 right 2650
object 12 82 left 2555
object 12 82 right 2556
object 13 82 left 747
object 13 82 right 748
object 14 82 left 747
object 14 82 right 748
object 15 82 left 747
object 15 82 right 748
object 16 82 left 747
object 16 82 right 748
object 18 82 right 2633
object 24 82 left 241
object 24 82 right 242
object 31 82 left 247
object 31 82 right 248
object 46 82 left 747
object 46 82 right 2559
object 47 82 left 747
object 47 82 right 748
object 49 82 left 747
object 49 82 right 748
object 50 82 left 747
object 50 82 right 748
object 51 82 left 747
object 51 82 right 748
object 52 82 left 747
object 52 82 right 748
object 54 82 right 2634
object 68 82 right 2557
object 69 82 right 2559
object 70 82 left 759
object 70 82 right 760
object 71 82 left 747
object 71 82 right 748
object 72 82 left 747
object 72 82 right 748
object 73 82 left 747
object 73 82 right 748
object 74 82 left 747
object 74 82 right 748
object 75 82 left 747
object 75 82 right 748
object 77 82 left 747
object 77 82 right 748
object 78 82 left 747
object 78 82 right 748
object 79 82 left 747
object 79 82 right 748
object 80 82 left 747
object 80 82 right 748
object 81 82 left 747
object 81 82 right 748
object 84 82 right 2652
object 89 82 left 2550
object 89 82 right 2551
object 90 82 left 747
object 90 82 right 748
object 92 82 left 747
object 92 82 right 748
object 93 82 left 747
object 93 82 right 748
object 94 82 left 747
object 94 82 right 748
object 95 82 left 747
object 95 82 right 748
object 96 82 right 2650
object 10 83 left 2647
object 11 83 left 2648
object 11 83 right 2649
object 12 83 left 747
object 12 83 right 2559
object 13 83 left 747
object 13 83 right 2559
object 14 83 left 747
object 14 83 right 748
object 15 83 left 747
object 15 83 right 748
object 16 83 left 747
object 16 83 right 748
object 18 83 right 2632
object 24 83 left 241
object 24 83 right 242
object 31 83 left 247
object 31 83 right 248
object 46 83 left 747
object 46 83 right 2558
object 47 83 left 747
object 47 83 right 748
object 48 83 left 747
object 48 83 right 748
object 49 83 left 747
object 49 83 right 748
object 51 83 left 747
object 51 83 right 748
object 52 83 left 747
object 52 83 right 748
object 54 83 right 2633
object 68 83 left 2555
object 68 83 right 2556
object 69 83 right 2558
object 70 83 right 2559
object 71 83 left 747
object 71 83 right 748
object 72 83 left 747
object 72 83 right 748
object 73 83 left 141
object 73 83 right 142
object 74 83 left 747
object 74 83 right 748
object 76 83 left 747
object 76 83 right 748
object 77 83 left 747
object 77 83 right 748
object 78 83 left 747
object 78 83 right 748
object 79 83 left 747
object 79 83 right 748
object 80 83 left 747
object 80 83 right 748
object 81 83 left 747
object 81 83 right 748
object 84 83 right 2651
object 89 83 right 2554
object 90 83 left 747
object 90 83 right 748
object 91 83 left 747
object 91 83 right 748
object 92 83 left 747
object 92 83 right 748
object 94 83 left 747
object 94 83 right 748
object 95 83 left 2647
object 95 83 right 748
object 96 83 left 2648
object 96 83 right 2649
object 11 84 right 2652
object 12 84 left 747
object 12 84 right 2558
object 13 84 left 747
object 13 84 right 2558
object 14 84 left 747
object 14 84 right 748
object 16 84 left 747
object 16 84 right 748
object 17 84 left 2629
object 18 84 left 2630
object 18 84 right 2631
object 24 84 left 241
object 24 84 right 242
object 31 84 left 247
object 31 84 right 248
object 46 84 left 747
object 46 84 right 2557
object 47 84 left 747
object 47 84 right 3273
object 48 84 left 747
object 48 84 right 748
object 49 84 left 747
object 49 84 right 748
object 51 84 left 747
object 51 84 right 748
object 52 84 left 747
object 52 84 right 748
object 54 84 right 2632
object 69 84 right 2557
object 70 84 right 2558
object 71 84 left 745
object 71 84 right 746
object 72 84 left 747
object 72 84 right 748
object 73 84 left 747
object 73 84 right 748
object 74 84 left 747
object 74 84 right 748
object 75 84 left 747
object 75 84 right 748
object 77 84 left 747
object 77 84 right 748
object 78 84 left 747
object 78 84 right 748
object 79 84 left 747
object 79 84 right 748
object 80 84 left 3985
object 80 84 right 3986
object 81 84 left 747
object 81 84 right 748
object 84 84 right 2650
object 89 84 right 2553
object 90 84 left 747
object 90 84 right 748
object 92 84 left 747
object 92 84 right 748
object 93 84 left 747
object 93 84 right 748
object 94 84 left 747
object 94 84 right 748
object 95 84 left 747
object 95 84 right 748
object 97 84 right 2652
object 11 85 right 2651
object 12 85 right 2557
object 13 85 right 2557
object 14 85 right 2554
object 15 85 left 747
object 15 85 right 748
object 16 85 left 747
object 16 85 right 748
object 17 85 left 747
object 17 85 right 748
object 18 85 left 2041
object 19 85 left 2042
object 19 85 right 2043
object 24 85 left 241
object 24 85 right 242
object 31 85 left 247
object 31 85 right 248
object 46 85 left 2555
object 46 85 right 2556
object 47 85 left 3271
object 47 85 right 3272
object 48 85 left 747
object 48 85 right 748
object 49 85 left 747
object 49 85 right 748
object 50 85 left 747
object 50 85 right 748
object 51 85 left 747
object 51 85 right 748
object 52 85 left 747
object 52 85 right 748
object 53 85 left 2629
object 54 85 left 2630
object 54 85 right 2631
object 69 85 left 2555
object 69 85 right 2556
object 70 85 right 2557
object 71 85 right 2559
object 72 85 left 747
object 72 85 right 3273
object 73 85 left 747
object 73 85 right 748
object 74 85 left 747
object 74 85 right 748
object 75 85 left 747
object 75 85 right 748
object 77 85 left 747
object 77 85 right 748
object 78 85 left 747
object 78 85 right 748
object 82 85 left 75
object 82 85 right 76
object 83 85 left 2647
object 84 85 left 2648
object 84 85 right 2649
object 89 85 right 2552
object 90 85 left 747
object 90 85 right 748
object 91 85 left 747
object 91 85 right 748
object 92 85 left 747
object 92 85 right 748
object 93 85 left 747
object 93 85 right 748
object 94 85 left 747
object 94 85 right 748
object 95 85 left 747
object 95 85 right 748
object 97 85 right 2651
object 11 86 right 2650
object 12 86 left 2555
object 12 86 right 2556
object 13 86 left 2555
object 13 86 right 2556
object 14 86 right 2553
object 15 86 left 747
object 15 86 right 748
object 16 86 left 747
object 16 86 right 748
object 17 86 left 747
object 17 86 right 748
object 18 86 left 747
object 18 86 right 748
object 19 86 left 2041
object 20 86 left 2042
object 20 86 right 2043
object 24 86 left 241
object 24 86 right 242
object 31 86 left 247
object 31 86 right 248
object 43 86 left 2525
object 44 86 left 2526
object 45 86 left 2527
object 46 86 left 2528
object 46 86 right 2529
object 47 86 left 747
object 47 86 right 748
object 48 86 left 747
object 48 86 right 748
object 51 86 left 747
object 51 86 right 748
object 52 86 left 747
object 52 86 right 748
object 53 86 left 2041
object 54 86 left 2042
object 54 86 right 2043
object 70 86 left 2555
object 70 86 right 2556
object 71 86 right 2558
object 72 86 left 3271
object 72 86 right 3272
object 73 86 left 747
object 73 86 right 748
object 74 86 left 747
object 74 86 right 748
object 76 86 left 747
object 76 86 right 748
object 77 86 left 747
object 77 86 right 748
object 78 86 left 747
object 78 86 right 748
object 81 86 right 2134
object 82 86 right 2046
object 83 86 right 2046
object 89 86 left 2550
object 89 86 right 2551
object 90 86 left 747
object 90 86 right 748
object 93 86 left 747
object 93 86 right 748
object 95 86 left 747
object 95 86 right 748
object 97 86 right 2650
object 10 87 left 2647
object 11 87 left 2648
object 11 87 right 2649
object 14 87 right 2552
object 15 87 left 747
object 15 87 right 2554
object 16 87 left 747
object 16 87 right 748
object 17 87 left 747
object 17 87 right 748
object 19 87 left 747
object 19 87 right 748
object 20 87 left 2525
object 20 87 right 748
object 21 87 left 2526
object 21 87 right 748
object 22 87 left 2527
object 22 87 right 748
object 23 87 left 2528
object 23 87 right 2529
object 24 87 left 243
object 24 87 right 244
object 25 87 left 747
object 25 87 right 748
object 26 87 left 747
object 26 87 right 748
object 27 87 left 747
object 27 87 right 748
object 28 87 left 747
object 28 87 right 748
object 29 87 left 747
object 29 87 right 748
object 30 87 left 747
object 30 87 right 748
object 31 87 left 249
object 31 87 right 250
object 32 87 left 2525
object 32 87 right 748
object 33 87 left 2526
object 33 87 right 748
object 34 87 left 2527
object 34 87 right 748
object 35 87 left 2528
object 35 87 right 2529
object 36 87 left 2525
object 36 87 right 748
object 37 87 left 2526
object 37 87 right 748
object 38 87 left 2527
object 38 87 right 748
object 39 87 left 2528
object 39 87 right 2529
object 40 87 left 2525
object 40 87 right 748
object 41 87 left 2526
object 41 87 right 748
object 42 87 left 2527
object 42 87 right 748
object 43 87 left 2528
object 43 87 right 2529
object 44 87 left 747
object 44 87 right 748
object 45 87 left 747
object 45 87 right 748
object 46 87 left 747
object 46 87 right 748
object 47 87 left 747
object 47 87 right 748
object 48 87 left 747
object 48 87 right 748
object 49 87 left 747
object 49 87 right 748
object 50 87 left 747
object 50 87 right 748
object 51 87 left 747
object 51 87 right 748
object 52 87 left 747
object 52 87 right 748
object 53 87 left 2041
object 54 87 left 2042
object 54 87 right 2043
object 71 87 right 2557
object 72 87 left 747
object 72 87 right 748
object 73 87 left 747
object 73 87 right 748
object 74 87 left 747
object 74 87 right 748
object 75 87 left 747
object 75 87 right 748
object 76 87 left 747
object 76 87 right 748
object 77 87 left 747
object 77 87 right 748
object 78 87 left 747
object 78 87 right 748
object 80 87 left 2131
object 81 87 left 2132
object 81 87 right 2133
object 82 87 left 2044
object 82 87 right 2045
object 83 87 left 2044
object 83 87 right 2045
object 90 87 left 747
object 90 87 right 2554
object 91 87 left 747
object 91 87 right 748
object 93 87 left 747
object 93 87 right 748
object 94 87 left 747
object 94 87 right 748
object 95 87 left 747
object 95 87 right 748
object 96 87 left 2647
object 97 87 left 2648
object 97 87 right 2649
object 11 88 right 2652
object 14 88 left 2550
object 14 88 right 2551
object 15 88 left 747
object 15 88 right 2553
object 16 88 left 747
object 16 88 right 748
object 17 88 left 747
object 17 88 right 748
object 18 88 left 747
object 18 88 right 748
object 20 88 left 747
object 20 88 right 748
object 21 88 left 787
object 21 88 right 748
object 22 88 left 788
object 22 88 right 789
object 23 88 left 747
object 23 88 right 748
object 24 88 left 747
object 24 88 right 748
object 25 88 left 747
object 25 88 right 748
object 26 88 left 747
object 26 88 right 748
object 27 88 left 747
object 27 88 right 748
object 29 88 left 747
object 29 88 right 748
object 30 88 left 747
object 30 88 right 748
object 31 88 left 747
object 31 88 right 748
object 32 88 left 747
object 32 88 right 748
object 33 88 left 747
object 33 88 right 748
object 34 88 left 747
object 34 88 right 748
object 37 88 left 747
object 37 88 right 748
object 38 88 left 2525
object 38 88 right 748
object 39 88 left 2526
object 39 88 right 748
object 40 88 left 2527
object 40 88 right 748
object 41 88 left 2528
object 41 88 right 2529
object 42 88 left 747
object 42 88 right 748
object 43 88 left 747
object 43 88 right 748
object 44 88 left 747
object 44 88 right 748
object 46 88 left 747
object 46 88 right 748
object 47 88 left 747
object 47 88 right 748
object 49 88 left 747
object 49 88 right 748
object 50 88 left 747
object 50 88 right 748
object 51 88 left 747
object 51 88 right 748
object 52 88 left 747
object 52 88 right 748
object 53 88 left 2041
object 54 88 left 2042
object 54 88 right 2043
object 59 88 left 2520
object 60 88 left 2521
object 61 88 left 2522
object 62 88 left 2523
object 62 88 right 2524
object 64 88 left 2520
object 65 88 left 2521
object 66 88 left 2522
object 67 88 left 2523
object 67 88 right 2524
object 71 88 left 2555
object 71 88 right 2556
object 72 88 left 3985
object 72 88 right 3986
object 73 88 left 747
object 73 88 right 748
object 74 88 left 747
object 74 88 right 748
object 75 88 left 747
object 75 88 right 748
object 76 88 left 747
object 76 88 right 748
object 77 88 left 747
object 77 88 right 748
object 78 88 left 3985
object 78 88 right 3986
object 80 88 left 3277
object 81 88 left 3278
object 81 88 right 3279
object 90 88 left 747
object 90 88 right 2553
object 91 88 left 747
object 91 88 right 748
object 92 88 left 747
object 92 88 right 748
object 93 88 left 747
object 93 88 right 748
object 94 88 left 747
object 94 88 right 748
object 95 88 left 747
object 95 88 right 748
object 97 88 right 2652
object 11 89 right 2651
object 15 89 left 747
object 15 89 right 2552
object 16 89 left 747
object 16 89 right 748
object 17 89 left 747
object 17 89 right 748
object 18 89 left 747
object 18 89 right 748
object 19 89 left 747
object 19 89 right 748
object 20 89 left 747
object 20 89 right 748
object 21 89 left 747
object 21 89 right 748
object 22 89 left 747
object 22 89 right 748
object 23 89 left 747
object 23 89 right 748
object 24 89 left 747
object 24 89 right 748
object 25 89 left 747
object 25 89 right 748
object 28 89 left 747
object 28 89 right 748
object 29 89 left 747
object 29 89 right 748
object 30 89 left 747
object 30 89 right 748
object 31 89 left 747
object 31 89 right 748
object 33 89 left 747
object 33 89 right 748
object 34 89 left 747
object 34 89 right 748
object 35 89 left 747
object 35 89 right 748
object 36 89 left 747
object 36 89 right 748
object 37 89 left 747
object 37 89 right 748
object 38 89 left 747
object 38 89 right 748
object 39 89 left 747
object 39 89 right 748
object 40 89 left 747
object 40 89 right 748
object 41 89 left 747
object 41 89 right 748
object 42 89 left 747
object 42 89 right 748
object 44 89 left 747
object 44 89 right 748
object 45 89 left 747
object 45 89 right 748
object 46 89 left 747
object 46 89 right 748
object 48 89 left 747
object 48 89 right 748
object 50 89 left 747
object 50 89 right 748
object 51 89 left 747
object 51 89 right 748
object 52 89 left 747
object 52 89 right 748
object 53 89 left 747
object 53 89 right 748
object 54 89 left 2520
object 54 89 right 748
object 55 89 left 2521
object 55 89 right 748
object 56 89 left 2522
object 56 89 right 748
object 57 89 left 2523
object 57 89 right 2524
object 58 89 left 2520
object 58 89 right 748
object 59 89 left 2521
object 59 89 right 748
object 60 89 left 2522
object 60 89 right 748
object 61 89 left 2523
object 61 89 right 2524
object 62 89 left 2520
object 62 89 right 748
object 63 89 left 2521
object 63 89 right 748
object 64 89 left 2522
object 64 89 right 748
object 66 89 left 747
object 66 89 right 748
object 67 89 left 2520
object 67 89 right 748
object 68 89 left 2521
object 68 89 right 748
object 69 89 left 2522
object 69 89 right 748
object 70 89 left 2523
object 70 89 right 2524
object 71 89 left 75
object 71 89 right 76
object 72 89 left 747
object 72 89 right 748
object 73 89 left 747
object 73 89 right 748
object 74 89 left 747
object 74 89 right 748
object 75 89 left 747
object 75 89 right 748
object 76 89 left 747
object 76 89 right 748
object 77 89 left 747
object 77 89 right 748
object 79 89 left 747
object 79 89 right 748
object 80 89 left 2041
object 81 89 left 2042
object 81 89 right 2043
object 90 89 left 747
object 90 89 right 2552
object 91 89 left 747
object 91 89 right 748
object 93 89 left 747
object 93 89 right 748
object 95 89 left 747
object 95 89 right 748
object 97 89 right 2651
object 11 90 right 2650
object 15 90 left 2550
object 15 90 right 2551
object 16 90 right 2554
object 17 90 right 2554
object 18 90 left 747
object 18 90 right 748
object 20 90 left 747
object 20 90 right 748
object 21 90 left 747
object 21 90 right 748
object 22 90 left 747
object 22 90 right 748
object 24 90 left 747
object 24 90 right 748
object 26 90 left 747
object 26 90 right 748
object 27 90 left 747
object 27 90 right 748
object 28 90 left 747
object 28 90 right 748
object 29 90 left 747
object 29 90 right 748
object 31 90 left 747
object 31 90 right 748
object 32 90 left 747
object 32 90 right 748
object 33 90 left 747
object 33 90 right 748
object 35 90 left 747
object 35 90 right 748
object 36 90 left 747
object 36 90 right 748
object 37 90 left 747
object 37 90 right 748
object 39 90 left 747
object 39 90 right 748
object 42 90 left 747
object 42 90 right 748
object 44 90 left 747
object 44 90 right 748
object 45 90 left 329
object 45 90 right 330
object 46 90 left 747
object 46 90 right 748
object 48 90 left 747
object 48 90 right 748
object 49 90 left 747
object 49 90 right 748
object 50 90 left 747
object 50 90 right 748
object 51 90 left 747
object 51 90 right 748
object 52 90 left 747
object 52 90 right 748
object 54 90 left 747
object 54 90 right 748
object 55 90 left 747
object 55 90 right 748
object 56 90 left 747
object 56 90 right 748
object 57 90 left 747
object 57 90 right 748
object 58 90 left 747
object 58 90 right 748
object 59 90 left 747
object 59 90 right 748
object 60 90 left 747
object 60 90 right 748
object 61 90 left 747
object 61 90 right 748
object 62 90 left 747
object 62 90 right 748
object 63 90 left 747
object 63 90 right 748
object 64 90 left 747
object 64 90 right 748
object 65 90 left 747
object 65 90 right 748
object 66 90 left 747
object 66 90 right 748
object 67 90 left 747
object 67 90 right 748
object 68 90 left 747
object 68 90 right 748
object 69 90 left 747
object 69 90 right 748
object 71 90 left 747
object 71 90 right 748
object 72 90 left 747
object 72 90 right 748
object 73 90 left 747
object 73 90 right 748
object 74 90 left 747
object 74 90 right 748
object 76 90 left 747
object 76 90 right 748
object 77 90 left 747
object 77 90 right 748
object 78 90 left 747
object 78 90 right 748
object 79 90 left 747
object 79 90 right 748
object 80 90 left 2041
object 81 90 left 2042
object 81 90 right 2043
object 84 90 left 2525
object 85 90 left 2526
object 86 90 left 2527
object 87 90 left 2528
object 87 90 right 2529
object 90 90 left 2550
object 90 90 right 2551
object 91 90 left 747
object 91 90 right 748
object 92 90 left 747
object 92 90 right 748
object 93 90 left 747
object 93 90 right 748
object 94 90 left 747
object 94 90 right 748
object 95 90 left 747
object 95 90 right 748
object 97 90 right 2650
object 10 91 left 2647
object 11 91 left 2648
object 11 91 right 2649
object 16 91 right 2553
object 17 91 right 2553
object 18 91 left 747
object 18 91 right 748
object 19 91 left 3271
object 19 91 right 3272
object 20 91 left 747
object 20 91 right 748
object 22 91 left 747
object 22 91 right 748
object 24 91 left 747
object 24 91 right 748
object 25 91 left 747
object 25 91 right 748
object 27 91 left 747
object 27 91 right 748
object 28 91 left 747
object 28 91 right 748
object 29 91 left 747
object 29 91 right 748
object 30 91 left 747
object 30 91 right 748
object 31 91 left 747
object 31 91 right 748
object 33 91 left 747
object 33 91 right 748
object 34 91 left 747
object 34 91 right 748
object 35 91 left 747
object 35 91 right 748
object 37 91 left 747
object 37 91 right 748
object 38 91 left 747
object 38 91 right 748
object 40 91 left 747
object 40 91 right 748
object 41 91 left 747
object 41 91 right 748
object 43 91 left 747
object 43 91 right 748
object 44 91 left 747
object 44 91 right 748
object 46 91 left 747
object 46 91 right 748
object 47 91 left 747
object 47 91 right 748
object 48 91 left 747
object 48 91 right 748
object 50 91 left 747
object 50 91 right 748
object 52 91 left 747
object 52 91 right 748
object 53 91 left 747
object 53 91 right 748
object 54 91 left 747
object 54 91 right 748
object 55 91 left 747
object 55 91 right 748
object 56 91 left 747
object 56 91 right 748
object 57 91 left 747
object 57 91 right 748
object 58 91 left 747
object 58 91 right 748
object 59 91 left 747
object 59 91 right 748
object 60 91 left 747
object 60 91 right 748
object 61 91 left 747
object 61 91 right 748
object 62 91 left 747
object 62 91 right 748
object 63 91 left 747
object 63 91 right 748
object 65 91 left 747
object 65 91 right 748
object 66 91 left 747
object 66 91 right 748
object 67 91 left 747
object 67 91 right 748
object 68 91 left 747
object 68 91 right 748
object 69 91 left 747
object 69 91 right 748
object 70 91 left 747
object 70 91 right 748
object 71 91 left 747
object 71 91 right 748
object 72 91 left 747
object 72 91 right 748
object 74 91 left 747
object 74 91 right 748
object 75 91 left 747
object 75 91 right 748
object 76 91 left 747
object 76 91 right 748
object 77 91 left 747
object 77 91 right 748
object 78 91 left 747
object 78 91 right 748
object 79 91 left 747
object 79 91 right 748
object 80 91 left 747
object 80 91 right 748
object 81 91 left 2525
object 81 91 right 748
object 82 91 left 2526
object 82 91 right 748
object 83 91 left 2527
object 83 91 right 748
object 84 91 left 2528
object 84 91 right 2529
object 85 91 left 747
object 85 91 right 748
object 86 91 left 747
object 86 91 right 748
object 87 91 left 2525
object 87 91 right 748
object 88 91 left 2526
object 88 91 right 748
object 89 91 left 2527
object 89 91 right 748
object 90 91 left 2528
object 90 91 right 2529
object 91 91 left 747
object 91 91 right 748
object 92 91 left 747
object 92 91 right 748
object 93 91 left 747
object 93 91 right 748
object 94 91 left 747
object 94 91 right 748
object 95 91 left 747
object 95 91 right 748
object 96 91 left 2647
object 97 91 left 2648
object 97 91 right 2649
object 11 92 right 2652
object 16 92 right 2552
object 17 92 right 2552
object 18 92 right 2564
object 19 92 left 747
object 19 92 right 748
object 20 92 left 747
object 20 92 right 748
object 21 92 left 747
object 21 92 right 748
object 22 92 left 747
object 22 92 right 748
object 23 92 left 747
object 23 92 right 748
object 24 92 left 747
object 24 92 right 748
object 28 92 left 747
object 28 92 right 748
object 29 92 left 329
object 29 92 right 330
object 30 92 left 747
object 30 92 right 748
object 31 92 left 747
object 31 92 right 748
object 33 92 left 747
object 33 92 right 748
object 34 92 left 747
object 34 92 right 748
object 35 92 left 747
object 35 92 right 748
object 36 92 left 747
object 36 92 right 748
object 37 92 left 747
object 37 92 right 748
object 38 92 left 747
object 38 92 right 748
object 40 92 left 747
object 40 92 right 748
object 41 92 left 747
object 41 92 right 748
object 42 92 left 329
object 42 92 right 330
object 43 92 left 747
object 43 92 right 748
object 44 92 left 747
object 44 92 right 748
object 45 92 left 747
object 45 92 right 748
object 46 92 left 747
object 46 92 right 748
object 47 92 left 747
object 47 92 right 748
object 49 92 left 747
object 49 92 right 748
object 51 92 left 747
object 51 92 right 748
object 52 92 left 747
object 52 92 right 748
object 53 92 left 747
object 53 92 right 748
object 56 92 left 747
object 56 92 right 748
object 58 92 left 747
object 58 92 right 748
object 59 92 left 747
object 59 92 right 748
object 61 92 left 747
object 61 92 right 748
object 62 92 left 747
object 62 92 right 748
object 64 92 left 747
object 64 92 right 748
object 65 92 left 747
object 65 92 right 748
object 66 92 left 747
object 66 92 right 748
object 67 92 left 747
object 67 92 right 748
object 68 92 left 747
object 68 92 right 748
object 70 92 left 747
object 70 92 right 748
object 71 92 left 747
object 71 92 right 748
object 73 92 left 747
object 73 92 right 748
object 74 92 left 747
object 74 92 right 748
object 75 92 left 747
object 75 92 right 748
object 77 92 left 747
object 77 92 right 748
object 78 92 left 747
object 78 92 right 748
object 79 92 left 747
object 79 92 right 748
object 80 92 left 747
object 80 92 right 748
object 81 92 left 747
object 81 92 right 748
object 82 92 left 747
object 82 92 right 748
object 84 92 left 747
object 84 92 right 748
object 85 92 left 747
object 85 92 right 748
object 86 92 left 747
object 86 92 right 748
object 87 92 left 747
object 87 92 right 748
object 88 92 left 747
object 88 92 right 748
object 89 92 left 747
object 89 92 right 748
object 90 92 left 747
object 90 92 right 748
object 91 92 left 747
object 91 92 right 748
object 93 92 left 747
object 93 92 right 748
object 94 92 left 747
object 94 92 right 748
object 95 92 left 747
object 95 92 right 748
object 97 92 right 2651
object 11 93 right 2651
object 16 93 left 2550
object 16 93 right 2551
object 17 93 left 2550
object 17 93 right 2551
object 18 93 right 2563
object 20 93 left 747
object 20 93 right 748
object 21 93 left 747
object 21 93 right 748
object 24 93 left 747
object 24 93 right 748
object 25 93 left 747
object 25 93 right 748
object 26 93 left 747
object 26 93 right 748
object 27 93 left 747
object 27 93 right 748
object 28 93 left 747
object 28 93 right 748
object 29 93 left 747
object 29 93 right 748
object 30 93 left 747
object 30 93 right 748
object 31 93 left 747
object 31 93 right 748
object 32 93 left 747
object 32 93 right 748
object 33 93 left 747
object 33 93 right 748
object 34 93 left 747
object 34 93 right 748
object 35 93 left 747
object 35 93 right 748
object 36 93 left 787
object 36 93 right 748
object 37 93 left 788
object 37 93 right 789
object 38 93 left 747
object 38 93 right 748
object 40 93 left 747
object 40 93 right 748
object 41 93 left 747
object 41 93 right 748
object 42 93 left 747
object 42 93 right 748
object 43 93 left 747
object 43 93 right 748
object 45 93 left 747
object 45 93 right 748
object 46 93 left 747
object 46 93 right 748
object 47 93 left 747
object 47 93 right 748
object 48 93 left 747
object 48 93 right 748
object 49 93 left 747
object 49 93 right 748
object 50 93 left 747
object 50 93 right 748
object 51 93 left 747
object 51 93 right 748
object 52 93 left 747
object 52 93 right 748
object 53 93 left 747
object 53 93 right 748
object 54 93 left 747
object 54 93 right 748
object 55 93 left 747
object 55 93 right 748
object 56 93 left 747
object 56 93 right 748
object 57 93 left 747
object 57 93 right 748
object 58 93 left 747
object 58 93 right 748
object 59 93 left 747
object 59 93 right 748
object 60 93 left 747
object 60 93 right 748
object 61 93 left 747
object 61 93 right 748
object 62 93 left 747
object 62 93 right 748
object 63 93 left 747
object 63 93 right 748
object 64 93 left 747
object 64 93 right 748
object 65 93 left 747
object 65 93 right 748
object 66 93 left 747
object 66 93 right 748
object 67 93 left 747
object 67 93 right 748
object 68 93 left 747
object 68 93 right 748
object 69 93 left 747
object 69 93 right 748
object 70 93 left 747
object 70 93 right 748
object 71 93 left 747
object 71 93 right 748
object 72 93 left 747
object 72 93 right 748
object 73 93 left 747
object 73 93 right 748
object 74 93 left 747
object 74 93 right 748
object 75 93 left 747
object 75 93 right 748
object 76 93 left 747
object 76 93 right 748
object 77 93 left 747
object 77 93 right 748
object 78 93 left 747
object 78 93 right 748
object 80 93 left 747
object 80 93 right 748
object 81 93 left 747
object 81 93 right 748
object 82 93 left 747
object 82 93 right 748
object 83 93 left 747
object 83 93 right 748
object 84 93 left 747
object 84 93 right 748
object 85 93 left 747
object 85 93 right 748
object 86 93 left 747
object 86 93 right 748
object 87 93 left 747
object 87 93 right 748
object 89 93 left 747
object 89 93 right 748
object 90 93 left 747
object 90 93 right 748
object 91 93 left 747
object 91 93 right 748
object 92 93 left 747
object 92 93 right 748
object 94 93 left 747
object 94 93 right 748
object 95 93 left 747
object 95 93 right 748
object 97 93 right 2650
object 11 94 right 2650
object 18 94 right 2562
object 21 94 right 2610
object 24 94 left 747
object 24 94 right 748
object 25 94 left 747
object 25 94 right 2610
object 26 94 left 747
object 26 94 right 748
object 27 94 left 747
object 27 94 right 748
object 28 94 left 747
object 28 94 right 748
object 29 94 left 747
object 29 94 right 748
object 30 94 left 747
object 30 94 right 748
object 31 94 left 747
object 31 94 right 748
object 32 94 left 747
object 32 94 right 748
object 33 94 left 747
object 33 94 right 748
object 34 94 left 747
object 34 94 right 748
object 35 94 left 747
object 35 94 right 748
object 36 94 left 747
object 36 94 right 748
object 37 94 left 747
object 37 94 right 748
object 38 94 left 747
object 38 94 right 748
object 39 94 left 747
object 39 94 right 748
object 40 94 left 747
object 40 94 right 748
object 41 94 left 747
object 41 94 right 748
object 42 94 left 747
object 42 94 right 748
object 43 94 left 747
object 43 94 right 748
object 44 94 left 747
object 44 94 right 748
object 45 94 left 747
object 45 94 right 748
object 46 94 left 747
object 46 94 right 748
object 47 94 left 747
object 47 94 right 748
object 48 94 left 747
object 48 94 right 748
object 49 94 left 747
object 49 94 right 748
object 50 94 left 747
object 50 94 right 748
object 51 94 left 747
object 51 94 right 748
object 52 94 left 747
object 52 94 right 748
object 53 94 left 747
object 53 94 right 748
object 54 94 left 747
object 54 94 right 748
object 55 94 left 747
object 55 94 right 748
object 56 94 left 747
object 56 94 right 748
object 57 94 left 747
object 57 94 right 748
object 58 94 left 747
object 58 94 right 748
object 59 94 left 747
object 59 94 right 748
object 60 94 left 747
object 60 94 right 748
object 61 94 left 747
object 61 94 right 748
object 62 94 left 747
object 62 94 right 748
object 63 94 left 747
object 63 94 right 748
object 64 94 left 747
object 64 94 right 748
object 65 94 left 747
object 65 94 right 748
object 66 94 left 747
object 66 94 right 748
object 67 94 left 747
object 67 94 right 748
object 68 94 left 747
object 68 94 right 748
object 69 94 left 747
object 69 94 right 748
object 70 94 left 747
object 70 94 right 748
object 71 94 left 747
object 71 94 right 748
object 72 94 left 747
object 72 94 right 748
object 73 94 left 747
object 73 94 right 748
object 74 94 left 747
object 74 94 right 748
object 75 94 left 747
object 75 94 right 748
object 76 94 left 747
object 76 94 right 748
object 77 94 left 747
object 77 94 right 748
object 78 94 left 747
object 78 94 right 748
object 79 94 left 747
object 79 94 right 748
object 80 94 left 747
object 80 94 right 748
object 81 94 left 747
object 81 94 right 748
object 82 94 left 747
object 82 94 right 748
object 83 94 left 747
object 83 94 right 748
object 84 94 left 747
object 84 94 right 748
object 85 94 left 747
object 85 94 right 748
object 86 94 left 747
object 86 94 right 748
object 87 94 left 747
object 87 94 right 748
object 88 94 left 747
object 88 94 right 748
object 89 94 left 747
object 89 94 right 748
object 90 94 left 747
object 90 94 right 748
object 91 94 left 747
object 91 94 right 748
object 92 94 left 747
object 92 94 right 748
object 93 94 left 747
object 93 94 right 748
object 94 94 left 747
object 94 94 right 748
object 95 94 left 747
object 95 94 right 748
object 96 94 left 2647
object 97 94 left 2648
object 97 94 right 2649
object 10 95 left 2647
object 11 95 left 2648
object 11 95 right 2649
object 18 95 left 2605
object 18 95 right 2561
object 19 95 left 2606
object 20 95 left 2607
object 21 95 left 2608
object 21 95 right 2609
object 22 95 left 2605
object 23 95 left 2606
object 24 95 left 2607
object 25 95 left 2608
object 25 95 right 2609
object 29 95 right 2610
object 33 95 right 2610
object 37 95 right 2616
object 41 95 right 2616
object 45 95 right 2616
object 49 95 right 2616
object 53 95 right 2616
object 57 95 right 2616
object 61 95 right 2628
object 65 95 right 2628
object 69 95 right 2616
object 73 95 right 2616
object 77 95 right 2616
object 81 95 right 2616
object 85 95 right 2616
object 89 95 right 2616
object 93 95 right 2616
object 97 95 right 2616
object 11 96 right 2652
object 14 96 right 2138
object 26 96 left 2605
object 27 96 left 2606
object 28 96 left 2607
object 29 96 left 2608
object 29 96 right 2609
object 30 96 left 2605
object 31 96 left 2606
object 32 96 left 2607
object 33 96 left 2608
object 33 96 right 2609
object 34 96 left 2611
object 35 96 left 2612
object 36 96 left 2613
object 37 96 left 2614
object 37 96 right 2615
object 38 96 left 2611
object 39 96 left 2612
object 40 96 left 2613
object 41 96 left 2614
object 41 96 right 2615
object 42 96 left 2611
object 43 96 left 2612
object 44 96 left 2613
object 45 96 left 2614
object 45 96 right 2615
object 46 96 left 2611
object 47 96 left 2612
object 48 96 left 2613
object 49 96 left 2614
object 49 96 right 2615
object 50 96 left 2611
object 51 96 left 2612
object 52 96 left 2613
object 53 96 left 2614
object 53 96 right 2615
object 54 96 left 2611
object 55 96 left 2612
object 56 96 left 2613
object 57 96 left 2614
object 57 96 right 2615
object 58 96 left 2623
object 59 96 left 2624
object 60 96 left 2625
object 61 96 left 2626
object 61 96 right 2627
object 62 96 left 2623
object 63 96 left 2624
object 64 96 left 2625
object 65 96 left 2626
object 65 96 right 2627
object 66 96 left 2611
object 67 96 left 2612
object 68 96 left 2613
object 69 96 left 2614
object 69 96 right 2615
object 70 96 left 2611
object 71 96 left 2612
object 72 96 left 2613
object 73 96 left 2614
object 73 96 right 2615
object 74 96 left 2611
object 75 96 left 2612
object 76 96 left 2613
object 77 96 left 2614
object 77 96 right 2615
object 78 96 left 2611
object 79 96 left 2612
object 80 96 left 2613
object 81 96 left 2614
object 81 96 right 2615
object 82 96 left 2611
object 83 96 left 2612
object 84 96 left 2613
object 85 96 left 2614
object 85 96 right 2615
object 86 96 left 2611
object 87 96 left 2612
object 88 96 left 2613
object 89 96 left 2614
object 89 96 right 2615
object 90 96 left 2611
object 91 96 left 2612
object 92 96 left 2613
object 93 96 left 2614
object 93 96 right 2615
object 94 96 left 2611
object 95 96 left 2612
object 96 96 left 2613
object 97 96 left 2614
object 97 96 right 2615
object 11 97 right 2651
object 13 97 left 2135
object 14 97 left 2136
object 14 97 right 2137
object 11 98 right 2650
object 58 98 right 2138
object 10 99 left 2647
object 11 99 left 2648
object 11 99 right 2649
object 57 99 left 2135
object 58 99 left 2136
object 58 99 right 2137
