# lod20828 — tools/dat-extract layout 이 만든다. 손으로 고치지 말 것.
size 100 100
blocked
####################################################################################################
###########################################################################################.########
#####################################################################################.........######
########################......#########################......#######################...........#####
#######################........#######################........#####################.............####
#############...................#####################..........####################..............###
############.....................####################...........###################...............##
###########.......................###################............##################................#
###########.......................##################.............#################.................#
###########.......................#################..............################..................#
###########............##.........#############.........##.......###############...................#
###########..........####.........############..........##.......##############......####..........#
############.........###..........############........######.....#############.......####..........#
#############.......####...........###########......########......############.......####..........#
##############......####............##########......######.........###########.......####..........#
###############.....######...........#########......#####...........##########.......##............#
###############.....######............#######.......#####............#########.......##............#
###############......####.............######..........###.............#######......................#
################.....####.............#####.................##........######.......................#
################.....####.............#####...............####........#####........................#
###############......###..............#####...........##..##..........#####........................#
##############......####.............######...........##..............#####.......................##
#############.......####............#######..........##..............######......................###
############.......................#######...........##.............#######......................###
###########........................######..........................#######.......................###
###########........................#####...........................######........................###
###########........................#####...........................#####.........................###
###########........................#####...........................#####.........................###
###########........................#####...........................#####........................####
##############....................######...........................#####.......................#####
##############...................#######..........................######......................######
##############..................#########........................#######.....................#######
##############..................##########......................#########....................#######
##############..................###########.....................##########...................#######
##############..................############.......##...........###########..................#######
##############..................############.......##...........############.................#######
##############.................#############......####..........############.........##......#######
#############.................##############......####.........#############.......####......#######
############..................##############.......##.........##############.......####......#######
###########...................##############.......##.........##############.......####......#######
##########....................##############........##........##############.......##.........######
##########...........##........#############........##........##############...................#####
##########.........####.........############...................#############....................####
##########.........####..........############...................############.....................###
##########...........####.........############...................############.....................##
##########.............##.........#############...................############.....................#
#########..............##..##.....#############...................#############....................#
########...............######.....#############...................#############....................#
####.....................####.........#########...................#############....................#
###........................####........#######........................#########....................#
##.........................####.........#####..........................#######.....................#
##.........................##...........................................#####......................#
##.................................................................................................#
##.................................................................................................#
##.................................................................................................#
##.................................................................................................#
##.................................................................................................#
##..................####...........................................................................#
###................######..........................................................................#
####...............#######...........................................####..........................#
####...............########.........................................#######........................#
####...............############.....................................#######........................#
####...............#############....................................##########.....................#
####......##........#############...................................##########.....................#
####......##.........#############..................................##########.....................#
####.....####.........############................########..........##########.....................#
###......####.........############...............#########............#######......................#
##........##..........############..............##########.............####.......................##
#.........##...........###########..............##########.............##........................###
#........####...........##########..............###########.....................................####
#........####............#########..............############...................................#####
#.......##...............#########.....##.......##############.................................#####
#.......##...............########......##.......###############................................#####
#......####..............#######......####.......###############...............................#####
#......####..............#######......####........###############..............................#####
##......##................######.......##..........###############.............................#####
###.....##.................#####.......##...........##############.............................#####
###.........................####.....................############..............................#####
###........................#####......................##########...............................#####
###.......................######.......................##########.............................######
###......................######........................###########...........................#######
###.....................######.........................###########..........................########
###..................########..........................###########....................##############
###.................########..........................#############..................###############
###................########..........................###############................################
###................########..........................###############................################
##.................########......................###################................################
#..................########.....................####################................################
#..................#######.....................#####################................################
#..................######......................#####################................################
#..................#####.......................#####################................################
#...................#####......................######################...............################
#....................####.....................########################..............################
#....................####....................##########################.............################
#....................####...................############################............################
#...................######..............#################################...........################
##.................########............###################################.........#################
#######............#########..........#####################################.......##################
########..........###########........#######################################.....###################
####################################################################################################
floor
3770 3771 3772 3755 3756 3757 3758 3759 3760 3756 3757 3758 3759 3760 3789 3790 3752 3753 3754 3755 3773 3777 3778 3775 3776 3776 3777 3778 3761 3762 3763 3764 3765 3766 3762 3763 3764 3765 3766 3754 3757 3758 3759 3760 3761 3779 3783 3784 3781 3782 3781 3782 3783 3784 3781 3782 3783 3784 3787 3755 3756 3757 3758 3759 3760 3763 3764 3765 3766 3767 3785 3750 3751 3752 3753 3776 3777 3778 3761 3762 3763 3764 3765 3766 3762 3763 3764 3765 3766 3754 3757 3758 3759 3760 3761 3779 3783 3784 3781 3782
3776 3777 3778 3761 3762 3763 3764 3765 3766 3762 3763 3764 3765 3766 3754 3757 3758 3759 3760 3761 3779 3783 3784 3781 3782 3781 3782 3783 3784 3781 3782 3783 3784 3787 3755 3756 3757 3758 3759 3760 3763 3764 3765 3766 3767 3785 3750 3751 3752 3753 3753 3754 3750 3751 3752 3753 3754 3751 3752 3753 3754 3763 3764 3765 3766 3769 3770 3771 3772 3773 3774 3756 3757 3758 3759 3781 3782 3783 3784 3781 3782 3783 3784 3787 3755 3756 3757 3758 3759 3760 3763 3764 3765 3766 3767 3785 3750 3751 3752 3753
3781 3782 3783 3784 3781 3782 3783 3784 3787 3755 3756 3757 3758 3759 3760 3763 3764 3765 3766 3767 3785 3750 3751 3752 3753 3753 3754 3750 3751 3752 3753 3754 3751 3752 3753 3754 3763 3764 3765 3766 3769 3770 3771 3772 3773 3774 3756 3757 3758 3759 3759 3760 3756 3757 3758 3759 3760 3757 3758 3759 3760 3769 3770 3771 3772 3775 3776 3777 3778 3779 3780 3762 3763 3764 3765 3753 3754 3750 3751 3752 3753 3754 3751 3752 3753 3754 3763 3764 3765 3766 3769 3770 3771 3772 3773 3774 3756 3757 3758 3759
3753 3754 3750 3751 3752 3753 3754 3751 3752 3753 3754 3763 3764 3765 3766 3769 3770 3771 3772 3773 3774 3756 3757 3758 3759 3759 3760 3756 3757 3758 3759 3760 3757 3758 3759 3760 3769 3770 3771 3772 3775 3776 3777 3778 3779 3780 3762 3763 3764 3765 3765 3766 3762 3763 3764 3765 3766 3763 3764 3765 3766 3775 3776 3777 3778 3781 3782 3783 3784 3785 3786 3768 3769 3770 3771 3759 3760 3756 3757 3758 3759 3760 3757 3758 3759 3760 3769 3770 3771 3772 3775 3776 3777 3778 3779 3780 3762 3763 3764 3765
3759 3760 3756 3757 3758 3759 3760 3757 3758 3759 3760 3769 3770 3771 3772 3775 3776 3777 3778 3779 3780 3762 3763 3764 3765 3765 3766 3762 3763 3764 3765 3766 3763 3764 3765 3766 3775 3776 3777 3778 3781 3782 3783 3784 3785 3786 3768 3769 3770 3771 3771 3772 3768 3769 3770 3771 3772 3769 3770 3771 3772 3781 3782 3783 3784 3753 3754 3750 3751 3752 3753 3774 3775 3776 3777 3765 3766 3762 3763 3764 3765 3766 3763 3764 3765 3766 3775 3776 3777 3778 3781 3782 3783 3784 3785 3786 3768 3769 3770 3771
3765 3766 3762 3763 3764 3765 3766 3763 3764 3765 3766 3775 3776 3777 3778 3781 3782 3783 3784 3785 3786 3768 3769 3770 3771 3771 3772 3768 3769 3770 3771 3772 3769 3770 3771 3772 3781 3782 3783 3784 3753 3754 3750 3751 3752 3753 3774 3775 3776 3777 3777 3778 3774 3775 3776 3777 3778 3775 3776 3777 3778 3787 3788 3789 3790 3759 3760 3756 3757 3758 3759 3780 3781 3782 3783 3771 3772 3768 3769 3770 3771 3772 3769 3770 3771 3772 3781 3782 3783 3784 3753 3754 3750 3751 3752 3753 3774 3775 3776 3777
3771 3772 3768 3769 3770 3771 3772 3769 3770 3771 3772 3781 3782 3783 3784 3753 3754 3750 3751 3752 3753 3774 3775 3776 3777 3777 3778 3774 3775 3776 3777 3778 3775 3776 3777 3778 3787 3788 3789 3790 3759 3760 3756 3757 3758 3759 3780 3781 3782 3783 3783 3784 3780 3781 3782 3783 3784 3754 3782 3783 3784 3761 3762 3763 3764 3765 3766 3762 3763 3764 3765 3786 3787 3788 3789 3777 3778 3774 3775 3776 3777 3778 3775 3776 3777 3778 3787 3788 3789 3790 3759 3760 3756 3757 3758 3759 3780 3781 3782 3783
3777 3778 3774 3775 3776 3777 3778 3775 3776 3777 3778 3787 3788 3789 3790 3759 3760 3756 3757 3758 3759 3780 3781 3782 3783 3783 3784 3780 3781 3782 3783 3784 3754 3782 3783 3784 3761 3762 3763 3764 3765 3766 3762 3763 3764 3765 3786 3787 3788 3789 3789 3790 3786 3787 3788 3789 3790 3760 3788 3789 3790 3767 3768 3769 3770 3771 3772 3768 3769 3770 3771 3761 3762 3763 3764 3783 3784 3780 3781 3782 3783 3784 3754 3782 3783 3784 3761 3762 3763 3764 3765 3766 3762 3763 3764 3765 3786 3787 3788 3789
3783 3784 3780 3781 3782 3783 3784 3754 3782 3783 3784 3761 3762 3763 3764 3765 3766 3762 3763 3764 3765 3786 3787 3788 3789 3789 3790 3786 3787 3788 3789 3790 3760 3788 3789 3790 3767 3768 3769 3770 3771 3772 3768 3769 3770 3771 3761 3762 3763 3764 3758 3759 3761 3762 3763 3764 3765 3766 3751 3752 3753 3754 3774 3775 3776 3777 3778 3774 3775 3776 3777 3767 3768 3769 3770 3789 3790 3786 3787 3788 3789 3790 3760 3788 3789 3790 3767 3768 3769 3770 3771 3772 3768 3769 3770 3771 3761 3762 3763 3764
3789 3790 3786 3787 3788 3789 3790 3760 3788 3789 3790 3767 3768 3769 3770 3771 3772 3768 3769 3770 3771 3761 3762 3763 3764 3758 3759 3761 3762 3763 3764 3765 3766 3751 3752 3753 3754 3774 3775 3776 3777 3778 3774 3775 3776 3777 3767 3768 3769 3770 3764 3765 3767 3768 3769 3770 3771 3772 3757 3758 3759 3760 3780 3781 3782 3783 3784 3780 3781 3782 3783 3773 3774 3775 3776 3758 3759 3761 3762 3763 3764 3765 3766 3751 3752 3753 3754 3774 3775 3776 3777 3778 3774 3775 3776 3777 3767 3768 3769 3770
3758 3759 3761 3762 3763 3764 3765 3766 3751 3752 3753 3754 3774 3775 3776 3777 3778 3774 3775 3776 3777 3767 3768 3769 3770 3764 3765 3767 3768 3769 3770 3771 3772 3757 3758 3759 3760 3780 3781 3782 3783 3784 3780 3781 3782 3783 3773 3774 3775 3776 3770 3771 3773 3774 3775 3776 3777 3778 3763 3764 3765 3766 3786 3787 3788 3789 3790 3786 3787 3788 3789 3779 3780 3781 3782 3764 3765 3767 3768 3769 3770 3771 3772 3757 3758 3759 3760 3780 3781 3782 3783 3784 3780 3781 3782 3783 3773 3774 3775 3776
3764 3765 3767 3768 3769 3770 3771 3772 3757 3758 3759 3760 3780 3781 3782 3783 3784 3780 3781 3782 3783 3773 3774 3775 3776 3770 3771 3773 3774 3775 3776 3777 3778 3763 3764 3765 3766 3786 3787 3788 3789 3790 3786 3787 3788 3789 3779 3780 3781 3782 3776 3777 3779 3780 3781 3782 3783 3784 3769 3770 3771 3772 3755 3756 3757 3758 3759 3760 3756 3757 3758 3785 3786 3787 3788 3770 3771 3773 3774 3775 3776 3777 3778 3763 3764 3765 3766 3786 3787 3788 3789 3790 3786 3787 3788 3789 3779 3780 3781 3782
3770 3771 3773 3774 3775 3776 3777 3778 3763 3764 3765 3766 3786 3787 3788 3789 3790 3786 3787 3788 3789 3779 3780 3781 3782 3776 3777 3779 3780 3781 3782 3783 3784 3769 3770 3771 3772 3755 3756 3757 3758 3759 3760 3756 3757 3758 3785 3786 3787 3788 3782 3783 3785 3786 3787 3788 3789 3790 3775 3776 3777 3778 3761 3762 3763 3764 3765 3766 3762 3763 3764 3750 3751 3752 3753 3776 3777 3779 3780 3781 3782 3783 3784 3769 3770 3771 3772 3755 3756 3757 3758 3759 3760 3756 3757 3758 3785 3786 3787 3788
3776 3777 3779 3780 3781 3782 3783 3784 3769 3770 3771 3772 3755 3756 3757 3758 3759 3760 3756 3757 3758 3785 3786 3787 3788 3782 3783 3785 3786 3787 3788 3789 3790 3775 3776 3777 3778 3761 3762 3763 3764 3765 3766 3762 3763 3764 3750 3751 3752 3753 3788 3789 3790 3757 3758 3759 3779 3780 3781 3782 3783 3784 3767 3768 3769 3770 3771 3772 3768 3769 3770 3756 3757 3758 3759 3782 3783 3785 3786 3787 3788 3789 3790 3775 3776 3777 3778 3761 3762 3763 3764 3765 3766 3762 3763 3764 3750 3751 3752 3753
3782 3783 3785 3786 3787 3788 3789 3790 3775 3776 3777 3778 3761 3762 3763 3764 3765 3766 3762 3763 3764 3750 3751 3752 3753 3788 3789 3790 3757 3758 3759 3779 3780 3781 3782 3783 3784 3767 3768 3769 3770 3771 3772 3768 3769 3770 3756 3757 3758 3759 3764 3765 3766 3763 3764 3765 3785 3786 3787 3788 3789 3790 3773 3774 3775 3776 3777 3778 3774 3775 3776 3762 3763 3764 3765 3788 3789 3790 3757 3758 3759 3779 3780 3781 3782 3783 3784 3767 3768 3769 3770 3771 3772 3768 3769 3770 3756 3757 3758 3759
3788 3789 3790 3757 3758 3759 3779 3780 3781 3782 3783 3784 3767 3768 3769 3770 3771 3772 3768 3769 3770 3756 3757 3758 3759 3764 3765 3766 3763 3764 3765 3785 3786 3787 3788 3789 3790 3773 3774 3775 3776 3777 3778 3774 3775 3776 3762 3763 3764 3765 3770 3771 3772 3769 3770 3771 3772 3762 3763 3764 3765 3766 3779 3780 3781 3782 3783 3784 3780 3781 3782 3768 3769 3770 3771 3764 3765 3766 3763 3764 3765 3785 3786 3787 3788 3789 3790 3773 3774 3775 3776 3777 3778 3774 3775 3776 3762 3763 3764 3765
3764 3765 3766 3763 3764 3765 3785 3786 3787 3788 3789 3790 3773 3774 3775 3776 3777 3778 3774 3775 3776 3762 3763 3764 3765 3770 3771 3772 3769 3770 3771 3772 3762 3763 3764 3765 3766 3779 3780 3781 3782 3783 3784 3780 3781 3782 3768 3769 3770 3771 3776 3777 3778 3775 3776 3777 3778 3768 3769 3770 3771 3772 3785 3786 3787 3788 3789 3790 3786 3787 3788 3774 3775 3776 3777 3770 3771 3772 3769 3770 3771 3772 3762 3763 3764 3765 3766 3779 3780 3781 3782 3783 3784 3780 3781 3782 3768 3769 3770 3771
3770 3771 3772 3769 3770 3771 3772 3762 3763 3764 3765 3766 3779 3780 3781 3782 3783 3784 3780 3781 3782 3768 3769 3770 3771 3776 3777 3778 3775 3776 3777 3778 3768 3769 3770 3771 3772 3785 3786 3787 3788 3789 3790 3786 3787 3788 3774 3775 3776 3777 3782 3783 3784 3781 3782 3783 3784 3774 3775 3776 3777 3778 3755 3756 3757 3758 3759 3760 3757 3758 3759 3780 3781 3782 3783 3776 3777 3778 3775 3776 3777 3778 3768 3769 3770 3771 3772 3785 3786 3787 3788 3789 3790 3786 3787 3788 3774 3775 3776 3777
3776 3777 3778 3775 3776 3777 3778 3768 3769 3770 3771 3772 3785 3786 3787 3788 3789 3790 3786 3787 3788 3774 3775 3776 3777 3782 3783 3784 3781 3782 3783 3784 3774 3775 3776 3777 3778 3755 3756 3757 3758 3759 3760 3757 3758 3759 3780 3781 3782 3783 3788 3789 3790 3787 3788 3789 3790 3780 3781 3782 3783 3784 3761 3762 3763 3764 3765 3766 3763 3764 3765 3786 3787 3788 3789 3782 3783 3784 3781 3782 3783 3784 3774 3775 3776 3777 3778 3755 3756 3757 3758 3759 3760 3757 3758 3759 3780 3781 3782 3783
3782 3783 3784 3781 3782 3783 3784 3774 3775 3776 3777 3778 3755 3756 3757 3758 3759 3760 3757 3758 3759 3780 3781 3782 3783 3788 3789 3790 3787 3788 3789 3790 3780 3781 3782 3783 3784 3761 3762 3763 3764 3765 3766 3763 3764 3765 3786 3787 3788 3789 3787 3749 3750 3751 3752 3754 3785 3786 3787 3788 3789 3790 3767 3768 3769 3770 3771 3772 3765 3766 3763 3761 3762 3763 3764 3788 3789 3790 3787 3788 3789 3790 3780 3781 3782 3783 3784 3761 3762 3763 3764 3765 3766 3763 3764 3765 3786 3787 3788 3789
3788 3789 3790 3787 3788 3789 3790 3780 3781 3782 3783 3784 3761 3762 3763 3764 3765 3766 3763 3764 3765 3786 3787 3788 3789 3787 3749 3750 3751 3752 3754 3785 3786 3787 3788 3789 3790 3767 3768 3769 3770 3771 3772 3765 3766 3763 3761 3762 3763 3764 3754 3755 3756 3757 3758 3760 3757 3758 3759 3760 3750 3751 3773 3774 3775 3776 3777 3778 3771 3772 3769 3767 3768 3769 3770 3787 3749 3750 3751 3752 3754 3785 3786 3787 3788 3789 3790 3767 3768 3769 3770 3771 3772 3765 3766 3763 3761 3762 3763 3764
3787 3749 3750 3751 3752 3754 3785 3786 3787 3788 3789 3790 3767 3768 3769 3770 3771 3772 3765 3766 3763 3761 3762 3763 3764 3754 3755 3756 3757 3758 3760 3757 3758 3759 3760 3750 3751 3773 3774 3775 3776 3777 3778 3771 3772 3769 3767 3768 3769 3770 3760 3761 3762 3763 3764 3766 3763 3764 3765 3766 3756 3757 3779 3780 3781 3782 3783 3784 3777 3778 3775 3773 3774 3775 3776 3754 3755 3756 3757 3758 3760 3757 3758 3759 3760 3750 3751 3773 3774 3775 3776 3777 3778 3771 3772 3769 3767 3768 3769 3770
3754 3755 3756 3757 3758 3760 3757 3758 3759 3760 3750 3751 3773 3774 3775 3776 3777 3778 3771 3772 3769 3767 3768 3769 3770 3760 3761 3762 3763 3764 3766 3763 3764 3765 3766 3756 3757 3779 3780 3781 3782 3783 3784 3777 3778 3775 3773 3774 3775 3776 3766 3767 3768 3769 3770 3772 3769 3770 3771 3772 3762 3763 3785 3786 3787 3788 3789 3790 3783 3784 3781 3779 3780 3781 3782 3760 3761 3762 3763 3764 3766 3763 3764 3765 3766 3756 3757 3779 3780 3781 3782 3783 3784 3777 3778 3775 3773 3774 3775 3776
3760 3761 3762 3763 3764 3766 3763 3764 3765 3766 3756 3757 3779 3780 3781 3782 3783 3784 3777 3778 3775 3773 3774 3775 3776 3766 3767 3768 3769 3770 3772 3769 3770 3771 3772 3762 3763 3785 3786 3787 3788 3789 3790 3783 3784 3781 3779 3780 3781 3782 3772 3773 3774 3775 3776 3778 3775 3776 3777 3778 3768 3769 3770 3771 3772 3750 3751 3752 3750 3751 3752 3785 3786 3787 3788 3766 3767 3768 3769 3770 3772 3769 3770 3771 3772 3762 3763 3785 3786 3787 3788 3789 3790 3783 3784 3781 3779 3780 3781 3782
3766 3767 3768 3769 3770 3772 3769 3770 3771 3772 3762 3763 3785 3786 3787 3788 3789 3790 3783 3784 3781 3779 3780 3781 3782 3772 3773 3774 3775 3776 3778 3775 3776 3777 3778 3768 3769 3770 3771 3772 3750 3751 3752 3750 3751 3752 3785 3786 3787 3788 3778 3779 3780 3781 3782 3784 3781 3782 3783 3784 3774 3775 3776 3777 3778 3756 3757 3758 3756 3757 3758 3759 3760 3757 3758 3772 3773 3774 3775 3776 3778 3775 3776 3777 3778 3768 3769 3770 3771 3772 3750 3751 3752 3750 3751 3752 3785 3786 3787 3788
3772 3773 3774 3775 3776 3778 3775 3776 3777 3778 3768 3769 3770 3771 3772 3750 3751 3752 3750 3751 3752 3785 3786 3787 3788 3778 3779 3780 3781 3782 3784 3781 3782 3783 3784 3774 3775 3776 3777 3778 3756 3757 3758 3756 3757 3758 3759 3760 3757 3758 3764 3765 3766 3786 3787 3788 3789 3790 3786 3787 3788 3789 3790 3754 3783 3784 3785 3786 3787 3749 3767 3771 3772 3769 3770 3778 3779 3780 3781 3782 3784 3781 3782 3783 3784 3774 3775 3776 3777 3778 3756 3757 3758 3756 3757 3758 3759 3760 3757 3758
3778 3779 3780 3781 3782 3784 3781 3782 3783 3784 3774 3775 3776 3777 3778 3756 3757 3758 3756 3757 3758 3759 3760 3757 3758 3784 3785 3786 3787 3788 3790 3787 3788 3789 3790 3780 3781 3782 3783 3784 3762 3763 3764 3762 3763 3764 3765 3766 3763 3764 3770 3771 3772 3755 3756 3757 3758 3759 3760 3756 3757 3758 3759 3760 3789 3790 3752 3753 3754 3755 3773 3777 3778 3775 3776 3764 3765 3766 3786 3787 3788 3789 3790 3786 3787 3788 3789 3790 3754 3783 3784 3785 3786 3787 3749 3767 3771 3772 3769 3770
3784 3785 3786 3787 3788 3790 3787 3788 3789 3790 3780 3781 3782 3783 3784 3762 3763 3764 3762 3763 3764 3765 3766 3763 3764 3764 3765 3766 3786 3787 3788 3789 3790 3786 3787 3788 3789 3790 3754 3783 3784 3785 3786 3787 3749 3767 3771 3772 3769 3770 3776 3777 3778 3761 3762 3763 3764 3765 3766 3762 3763 3764 3765 3766 3754 3757 3758 3759 3760 3761 3779 3783 3784 3781 3782 3770 3771 3772 3755 3756 3757 3758 3759 3760 3756 3757 3758 3759 3760 3789 3790 3752 3753 3754 3755 3773 3777 3778 3775 3776
3764 3765 3766 3786 3787 3788 3789 3790 3786 3787 3788 3789 3790 3754 3783 3784 3785 3786 3787 3749 3767 3771 3772 3769 3770 3770 3771 3772 3755 3756 3757 3758 3759 3760 3756 3757 3758 3759 3760 3789 3790 3752 3753 3754 3755 3773 3777 3778 3775 3776 3781 3782 3783 3784 3781 3782 3783 3784 3787 3755 3756 3757 3758 3759 3760 3763 3764 3765 3766 3767 3785 3750 3751 3752 3753 3776 3777 3778 3761 3762 3763 3764 3765 3766 3762 3763 3764 3765 3766 3754 3757 3758 3759 3760 3761 3779 3783 3784 3781 3782
3770 3771 3772 3755 3756 3757 3758 3759 3760 3756 3757 3758 3759 3760 3789 3790 3752 3753 3754 3755 3773 3777 3778 3775 3776 3776 3777 3778 3761 3762 3763 3764 3765 3766 3762 3763 3764 3765 3766 3754 3757 3758 3759 3760 3761 3779 3783 3784 3781 3782 3753 3754 3750 3751 3752 3753 3754 3751 3752 3753 3754 3763 3764 3765 3766 3769 3770 3771 3772 3773 3774 3756 3757 3758 3759 3781 3782 3783 3784 3781 3782 3783 3784 3787 3755 3756 3757 3758 3759 3760 3763 3764 3765 3766 3767 3785 3750 3751 3752 3753
3776 3777 3778 3761 3762 3763 3764 3765 3766 3762 3763 3764 3765 3766 3754 3757 3758 3759 3760 3761 3779 3783 3784 3781 3782 3781 3782 3783 3784 3781 3782 3783 3784 3787 3755 3756 3757 3758 3759 3760 3763 3764 3765 3766 3767 3785 3750 3751 3752 3753 3759 3760 3756 3757 3758 3759 3760 3757 3758 3759 3760 3769 3770 3771 3772 3775 3776 3777 3778 3779 3780 3762 3763 3764 3765 3753 3754 3750 3751 3752 3753 3754 3751 3752 3753 3754 3763 3764 3765 3766 3769 3770 3771 3772 3773 3774 3756 3757 3758 3759
3781 3782 3783 3784 3781 3782 3783 3784 3787 3755 3756 3757 3758 3759 3760 3763 3764 3765 3766 3767 3785 3750 3751 3752 3753 3753 3754 3750 3751 3752 3753 3754 3751 3752 3753 3754 3763 3764 3765 3766 3769 3770 3771 3772 3773 3774 3756 3757 3758 3759 3765 3766 3762 3763 3764 3765 3766 3763 3764 3765 3766 3775 3776 3777 3778 3781 3782 3783 3784 3785 3786 3768 3769 3770 3771 3759 3760 3756 3757 3758 3759 3760 3757 3758 3759 3760 3769 3770 3771 3772 3775 3776 3777 3778 3779 3780 3762 3763 3764 3765
3753 3754 3750 3751 3752 3753 3754 3751 3752 3753 3754 3763 3764 3765 3766 3769 3770 3771 3772 3773 3774 3756 3757 3758 3759 3759 3760 3756 3757 3758 3759 3760 3757 3758 3759 3760 3769 3770 3771 3772 3775 3776 3777 3778 3779 3780 3762 3763 3764 3765 3771 3772 3768 3769 3770 3771 3772 3769 3770 3771 3772 3781 3782 3783 3784 3753 3754 3750 3751 3752 3753 3774 3775 3776 3777 3765 3766 3762 3763 3764 3765 3766 3763 3764 3765 3766 3775 3776 3777 3778 3781 3782 3783 3784 3785 3786 3768 3769 3770 3771
3759 3760 3756 3757 3758 3759 3760 3757 3758 3759 3760 3769 3770 3771 3772 3775 3776 3777 3778 3779 3780 3762 3763 3764 3765 3765 3766 3762 3763 3764 3765 3766 3763 3764 3765 3766 3775 3776 3777 3778 3781 3782 3783 3784 3785 3786 3768 3769 3770 3771 3777 3778 3774 3775 3776 3777 3778 3775 3776 3777 3778 3787 3788 3789 3790 3759 3760 3756 3757 3758 3759 3780 3781 3782 3783 3771 3772 3768 3769 3770 3771 3772 3769 3770 3771 3772 3781 3782 3783 3784 3753 3754 3750 3751 3752 3753 3774 3775 3776 3777
3765 3766 3762 3763 3764 3765 3766 3763 3764 3765 3766 3775 3776 3777 3778 3781 3782 3783 3784 3785 3786 3768 3769 3770 3771 3771 3772 3768 3769 3770 3771 3772 3769 3770 3771 3772 3781 3782 3783 3784 3753 3754 3750 3751 3752 3753 3774 3775 3776 3777 3783 3784 3780 3781 3782 3783 3784 3754 3782 3783 3784 3761 3762 3763 3764 3765 3766 3762 3763 3764 3765 3786 3787 3788 3789 3777 3778 3774 3775 3776 3777 3778 3775 3776 3777 3778 3787 3788 3789 3790 3759 3760 3756 3757 3758 3759 3780 3781 3782 3783
3771 3772 3768 3769 3770 3771 3772 3769 3770 3771 3772 3781 3782 3783 3784 3753 3754 3750 3751 3752 3753 3774 3775 3776 3777 3777 3778 3774 3775 3776 3777 3778 3775 3776 3777 3778 3787 3788 3789 3790 3759 3760 3756 3757 3758 3759 3780 3781 3782 3783 3789 3790 3786 3787 3788 3789 3790 3760 3788 3789 3790 3767 3768 3769 3770 3771 3772 3768 3769 3770 3771 3761 3762 3763 3764 3783 3784 3780 3781 3782 3783 3784 3754 3782 3783 3784 3761 3762 3763 3764 3765 3766 3762 3763 3764 3765 3786 3787 3788 3789
3777 3778 3774 3775 3776 3777 3778 3775 3776 3777 3778 3787 3788 3789 3790 3759 3760 3756 3757 3758 3759 3780 3781 3782 3783 3783 3784 3780 3781 3782 3783 3784 3754 3782 3783 3784 3761 3762 3763 3764 3765 3766 3762 3763 3764 3765 3786 3787 3788 3789 3758 3759 3761 3762 3763 3764 3765 3766 3751 3752 3753 3754 3774 3775 3776 3777 3778 3774 3775 3776 3777 3767 3768 3769 3770 3789 3790 3786 3787 3788 3789 3790 3760 3788 3789 3790 3767 3768 3769 3770 3771 3772 3768 3769 3770 3771 3761 3762 3763 3764
3783 3784 3780 3781 3782 3783 3784 3754 3782 3783 3784 3761 3762 3763 3764 3765 3766 3762 3763 3764 3765 3786 3787 3788 3789 3789 3790 3786 3787 3788 3789 3790 3760 3788 3789 3790 3767 3768 3769 3770 3771 3772 3768 3769 3770 3771 3761 3762 3763 3764 3764 3765 3767 3768 3769 3770 3771 3772 3757 3758 3759 3760 3780 3781 3782 3783 3784 3780 3781 3782 3783 3773 3774 3775 3776 3758 3759 3761 3762 3763 3764 3765 3766 3751 3752 3753 3754 3774 3775 3776 3777 3778 3774 3775 3776 3777 3767 3768 3769 3770
3789 3790 3786 3787 3788 3789 3790 3760 3788 3789 3790 3767 3768 3769 3770 3771 3772 3768 3769 3770 3771 3761 3762 3763 3764 3758 3759 3761 3762 3763 3764 3765 3766 3751 3752 3753 3754 3774 3775 3776 3777 3778 3774 3775 3776 3777 3767 3768 3769 3770 3770 3771 3773 3774 3775 3776 3777 3778 3763 3764 3765 3766 3786 3787 3788 3789 3790 3786 3787 3788 3789 3779 3780 3781 3782 3764 3765 3767 3768 3769 3770 3771 3772 3757 3758 3759 3760 3780 3781 3782 3783 3784 3780 3781 3782 3783 3773 3774 3775 3776
3758 3759 3761 3762 3763 3764 3765 3766 3751 3752 3753 3754 3774 3775 3776 3777 3778 3774 3775 3776 3777 3767 3768 3769 3770 3764 3765 3767 3768 3769 3770 3771 3772 3757 3758 3759 3760 3780 3781 3782 3783 3784 3780 3781 3782 3783 3773 3774 3775 3776 3776 3777 3779 3780 3781 3782 3783 3784 3769 3770 3771 3772 3755 3756 3757 3758 3759 3760 3756 3757 3758 3785 3786 3787 3788 3770 3771 3773 3774 3775 3776 3777 3778 3763 3764 3765 3766 3786 3787 3788 3789 3790 3786 3787 3788 3789 3779 3780 3781 3782
3764 3765 3767 3768 3769 3770 3771 3772 3757 3758 3759 3760 3780 3781 3782 3783 3784 3780 3781 3782 3783 3773 3774 3775 3776 3770 3771 3773 3774 3775 3776 3777 3778 3763 3764 3765 3766 3786 3787 3788 3789 3790 3786 3787 3788 3789 3779 3780 3781 3782 3782 3783 3785 3786 3787 3788 3789 3790 3775 3776 3777 3778 3761 3762 3763 3764 3765 3766 3762 3763 3764 3750 3751 3752 3753 3776 3777 3779 3780 3781 3782 3783 3784 3769 3770 3771 3772 3755 3756 3757 3758 3759 3760 3756 3757 3758 3785 3786 3787 3788
3770 3771 3773 3774 3775 3776 3777 3778 3763 3764 3765 3766 3786 3787 3788 3789 3790 3786 3787 3788 3789 3779 3780 3781 3782 3776 3777 3779 3780 3781 3782 3783 3784 3769 3770 3771 3772 3755 3756 3757 3758 3759 3760 3756 3757 3758 3785 3786 3787 3788 3788 3789 3790 3757 3758 3759 3779 3780 3781 3782 3783 3784 3767 3768 3769 3770 3771 3772 3768 3769 3770 3756 3757 3758 3759 3782 3783 3785 3786 3787 3788 3789 3790 3775 3776 3777 3778 3761 3762 3763 3764 3765 3766 3762 3763 3764 3750 3751 3752 3753
3776 3777 3779 3780 3781 3782 3783 3784 3769 3770 3771 3772 3755 3756 3757 3758 3759 3760 3756 3757 3758 3785 3786 3787 3788 3782 3783 3785 3786 3787 3788 3789 3790 3775 3776 3777 3778 3761 3762 3763 3764 3765 3766 3762 3763 3764 3750 3751 3752 3753 3764 3765 3766 3763 3764 3765 3785 3786 3787 3788 3789 3790 3773 3774 3775 3776 3777 3778 3774 3775 3776 3762 3763 3764 3765 3788 3789 3790 3757 3758 3759 3779 3780 3781 3782 3783 3784 3767 3768 3769 3770 3771 3772 3768 3769 3770 3756 3757 3758 3759
3782 3783 3785 3786 3787 3788 3789 3790 3775 3776 3777 3778 3761 3762 3763 3764 3765 3766 3762 3763 3764 3750 3751 3752 3753 3788 3789 3790 3757 3758 3759 3779 3780 3781 3782 3783 3784 3767 3768 3769 3770 3771 3772 3768 3769 3770 3756 3757 3758 3759 3770 3771 3772 3769 3770 3771 3772 3762 3763 3764 3765 3766 3779 3780 3781 3782 3783 3784 3780 3781 3782 3768 3769 3770 3771 3764 3765 3766 3763 3764 3765 3785 3786 3787 3788 3789 3790 3773 3774 3775 3776 3777 3778 3774 3775 3776 3762 3763 3764 3765
3788 3789 3790 3757 3758 3759 3779 3780 3781 3782 3783 3784 3767 3768 3769 3770 3771 3772 3768 3769 3770 3756 3757 3758 3759 3764 3765 3766 3763 3764 3765 3785 3786 3787 3788 3789 3790 3773 3774 3775 3776 3777 3778 3774 3775 3776 3762 3763 3764 3765 3776 3777 3778 3775 3776 3777 3778 3768 3769 3770 3771 3772 3785 3786 3787 3788 3789 3790 3786 3787 3788 3774 3775 3776 3777 3770 3771 3772 3769 3770 3771 3772 3762 3763 3764 3765 3766 3779 3780 3781 3782 3783 3784 3780 3781 3782 3768 3769 3770 3771
3764 3765 3766 3763 3764 3765 3785 3786 3787 3788 3789 3790 3773 3774 3775 3776 3777 3778 3774 3775 3776 3762 3763 3764 3765 3770 3771 3772 3769 3770 3771 3772 3762 3763 3764 3765 3766 3779 3780 3781 3782 3783 3784 3780 3781 3782 3768 3769 3770 3771 3782 3783 3784 3781 3782 3783 3784 3774 3775 3776 3777 3778 3755 3756 3757 3758 3759 3760 3757 3758 3759 3780 3781 3782 3783 3776 3777 3778 3775 3776 3777 3778 3768 3769 3770 3771 3772 3785 3786 3787 3788 3789 3790 3786 3787 3788 3774 3775 3776 3777
3770 3771 3772 3769 3770 3771 3772 3762 3763 3764 3765 3766 3779 3780 3781 3782 3783 3784 3780 3781 3782 3768 3769 3770 3771 3776 3777 3778 3775 3776 3777 3778 3768 3769 3770 3771 3772 3785 3786 3787 3788 3789 3790 3786 3787 3788 3774 3775 3776 3777 3788 3789 3790 3787 3788 3789 3790 3780 3781 3782 3783 3784 3761 3762 3763 3764 3765 3766 3763 3764 3765 3786 3787 3788 3789 3782 3783 3784 3781 3782 3783 3784 3774 3775 3776 3777 3778 3755 3756 3757 3758 3759 3760 3757 3758 3759 3780 3781 3782 3783
3776 3777 3778 3775 3776 3777 3778 3768 3769 3770 3771 3772 3785 3786 3787 3788 3789 3790 3786 3787 3788 3774 3775 3776 3777 3782 3783 3784 3781 3782 3783 3784 3774 3775 3776 3777 3778 3755 3756 3757 3758 3759 3760 3757 3758 3759 3780 3781 3782 3783 3787 3749 3750 3751 3752 3754 3785 3786 3787 3788 3789 3790 3767 3768 3769 3770 3771 3772 3765 3766 3763 3761 3762 3763 3764 3788 3789 3790 3787 3788 3789 3790 3780 3781 3782 3783 3784 3761 3762 3763 3764 3765 3766 3763 3764 3765 3786 3787 3788 3789
3782 3783 3784 3781 3782 3783 3784 3774 3775 3776 3777 3778 3755 3756 3757 3758 3759 3760 3757 3758 3759 3780 3781 3782 3783 3788 3789 3790 3787 3788 3789 3790 3780 3781 3782 3783 3784 3761 3762 3763 3764 3765 3766 3763 3764 3765 3786 3787 3788 3789 3754 3755 3756 3757 3758 3760 3757 3758 3759 3760 3750 3751 3773 3774 3775 3776 3777 3778 3771 3772 3769 3767 3768 3769 3770 3787 3749 3750 3751 3752 3754 3785 3786 3787 3788 3789 3790 3767 3768 3769 3770 3771 3772 3765 3766 3763 3761 3762 3763 3764
3788 3789 3790 3787 3788 3789 3790 3780 3781 3782 3783 3784 3761 3762 3763 3764 3765 3766 3763 3764 3765 3786 3787 3788 3789 3787 3749 3750 3751 3752 3754 3785 3786 3787 3788 3789 3790 3767 3768 3769 3770 3771 3772 3765 3766 3763 3761 3762 3763 3764 3760 3761 3762 3763 3764 3766 3763 3764 3765 3766 3756 3757 3779 3780 3781 3782 3783 3784 3777 3778 3775 3773 3774 3775 3776 3754 3755 3756 3757 3758 3760 3757 3758 3759 3760 3750 3751 3773 3774 3775 3776 3777 3778 3771 3772 3769 3767 3768 3769 3770
3787 3749 3750 3751 3752 3754 3785 3786 3787 3788 3789 3790 3767 3768 3769 3770 3771 3772 3765 3766 3763 3761 3762 3763 3764 3754 3755 3756 3757 3758 3760 3757 3758 3759 3760 3750 3751 3773 3774 3775 3776 3777 3778 3771 3772 3769 3767 3768 3769 3770 3766 3767 3768 3769 3770 3772 3769 3770 3771 3772 3762 3763 3785 3786 3787 3788 3789 3790 3783 3784 3781 3779 3780 3781 3782 3760 3761 3762 3763 3764 3766 3763 3764 3765 3766 3756 3757 3779 3780 3781 3782 3783 3784 3777 3778 3775 3773 3774 3775 3776
3754 3755 3756 3757 3758 3760 3757 3758 3759 3760 3750 3751 3773 3774 3775 3776 3777 3778 3771 3772 3769 3767 3768 3769 3770 3760 3761 3762 3763 3764 3766 3763 3764 3765 3766 3756 3757 3779 3780 3781 3782 3783 3784 3777 3778 3775 3773 3774 3775 3776 3772 3773 3774 3775 3776 3778 3775 3776 3777 3778 3768 3769 3770 3771 3772 3750 3751 3752 3750 3751 3752 3785 3786 3787 3788 3766 3767 3768 3769 3770 3772 3769 3770 3771 3772 3762 3763 3785 3786 3787 3788 3789 3790 3783 3784 3781 3779 3780 3781 3782
3760 3761 3762 3763 3764 3766 3763 3764 3765 3766 3756 3757 3779 3780 3781 3782 3783 3784 3777 3778 3775 3773 3774 3775 3776 3766 3767 3768 3769 3770 3772 3769 3770 3771 3772 3762 3763 3785 3786 3787 3788 3789 3790 3783 3784 3781 3779 3780 3781 3782 3778 3779 3780 3781 3782 3784 3781 3782 3783 3784 3774 3775 3776 3777 3778 3756 3757 3758 3756 3757 3758 3759 3760 3757 3758 3772 3773 3774 3775 3776 3778 3775 3776 3777 3778 3768 3769 3770 3771 3772 3750 3751 3752 3750 3751 3752 3785 3786 3787 3788
3766 3767 3768 3769 3770 3772 3769 3770 3771 3772 3762 3763 3785 3786 3787 3788 3789 3790 3783 3784 3781 3779 3780 3781 3782 3772 3773 3774 3775 3776 3778 3775 3776 3777 3778 3768 3769 3770 3771 3772 3750 3751 3752 3750 3751 3752 3785 3786 3787 3788 3764 3765 3766 3786 3787 3788 3789 3790 3786 3787 3788 3789 3790 3754 3783 3784 3785 3786 3787 3749 3767 3771 3772 3769 3770 3778 3779 3780 3781 3782 3784 3781 3782 3783 3784 3774 3775 3776 3777 3778 3756 3757 3758 3756 3757 3758 3759 3760 3757 3758
3772 3773 3774 3775 3776 3778 3775 3776 3777 3778 3768 3769 3770 3771 3772 3750 3751 3752 3750 3751 3752 3785 3786 3787 3788 3778 3779 3780 3781 3782 3784 3781 3782 3783 3784 3774 3775 3776 3777 3778 3756 3757 3758 3756 3757 3758 3759 3760 3757 3758 3764 3765 3766 3786 3787 3788 3789 3790 3786 3787 3788 3789 3790 3754 3783 3784 3785 3786 3787 3749 3767 3771 3772 3769 3770 3784 3785 3786 3787 3788 3790 3787 3788 3789 3790 3780 3781 3782 3783 3784 3762 3763 3764 3762 3763 3764 3765 3766 3763 3764
3778 3779 3780 3781 3782 3784 3781 3782 3783 3784 3774 3775 3776 3777 3778 3756 3757 3758 3756 3757 3758 3759 3760 3757 3758 3784 3785 3786 3787 3788 3790 3787 3788 3789 3790 3780 3781 3782 3783 3784 3762 3763 3764 3762 3763 3764 3765 3766 3763 3764 3770 3771 3772 3755 3756 3757 3758 3759 3760 3756 3757 3758 3759 3760 3789 3790 3752 3753 3754 3755 3773 3777 3778 3775 3776 3764 3765 3766 3786 3787 3788 3789 3790 3786 3787 3788 3789 3790 3754 3783 3784 3785 3786 3787 3749 3767 3771 3772 3769 3770
3784 3785 3786 3787 3788 3790 3787 3788 3789 3790 3780 3781 3782 3783 3784 3762 3763 3764 3762 3763 3764 3765 3766 3763 3764 3764 3765 3766 3786 3787 3788 3789 3790 3786 3787 3788 3789 3790 3754 3783 3784 3785 3786 3787 3749 3767 3771 3772 3769 3770 3776 3777 3778 3761 3762 3763 3764 3765 3766 3762 3763 3764 3765 3766 3754 3757 3758 3759 3760 3761 3779 3783 3784 3781 3782 3770 3771 3772 3755 3756 3757 3758 3759 3760 3756 3757 3758 3759 3760 3789 3790 3752 3753 3754 3755 3773 3777 3778 3775 3776
3764 3765 3766 3786 3787 3788 3789 3790 3786 3787 3788 3789 3790 3754 3783 3784 3785 3786 3787 3749 3767 3771 3772 3769 3770 3770 3771 3772 3755 3756 3757 3758 3759 3760 3756 3757 3758 3759 3760 3789 3790 3752 3753 3754 3755 3773 3777 3778 3775 3776 3781 3782 3783 3784 3781 3782 3783 3784 3787 3755 3756 3757 3758 3759 3760 3763 3764 3765 3766 3767 3785 3750 3751 3752 3753 3776 3777 3778 3761 3762 3763 3764 3765 3766 3762 3763 3764 3765 3766 3754 3757 3758 3759 3760 3761 3779 3783 3784 3781 3782
3770 3771 3772 3755 3756 3757 3758 3759 3760 3756 3757 3758 3759 3760 3789 3790 3752 3753 3754 3755 3773 3777 3778 3775 3776 3776 3777 3778 3761 3762 3763 3764 3765 3766 3762 3763 3764 3765 3766 3754 3757 3758 3759 3760 3761 3779 3783 3784 3781 3782 3753 3754 3750 3751 3752 3753 3754 3751 3752 3753 3754 3763 3764 3765 3766 3769 3770 3771 3772 3773 3774 3756 3757 3758 3759 3781 3782 3783 3784 3781 3782 3783 3784 3787 3755 3756 3757 3758 3759 3760 3763 3764 3765 3766 3767 3785 3750 3751 3752 3753
3776 3777 3778 3761 3762 3763 3764 3765 3766 3762 3763 3764 3765 3766 3754 3757 3758 3759 3760 3761 3779 3783 3784 3781 3782 3781 3782 3783 3784 3781 3782 3783 3784 3787 3755 3756 3757 3758 3759 3760 3763 3764 3765 3766 3767 3785 3750 3751 3752 3753 3759 3760 3756 3757 3758 3759 3760 3757 3758 3759 3760 3769 3770 3771 3772 3775 3776 3777 3778 3779 3780 3762 3763 3764 3765 3753 3754 3750 3751 3752 3753 3754 3751 3752 3753 3754 3763 3764 3765 3766 3769 3770 3771 3772 3773 3774 3756 3757 3758 3759
3781 3782 3783 3784 3781 3782 3783 3784 3787 3755 3756 3757 3758 3759 3760 3763 3764 3765 3766 3767 3785 3750 3751 3752 3753 3753 3754 3750 3751 3752 3753 3754 3751 3752 3753 3754 3763 3764 3765 3766 3769 3770 3771 3772 3773 3774 3756 3757 3758 3759 3765 3766 3762 3763 3764 3765 3766 3763 3764 3765 3766 3775 3776 3777 3778 3781 3782 3783 3784 3785 3786 3768 3769 3770 3771 3759 3760 3756 3757 3758 3759 3760 3757 3758 3759 3760 3769 3770 3771 3772 3775 3776 3777 3778 3779 3780 3762 3763 3764 3765
3753 3754 3750 3751 3752 3753 3754 3751 3752 3753 3754 3763 3764 3765 3766 3769 3770 3771 3772 3773 3774 3756 3757 3758 3759 3759 3760 3756 3757 3758 3759 3760 3757 3758 3759 3760 3769 3770 3771 3772 3775 3776 3777 3778 3779 3780 3762 3763 3764 3765 3771 3772 3768 3769 3770 3771 3772 3769 3770 3771 3772 3781 3782 3783 3784 3753 3754 3750 3751 3752 3753 3774 3775 3776 3777 3765 3766 3762 3763 3764 3765 3766 3763 3764 3765 3766 3775 3776 3777 3778 3781 3782 3783 3784 3785 3786 3768 3769 3770 3771
3759 3760 3756 3757 3758 3759 3760 3757 3758 3759 3760 3769 3770 3771 3772 3775 3776 3777 3778 3779 3780 3762 3763 3764 3765 3765 3766 3762 3763 3764 3765 3766 3763 3764 3765 3766 3775 3776 3777 3778 3781 3782 3783 3784 3785 3786 3768 3769 3770 3771 3777 3778 3774 3775 3776 3777 3778 3775 3776 3777 3778 3787 3788 3789 3790 3759 3760 3756 3757 3758 3759 3780 3781 3782 3783 3771 3772 3768 3769 3770 3771 3772 3769 3770 3771 3772 3781 3782 3783 3784 3753 3754 3750 3751 3752 3753 3774 3775 3776 3777
3765 3766 3762 3763 3764 3765 3766 3763 3764 3765 3766 3775 3776 3777 3778 3781 3782 3783 3784 3785 3786 3768 3769 3770 3771 3771 3772 3768 3769 3770 3771 3772 3769 3770 3771 3772 3781 3782 3783 3784 3753 3754 3750 3751 3752 3753 3774 3775 3776 3777 3783 3784 3780 3781 3782 3783 3784 3754 3782 3783 3784 3761 3762 3763 3764 3765 3766 3762 3763 3764 3765 3786 3787 3788 3789 3777 3778 3774 3775 3776 3777 3778 3775 3776 3777 3778 3787 3788 3789 3790 3759 3760 3756 3757 3758 3759 3780 3781 3782 3783
3771 3772 3768 3769 3770 3771 3772 3769 3770 3771 3772 3781 3782 3783 3784 3753 3754 3750 3751 3752 3753 3774 3775 3776 3777 3777 3778 3774 3775 3776 3777 3778 3775 3776 3777 3778 3787 3788 3789 3790 3759 3760 3756 3757 3758 3759 3780 3781 3782 3783 3789 3790 3786 3787 3788 3789 3790 3760 3788 3789 3790 3767 3768 3769 3770 3771 3772 3768 3769 3770 3771 3761 3762 3763 3764 3783 3784 3780 3781 3782 3783 3784 3754 3782 3783 3784 3761 3762 3763 3764 3765 3766 3762 3763 3764 3765 3786 3787 3788 3789
3777 3778 3774 3775 3776 3777 3778 3775 3776 3777 3778 3787 3788 3789 3790 3759 3760 3756 3757 3758 3759 3780 3781 3782 3783 3783 3784 3780 3781 3782 3783 3784 3754 3782 3783 3784 3761 3762 3763 3764 3765 3766 3762 3763 3764 3765 3786 3787 3788 3789 3758 3759 3761 3762 3763 3764 3765 3766 3751 3752 3753 3754 3774 3775 3776 3777 3778 3774 3775 3776 3777 3767 3768 3769 3770 3789 3790 3786 3787 3788 3789 3790 3760 3788 3789 3790 3767 3768 3769 3770 3771 3772 3768 3769 3770 3771 3761 3762 3763 3764
3783 3784 3780 3781 3782 3783 3784 3754 3782 3783 3784 3761 3762 3763 3764 3765 3766 3762 3763 3764 3765 3786 3787 3788 3789 3789 3790 3786 3787 3788 3789 3790 3760 3788 3789 3790 3767 3768 3769 3770 3771 3772 3768 3769 3770 3771 3761 3762 3763 3764 3764 3765 3767 3768 3769 3770 3771 3772 3757 3758 3759 3760 3780 3781 3782 3783 3784 3780 3781 3782 3783 3773 3774 3775 3776 3758 3759 3761 3762 3763 3764 3765 3766 3751 3752 3753 3754 3774 3775 3776 3777 3778 3774 3775 3776 3777 3767 3768 3769 3770
3789 3790 3786 3787 3788 3789 3790 3760 3788 3789 3790 3767 3768 3769 3770 3771 3772 3768 3769 3770 3771 3761 3762 3763 3764 3758 3759 3761 3762 3763 3764 3765 3766 3751 3752 3753 3754 3774 3775 3776 3777 3778 3774 3775 3776 3777 3767 3768 3769 3770 3770 3771 3773 3774 3775 3776 3777 3778 3763 3764 3765 3766 3786 3787 3788 3789 3790 3786 3787 3788 3789 3779 3780 3781 3782 3764 3765 3767 3768 3769 3770 3771 3772 3757 3758 3759 3760 3780 3781 3782 3783 3784 3780 3781 3782 3783 3773 3774 3775 3776
3758 3759 3761 3762 3763 3764 3765 3766 3751 3752 3753 3754 3774 3775 3776 3777 3778 3774 3775 3776 3777 3767 3768 3769 3770 3764 3765 3767 3768 3769 3770 3771 3772 3757 3758 3759 3760 3780 3781 3782 3783 3784 3780 3781 3782 3783 3773 3774 3775 3776 3776 3777 3779 3780 3781 3782 3783 3784 3769 3770 3771 3772 3755 3756 3757 3758 3759 3760 3756 3757 3758 3785 3786 3787 3788 3770 3771 3773 3774 3775 3776 3777 3778 3763 3764 3765 3766 3786 3787 3788 3789 3790 3786 3787 3788 3789 3779 3780 3781 3782
3764 3765 3767 3768 3769 3770 3771 3772 3757 3758 3759 3760 3780 3781 3782 3783 3784 3780 3781 3782 3783 3773 3774 3775 3776 3770 3771 3773 3774 3775 3776 3777 3778 3763 3764 3765 3766 3786 3787 3788 3789 3790 3786 3787 3788 3789 3779 3780 3781 3782 3782 3783 3785 3786 3787 3788 3789 3790 3775 3776 3777 3778 3761 3762 3763 3764 3765 3766 3762 3763 3764 3750 3751 3752 3753 3776 3777 3779 3780 3781 3782 3783 3784 3769 3770 3771 3772 3755 3756 3757 3758 3759 3760 3756 3757 3758 3785 3786 3787 3788
3770 3771 3773 3774 3775 3776 3777 3778 3763 3764 3765 3766 3786 3787 3788 3789 3790 3786 3787 3788 3789 3779 3780 3781 3782 3776 3777 3779 3780 3781 3782 3783 3784 3769 3770 3771 3772 3755 3756 3757 3758 3759 3760 3756 3757 3758 3785 3786 3787 3788 3788 3789 3790 3757 3758 3759 3779 3780 3781 3782 3783 3784 3767 3768 3769 3770 3771 3772 3768 3769 3770 3756 3757 3758 3759 3782 3783 3785 3786 3787 3788 3789 3790 3775 3776 3777 3778 3761 3762 3763 3764 3765 3766 3762 3763 3764 3750 3751 3752 3753
3776 3777 3779 3780 3781 3782 3783 3784 3769 3770 3771 3772 3755 3756 3757 3758 3759 3760 3756 3757 3758 3785 3786 3787 3788 3782 3783 3785 3786 3787 3788 3789 3790 3775 3776 3777 3778 3761 3762 3763 3764 3765 3766 3762 3763 3764 3750 3751 3752 3753 3764 3765 3766 3763 3764 3765 3785 3786 3787 3788 3789 3790 3773 3774 3775 3776 3777 3778 3774 3775 3776 3762 3763 3764 3765 3788 3789 3790 3757 3758 3759 3779 3780 3781 3782 3783 3784 3767 3768 3769 3770 3771 3772 3768 3769 3770 3756 3757 3758 3759
3782 3783 3785 3786 3787 3788 3789 3790 3775 3776 3777 3778 3761 3762 3763 3764 3765 3766 3762 3763 3764 3750 3751 3752 3753 3788 3789 3790 3757 3758 3759 3779 3780 3781 3782 3783 3784 3767 3768 3769 3770 3771 3772 3768 3769 3770 3756 3757 3758 3759 3770 3771 3772 3769 3770 3771 3772 3762 3763 3764 3765 3766 3779 3780 3781 3782 3783 3784 3780 3781 3782 3768 3769 3770 3771 3764 3765 3766 3763 3764 3765 3785 3786 3787 3788 3789 3790 3773 3774 3775 3776 3777 3778 3774 3775 3776 3762 3763 3764 3765
3788 3789 3790 3757 3758 3759 3779 3780 3781 3782 3783 3784 3767 3768 3769 3770 3771 3772 3768 3769 3770 3756 3757 3758 3759 3764 3765 3766 3763 3764 3765 3785 3786 3787 3788 3789 3790 3773 3774 3775 3776 3777 3778 3774 3775 3776 3762 3763 3764 3765 3776 3777 3778 3775 3776 3777 3778 3768 3769 3770 3771 3772 3785 3786 3787 3788 3789 3790 3786 3787 3788 3774 3775 3776 3777 3770 3771 3772 3769 3770 3771 3772 3762 3763 3764 3765 3766 3779 3780 3781 3782 3783 3784 3780 3781 3782 3768 3769 3770 3771
3764 3765 3766 3763 3764 3765 3785 3786 3787 3788 3789 3790 3773 3774 3775 3776 3777 3778 3774 3775 3776 3762 3763 3764 3765 3770 3771 3772 3769 3770 3771 3772 3762 3763 3764 3765 3766 3779 3780 3781 3782 3783 3784 3780 3781 3782 3768 3769 3770 3771 3782 3783 3784 3781 3782 3783 3784 3774 3775 3776 3777 3778 3755 3756 3757 3758 3759 3760 3757 3758 3759 3780 3781 3782 3783 3776 3777 3778 3775 3776 3777 3778 3768 3769 3770 3771 3772 3785 3786 3787 3788 3789 3790 3786 3787 3788 3774 3775 3776 3777
3770 3771 3772 3769 3770 3771 3772 3762 3763 3764 3765 3766 3779 3780 3781 3782 3783 3784 3780 3781 3782 3768 3769 3770 3771 3776 3777 3778 3775 3776 3777 3778 3768 3769 3770 3771 3772 3785 3786 3787 3788 3789 3790 3786 3787 3788 3774 3775 3776 3777 3788 3789 3790 3787 3788 3789 3790 3780 3781 3782 3783 3784 3761 3762 3763 3764 3765 3766 3763 3764 3765 3786 3787 3788 3789 3782 3783 3784 3781 3782 3783 3784 3774 3775 3776 3777 3778 3755 3756 3757 3758 3759 3760 3757 3758 3759 3780 3781 3782 3783
3776 3777 3778 3775 3776 3777 3778 3768 3769 3770 3771 3772 3785 3786 3787 3788 3789 3790 3786 3787 3788 3774 3775 3776 3777 3782 3783 3784 3781 3782 3783 3784 3774 3775 3776 3777 3778 3755 3756 3757 3758 3759 3760 3757 3758 3759 3780 3781 3782 3783 3787 3749 3750 3751 3752 3754 3785 3786 3787 3788 3789 3790 3767 3768 3769 3770 3771 3772 3765 3766 3763 3761 3762 3763 3764 3788 3789 3790 3787 3788 3789 3790 3780 3781 3782 3783 3784 3761 3762 3763 3764 3765 3766 3763 3764 3765 3786 3787 3788 3789
3782 3783 3784 3781 3782 3783 3784 3774 3775 3776 3777 3778 3755 3756 3757 3758 3759 3760 3757 3758 3759 3780 3781 3782 3783 3788 3789 3790 3787 3788 3789 3790 3780 3781 3782 3783 3784 3761 3762 3763 3764 3765 3766 3763 3764 3765 3786 3787 3788 3789 3754 3755 3756 3757 3758 3760 3757 3758 3759 3760 3750 3751 3773 3774 3775 3776 3777 3778 3771 3772 3769 3767 3768 3769 3770 3787 3749 3750 3751 3752 3754 3785 3786 3787 3788 3789 3790 3767 3768 3769 3770 3771 3772 3765 3766 3763 3761 3762 3763 3764
3788 3789 3790 3787 3788 3789 3790 3780 3781 3782 3783 3784 3761 3762 3763 3764 3765 3766 3763 3764 3765 3786 3787 3788 3789 3787 3749 3750 3751 3752 3754 3785 3786 3787 3788 3789 3790 3767 3768 3769 3770 3771 3772 3765 3766 3763 3761 3762 3763 3764 3760 3761 3762 3763 3764 3766 3763 3764 3765 3766 3756 3757 3779 3780 3781 3782 3783 3784 3777 3778 3775 3773 3774 3775 3776 3754 3755 3756 3757 3758 3760 3757 3758 3759 3760 3750 3751 3773 3764 3765 3766 3786 3787 3788 3789 3790 3786 3787 3788 3789
3787 3749 3750 3751 3752 3754 3785 3786 3787 3788 3789 3790 3767 3768 3769 3770 3771 3772 3765 3766 3763 3761 3762 3763 3764 3754 3755 3756 3757 3758 3760 3757 3758 3759 3760 3750 3751 3773 3774 3775 3776 3777 3778 3771 3772 3769 3767 3768 3769 3770 3766 3767 3768 3769 3770 3772 3769 3770 3771 3772 3762 3763 3785 3786 3787 3788 3789 3790 3783 3784 3781 3779 3780 3781 3782 3760 3761 3762 3763 3764 3766 3763 3764 3765 3766 3756 3757 3779 3770 3771 3772 3755 3756 3757 3758 3759 3760 3756 3757 3758
3754 3755 3756 3757 3758 3760 3757 3758 3759 3760 3750 3751 3773 3774 3775 3776 3777 3778 3771 3772 3769 3767 3768 3769 3770 3760 3761 3762 3763 3764 3766 3763 3764 3765 3766 3756 3757 3779 3780 3781 3782 3783 3784 3777 3778 3775 3773 3774 3775 3776 3772 3773 3774 3775 3776 3778 3775 3776 3777 3778 3768 3769 3770 3771 3772 3750 3751 3752 3750 3751 3752 3785 3764 3765 3766 3786 3787 3788 3789 3790 3786 3787 3788 3789 3790 3754 3783 3784 3776 3777 3778 3761 3762 3763 3764 3765 3766 3762 3763 3764
3760 3761 3762 3763 3764 3766 3763 3764 3765 3766 3756 3757 3779 3780 3781 3782 3783 3784 3777 3778 3775 3773 3774 3775 3776 3766 3767 3768 3769 3770 3772 3769 3770 3771 3772 3762 3763 3785 3786 3787 3788 3789 3790 3783 3784 3781 3779 3780 3781 3782 3778 3779 3780 3781 3782 3784 3781 3782 3783 3784 3774 3775 3776 3777 3778 3756 3757 3758 3756 3757 3758 3759 3770 3771 3772 3755 3756 3757 3758 3759 3760 3756 3757 3758 3759 3760 3789 3790 3781 3782 3783 3784 3781 3782 3783 3784 3787 3755 3756 3757
3766 3767 3768 3769 3770 3772 3769 3770 3771 3772 3762 3763 3785 3786 3787 3788 3789 3790 3783 3784 3781 3779 3780 3781 3782 3772 3773 3774 3775 3776 3778 3775 3776 3777 3778 3768 3769 3770 3771 3772 3750 3751 3752 3750 3751 3752 3785 3786 3787 3788 3784 3785 3786 3787 3788 3790 3787 3788 3789 3790 3780 3781 3782 3783 3784 3762 3763 3764 3762 3763 3764 3765 3776 3777 3778 3761 3762 3763 3764 3765 3766 3762 3763 3764 3765 3766 3754 3757 3753 3754 3750 3751 3752 3753 3754 3751 3752 3753 3754 3763
3766 3786 3787 3788 3789 3790 3786 3787 3788 3789 3790 3754 3783 3784 3785 3786 3787 3749 3767 3771 3772 3769 3770 3764 3765 3766 3786 3787 3788 3789 3790 3786 3787 3788 3789 3790 3754 3783 3784 3785 3786 3787 3749 3767 3771 3772 3769 3764 3765 3766 3786 3787 3788 3789 3790 3786 3787 3788 3789 3790 3754 3783 3784 3785 3786 3787 3749 3767 3771 3772 3769 3770 3781 3782 3783 3784 3781 3782 3783 3784 3787 3755 3756 3757 3758 3759 3760 3763 3759 3760 3756 3757 3758 3759 3760 3757 3758 3759 3760 3769
3772 3755 3756 3757 3758 3759 3760 3756 3757 3758 3759 3760 3789 3790 3752 3753 3754 3755 3773 3777 3778 3775 3776 3770 3771 3772 3755 3756 3757 3758 3759 3760 3756 3757 3758 3759 3760 3789 3790 3752 3753 3754 3755 3773 3777 3778 3775 3770 3771 3772 3755 3756 3757 3758 3759 3760 3756 3757 3758 3759 3760 3789 3790 3752 3753 3754 3755 3773 3777 3778 3775 3776 3753 3754 3750 3751 3752 3753 3754 3751 3752 3753 3754 3763 3764 3765 3766 3769 3765 3766 3762 3763 3764 3765 3766 3763 3764 3765 3766 3775
3778 3761 3762 3763 3764 3765 3766 3762 3763 3764 3765 3766 3754 3757 3758 3759 3760 3761 3779 3783 3784 3781 3782 3776 3777 3778 3761 3762 3763 3764 3765 3766 3762 3763 3764 3765 3766 3754 3757 3758 3759 3760 3761 3779 3783 3784 3781 3776 3777 3778 3761 3762 3763 3764 3765 3766 3762 3763 3764 3765 3766 3754 3757 3758 3759 3760 3761 3779 3783 3784 3781 3782 3759 3760 3756 3757 3758 3759 3760 3757 3758 3759 3760 3769 3770 3771 3772 3775 3771 3772 3768 3769 3770 3771 3772 3769 3770 3771 3772 3781
3783 3784 3781 3782 3783 3784 3787 3755 3756 3757 3758 3759 3760 3763 3764 3765 3766 3767 3785 3750 3751 3752 3753 3781 3782 3783 3784 3781 3782 3783 3784 3787 3755 3756 3757 3758 3759 3760 3763 3764 3765 3766 3767 3785 3750 3751 3752 3781 3782 3783 3784 3781 3782 3783 3784 3787 3755 3756 3757 3758 3759 3760 3763 3764 3765 3766 3767 3785 3750 3751 3752 3753 3765 3766 3762 3763 3764 3765 3766 3763 3764 3765 3766 3775 3776 3777 3778 3781 3777 3778 3774 3775 3776 3777 3778 3775 3776 3777 3778 3787
3750 3751 3752 3753 3754 3751 3752 3753 3754 3763 3764 3765 3766 3769 3770 3771 3772 3773 3774 3756 3757 3758 3759 3753 3754 3750 3751 3752 3753 3754 3751 3752 3753 3754 3763 3764 3765 3766 3769 3770 3771 3772 3773 3774 3756 3757 3758 3753 3754 3750 3751 3752 3753 3754 3751 3752 3753 3754 3763 3764 3765 3766 3769 3770 3771 3772 3773 3774 3756 3757 3758 3759 3771 3772 3768 3769 3770 3771 3772 3769 3770 3771 3772 3781 3782 3783 3784 3753 3783 3784 3780 3781 3782 3783 3784 3754 3782 3783 3784 3761
3756 3757 3758 3759 3760 3757 3758 3759 3760 3769 3770 3771 3772 3775 3776 3777 3778 3779 3780 3762 3763 3764 3765 3759 3760 3756 3757 3758 3759 3760 3757 3758 3759 3760 3769 3770 3771 3772 3775 3776 3777 3778 3779 3780 3762 3763 3764 3759 3760 3756 3757 3758 3759 3760 3757 3758 3759 3760 3769 3770 3771 3772 3775 3776 3777 3778 3779 3780 3762 3763 3764 3765 3777 3778 3774 3775 3776 3777 3778 3775 3776 3777 3778 3787 3788 3789 3790 3759 3789 3790 3786 3787 3788 3789 3790 3760 3788 3789 3790 3767
3762 3763 3764 3765 3766 3763 3764 3765 3766 3775 3776 3777 3778 3781 3782 3783 3784 3785 3786 3768 3769 3770 3771 3765 3766 3762 3763 3764 3765 3766 3763 3764 3765 3766 3775 3776 3777 3778 3781 3782 3783 3784 3785 3786 3768 3769 3770 3765 3766 3762 3763 3764 3765 3766 3763 3764 3765 3766 3775 3776 3777 3778 3781 3782 3783 3784 3785 3786 3768 3769 3770 3771 3783 3784 3780 3781 3782 3783 3784 3754 3782 3783 3784 3761 3762 3763 3764 3765 3758 3759 3761 3762 3763 3764 3765 3766 3751 3752 3753 3754
3768 3769 3770 3771 3772 3769 3770 3771 3772 3781 3782 3783 3784 3753 3754 3750 3751 3752 3753 3774 3775 3776 3777 3771 3772 3768 3769 3770 3771 3772 3769 3770 3771 3772 3781 3782 3783 3784 3753 3754 3750 3751 3752 3753 3774 3775 3776 3771 3772 3768 3769 3770 3771 3772 3769 3770 3771 3772 3781 3782 3783 3784 3753 3754 3750 3751 3752 3753 3774 3775 3776 3777 3789 3790 3786 3787 3788 3789 3790 3760 3788 3789 3790 3767 3768 3769 3770 3771 3764 3765 3767 3768 3769 3770 3771 3772 3757 3758 3759 3760
3774 3775 3776 3777 3778 3775 3776 3777 3778 3787 3788 3789 3790 3759 3760 3756 3757 3758 3759 3780 3781 3782 3783 3777 3778 3774 3775 3776 3777 3778 3775 3776 3777 3778 3787 3788 3789 3790 3759 3760 3756 3757 3758 3759 3780 3781 3782 3777 3778 3774 3775 3776 3777 3778 3775 3776 3777 3778 3787 3788 3789 3790 3759 3760 3756 3757 3758 3759 3780 3781 3782 3783 3758 3759 3761 3762 3763 3764 3765 3766 3751 3752 3753 3754 3774 3775 3776 3777 3770 3771 3773 3774 3775 3776 3777 3778 3763 3764 3765 3766
3780 3781 3782 3783 3784 3754 3782 3783 3784 3761 3762 3763 3764 3765 3766 3762 3763 3764 3765 3786 3787 3788 3789 3783 3784 3780 3781 3782 3783 3784 3754 3782 3783 3784 3761 3762 3763 3764 3765 3766 3762 3763 3764 3765 3786 3787 3788 3783 3784 3780 3781 3782 3783 3784 3754 3782 3783 3784 3761 3762 3763 3764 3765 3766 3762 3763 3764 3765 3786 3787 3788 3789 3764 3765 3767 3768 3769 3770 3771 3772 3757 3758 3759 3760 3780 3781 3782 3783 3776 3777 3779 3780 3781 3782 3783 3784 3769 3770 3771 3772
3786 3787 3788 3789 3790 3760 3788 3789 3790 3767 3768 3769 3770 3771 3772 3768 3769 3770 3771 3761 3762 3763 3764 3789 3790 3786 3787 3788 3789 3790 3760 3788 3789 3790 3767 3768 3769 3770 3771 3772 3768 3769 3770 3771 3761 3762 3763 3789 3790 3786 3787 3788 3789 3790 3760 3788 3789 3790 3767 3768 3769 3770 3771 3772 3768 3769 3770 3771 3761 3762 3763 3764 3770 3771 3773 3774 3775 3776 3777 3778 3763 3764 3765 3766 3786 3787 3788 3789 3782 3783 3785 3786 3787 3788 3789 3790 3775 3776 3777 3778
3761 3762 3763 3764 3765 3766 3751 3752 3753 3754 3774 3775 3776 3777 3778 3774 3775 3776 3777 3767 3768 3769 3770 3758 3759 3761 3762 3763 3764 3765 3766 3751 3752 3753 3754 3774 3775 3776 3777 3778 3774 3775 3776 3777 3767 3768 3769 3758 3759 3761 3762 3763 3764 3765 3766 3751 3752 3753 3754 3774 3775 3776 3777 3778 3774 3775 3776 3777 3767 3768 3769 3770 3776 3777 3779 3780 3781 3782 3783 3784 3769 3770 3771 3772 3755 3756 3757 3758 3788 3789 3790 3757 3758 3759 3779 3780 3781 3782 3783 3784
3767 3768 3769 3770 3771 3772 3757 3758 3759 3760 3780 3781 3782 3783 3784 3780 3781 3782 3783 3773 3774 3775 3776 3764 3765 3767 3768 3769 3770 3771 3772 3757 3758 3759 3760 3780 3781 3782 3783 3784 3780 3781 3782 3783 3773 3774 3775 3764 3765 3767 3768 3769 3770 3771 3772 3757 3758 3759 3760 3780 3781 3782 3783 3784 3780 3781 3782 3783 3773 3774 3775 3776 3782 3783 3785 3786 3787 3788 3789 3790 3775 3776 3777 3778 3761 3762 3763 3764 3764 3765 3766 3763 3764 3765 3785 3786 3787 3788 3789 3790
3773 3774 3775 3776 3777 3778 3763 3764 3765 3766 3786 3787 3788 3789 3790 3786 3787 3788 3789 3779 3780 3781 3782 3770 3771 3773 3774 3775 3776 3777 3778 3763 3764 3765 3766 3786 3787 3788 3789 3790 3786 3787 3788 3789 3779 3780 3781 3770 3771 3773 3774 3775 3776 3777 3778 3763 3764 3765 3766 3786 3787 3788 3789 3790 3786 3787 3788 3789 3779 3780 3781 3782 3788 3789 3790 3757 3758 3759 3779 3780 3781 3782 3783 3784 3767 3768 3769 3770 3770 3771 3772 3769 3770 3771 3772 3762 3763 3764 3765 3766
3779 3780 3781 3782 3783 3784 3769 3770 3771 3772 3755 3756 3757 3758 3759 3760 3756 3757 3758 3785 3786 3787 3788 3776 3777 3779 3780 3781 3782 3783 3784 3769 3770 3771 3772 3755 3756 3757 3758 3759 3760 3756 3757 3758 3785 3786 3787 3776 3777 3779 3780 3781 3782 3783 3784 3769 3770 3771 3772 3755 3756 3757 3758 3759 3760 3756 3757 3758 3785 3786 3787 3788 3764 3765 3766 3763 3764 3765 3785 3786 3787 3788 3789 3790 3773 3774 3775 3776 3776 3777 3778 3775 3776 3777 3778 3768 3769 3770 3771 3772
3785 3786 3787 3788 3789 3790 3775 3776 3777 3778 3761 3762 3763 3764 3765 3766 3762 3763 3764 3750 3751 3752 3753 3782 3783 3785 3786 3787 3788 3789 3790 3775 3776 3777 3778 3761 3762 3763 3764 3765 3766 3762 3763 3764 3750 3751 3752 3782 3783 3785 3786 3787 3788 3789 3790 3775 3776 3777 3778 3761 3762 3763 3764 3765 3766 3762 3763 3764 3750 3751 3752 3753 3770 3771 3772 3769 3770 3771 3772 3762 3763 3764 3765 3766 3779 3780 3781 3782 3782 3783 3784 3781 3782 3783 3784 3774 3775 3776 3777 3778
3790 3757 3758 3759 3779 3780 3781 3782 3783 3784 3767 3768 3769 3770 3771 3772 3768 3769 3770 3756 3757 3758 3759 3788 3789 3790 3757 3758 3759 3779 3780 3781 3782 3783 3784 3767 3768 3769 3770 3771 3772 3768 3769 3770 3756 3757 3758 3788 3789 3790 3757 3758 3759 3779 3780 3781 3782 3783 3784 3767 3768 3769 3770 3771 3772 3768 3769 3770 3756 3757 3758 3759 3776 3777 3778 3775 3776 3777 3778 3768 3769 3770 3771 3772 3785 3786 3787 3788 3788 3789 3790 3787 3788 3789 3790 3780 3781 3782 3783 3784
tile 3749 0 0
tile 3750 56 0
tile 3751 112 0
tile 3752 168 0
tile 3753 224 0
tile 3754 280 0
tile 3755 336 0
tile 3756 0 27
tile 3757 56 27
tile 3758 112 27
tile 3759 168 27
tile 3760 224 27
tile 3761 280 27
tile 3762 336 27
tile 3763 0 54
tile 3764 56 54
tile 3765 112 54
tile 3766 168 54
tile 3767 224 54
tile 3768 280 54
tile 3769 336 54
tile 3770 0 81
tile 3771 56 81
tile 3772 112 81
tile 3773 168 81
tile 3774 224 81
tile 3775 280 81
tile 3776 336 81
tile 3777 0 108
tile 3778 56 108
tile 3779 112 108
tile 3780 168 108
tile 3781 224 108
tile 3782 280 108
tile 3783 336 108
tile 3784 0 135
tile 3785 56 135
tile 3786 112 135
tile 3787 168 135
tile 3788 224 135
tile 3789 280 135
tile 3790 336 135
picture 4910 56 362 167 0
picture 4911 56 529 167 0
picture 4912 56 696 167 0
picture 4913 84 0 167 0
picture 4914 84 167 167 0
picture 4915 84 334 167 0
picture 4916 84 501 167 0
picture 4917 84 668 167 0
picture 4918 84 835 167 0
picture 4919 112 0 167 0
picture 4920 112 167 167 0
picture 4921 112 334 167 0
picture 4922 112 501 167 0
picture 4923 112 668 167 0
picture 4924 112 835 167 0
picture 4925 140 0 167 0
picture 4926 140 167 167 0
picture 4927 140 334 167 0
picture 4928 140 501 167 0
picture 4929 140 668 167 0
picture 4930 140 835 167 0
picture 4931 168 0 167 0
picture 4932 168 167 167 0
picture 4933 168 334 167 0
picture 4934 504 492 163 0
picture 4935 504 655 163 0
picture 4936 168 501 167 0
picture 4937 168 668 167 0
picture 4938 168 835 167 0
picture 4939 196 0 167 0
picture 4940 196 167 167 0
picture 4941 196 334 167 0
picture 4942 196 501 167 0
picture 4943 196 668 167 0
picture 4944 196 835 167 0
picture 4945 224 0 167 0
picture 4946 224 167 167 0
picture 4947 224 334 167 0
picture 4948 224 501 167 0
picture 4949 224 668 167 0
picture 4952 504 818 163 0
picture 4953 532 0 163 0
picture 4954 224 835 167 0
picture 4956 252 0 167 0
picture 4957 252 167 167 0
picture 4958 252 334 167 0
picture 4959 252 501 167 0
picture 4962 560 324 161 0
picture 4963 672 0 151 0
picture 4964 560 485 161 0
picture 4965 616 0 159 0
picture 4966 560 646 161 0
picture 4967 644 312 155 0
picture 4968 560 807 161 0
picture 4969 672 302 150 0
picture 4970 532 163 163 0
picture 4971 532 326 163 0
picture 4972 672 452 150 0
picture 4973 588 0 161 0
picture 4974 644 467 155 0
picture 4975 588 161 161 0
picture 4976 616 159 159 0
picture 4977 588 322 161 0
picture 4978 672 151 151 0
picture 4979 588 483 161 0
picture 4980 532 489 163 0
picture 4981 532 652 163 0
picture 4982 252 668 167 0
picture 4983 616 318 157 0
picture 4984 252 835 167 0
picture 4985 644 622 154 0
picture 4986 280 0 167 0
picture 4987 476 835 164 0
picture 4988 280 167 167 0
picture 4989 504 0 164 0
picture 4990 280 334 167 0
picture 4991 616 475 157 0
picture 4992 280 501 167 0
picture 4993 280 668 167 0
picture 4994 280 835 167 0
picture 4995 308 0 167 0
picture 4996 308 167 167 0
picture 4997 308 334 167 0
picture 4998 308 501 167 0
picture 4999 308 668 167 0
picture 5000 616 632 157 0
picture 5001 308 835 167 0
picture 5002 504 164 164 0
picture 5003 336 0 167 0
picture 5004 644 776 154 0
picture 5005 336 167 167 0
picture 5006 616 789 157 0
picture 5007 336 334 167 0
picture 5008 336 501 167 0
picture 5009 336 668 167 0
picture 5010 336 835 167 0
picture 5011 364 0 167 0
picture 5012 364 167 167 0
picture 5013 364 334 167 0
picture 5014 364 501 167 0
picture 5015 364 668 167 0
picture 5016 672 602 150 0
picture 5017 672 752 150 0
picture 5018 644 0 156 0
picture 5019 644 156 156 0
picture 5020 700 0 149 0
picture 5021 700 149 149 0
picture 5022 560 0 162 0
picture 5023 560 162 162 0
picture 5024 588 644 161 0
picture 5025 588 805 161 0
picture 5026 504 328 164 0
picture 5027 532 815 163 0
picture 5028 364 835 167 0
picture 5029 392 0 167 0
picture 5030 392 167 167 0
picture 5031 392 334 167 0
picture 5032 392 501 167 0
picture 5033 392 668 167 0
picture 5040 392 835 167 0
picture 5041 420 0 167 0
picture 5042 420 167 167 0
picture 5043 420 334 167 0
picture 5044 420 501 167 0
picture 5045 420 668 167 0
picture 5048 700 765 97 0
picture 5049 700 862 97 0
picture 5050 728 286 91 0
picture 5051 728 194 92 0
picture 5052 728 468 90 0
picture 5053 728 377 91 0
picture 5054 756 249 78 0
picture 5055 756 327 77 0
picture 5056 756 478 71 0
picture 5057 756 404 74 0
picture 5062 756 549 66 0
picture 5063 700 536 115 0
picture 5064 700 651 114 0
picture 5065 728 558 86 0
picture 5072 784 0 27 0
picture 5073 756 615 55 0
picture 5074 728 730 83 0
picture 5075 728 813 83 0
picture 5076 756 670 55 0
picture 5077 784 27 27 0
picture 5078 784 54 27 0
picture 5079 728 644 86 0
picture 5080 700 298 119 0
picture 5081 700 417 119 0
picture 5082 756 725 55 0
picture 5083 784 81 27 0
picture 5115 784 108 27 0
picture 5116 756 780 55 0
picture 5117 728 896 83 0
picture 5118 728 0 97 0
picture 5119 756 0 83 0
picture 5120 756 835 55 0
picture 5121 784 135 27 0
picture 5122 784 162 27 0
picture 5123 756 890 55 0
picture 5124 756 83 83 0
picture 5125 728 97 97 0
picture 5126 756 166 83 0
picture 5127 756 945 55 0
picture 5128 784 189 27 0
picture 5178 420 835 167 0
picture 5179 0 0 181 0
picture 5180 0 181 181 0
picture 5181 448 0 167 0
picture 5186 448 167 167 0
picture 5187 0 362 181 0
picture 5188 0 543 181 0
picture 5189 448 334 167 0
picture 5202 448 501 167 0
picture 5203 0 724 181 0
picture 5204 28 0 181 0
picture 5205 448 668 167 0
picture 5210 448 835 167 0
picture 5211 28 181 181 0
picture 5212 28 362 181 0
picture 5213 476 0 167 0
picture 5218 476 167 167 0
picture 5219 28 543 181 0
picture 5220 28 724 181 0
picture 5221 476 334 167 0
picture 5222 476 501 167 0
picture 5223 56 0 181 0
picture 5224 56 181 181 0
picture 5225 476 668 167 0
object 0 0 left 5048
object 0 0 right 5049
object 1 0 left 5048
object 1 0 right 5049
object 2 0 left 5048
object 2 0 right 5049
object 3 0 left 5048
object 3 0 right 5049
object 4 0 left 5048
object 4 0 right 5049
object 5 0 left 5048
object 5 0 right 5049
object 6 0 left 5048
object 6 0 right 5049
object 7 0 left 5048
object 7 0 right 5049
object 8 0 left 5048
object 8 0 right 5049
object 9 0 left 5048
object 9 0 right 5049
object 10 0 left 5048
object 10 0 right 5049
object 11 0 left 5048
object 11 0 right 5049
object 12 0 left 5048
object 12 0 right 5049
object 13 0 left 5048
object 13 0 right 5049
object 14 0 left 5048
object 14 0 right 5049
object 15 0 left 5048
object 15 0 right 5049
object 16 0 left 5048
object 16 0 right 5049
object 17 0 left 5048
object 17 0 right 5049
object 18 0 left 5048
object 18 0 right 5049
object 19 0 left 5048
object 19 0 right 5049
object 20 0 left 5048
object 20 0 right 5049
object 21 0 left 5048
object 21 0 right 5049
object 22 0 left 5048
object 22 0 right 5049
object 23 0 left 5048
object 23 0 right 5049
object 24 0 left 5048
object 24 0 right 5049
object 25 0 left 5048
object 25 0 right 5049
object 26 0 left 5048
object 26 0 right 5049
object 27 0 left 5048
object 27 0 right 5049
object 28 0 left 5048
object 28 0 right 5049
object 29 0 left 5048
object 29 0 right 5049
object 30 0 left 5048
object 30 0 right 5049
object 31 0 left 5048
object 31 0 right 5049
object 32 0 left 5048
object 32 0 right 5049
object 33 0 left 5048
object 33 0 right 5049
object 34 0 left 5048
object 34 0 right 5049
object 35 0 left 5048
object 35 0 right 5049
object 36 0 left 5048
object 36 0 right 5049
object 37 0 left 5048
object 37 0 right 5049
object 38 0 left 5048
object 38 0 right 5049
object 39 0 left 5048
object 39 0 right 5049
object 40 0 left 5048
object 40 0 right 5049
object 41 0 left 5048
object 41 0 right 5049
object 42 0 left 5048
object 42 0 right 5049
object 43 0 left 5048
object 43 0 right 5049
object 44 0 left 5048
object 44 0 right 5049
object 45 0 left 5048
object 45 0 right 5049
object 46 0 left 5048
object 46 0 right 5049
object 47 0 left 5048
object 47 0 right 5049
object 48 0 left 5048
object 48 0 right 5049
object 49 0 left 5048
object 49 0 right 5049
object 50 0 left 5048
object 50 0 right 5049
object 51 0 left 5048
object 51 0 right 5049
object 52 0 left 5048
object 52 0 right 5049
object 53 0 left 5048
object 53 0 right 5049
object 54 0 left 5048
object 54 0 right 5049
object 55 0 left 5048
object 55 0 right 5049
object 56 0 left 5048
object 56 0 right 5049
object 57 0 left 5048
object 57 0 right 5049
object 58 0 left 5048
object 58 0 right 5049
object 59 0 left 5048
object 59 0 right 5049
object 60 0 left 5048
object 60 0 right 5049
object 61 0 left 5048
object 61 0 right 5049
object 62 0 left 5048
object 62 0 right 5049
object 63 0 left 5048
object 63 0 right 5049
object 64 0 left 5048
object 64 0 right 5049
object 65 0 left 5048
object 65 0 right 5049
object 66 0 left 5048
object 66 0 right 5049
object 67 0 left 5048
object 67 0 right 5049
object 68 0 left 5048
object 68 0 right 5049
object 69 0 left 5048
object 69 0 right 5049
object 70 0 left 5048
object 70 0 right 5049
object 71 0 left 5048
object 71 0 right 5049
object 72 0 left 5048
object 72 0 right 5049
object 73 0 left 5048
object 73 0 right 5049
object 74 0 left 5048
object 74 0 right 5049
object 75 0 left 5048
object 75 0 right 5049
object 76 0 left 5048
object 76 0 right 5049
object 77 0 left 5048
object 77 0 right 5049
object 78 0 left 5048
object 78 0 right 5049
object 79 0 left 5048
object 79 0 right 5049
object 80 0 left 5048
object 80 0 right 5049
object 81 0 left 5048
object 81 0 right 5049
object 82 0 left 5048
object 82 0 right 5049
object 83 0 left 5048
object 83 0 right 5049
object 84 0 left 5048
object 84 0 right 5049
object 85 0 left 5048
object 85 0 right 5049
object 86 0 left 5048
object 86 0 right 5049
object 87 0 left 5048
object 87 0 right 5049
object 88 0 left 5048
object 88 0 right 5049
object 89 0 left 5048
object 89 0 right 5049
object 90 0 left 5048
object 90 0 right 5049
object 91 0 left 5048
object 91 0 right 5049
object 92 0 left 5048
object 92 0 right 5049
object 93 0 left 5048
object 93 0 right 5049
object 94 0 left 5048
object 94 0 right 5049
object 95 0 left 5048
object 95 0 right 5049
object 96 0 left 5048
object 96 0 right 5049
object 97 0 left 5048
object 97 0 right 5049
object 98 0 left 5048
object 98 0 right 5049
object 99 0 left 5048
object 99 0 right 5049
object 0 1 left 5048
object 0 1 right 5049
object 1 1 left 5048
object 1 1 right 5049
object 2 1 left 5048
object 2 1 right 5049
object 3 1 left 5048
object 3 1 right 5049
object 4 1 left 5048
object 4 1 right 5049
object 5 1 left 5048
object 5 1 right 5049
object 6 1 left 5048
object 6 1 right 5049
object 7 1 left 5048
object 7 1 right 5049
object 8 1 left 5048
object 8 1 right 5049
object 9 1 left 5048
object 9 1 right 5049
object 10 1 left 5048
object 10 1 right 5049
object 11 1 left 5048
object 11 1 right 5049
object 12 1 left 5048
object 12 1 right 5049
object 13 1 left 5048
object 13 1 right 5049
object 14 1 left 5048
object 14 1 right 5049
object 15 1 left 5048
object 15 1 right 5049
object 16 1 left 5048
object 16 1 right 5049
object 17 1 left 5048
object 17 1 right 5049
object 18 1 left 5048
object 18 1 right 5049
object 19 1 left 5048
object 19 1 right 5049
object 20 1 left 5048
object 20 1 right 5049
object 21 1 left 5048
object 21 1 right 5049
object 22 1 left 5048
object 22 1 right 5049
object 23 1 left 5048
object 23 1 right 5049
object 24 1 left 5048
object 24 1 right 5049
object 25 1 left 5048
object 25 1 right 5049
object 26 1 left 5048
object 26 1 right 5049
object 27 1 left 5048
object 27 1 right 5049
object 28 1 left 5048
object 28 1 right 5049
object 29 1 left 5048
object 29 1 right 5049
object 30 1 left 5048
object 30 1 right 5049
object 31 1 left 5048
object 31 1 right 5049
object 32 1 left 5048
object 32 1 right 5049
object 33 1 left 5048
object 33 1 right 5049
object 34 1 left 5048
object 34 1 right 5049
object 35 1 left 5048
object 35 1 right 5049
object 36 1 left 5048
object 36 1 right 5049
object 37 1 left 5048
object 37 1 right 5049
object 38 1 left 5048
object 38 1 right 5049
object 39 1 left 5048
object 39 1 right 5049
object 40 1 left 5048
object 40 1 right 5049
object 41 1 left 5048
object 41 1 right 5049
object 42 1 left 5048
object 42 1 right 5049
object 43 1 left 5048
object 43 1 right 5049
object 44 1 left 5048
object 44 1 right 5049
object 45 1 left 5048
object 45 1 right 5049
object 46 1 left 5048
object 46 1 right 5049
object 47 1 left 5048
object 47 1 right 5049
object 48 1 left 5048
object 48 1 right 5049
object 49 1 left 5048
object 49 1 right 5049
object 50 1 left 5048
object 50 1 right 5049
object 51 1 left 5048
object 51 1 right 5049
object 52 1 left 5048
object 52 1 right 5049
object 53 1 left 5048
object 53 1 right 5049
object 54 1 left 5048
object 54 1 right 5049
object 55 1 left 5048
object 55 1 right 5049
object 56 1 left 5048
object 56 1 right 5049
object 57 1 left 5048
object 57 1 right 5049
object 58 1 left 5048
object 58 1 right 5049
object 59 1 left 5048
object 59 1 right 5049
object 60 1 left 5048
object 60 1 right 5049
object 61 1 left 5048
object 61 1 right 5049
object 62 1 left 5048
object 62 1 right 5049
object 63 1 left 5048
object 63 1 right 5049
object 64 1 left 5048
object 64 1 right 5049
object 65 1 left 5048
object 65 1 right 5049
object 66 1 left 5048
object 66 1 right 5049
object 67 1 left 5048
object 67 1 right 5049
object 68 1 left 5048
object 68 1 right 5049
object 69 1 left 5048
object 69 1 right 5049
object 70 1 left 5048
object 70 1 right 5049
object 71 1 left 5048
object 71 1 right 5049
object 72 1 left 5048
object 72 1 right 5049
object 73 1 left 5048
object 73 1 right 5049
object 74 1 left 5048
object 74 1 right 5049
object 75 1 left 5048
object 75 1 right 5049
object 76 1 left 5048
object 76 1 right 5049
object 77 1 left 5048
object 77 1 right 5049
object 78 1 left 5048
object 78 1 right 5049
object 79 1 left 5048
object 79 1 right 5049
object 80 1 left 5048
object 80 1 right 5049
object 81 1 left 5048
object 81 1 right 5049
object 82 1 left 5048
object 82 1 right 5049
object 83 1 left 5048
object 83 1 right 5049
object 84 1 left 5028
object 84 1 right 5029
object 85 1 left 4944
object 85 1 right 4945
object 86 1 left 4958
object 86 1 right 4959
object 87 1 left 5186
object 87 1 right 4941
object 88 1 left 5187
object 88 1 right 4947
object 89 1 left 5188
object 89 1 right 5189
object 90 1 left 5218
object 90 1 right 4939
object 91 1 left 5219
object 92 1 left 5220
object 92 1 right 5221
object 93 1 left 4942
object 93 1 right 4943
object 94 1 left 5008
object 94 1 right 5009
object 95 1 left 5048
object 95 1 right 5049
object 96 1 left 5048
object 96 1 right 5049
object 97 1 left 5048
object 97 1 right 5049
object 98 1 left 5048
object 98 1 right 5049
object 99 1 left 5048
object 99 1 right 5049
object 0 2 left 5048
object 0 2 right 5049
object 1 2 left 5048
object 1 2 right 5049
object 2 2 left 5048
object 2 2 right 5049
object 3 2 left 5048
object 3 2 right 5049
object 4 2 left 5048
object 4 2 right 5049
object 5 2 left 5048
object 5 2 right 5049
object 6 2 left 5048
object 6 2 right 5049
object 7 2 left 5048
object 7 2 right 5049
object 8 2 left 5048
object 8 2 right 5049
object 9 2 left 5048
object 9 2 right 5049
object 10 2 left 5048
object 10 2 right 5049
object 11 2 left 5048
object 11 2 right 5049
object 12 2 left 5048
object 12 2 right 5049
object 13 2 left 5048
object 13 2 right 5049
object 14 2 left 5048
object 14 2 right 5049
object 15 2 left 5048
object 15 2 right 5049
object 16 2 left 5048
object 16 2 right 5049
object 17 2 left 5048
object 17 2 right 5049
object 18 2 left 5048
object 18 2 right 5049
object 19 2 left 5048
object 19 2 right 5049
object 20 2 left 5048
object 20 2 right 5049
object 21 2 left 5048
object 21 2 right 5049
object 22 2 left 5048
object 22 2 right 5049
object 23 2 left 5030
object 23 2 right 5031
object 24 2 left 4944
object 24 2 right 4945
object 25 2 left 4958
object 25 2 right 4959
object 26 2 left 5178
object 26 2 right 4941
object 27 2 left 5179
object 27 2 right 4947
object 28 2 left 5180
object 28 2 right 5181
object 29 2 left 4940
object 29 2 right 4941
object 30 2 left 5008
object 30 2 right 5009
object 31 2 left 5048
object 31 2 right 5049
object 32 2 left 5048
object 32 2 right 5049
object 33 2 left 5048
object 33 2 right 5049
object 34 2 left 5048
object 34 2 right 5049
object 35 2 left 5048
object 35 2 right 5049
object 36 2 left 5048
object 36 2 right 5049
object 37 2 left 5048
object 37 2 right 5049
object 38 2 left 5048
object 38 2 right 5049
object 39 2 left 5048
object 39 2 right 5049
object 40 2 left 5048
object 40 2 right 5049
object 41 2 left 5048
object 41 2 right 5049
object 42 2 left 5048
object 42 2 right 5049
object 43 2 left 5048
object 43 2 right 5049
object 44 2 left 5048
object 44 2 right 5049
object 45 2 left 5048
object 45 2 right 5049
object 46 2 left 5048
object 46 2 right 5049
object 47 2 left 5048
object 47 2 right 5049
object 48 2 left 5048
object 48 2 right 5049
object 49 2 left 5048
object 49 2 right 5049
object 50 2 left 5048
object 50 2 right 5049
object 51 2 left 5048
object 51 2 right 5049
object 52 2 left 5048
object 52 2 right 5049
object 53 2 left 5048
object 53 2 right 5049
object 54 2 left 5028
object 54 2 right 5029
object 55 2 left 4944
object 55 2 right 4945
object 56 2 left 4958
object 56 2 right 4959
object 57 2 left 5186
object 57 2 right 4941
object 58 2 left 5187
object 58 2 right 4947
object 59 2 left 5188
object 59 2 right 5189
object 60 2 left 4936
object 60 2 right 4937
object 61 2 left 5008
object 61 2 right 5009
object 62 2 left 5048
object 62 2 right 5049
object 63 2 left 5048
object 63 2 right 5049
object 64 2 left 5048
object 64 2 right 5049
object 65 2 left 5048
object 65 2 right 5049
object 66 2 left 5048
object 66 2 right 5049
object 67 2 left 5048
object 67 2 right 5049
object 68 2 left 5048
object 68 2 right 5049
object 69 2 left 5048
object 69 2 right 5049
object 70 2 left 5048
object 70 2 right 5049
object 71 2 left 5048
object 71 2 right 5049
object 72 2 left 5048
object 72 2 right 5049
object 73 2 left 5048
object 73 2 right 5049
object 74 2 left 5048
object 74 2 right 5049
object 75 2 left 5048
object 75 2 right 5049
object 76 2 left 5048
object 76 2 right 5049
object 77 2 left 5048
object 77 2 right 5049
object 78 2 left 5048
object 78 2 right 5049
object 79 2 left 5048
object 79 2 right 5049
object 80 2 left 5048
object 80 2 right 5049
object 81 2 left 5048
object 81 2 right 5049
object 82 2 left 5048
object 82 2 right 5049
object 83 2 left 5032
object 83 2 right 5033
object 84 2 left 5042
object 84 2 right 5043
object 94 2 left 5000
object 94 2 right 5001
object 95 2 left 5010
object 95 2 right 5011
object 96 2 left 5048
object 96 2 right 5049
object 97 2 left 5048
object 97 2 right 5049
object 98 2 left 5048
object 98 2 right 5049
object 99 2 left 5048
object 99 2 right 5049
object 0 3 left 5048
object 0 3 right 5049
object 1 3 left 5048
object 1 3 right 5049
object 2 3 left 5048
object 2 3 right 5049
object 3 3 left 5048
object 3 3 right 5049
object 4 3 left 5048
object 4 3 right 5049
object 5 3 left 5048
object 5 3 right 5049
object 6 3 left 5048
object 6 3 right 5049
object 7 3 left 5048
object 7 3 right 5049
object 8 3 left 5048
object 8 3 right 5049
object 9 3 left 5048
object 9 3 right 5049
object 10 3 left 5048
object 10 3 right 5049
object 11 3 left 5048
object 11 3 right 5049
object 12 3 left 5048
object 12 3 right 5049
object 13 3 left 5048
object 13 3 right 5049
object 14 3 left 5048
object 14 3 right 5049
object 15 3 left 5048
object 15 3 right 5049
object 16 3 left 5048
object 16 3 right 5049
object 17 3 left 5048
object 17 3 right 5049
object 18 3 left 5048
object 18 3 right 5049
object 19 3 left 5048
object 19 3 right 5049
object 20 3 left 5048
object 20 3 right 5049
object 21 3 left 5048
object 21 3 right 5049
object 22 3 left 5028
object 22 3 right 5029
object 23 3 left 5042
object 23 3 right 5043
object 30 3 left 5000
object 30 3 right 5001
object 31 3 left 5010
object 31 3 right 5011
object 32 3 left 5048
object 32 3 right 5049
object 33 3 left 5048
object 33 3 right 5049
object 34 3 left 5048
object 34 3 right 5049
object 35 3 left 5048
object 35 3 right 5049
object 36 3 left 5048
object 36 3 right 5049
object 37 3 left 5048
object 37 3 right 5049
object 38 3 left 5048
object 38 3 right 5049
object 39 3 left 5048
object 39 3 right 5049
object 40 3 left 5048
object 40 3 right 5049
object 41 3 left 5048
object 41 3 right 5049
object 42 3 left 5048
object 42 3 right 5049
object 43 3 left 5048
object 43 3 right 5049
object 44 3 left 5048
object 44 3 right 5049
object 45 3 left 5048
object 45 3 right 5049
object 46 3 left 5048
object 46 3 right 5049
object 47 3 left 5048
object 47 3 right 5049
object 48 3 left 5048
object 48 3 right 5049
object 49 3 left 5048
object 49 3 right 5049
object 50 3 left 5048
object 50 3 right 5049
object 51 3 left 5048
object 51 3 right 5049
object 52 3 left 5048
object 52 3 right 5049
object 53 3 left 5032
object 53 3 right 5033
object 54 3 left 5042
object 54 3 right 5043
object 61 3 left 5000
object 61 3 right 5001
object 62 3 left 5010
object 62 3 right 5011
object 63 3 left 5048
object 63 3 right 5049
object 64 3 left 5048
object 64 3 right 5049
object 65 3 left 5048
object 65 3 right 5049
object 66 3 left 5048
object 66 3 right 5049
object 67 3 left 5048
object 67 3 right 5049
object 68 3 left 5048
object 68 3 right 5049
object 69 3 left 5048
object 69 3 right 5049
object 70 3 left 5048
object 70 3 right 5049
object 71 3 left 5048
object 71 3 right 5049
object 72 3 left 5048
object 72 3 right 5049
object 73 3 left 5048
object 73 3 right 5049
object 74 3 left 5048
object 74 3 right 5049
object 75 3 left 5048
object 75 3 right 5049
object 76 3 left 5048
object 76 3 right 5049
object 77 3 left 5048
object 77 3 right 5049
object 78 3 left 5048
object 78 3 right 5049
object 79 3 left 5048
object 79 3 right 5049
object 80 3 left 5048
object 80 3 right 5049
object 81 3 left 5048
object 81 3 right 5049
object 82 3 left 5030
object 82 3 right 5031
object 83 3 left 5040
object 83 3 right 5041
object 95 3 left 5002
object 95 3 right 5003
object 96 3 left 5014
object 96 3 right 5015
object 97 3 left 5048
object 97 3 right 5049
object 98 3 left 5048
object 98 3 right 5049
object 99 3 left 5048
object 99 3 right 5049
object 0 4 left 5048
object 0 4 right 5049
object 1 4 left 5048
object 1 4 right 5049
object 2 4 left 5048
object 2 4 right 5049
object 3 4 left 5048
object 3 4 right 5049
object 4 4 left 5048
object 4 4 right 5049
object 5 4 left 5048
object 5 4 right 5049
object 6 4 left 5048
object 6 4 right 5049
object 7 4 left 5048
object 7 4 right 5049
object 8 4 left 5048
object 8 4 right 5049
object 9 4 left 5048
object 9 4 right 5049
object 10 4 left 5048
object 10 4 right 5049
object 11 4 left 5048
object 11 4 right 5049
object 12 4 left 5032
object 12 4 right 5033
object 13 4 left 4944
object 13 4 right 4945
object 14 4 left 4958
object 14 4 right 4959
object 15 4 left 5186
object 15 4 right 4941
object 16 4 left 5187
object 16 4 right 4947
object 17 4 left 5188
object 17 4 right 5189
object 18 4 left 4940
object 18 4 right 4941
object 19 4 left 4944
object 19 4 right 4945
object 20 4 left 4958
object 20 4 right 4959
object 21 4 left 4942
object 21 4 right 4943
object 22 4 left 5040
object 22 4 right 5041
object 31 4 left 5002
object 31 4 right 5003
object 32 4 left 5012
object 32 4 right 5013
object 33 4 left 5048
object 33 4 right 5049
object 34 4 left 5048
object 34 4 right 5049
object 35 4 left 5048
object 35 4 right 5049
object 36 4 left 5048
object 36 4 right 5049
object 37 4 left 5048
object 37 4 right 5049
object 38 4 left 5048
object 38 4 right 5049
object 39 4 left 5048
object 39 4 right 5049
object 40 4 left 5048
object 40 4 right 5049
object 41 4 left 5048
object 41 4 right 5049
object 42 4 left 5048
object 42 4 right 5049
object 43 4 left 5048
object 43 4 right 5049
object 44 4 left 5048
object 44 4 right 5049
object 45 4 left 5048
object 45 4 right 5049
object 46 4 left 5048
object 46 4 right 5049
object 47 4 left 5048
object 47 4 right 5049
object 48 4 left 5048
object 48 4 right 5049
object 49 4 left 5048
object 49 4 right 5049
object 50 4 left 5048
object 50 4 right 5049
object 51 4 left 5048
object 51 4 right 5049
object 52 4 left 5030
object 52 4 right 5031
object 53 4 left 5040
object 53 4 right 5041
object 62 4 left 5002
object 62 4 right 5003
object 63 4 left 5012
object 63 4 right 5013
object 64 4 left 5048
object 64 4 right 5049
object 65 4 left 5048
object 65 4 right 5049
object 66 4 left 5048
object 66 4 right 5049
object 67 4 left 5048
object 67 4 right 5049
object 68 4 left 5048
object 68 4 right 5049
object 69 4 left 5048
object 69 4 right 5049
object 70 4 left 5048
object 70 4 right 5049
object 71 4 left 5048
object 71 4 right 5049
object 72 4 left 5048
object 72 4 right 5049
object 73 4 left 5048
object 73 4 right 5049
object 74 4 left 5048
object 74 4 right 5049
object 75 4 left 5048
object 75 4 right 5049
object 76 4 left 5048
object 76 4 right 5049
object 77 4 left 5048
object 77 4 right 5049
object 78 4 left 5048
object 78 4 right 5049
object 79 4 left 5048
object 79 4 right 5049
object 80 4 left 5048
object 80 4 right 5049
object 81 4 left 5048
object 81 4 right 5049
object 82 4 left 4912
object 82 4 right 5213
object 96 4 left 5004
object 96 4 right 5005
object 97 4 left 5012
object 97 4 right 5013
object 98 4 left 5048
object 98 4 right 5049
object 99 4 left 5048
object 99 4 right 5049
object 0 5 left 5048
object 0 5 right 5049
object 1 5 left 5048
object 1 5 right 5049
object 2 5 left 5048
object 2 5 right 5049
object 3 5 left 5048
object 3 5 right 5049
object 4 5 left 5048
object 4 5 right 5049
object 5 5 left 5048
object 5 5 right 5049
object 6 5 left 5048
object 6 5 right 5049
object 7 5 left 5048
object 7 5 right 5049
object 8 5 left 5048
object 8 5 right 5049
object 9 5 left 5048
object 9 5 right 5049
object 10 5 left 5048
object 10 5 right 5049
object 11 5 left 5030
object 11 5 right 5031
object 12 5 left 5042
object 12 5 right 5043
object 32 5 left 5004
object 32 5 right 5005
object 33 5 left 5014
object 33 5 right 5015
object 34 5 left 5048
object 34 5 right 5049
object 35 5 left 5048
object 35 5 right 5049
object 36 5 left 5048
object 36 5 right 5049
object 37 5 left 5048
object 37 5 right 5049
object 38 5 left 5048
object 38 5 right 5049
object 39 5 left 5048
object 39 5 right 5049
object 40 5 left 5048
object 40 5 right 5049
object 41 5 left 5048
object 41 5 right 5049
object 42 5 left 5048
object 42 5 right 5049
object 43 5 left 5048
object 43 5 right 5049
object 44 5 left 5048
object 44 5 right 5049
object 45 5 left 5048
object 45 5 right 5049
object 46 5 left 5048
object 46 5 right 5049
object 47 5 left 5048
object 47 5 right 5049
object 48 5 left 5048
object 48 5 right 5049
object 49 5 left 5048
object 49 5 right 5049
object 50 5 left 5048
object 50 5 right 5049
object 51 5 left 5048
object 51 5 right 5049
object 52 5 left 4930
object 52 5 right 4931
object 63 5 left 5004
object 63 5 right 5005
object 64 5 left 5014
object 64 5 right 5015
object 65 5 left 5048
object 65 5 right 5049
object 66 5 left 5048
object 66 5 right 5049
object 67 5 left 5048
object 67 5 right 5049
object 68 5 left 5048
object 68 5 right 5049
object 69 5 left 5048
object 69 5 right 5049
object 70 5 left 5048
object 70 5 right 5049
object 71 5 left 5048
object 71 5 right 5049
object 72 5 left 5048
object 72 5 right 5049
object 73 5 left 5048
object 73 5 right 5049
object 74 5 left 5048
object 74 5 right 5049
object 75 5 left 5048
object 75 5 right 5049
object 76 5 left 5048
object 76 5 right 5049
object 77 5 left 5048
object 77 5 right 5049
object 78 5 left 5048
object 78 5 right 5049
object 79 5 left 5048
object 79 5 right 5049
object 80 5 left 5048
object 80 5 right 5049
object 81 5 left 5048
object 81 5 right 5049
object 82 5 left 4918
object 82 5 right 5212
object 97 5 left 5006
object 97 5 right 5007
object 98 5 left 5010
object 98 5 right 5011
object 99 5 left 5048
object 99 5 right 5049
object 0 6 left 5048
object 0 6 right 5049
object 1 6 left 5048
object 1 6 right 5049
object 2 6 left 5048
object 2 6 right 5049
object 3 6 left 5048
object 3 6 right 5049
object 4 6 left 5048
object 4 6 right 5049
object 5 6 left 5048
object 5 6 right 5049
object 6 6 left 5048
object 6 6 right 5049
object 7 6 left 5048
object 7 6 right 5049
object 8 6 left 5048
object 8 6 right 5049
object 9 6 left 5048
object 9 6 right 5049
object 10 6 left 5028
object 10 6 right 5029
object 11 6 left 5044
object 11 6 right 5045
object 33 6 left 5006
object 33 6 right 5007
object 34 6 left 5008
object 34 6 right 5009
object 35 6 left 5048
object 35 6 right 5049
object 36 6 left 5048
object 36 6 right 5049
object 37 6 left 5048
object 37 6 right 5049
object 38 6 left 5048
object 38 6 right 5049
object 39 6 left 5048
object 39 6 right 5049
object 40 6 left 5048
object 40 6 right 5049
object 41 6 left 5048
object 41 6 right 5049
object 42 6 left 5048
object 42 6 right 5049
object 43 6 left 5048
object 43 6 right 5049
object 44 6 left 5048
object 44 6 right 5049
object 45 6 left 5048
object 45 6 right 5049
object 46 6 left 5048
object 46 6 right 5049
object 47 6 left 5048
object 47 6 right 5049
object 48 6 left 5048
object 48 6 right 5049
object 49 6 left 5048
object 49 6 right 5049
object 50 6 left 5048
object 50 6 right 5049
object 51 6 left 5048
object 51 6 right 5049
object 52 6 left 4928
object 52 6 right 4929
object 64 6 left 5006
object 64 6 right 5007
object 65 6 left 5010
object 65 6 right 5011
object 66 6 left 5048
object 66 6 right 5049
object 67 6 left 5048
object 67 6 right 5049
object 68 6 left 5048
object 68 6 right 5049
object 69 6 left 5048
object 69 6 right 5049
object 70 6 left 5048
object 70 6 right 5049
object 71 6 left 5048
object 71 6 right 5049
object 72 6 left 5048
object 72 6 right 5049
object 73 6 left 5048
object 73 6 right 5049
object 74 6 left 5048
object 74 6 right 5049
object 75 6 left 5048
object 75 6 right 5049
object 76 6 left 5048
object 76 6 right 5049
object 77 6 left 5048
object 77 6 right 5049
object 78 6 left 5048
object 78 6 right 5049
object 79 6 left 5048
object 79 6 right 5049
object 80 6 left 5048
object 80 6 right 5049
object 81 6 left 5048
object 81 6 right 5049
object 82 6 left 5210
object 82 6 right 5211
object 98 6 left 5000
object 98 6 right 5001
object 99 6 left 5010
object 99 6 right 5011
object 0 7 left 5048
object 0 7 right 5049
object 1 7 left 5048
object 1 7 right 5049
object 2 7 left 5048
object 2 7 right 5049
object 3 7 left 5048
object 3 7 right 5049
object 4 7 left 5048
object 4 7 right 5049
object 5 7 left 5048
object 5 7 right 5049
object 6 7 left 5048
object 6 7 right 5049
object 7 7 left 5048
object 7 7 right 5049
object 8 7 left 5048
object 8 7 right 5049
object 9 7 left 5048
object 9 7 right 5049
object 10 7 left 4930
object 10 7 right 4931
object 34 7 left 4972
object 34 7 right 4973
object 35 7 left 5048
object 35 7 right 5049
object 36 7 left 5048
object 36 7 right 5049
object 37 7 left 5048
object 37 7 right 5049
object 38 7 left 5048
object 38 7 right 5049
object 39 7 left 5048
object 39 7 right 5049
object 40 7 left 5048
object 40 7 right 5049
object 41 7 left 5048
object 41 7 right 5049
object 42 7 left 5048
object 42 7 right 5049
object 43 7 left 5048
object 43 7 right 5049
object 44 7 left 5048
object 44 7 right 5049
object 45 7 left 5048
object 45 7 right 5049
object 46 7 left 5048
object 46 7 right 5049
object 47 7 left 5048
object 47 7 right 5049
object 48 7 left 5048
object 48 7 right 5049
object 49 7 left 5048
object 49 7 right 5049
object 50 7 left 5048
object 50 7 right 5049
object 51 7 left 5032
object 51 7 right 5033
object 52 7 left 5044
object 52 7 right 5045
object 65 7 left 4978
object 65 7 right 4979
object 66 7 left 5048
object 66 7 right 5049
object 67 7 left 5048
object 67 7 right 5049
object 68 7 left 5048
object 68 7 right 5049
object 69 7 left 5048
object 69 7 right 5049
object 70 7 left 5048
object 70 7 right 5049
object 71 7 left 5048
object 71 7 right 5049
object 72 7 left 5048
object 72 7 right 5049
object 73 7 left 5048
object 73 7 right 5049
object 74 7 left 5048
object 74 7 right 5049
object 75 7 left 5048
object 75 7 right 5049
object 76 7 left 5048
object 76 7 right 5049
object 77 7 left 5048
object 77 7 right 5049
object 78 7 left 5048
object 78 7 right 5049
object 79 7 left 5048
object 79 7 right 5049
object 80 7 left 5048
object 80 7 right 5049
object 81 7 left 5030
object 81 7 right 5031
object 82 7 left 5040
object 82 7 right 5041
object 99 7 left 4972
object 99 7 right 4973
object 0 8 left 5048
object 0 8 right 5049
object 1 8 left 5048
object 1 8 right 5049
object 2 8 left 5048
object 2 8 right 5049
object 3 8 left 5048
object 3 8 right 5049
object 4 8 left 5048
object 4 8 right 5049
object 5 8 left 5048
object 5 8 right 5049
object 6 8 left 5048
object 6 8 right 5049
object 7 8 left 5048
object 7 8 right 5049
object 8 8 left 5048
object 8 8 right 5049
object 9 8 left 5048
object 9 8 right 5049
object 10 8 left 4912
object 10 8 right 5205
object 34 8 left 4974
object 34 8 right 4975
object 35 8 left 5048
object 35 8 right 5049
object 36 8 left 5048
object 36 8 right 5049
object 37 8 left 5048
object 37 8 right 5049
object 38 8 left 5048
object 38 8 right 5049
object 39 8 left 5048
object 39 8 right 5049
object 40 8 left 5048
object 40 8 right 5049
object 41 8 left 5048
object 41 8 right 5049
object 42 8 left 5048
object 42 8 right 5049
object 43 8 left 5048
object 43 8 right 5049
object 44 8 left 5048
object 44 8 right 5049
object 45 8 left 5048
object 45 8 right 5049
object 46 8 left 5048
object 46 8 right 5049
object 47 8 left 5048
object 47 8 right 5049
object 48 8 left 5048
object 48 8 right 5049
object 49 8 left 5048
object 49 8 right 5049
object 50 8 left 5030
object 50 8 right 5031
object 51 8 left 5042
object 51 8 right 5043
object 65 8 left 4976
object 65 8 right 4977
object 66 8 left 5048
object 66 8 right 5049
object 67 8 left 5048
object 67 8 right 5049
object 68 8 left 5048
object 68 8 right 5049
object 69 8 left 5048
object 69 8 right 5049
object 70 8 left 5048
object 70 8 right 5049
object 71 8 left 5048
object 71 8 right 5049
object 72 8 left 5048
object 72 8 right 5049
object 73 8 left 5048
object 73 8 right 5049
object 74 8 left 5048
object 74 8 right 5049
object 75 8 left 5048
object 75 8 right 5049
object 76 8 left 5048
object 76 8 right 5049
object 77 8 left 5048
object 77 8 right 5049
object 78 8 left 5048
object 78 8 right 5049
object 79 8 left 5048
object 79 8 right 5049
object 80 8 left 5028
object 80 8 right 5029
object 81 8 left 5044
object 81 8 right 5045
object 99 8 left 4974
object 99 8 right 4975
object 0 9 left 5048
object 0 9 right 5049
object 1 9 left 5048
object 1 9 right 5049
object 2 9 left 5048
object 2 9 right 5049
object 3 9 left 5048
object 3 9 right 5049
object 4 9 left 5048
object 4 9 right 5049
object 5 9 left 5048
object 5 9 right 5049
object 6 9 left 5048
object 6 9 right 5049
object 7 9 left 5048
object 7 9 right 5049
object 8 9 left 5048
object 8 9 right 5049
object 9 9 left 5048
object 9 9 right 5049
object 10 9 left 4924
object 10 9 right 5204
object 34 9 left 4976
object 34 9 right 4977
object 35 9 left 5048
object 35 9 right 5049
object 36 9 left 5048
object 36 9 right 5049
object 37 9 left 5048
object 37 9 right 5049
object 38 9 left 5048
object 38 9 right 5049
object 39 9 left 5048
object 39 9 right 5049
object 40 9 left 5048
object 40 9 right 5049
object 41 9 left 5048
object 41 9 right 5049
object 42 9 left 5048
object 42 9 right 5049
object 43 9 left 5048
object 43 9 right 5049
object 44 9 left 5048
object 44 9 right 5049
object 45 9 left 5048
object 45 9 right 5049
object 46 9 left 5030
object 46 9 right 5031
object 47 9 left 4944
object 47 9 right 4945
object 48 9 left 4958
object 48 9 right 4959
object 49 9 left 4940
object 49 9 right 4941
object 50 9 left 5040
object 50 9 right 5041
object 65 9 left 4978
object 65 9 right 4979
object 66 9 left 5048
object 66 9 right 5049
object 67 9 left 5048
object 67 9 right 5049
object 68 9 left 5048
object 68 9 right 5049
object 69 9 left 5048
object 69 9 right 5049
object 70 9 left 5048
object 70 9 right 5049
object 71 9 left 5048
object 71 9 right 5049
object 72 9 left 5048
object 72 9 right 5049
object 73 9 left 5048
object 73 9 right 5049
object 74 9 left 5048
object 74 9 right 5049
object 75 9 left 5048
object 75 9 right 5049
object 76 9 left 5048
object 76 9 right 5049
object 77 9 left 5048
object 77 9 right 5049
object 78 9 left 5048
object 78 9 right 5049
object 79 9 left 5032
object 79 9 right 5033
object 80 9 left 5040
object 80 9 right 5041
object 99 9 left 4976
object 99 9 right 4977
object 0 10 left 5048
object 0 10 right 5049
object 1 10 left 5048
object 1 10 right 5049
object 2 10 left 5048
object 2 10 right 5049
object 3 10 left 5048
object 3 10 right 5049
object 4 10 left 5048
object 4 10 right 5049
object 5 10 left 5048
object 5 10 right 5049
object 6 10 left 5048
object 6 10 right 5049
object 7 10 left 5048
object 7 10 right 5049
object 8 10 left 5048
object 8 10 right 5049
object 9 10 left 5048
object 9 10 right 5049
object 10 10 left 5202
object 10 10 right 5203
object 24 10 right 5065
object 34 10 left 4978
object 34 10 right 4979
object 35 10 left 5048
object 35 10 right 5049
object 36 10 left 5048
object 36 10 right 5049
object 37 10 left 5048
object 37 10 right 5049
object 38 10 left 5048
object 38 10 right 5049
object 39 10 left 5048
object 39 10 right 5049
object 40 10 left 5048
object 40 10 right 5049
object 41 10 left 5048
object 41 10 right 5049
object 42 10 left 5048
object 42 10 right 5049
object 43 10 left 5048
object 43 10 right 5049
object 44 10 left 5048
object 44 10 right 5049
object 45 10 left 5028
object 45 10 right 5029
object 46 10 left 5044
object 46 10 right 5045
object 57 10 right 5065
object 65 10 left 4980
object 65 10 right 4981
object 66 10 left 5048
object 66 10 right 5049
object 67 10 left 5048
object 67 10 right 5049
object 68 10 left 5048
object 68 10 right 5049
object 69 10 left 5048
object 69 10 right 5049
object 70 10 left 5048
object 70 10 right 5049
object 71 10 left 5048
object 71 10 right 5049
object 72 10 left 5048
object 72 10 right 5049
object 73 10 left 5048
object 73 10 right 5049
object 74 10 left 5048
object 74 10 right 5049
object 75 10 left 5048
object 75 10 right 5049
object 76 10 left 5048
object 76 10 right 5049
object 77 10 left 5048
object 77 10 right 5049
object 78 10 left 5030
object 78 10 right 5031
object 79 10 left 5044
object 79 10 right 5045
object 99 10 left 4978
object 99 10 right 4979
object 0 11 left 5048
object 0 11 right 5049
object 1 11 left 5048
object 1 11 right 5049
object 2 11 left 5048
object 2 11 right 5049
object 3 11 left 5048
object 3 11 right 5049
object 4 11 left 5048
object 4 11 right 5049
object 5 11 left 5048
object 5 11 right 5049
object 6 11 left 5048
object 6 11 right 5049
object 7 11 left 5048
object 7 11 right 5049
object 8 11 left 5048
object 8 11 right 5049
object 9 11 left 5048
object 9 11 right 5049
object 10 11 left 4916
object 10 11 right 4917
object 22 11 right 5065
object 23 11 left 5062
object 24 11 left 5063
object 24 11 right 5064
object 34 11 left 4980
object 34 11 right 4981
object 35 11 left 5048
object 35 11 right 5049
object 36 11 left 5048
object 36 11 right 5049
object 37 11 left 5048
object 37 11 right 5049
object 38 11 left 5048
object 38 11 right 5049
object 39 11 left 5048
object 39 11 right 5049
object 40 11 left 5048
object 40 11 right 5049
object 41 11 left 5048
object 41 11 right 5049
object 42 11 left 5048
object 42 11 right 5049
object 43 11 left 5048
object 43 11 right 5049
object 44 11 left 5048
object 44 11 right 5049
object 45 11 left 4928
object 45 11 right 4929
object 56 11 left 5062
object 57 11 left 5063
object 57 11 right 5064
object 65 11 left 4978
object 65 11 right 4979
object 66 11 left 5048
object 66 11 right 5049
object 67 11 left 5048
object 67 11 right 5049
object 68 11 left 5048
object 68 11 right 5049
object 69 11 left 5048
object 69 11 right 5049
object 70 11 left 5048
object 70 11 right 5049
object 71 11 left 5048
object 71 11 right 5049
object 72 11 left 5048
object 72 11 right 5049
object 73 11 left 5048
object 73 11 right 5049
object 74 11 left 5048
object 74 11 right 5049
object 75 11 left 5048
object 75 11 right 5049
object 76 11 left 5048
object 76 11 right 5049
object 77 11 left 5028
object 77 11 right 5029
object 78 11 left 5044
object 78 11 right 5045
object 86 11 right 5065
object 88 11 right 5065
object 99 11 left 4980
object 99 11 right 4981
object 0 12 left 5048
object 0 12 right 5049
object 1 12 left 5048
object 1 12 right 5049
object 2 12 left 5048
object 2 12 right 5049
object 3 12 left 5048
object 3 12 right 5049
object 4 12 left 5048
object 4 12 right 5049
object 5 12 left 5048
object 5 12 right 5049
object 6 12 left 5048
object 6 12 right 5049
object 7 12 left 5048
object 7 12 right 5049
object 8 12 left 5048
object 8 12 right 5049
object 9 12 left 5048
object 9 12 right 5049
object 10 12 left 4998
object 10 12 right 4999
object 11 12 left 4986
object 11 12 right 4987
object 21 12 left 5062
object 22 12 left 5063
object 22 12 right 5064
object 23 12 left 5054
object 23 12 right 5055
object 34 12 left 4952
object 34 12 right 4953
object 35 12 left 5008
object 35 12 right 5009
object 36 12 left 5048
object 36 12 right 5049
object 37 12 left 5048
object 37 12 right 5049
object 38 12 left 5048
object 38 12 right 5049
object 39 12 left 5048
object 39 12 right 5049
object 40 12 left 5048
object 40 12 right 5049
object 41 12 left 5048
object 41 12 right 5049
object 42 12 left 5048
object 42 12 right 5049
object 43 12 left 5048
object 43 12 right 5049
object 44 12 left 5048
object 44 12 right 5049
object 45 12 left 4914
object 45 12 right 5213
object 57 12 right 5128
object 59 12 right 5065
object 65 12 left 4952
object 65 12 right 4953
object 66 12 left 5010
object 66 12 right 5011
object 67 12 left 5048
object 67 12 right 5049
object 68 12 left 5048
object 68 12 right 5049
object 69 12 left 5048
object 69 12 right 5049
object 70 12 left 5048
object 70 12 right 5049
object 71 12 left 5048
object 71 12 right 5049
object 72 12 left 5048
object 72 12 right 5049
object 73 12 left 5048
object 73 12 right 5049
object 74 12 left 5048
object 74 12 right 5049
object 75 12 left 5048
object 75 12 right 5049
object 76 12 left 5048
object 76 12 right 5049
object 77 12 left 4928
object 77 12 right 4929
object 85 12 left 5062
object 86 12 left 5063
object 86 12 right 5064
object 87 12 left 5062
object 88 12 left 5063
object 88 12 right 5064
object 99 12 left 4974
object 99 12 right 4975
object 0 13 left 5048
object 0 13 right 5049
object 1 13 left 5048
object 1 13 right 5049
object 2 13 left 5048
object 2 13 right 5049
object 3 13 left 5048
object 3 13 right 5049
object 4 13 left 5048
object 4 13 right 5049
object 5 13 left 5048
object 5 13 right 5049
object 6 13 left 5048
object 6 13 right 5049
object 7 13 left 5048
object 7 13 right 5049
object 8 13 left 5048
object 8 13 right 5049
object 9 13 left 5048
object 9 13 right 5049
object 10 13 left 5048
object 10 13 right 5049
object 11 13 left 4996
object 11 13 right 4997
object 12 13 left 4986
object 12 13 right 4987
object 21 13 right 5065
object 23 13 right 5065
object 35 13 left 5000
object 35 13 right 5001
object 36 13 left 5010
object 36 13 right 5011
object 37 13 left 5048
object 37 13 right 5049
object 38 13 left 5048
object 38 13 right 5049
object 39 13 left 5048
object 39 13 right 5049
object 40 13 left 5048
object 40 13 right 5049
object 41 13 left 5048
object 41 13 right 5049
object 42 13 left 5048
object 42 13 right 5049
object 43 13 left 5048
object 43 13 right 5049
object 44 13 left 5048
object 44 13 right 5049
object 45 13 left 4920
object 45 13 right 5212
object 53 13 right 5065
object 57 13 right 5127
object 58 13 left 5062
object 59 13 left 5063
object 59 13 right 5064
object 66 13 left 5004
object 66 13 right 5005
object 67 13 left 5008
object 67 13 right 5009
object 68 13 left 5048
object 68 13 right 5049
object 69 13 left 5048
object 69 13 right 5049
object 70 13 left 5048
object 70 13 right 5049
object 71 13 left 5048
object 71 13 right 5049
object 72 13 left 5048
object 72 13 right 5049
object 73 13 left 5048
object 73 13 right 5049
object 74 13 left 5048
object 74 13 right 5049
object 75 13 left 5048
object 75 13 right 5049
object 76 13 left 5048
object 76 13 right 5049
object 77 13 left 4914
object 77 13 right 5205
object 86 13 right 5065
object 88 13 right 5065
object 99 13 left 4976
object 99 13 right 4977
object 0 14 left 5048
object 0 14 right 5049
object 1 14 left 5048
object 1 14 right 5049
object 2 14 left 5048
object 2 14 right 5049
object 3 14 left 5048
object 3 14 right 5049
object 4 14 left 5048
object 4 14 right 5049
object 5 14 left 5048
object 5 14 right 5049
object 6 14 left 5048
object 6 14 right 5049
object 7 14 left 5048
object 7 14 right 5049
object 8 14 left 5048
object 8 14 right 5049
object 9 14 left 5048
object 9 14 right 5049
object 10 14 left 5048
object 10 14 right 5049
object 11 14 left 5048
object 11 14 right 5049
object 12 14 left 4994
object 12 14 right 4995
object 13 14 left 4984
object 13 14 right 4985
object 20 14 left 5062
object 21 14 left 5063
object 21 14 right 5064
object 22 14 left 5062
object 23 14 left 5063
object 23 14 right 5064
object 36 14 left 5002
object 36 14 right 5003
object 37 14 left 5012
object 37 14 right 5013
object 38 14 left 5048
object 38 14 right 5049
object 39 14 left 5048
object 39 14 right 5049
object 40 14 left 5048
object 40 14 right 5049
object 41 14 left 5048
object 41 14 right 5049
object 42 14 left 5048
object 42 14 right 5049
object 43 14 left 5048
object 43 14 right 5049
object 44 14 left 5048
object 44 14 right 5049
object 45 14 left 5210
object 45 14 right 5211
object 52 14 left 5062
object 53 14 left 5063
object 53 14 right 5064
object 54 14 left 5122
object 55 14 left 5123
object 56 14 left 5124
object 57 14 left 5125
object 57 14 right 5126
object 67 14 left 5000
object 67 14 right 5001
object 68 14 left 5010
object 68 14 right 5011
object 69 14 left 5048
object 69 14 right 5049
object 70 14 left 5048
object 70 14 right 5049
object 71 14 left 5048
object 71 14 right 5049
object 72 14 left 5048
object 72 14 right 5049
object 73 14 left 5048
object 73 14 right 5049
object 74 14 left 5048
object 74 14 right 5049
object 75 14 left 5048
object 75 14 right 5049
object 76 14 left 5048
object 76 14 right 5049
object 77 14 left 4920
object 77 14 right 5204
object 85 14 left 5062
object 86 14 left 5063
object 86 14 right 5064
object 87 14 left 5062
object 88 14 left 5063
object 88 14 right 5064
object 99 14 left 4978
object 99 14 right 4979
object 0 15 left 5048
object 0 15 right 5049
object 1 15 left 5048
object 1 15 right 5049
object 2 15 left 5048
object 2 15 right 5049
object 3 15 left 5048
object 3 15 right 5049
object 4 15 left 5048
object 4 15 right 5049
object 5 15 left 5048
object 5 15 right 5049
object 6 15 left 5048
object 6 15 right 5049
object 7 15 left 5048
object 7 15 right 5049
object 8 15 left 5048
object 8 15 right 5049
object 9 15 left 5048
object 9 15 right 5049
object 10 15 left 5048
object 10 15 right 5049
object 11 15 left 5048
object 11 15 right 5049
object 12 15 left 5048
object 12 15 right 5049
object 13 15 left 4992
object 13 15 right 4993
object 14 15 left 4982
object 14 15 right 4983
object 21 15 right 5065
object 23 15 right 5065
object 25 15 right 5065
object 37 15 left 5004
object 37 15 right 5005
object 38 15 left 5012
object 38 15 right 5013
object 39 15 left 5048
object 39 15 right 5049
object 40 15 left 5048
object 40 15 right 5049
object 41 15 left 5048
object 41 15 right 5049
object 42 15 left 5048
object 42 15 right 5049
object 43 15 left 5048
object 43 15 right 5049
object 44 15 left 5030
object 44 15 right 5031
object 45 15 left 5040
object 45 15 right 5041
object 53 15 right 5065
object 56 15 right 5083
object 68 15 left 5002
object 68 15 right 5003
object 69 15 left 5012
object 69 15 right 5013
object 70 15 left 5048
object 70 15 right 5049
object 71 15 left 5048
object 71 15 right 5049
object 72 15 left 5048
object 72 15 right 5049
object 73 15 left 5048
object 73 15 right 5049
object 74 15 left 5048
object 74 15 right 5049
object 75 15 left 5048
object 75 15 right 5049
object 76 15 left 5048
object 76 15 right 5049
object 77 15 left 5202
object 77 15 right 5203
object 86 15 right 5065
object 99 15 left 4980
object 99 15 right 4981
object 0 16 left 5048
object 0 16 right 5049
object 1 16 left 5048
object 1 16 right 5049
object 2 16 left 5048
object 2 16 right 5049
object 3 16 left 5048
object 3 16 right 5049
object 4 16 left 5048
object 4 16 right 5049
object 5 16 left 5048
object 5 16 right 5049
object 6 16 left 5048
object 6 16 right 5049
object 7 16 left 5048
object 7 16 right 5049
object 8 16 left 5048
object 8 16 right 5049
object 9 16 left 5048
object 9 16 right 5049
object 10 16 left 5048
object 10 16 right 5049
object 11 16 left 5048
object 11 16 right 5049
object 12 16 left 5048
object 12 16 right 5049
object 13 16 left 5048
object 13 16 right 5049
object 14 16 left 4922
object 14 16 right 4923
object 20 16 left 5062
object 21 16 left 5063
object 21 16 right 5064
object 22 16 left 5062
object 23 16 left 5063
object 23 16 right 5064
object 24 16 left 5062
object 25 16 left 5063
object 25 16 right 5064
object 38 16 left 4974
object 38 16 right 4975
object 39 16 left 5048
object 39 16 right 5049
object 40 16 left 5048
object 40 16 right 5049
object 41 16 left 5048
object 41 16 right 5049
object 42 16 left 5048
object 42 16 right 5049
object 43 16 left 5032
object 43 16 right 5033
object 44 16 left 5044
object 44 16 right 5045
object 52 16 left 5062
object 53 16 left 5063
object 53 16 right 5064
object 56 16 right 5082
object 69 16 left 5004
object 69 16 right 5005
object 70 16 left 5012
object 70 16 right 5013
object 71 16 left 5048
object 71 16 right 5049
object 72 16 left 5048
object 72 16 right 5049
object 73 16 left 5048
object 73 16 right 5049
object 74 16 left 5048
object 74 16 right 5049
object 75 16 left 5048
object 75 16 right 5049
object 76 16 left 5030
object 76 16 right 5031
object 77 16 left 5040
object 77 16 right 5041
object 85 16 left 5062
object 86 16 left 5063
object 86 16 right 5064
object 99 16 left 4972
object 99 16 right 4973
object 0 17 left 5048
object 0 17 right 5049
object 1 17 left 5048
object 1 17 right 5049
object 2 17 left 5048
object 2 17 right 5049
object 3 17 left 5048
object 3 17 right 5049
object 4 17 left 5048
object 4 17 right 5049
object 5 17 left 5048
object 5 17 right 5049
object 6 17 left 5048
object 6 17 right 5049
object 7 17 left 5048
object 7 17 right 5049
object 8 17 left 5048
object 8 17 right 5049
object 9 17 left 5048
object 9 17 right 5049
object 10 17 left 5048
object 10 17 right 5049
object 11 17 left 5048
object 11 17 right 5049
object 12 17 left 5048
object 12 17 right 5049
object 13 17 left 5048
object 13 17 right 5049
object 14 17 left 4912
object 14 17 right 4913
object 22 17 right 5065
object 23 17 left 5054
object 23 17 right 5055
object 24 17 left 5050
object 24 17 right 5051
object 38 17 left 4976
object 38 17 right 4977
object 39 17 left 5048
object 39 17 right 5049
object 40 17 left 5048
object 40 17 right 5049
object 41 17 left 5048
object 41 17 right 5049
object 42 17 left 5028
object 42 17 right 5029
object 43 17 left 5040
object 43 17 right 5041
object 54 17 left 5078
object 55 17 left 5079
object 56 17 left 5080
object 56 17 right 5081
object 70 17 left 4974
object 70 17 right 4975
object 71 17 left 5048
object 71 17 right 5049
object 72 17 left 5048
object 72 17 right 5049
object 73 17 left 5048
object 73 17 right 5049
object 74 17 left 5048
object 74 17 right 5049
object 75 17 left 5032
object 75 17 right 5033
object 76 17 left 5044
object 76 17 right 5045
object 99 17 left 4976
object 99 17 right 4977
object 0 18 left 5048
object 0 18 right 5049
object 1 18 left 5048
object 1 18 right 5049
object 2 18 left 5048
object 2 18 right 5049
object 3 18 left 5048
object 3 18 right 5049
object 4 18 left 5048
object 4 18 right 5049
object 5 18 left 5048
object 5 18 right 5049
object 6 18 left 5048
object 6 18 right 5049
object 7 18 left 5048
object 7 18 right 5049
object 8 18 left 5048
object 8 18 right 5049
object 9 18 left 5048
object 9 18 right 5049
object 10 18 left 5048
object 10 18 right 5049
object 11 18 left 5048
object 11 18 right 5049
object 12 18 left 5048
object 12 18 right 5049
object 13 18 left 5048
object 13 18 right 5049
object 14 18 left 4992
object 14 18 right 4993
object 15 18 left 4990
object 15 18 right 4991
object 21 18 left 5062
object 22 18 left 5063
object 22 18 right 5064
object 24 18 right 5065
object 38 18 left 4978
object 38 18 right 4979
object 39 18 left 5048
object 39 18 right 5049
object 40 18 left 5048
object 40 18 right 5049
object 41 18 left 5048
object 41 18 right 5049
object 42 18 left 4930
object 42 18 right 4931
object 61 18 right 5065
object 70 18 left 4976
object 70 18 right 4977
object 71 18 left 5048
object 71 18 right 5049
object 72 18 left 5048
object 72 18 right 5049
object 73 18 left 5048
object 73 18 right 5049
object 74 18 left 5028
object 74 18 right 5029
object 75 18 left 5040
object 75 18 right 5041
object 99 18 left 4978
object 99 18 right 4979
object 0 19 left 5048
object 0 19 right 5049
object 1 19 left 5048
object 1 19 right 5049
object 2 19 left 5048
object 2 19 right 5049
object 3 19 left 5048
object 3 19 right 5049
object 4 19 left 5048
object 4 19 right 5049
object 5 19 left 5048
object 5 19 right 5049
object 6 19 left 5048
object 6 19 right 5049
object 7 19 left 5048
object 7 19 right 5049
object 8 19 left 5048
object 8 19 right 5049
object 9 19 left 5048
object 9 19 right 5049
object 10 19 left 5048
object 10 19 right 5049
object 11 19 left 5048
object 11 19 right 5049
object 12 19 left 5048
object 12 19 right 5049
object 13 19 left 5048
object 13 19 right 5049
object 14 19 left 5032
object 14 19 right 5033
object 15 19 left 5042
object 15 19 right 5043
object 22 19 right 5065
object 23 19 left 5062
object 24 19 left 5063
object 24 19 right 5064
object 38 19 left 4980
object 38 19 right 4981
object 39 19 left 5048
object 39 19 right 5049
object 40 19 left 5048
object 40 19 right 5049
object 41 19 left 5048
object 41 19 right 5049
object 42 19 left 4912
object 42 19 right 5205
object 59 19 right 5065
object 60 19 left 5062
object 61 19 left 5063
object 61 19 right 5064
object 70 19 left 4978
object 70 19 right 4979
object 71 19 left 5048
object 71 19 right 5049
object 72 19 left 5048
object 72 19 right 5049
object 73 19 left 5048
object 73 19 right 5049
object 74 19 left 4930
object 74 19 right 4931
object 99 19 left 4980
object 99 19 right 4981
object 0 20 left 5048
object 0 20 right 5049
object 1 20 left 5048
object 1 20 right 5049
object 2 20 left 5048
object 2 20 right 5049
object 3 20 left 5048
object 3 20 right 5049
object 4 20 left 5048
object 4 20 right 5049
object 5 20 left 5048
object 5 20 right 5049
object 6 20 left 5048
object 6 20 right 5049
object 7 20 left 5048
object 7 20 right 5049
object 8 20 left 5048
object 8 20 right 5049
object 9 20 left 5048
object 9 20 right 5049
object 10 20 left 5048
object 10 20 right 5049
object 11 20 left 5048
object 11 20 right 5049
object 12 20 left 5048
object 12 20 right 5049
object 13 20 left 5028
object 13 20 right 5029
object 14 20 left 5044
object 14 20 right 5045
object 21 20 left 5062
object 22 20 left 5063
object 22 20 right 5064
object 23 20 left 5054
object 23 20 right 5055
object 38 20 left 4976
object 38 20 right 4977
object 39 20 left 5048
object 39 20 right 5049
object 40 20 left 5048
object 40 20 right 5049
object 41 20 left 5048
object 41 20 right 5049
object 42 20 left 4922
object 42 20 right 5204
object 55 20 right 5065
object 58 20 left 5062
object 59 20 left 5063
object 59 20 right 5064
object 70 20 left 4980
object 70 20 right 4981
object 71 20 left 5048
object 71 20 right 5049
object 72 20 left 5048
object 72 20 right 5049
object 73 20 left 5048
object 73 20 right 5049
object 74 20 left 4912
object 74 20 right 5213
object 99 20 left 4974
object 99 20 right 4975
object 0 21 left 5048
object 0 21 right 5049
object 1 21 left 5048
object 1 21 right 5049
object 2 21 left 5048
object 2 21 right 5049
object 3 21 left 5048
object 3 21 right 5049
object 4 21 left 5048
object 4 21 right 5049
object 5 21 left 5048
object 5 21 right 5049
object 6 21 left 5048
object 6 21 right 5049
object 7 21 left 5048
object 7 21 right 5049
object 8 21 left 5048
object 8 21 right 5049
object 9 21 left 5048
object 9 21 right 5049
object 10 21 left 5048
object 10 21 right 5049
object 11 21 left 5048
object 11 21 right 5049
object 12 21 left 5030
object 12 21 right 5031
object 13 21 left 5042
object 13 21 right 5043
object 21 21 right 5065
object 23 21 right 5065
object 37 21 left 5020
object 37 21 right 5021
object 38 21 left 5026
object 38 21 right 5027
object 39 21 left 5048
object 39 21 right 5049
object 40 21 left 5048
object 40 21 right 5049
object 41 21 left 5048
object 41 21 right 5049
object 42 21 left 5202
object 42 21 right 5203
object 54 21 left 5062
object 55 21 left 5063
object 55 21 right 5064
object 70 21 left 4976
object 70 21 right 4977
object 71 21 left 5048
object 71 21 right 5049
object 72 21 left 5048
object 72 21 right 5049
object 73 21 left 5048
object 73 21 right 5049
object 74 21 left 4922
object 74 21 right 5212
object 98 21 left 5016
object 98 21 right 5017
object 99 21 left 5022
object 99 21 right 5023
object 0 22 left 5048
object 0 22 right 5049
object 1 22 left 5048
object 1 22 right 5049
object 2 22 left 5048
object 2 22 right 5049
object 3 22 left 5048
object 3 22 right 5049
object 4 22 left 5048
object 4 22 right 5049
object 5 22 left 5048
object 5 22 right 5049
object 6 22 left 5048
object 6 22 right 5049
object 7 22 left 5048
object 7 22 right 5049
object 8 22 left 5048
object 8 22 right 5049
object 9 22 left 5048
object 9 22 right 5049
object 10 22 left 5048
object 10 22 right 5049
object 11 22 left 5028
object 11 22 right 5029
object 12 22 left 5040
object 12 22 right 5041
object 20 22 left 5062
object 21 22 left 5063
object 21 22 right 5064
object 22 22 left 5062
object 23 22 left 5063
object 23 22 right 5064
object 36 22 left 5018
object 36 22 right 5019
object 37 22 left 5024
object 37 22 right 5025
object 38 22 left 5048
object 38 22 right 5049
object 39 22 left 5048
object 39 22 right 5049
object 40 22 left 5048
object 40 22 right 5049
object 41 22 left 5028
object 41 22 right 5029
object 42 22 left 5044
object 42 22 right 5045
object 54 22 right 5065
object 69 22 left 5020
object 69 22 right 5021
object 70 22 left 5026
object 70 22 right 5027
object 71 22 left 5048
object 71 22 right 5049
object 72 22 left 5048
object 72 22 right 5049
object 73 22 left 5048
object 73 22 right 5049
object 74 22 left 5210
object 74 22 right 5211
object 97 22 left 5018
object 97 22 right 5019
object 98 22 left 5024
object 98 22 right 5025
object 99 22 left 5048
object 99 22 right 5049
object 0 23 left 5048
object 0 23 right 5049
object 1 23 left 5048
object 1 23 right 5049
object 2 23 left 5048
object 2 23 right 5049
object 3 23 left 5048
object 3 23 right 5049
object 4 23 left 5048
object 4 23 right 5049
object 5 23 left 5048
object 5 23 right 5049
object 6 23 left 5048
object 6 23 right 5049
object 7 23 left 5048
object 7 23 right 5049
object 8 23 left 5048
object 8 23 right 5049
object 9 23 left 5048
object 9 23 right 5049
object 10 23 left 5028
object 10 23 right 5029
object 11 23 left 5044
object 11 23 right 5045
object 35 23 left 5016
object 35 23 right 5017
object 36 23 left 5022
object 36 23 right 5023
object 37 23 left 5048
object 37 23 right 5049
object 38 23 left 5048
object 38 23 right 5049
object 39 23 left 5048
object 39 23 right 5049
object 40 23 left 5032
object 40 23 right 5033
object 41 23 left 5042
object 41 23 right 5043
object 53 23 left 5062
object 54 23 left 5063
object 54 23 right 5064
object 68 23 left 5018
object 68 23 right 5019
object 69 23 left 5024
object 69 23 right 5025
object 70 23 left 5048
object 70 23 right 5049
object 71 23 left 5048
object 71 23 right 5049
object 72 23 left 5048
object 72 23 right 5049
object 73 23 left 5028
object 73 23 right 5029
object 74 23 left 5044
object 74 23 right 5045
object 97 23 left 4976
object 97 23 right 4977
object 98 23 left 5048
object 98 23 right 5049
object 99 23 left 5048
object 99 23 right 5049
object 0 24 left 5048
object 0 24 right 5049
object 1 24 left 5048
object 1 24 right 5049
object 2 24 left 5048
object 2 24 right 5049
object 3 24 left 5048
object 3 24 right 5049
object 4 24 left 5048
object 4 24 right 5049
object 5 24 left 5048
object 5 24 right 5049
object 6 24 left 5048
object 6 24 right 5049
object 7 24 left 5048
object 7 24 right 5049
object 8 24 left 5048
object 8 24 right 5049
object 9 24 left 5048
object 9 24 right 5049
object 10 24 left 4928
object 10 24 right 4929
object 35 24 left 4974
object 35 24 right 4975
object 36 24 left 5048
object 36 24 right 5049
object 37 24 left 5048
object 37 24 right 5049
object 38 24 left 5048
object 38 24 right 5049
object 39 24 left 5030
object 39 24 right 5031
object 40 24 left 5040
object 40 24 right 5041
object 67 24 left 5016
object 67 24 right 5017
object 68 24 left 5022
object 68 24 right 5023
object 69 24 left 5048
object 69 24 right 5049
object 70 24 left 5048
object 70 24 right 5049
object 71 24 left 5048
object 71 24 right 5049
object 72 24 left 5032
object 72 24 right 5033
object 73 24 left 5042
object 73 24 right 5043
object 97 24 left 4978
object 97 24 right 4979
object 98 24 left 5048
object 98 24 right 5049
object 99 24 left 5048
object 99 24 right 5049
object 0 25 left 5048
object 0 25 right 5049
object 1 25 left 5048
object 1 25 right 5049
object 2 25 left 5048
object 2 25 right 5049
object 3 25 left 5048
object 3 25 right 5049
object 4 25 left 5048
object 4 25 right 5049
object 5 25 left 5048
object 5 25 right 5049
object 6 25 left 5048
object 6 25 right 5049
object 7 25 left 5048
object 7 25 right 5049
object 8 25 left 5048
object 8 25 right 5049
object 9 25 left 5048
object 9 25 right 5049
object 10 25 left 4912
object 10 25 right 5213
object 35 25 left 4972
object 35 25 right 4973
object 36 25 left 5048
object 36 25 right 5049
object 37 25 left 5048
object 37 25 right 5049
object 38 25 left 5048
object 38 25 right 5049
object 39 25 left 4910
object 39 25 right 4911
object 67 25 left 4974
object 67 25 right 4975
object 68 25 left 5048
object 68 25 right 5049
object 69 25 left 5048
object 69 25 right 5049
object 70 25 left 5048
object 70 25 right 5049
object 71 25 left 5030
object 71 25 right 5031
object 72 25 left 5040
object 72 25 right 5041
object 97 25 left 4980
object 97 25 right 4981
object 98 25 left 5048
object 98 25 right 5049
object 99 25 left 5048
object 99 25 right 5049
object 0 26 left 5048
object 0 26 right 5049
object 1 26 left 5048
object 1 26 right 5049
object 2 26 left 5048
object 2 26 right 5049
object 3 26 left 5048
object 3 26 right 5049
object 4 26 left 5048
object 4 26 right 5049
object 5 26 left 5048
object 5 26 right 5049
object 6 26 left 5048
object 6 26 right 5049
object 7 26 left 5048
object 7 26 right 5049
object 8 26 left 5048
object 8 26 right 5049
object 9 26 left 5048
object 9 26 right 5049
object 10 26 left 4920
object 10 26 right 5212
object 35 26 left 4976
object 35 26 right 4977
object 36 26 left 5048
object 36 26 right 5049
object 37 26 left 5048
object 37 26 right 5049
object 38 26 left 5048
object 38 26 right 5049
object 39 26 left 4920
object 39 26 right 4921
object 67 26 left 4972
object 67 26 right 4973
object 68 26 left 5048
object 68 26 right 5049
object 69 26 left 5048
object 69 26 right 5049
object 70 26 left 5048
object 70 26 right 5049
object 71 26 left 4910
object 71 26 right 4911
object 97 26 left 4972
object 97 26 right 4973
object 98 26 left 5048
object 98 26 right 5049
object 99 26 left 5048
object 99 26 right 5049
object 0 27 left 5048
object 0 27 right 5049
object 1 27 left 5048
object 1 27 right 5049
object 2 27 left 5048
object 2 27 right 5049
object 3 27 left 5048
object 3 27 right 5049
object 4 27 left 5048
object 4 27 right 5049
object 5 27 left 5048
object 5 27 right 5049
object 6 27 left 5048
object 6 27 right 5049
object 7 27 left 5048
object 7 27 right 5049
object 8 27 left 5048
object 8 27 right 5049
object 9 27 left 5048
object 9 27 right 5049
object 10 27 left 5210
object 10 27 right 5211
object 35 27 left 4978
object 35 27 right 4979
object 36 27 left 5048
object 36 27 right 5049
object 37 27 left 5048
object 37 27 right 5049
object 38 27 left 5048
object 38 27 right 5049
object 39 27 left 4930
object 39 27 right 4931
object 67 27 left 4976
object 67 27 right 4977
object 68 27 left 5048
object 68 27 right 5049
object 69 27 left 5048
object 69 27 right 5049
object 70 27 left 5048
object 70 27 right 5049
object 71 27 left 4920
object 71 27 right 4921
object 97 27 left 4976
object 97 27 right 4977
object 98 27 left 5048
object 98 27 right 5049
object 99 27 left 5048
object 99 27 right 5049
object 0 28 left 5048
object 0 28 right 5049
object 1 28 left 5048
object 1 28 right 5049
object 2 28 left 5048
object 2 28 right 5049
object 3 28 left 5048
object 3 28 right 5049
object 4 28 left 5048
object 4 28 right 5049
object 5 28 left 5048
object 5 28 right 5049
object 6 28 left 5048
object 6 28 right 5049
object 7 28 left 5048
object 7 28 right 5049
object 8 28 left 5048
object 8 28 right 5049
object 9 28 left 5048
object 9 28 right 5049
object 10 28 left 4912
object 10 28 right 4913
object 35 28 left 4976
object 35 28 right 4977
object 36 28 left 5048
object 36 28 right 5049
object 37 28 left 5048
object 37 28 right 5049
object 38 28 left 5048
object 38 28 right 5049
object 39 28 left 4912
object 39 28 right 5213
object 67 28 left 4978
object 67 28 right 4979
object 68 28 left 5048
object 68 28 right 5049
object 69 28 left 5048
object 69 28 right 5049
object 70 28 left 5048
object 70 28 right 5049
object 71 28 left 4930
object 71 28 right 4931
object 96 28 left 5016
object 96 28 right 5017
object 97 28 left 5022
object 97 28 right 5023
object 98 28 left 5048
object 98 28 right 5049
object 99 28 left 5048
object 99 28 right 5049
object 0 29 left 5048
object 0 29 right 5049
object 1 29 left 5048
object 1 29 right 5049
object 2 29 left 5048
object 2 29 right 5049
object 3 29 left 5048
object 3 29 right 5049
object 4 29 left 5048
object 4 29 right 5049
object 5 29 left 5048
object 5 29 right 5049
object 6 29 left 5048
object 6 29 right 5049
object 7 29 left 5048
object 7 29 right 5049
object 8 29 left 5048
object 8 29 right 5049
object 9 29 left 5048
object 9 29 right 5049
object 10 29 left 4998
object 10 29 right 4999
object 11 29 left 4970
object 11 29 right 4971
object 12 29 left 4962
object 12 29 right 4963
object 13 29 left 4934
object 13 29 right 4935
object 34 29 left 5020
object 34 29 right 5021
object 35 29 left 5026
object 35 29 right 5027
object 36 29 left 5048
object 36 29 right 5049
object 37 29 left 5048
object 37 29 right 5049
object 38 29 left 5048
object 38 29 right 5049
object 39 29 left 4922
object 39 29 right 5212
object 67 29 left 4976
object 67 29 right 4977
object 68 29 left 5048
object 68 29 right 5049
object 69 29 left 5048
object 69 29 right 5049
object 70 29 left 5048
object 70 29 right 5049
object 71 29 left 4912
object 71 29 right 5205
object 95 29 left 5018
object 95 29 right 5019
object 96 29 left 5024
object 96 29 right 5025
object 97 29 left 5048
object 97 29 right 5049
object 98 29 left 5048
object 98 29 right 5049
object 99 29 left 5048
object 99 29 right 5049
object 0 30 left 5048
object 0 30 right 5049
object 1 30 left 5048
object 1 30 right 5049
object 2 30 left 5048
object 2 30 right 5049
object 3 30 left 5048
object 3 30 right 5049
object 4 30 left 5048
object 4 30 right 5049
object 5 30 left 5048
object 5 30 right 5049
object 6 30 left 5048
object 6 30 right 5049
object 7 30 left 5048
object 7 30 right 5049
object 8 30 left 5048
object 8 30 right 5049
object 9 30 left 5048
object 9 30 right 5049
object 10 30 left 5048
object 10 30 right 5049
object 11 30 left 5048
object 11 30 right 5049
object 12 30 left 5048
object 12 30 right 5049
object 13 30 left 4932
object 13 30 right 4933
object 33 30 left 5018
object 33 30 right 5019
object 34 30 left 5024
object 34 30 right 5025
object 35 30 left 5048
object 35 30 right 5049
object 36 30 left 5048
object 36 30 right 5049
object 37 30 left 5048
object 37 30 right 5049
object 38 30 left 5048
object 38 30 right 5049
object 39 30 left 5210
object 39 30 right 5211
object 66 30 left 5020
object 66 30 right 5021
object 67 30 left 5026
object 67 30 right 5027
object 68 30 left 5048
object 68 30 right 5049
object 69 30 left 5048
object 69 30 right 5049
object 70 30 left 5048
object 70 30 right 5049
object 71 30 left 4922
object 71 30 right 5204
object 94 30 left 5020
object 94 30 right 5021
object 95 30 left 5026
object 95 30 right 5027
object 96 30 left 5048
object 96 30 right 5049
object 97 30 left 5048
object 97 30 right 5049
object 98 30 left 5048
object 98 30 right 5049
object 99 30 left 5048
object 99 30 right 5049
object 0 31 left 5048
object 0 31 right 5049
object 1 31 left 5048
object 1 31 right 5049
object 2 31 left 5048
object 2 31 right 5049
object 3 31 left 5048
object 3 31 right 5049
object 4 31 left 5048
object 4 31 right 5049
object 5 31 left 5048
object 5 31 right 5049
object 6 31 left 5048
object 6 31 right 5049
object 7 31 left 5048
object 7 31 right 5049
object 8 31 left 5048
object 8 31 right 5049
object 9 31 left 5048
object 9 31 right 5049
object 10 31 left 5048
object 10 31 right 5049
object 11 31 left 5048
object 11 31 right 5049
object 12 31 left 5048
object 12 31 right 5049
object 13 31 left 4914
object 13 31 right 5205
object 32 31 left 5016
object 32 31 right 5017
object 33 31 left 5022
object 33 31 right 5023
object 34 31 left 5048
object 34 31 right 5049
object 35 31 left 5048
object 35 31 right 5049
object 36 31 left 5048
object 36 31 right 5049
object 37 31 left 5048
object 37 31 right 5049
object 38 31 left 5048
object 38 31 right 5049
object 39 31 left 4992
object 39 31 right 4993
object 40 31 left 4982
object 40 31 right 4983
object 65 31 left 5018
object 65 31 right 5019
object 66 31 left 5024
object 66 31 right 5025
object 67 31 left 5048
object 67 31 right 5049
object 68 31 left 5048
object 68 31 right 5049
object 69 31 left 5048
object 69 31 right 5049
object 70 31 left 5048
object 70 31 right 5049
object 71 31 left 5202
object 71 31 right 5203
object 93 31 left 5020
object 93 31 right 5021
object 94 31 left 5024
object 94 31 right 5025
object 95 31 left 5048
object 95 31 right 5049
object 96 31 left 5048
object 96 31 right 5049
object 97 31 left 5048
object 97 31 right 5049
object 98 31 left 5048
object 98 31 right 5049
object 99 31 left 5048
object 99 31 right 5049
object 0 32 left 5048
object 0 32 right 5049
object 1 32 left 5048
object 1 32 right 5049
object 2 32 left 5048
object 2 32 right 5049
object 3 32 left 5048
object 3 32 right 5049
object 4 32 left 5048
object 4 32 right 5049
object 5 32 left 5048
object 5 32 right 5049
object 6 32 left 5048
object 6 32 right 5049
object 7 32 left 5048
object 7 32 right 5049
object 8 32 left 5048
object 8 32 right 5049
object 9 32 left 5048
object 9 32 right 5049
object 10 32 left 5048
object 10 32 right 5049
object 11 32 left 5048
object 11 32 right 5049
object 12 32 left 5048
object 12 32 right 5049
object 13 32 left 4924
object 13 32 right 5204
object 32 32 left 4980
object 32 32 right 4981
object 33 32 left 5048
object 33 32 right 5049
object 34 32 left 5048
object 34 32 right 5049
object 35 32 left 5048
object 35 32 right 5049
object 36 32 left 5048
object 36 32 right 5049
object 37 32 left 5048
object 37 32 right 5049
object 38 32 left 5048
object 38 32 right 5049
object 39 32 left 5048
object 39 32 right 5049
object 40 32 left 4998
object 40 32 right 4999
object 41 32 left 4984
object 41 32 right 4985
object 64 32 left 5016
object 64 32 right 5017
object 65 32 left 5022
object 65 32 right 5023
object 66 32 left 5048
object 66 32 right 5049
object 67 32 left 5048
object 67 32 right 5049
object 68 32 left 5048
object 68 32 right 5049
object 69 32 left 5048
object 69 32 right 5049
object 70 32 left 5048
object 70 32 right 5049
object 71 32 left 4992
object 71 32 right 4993
object 72 32 left 4982
object 72 32 right 4983
object 93 32 left 4980
object 93 32 right 4981
object 94 32 left 5048
object 94 32 right 5049
object 95 32 left 5048
object 95 32 right 5049
object 96 32 left 5048
object 96 32 right 5049
object 97 32 left 5048
object 97 32 right 5049
object 98 32 left 5048
object 98 32 right 5049
object 99 32 left 5048
object 99 32 right 5049
object 0 33 left 5048
object 0 33 right 5049
object 1 33 left 5048
object 1 33 right 5049
object 2 33 left 5048
object 2 33 right 5049
object 3 33 left 5048
object 3 33 right 5049
object 4 33 left 5048
object 4 33 right 5049
object 5 33 left 5048
object 5 33 right 5049
object 6 33 left 5048
object 6 33 right 5049
object 7 33 left 5048
object 7 33 right 5049
object 8 33 left 5048
object 8 33 right 5049
object 9 33 left 5048
object 9 33 right 5049
object 10 33 left 5048
object 10 33 right 5049
object 11 33 left 5048
object 11 33 right 5049
object 12 33 left 5048
object 12 33 right 5049
object 13 33 left 5202
object 13 33 right 5203
object 32 33 left 4978
object 32 33 right 4979
object 33 33 left 5048
object 33 33 right 5049
object 34 33 left 5048
object 34 33 right 5049
object 35 33 left 5048
object 35 33 right 5049
object 36 33 left 5048
object 36 33 right 5049
object 37 33 left 5048
object 37 33 right 5049
object 38 33 left 5048
object 38 33 right 5049
object 39 33 left 5048
object 39 33 right 5049
object 40 33 left 5048
object 40 33 right 5049
object 41 33 left 4994
object 41 33 right 4995
object 42 33 left 4988
object 42 33 right 4989
object 64 33 left 4980
object 64 33 right 4981
object 65 33 left 5048
object 65 33 right 5049
object 66 33 left 5048
object 66 33 right 5049
object 67 33 left 5048
object 67 33 right 5049
object 68 33 left 5048
object 68 33 right 5049
object 69 33 left 5048
object 69 33 right 5049
object 70 33 left 5048
object 70 33 right 5049
object 71 33 left 5048
object 71 33 right 5049
object 72 33 left 4998
object 72 33 right 4999
object 73 33 left 4984
object 73 33 right 4985
object 93 33 left 4974
object 93 33 right 4975
object 94 33 left 5048
object 94 33 right 5049
object 95 33 left 5048
object 95 33 right 5049
object 96 33 left 5048
object 96 33 right 5049
object 97 33 left 5048
object 97 33 right 5049
object 98 33 left 5048
object 98 33 right 5049
object 99 33 left 5048
object 99 33 right 5049
object 0 34 left 5048
object 0 34 right 5049
object 1 34 left 5048
object 1 34 right 5049
object 2 34 left 5048
object 2 34 right 5049
object 3 34 left 5048
object 3 34 right 5049
object 4 34 left 5048
object 4 34 right 5049
object 5 34 left 5048
object 5 34 right 5049
object 6 34 left 5048
object 6 34 right 5049
object 7 34 left 5048
object 7 34 right 5049
object 8 34 left 5048
object 8 34 right 5049
object 9 34 left 5048
object 9 34 right 5049
object 10 34 left 5048
object 10 34 right 5049
object 11 34 left 5048
object 11 34 right 5049
object 12 34 left 5048
object 12 34 right 5049
object 13 34 left 4914
object 13 34 right 4915
object 32 34 left 4976
object 32 34 right 4977
object 33 34 left 5048
object 33 34 right 5049
object 34 34 left 5048
object 34 34 right 5049
object 35 34 left 5048
object 35 34 right 5049
object 36 34 left 5048
object 36 34 right 5049
object 37 34 left 5048
object 37 34 right 5049
object 38 34 left 5048
object 38 34 right 5049
object 39 34 left 5048
object 39 34 right 5049
object 40 34 left 5048
object 40 34 right 5049
object 41 34 left 5048
object 41 34 right 5049
object 42 34 left 4996
object 42 34 right 4997
object 43 34 left 4990
object 43 34 right 4991
object 52 34 right 5065
object 64 34 left 4978
object 64 34 right 4979
object 65 34 left 5048
object 65 34 right 5049
object 66 34 left 5048
object 66 34 right 5049
object 67 34 left 5048
object 67 34 right 5049
object 68 34 left 5048
object 68 34 right 5049
object 69 34 left 5048
object 69 34 right 5049
object 70 34 left 5048
object 70 34 right 5049
object 71 34 left 5048
object 71 34 right 5049
object 72 34 left 5048
object 72 34 right 5049
object 73 34 left 4994
object 73 34 right 4995
object 74 34 left 4988
object 74 34 right 4989
object 93 34 left 4976
object 93 34 right 4977
object 94 34 left 5048
object 94 34 right 5049
object 95 34 left 5048
object 95 34 right 5049
object 96 34 left 5048
object 96 34 right 5049
object 97 34 left 5048
object 97 34 right 5049
object 98 34 left 5048
object 98 34 right 5049
object 99 34 left 5048
object 99 34 right 5049
object 0 35 left 5048
object 0 35 right 5049
object 1 35 left 5048
object 1 35 right 5049
object 2 35 left 5048
object 2 35 right 5049
object 3 35 left 5048
object 3 35 right 5049
object 4 35 left 5048
object 4 35 right 5049
object 5 35 left 5048
object 5 35 right 5049
object 6 35 left 5048
object 6 35 right 5049
object 7 35 left 5048
object 7 35 right 5049
object 8 35 left 5048
object 8 35 right 5049
object 9 35 left 5048
object 9 35 right 5049
object 10 35 left 5048
object 10 35 right 5049
object 11 35 left 5048
object 11 35 right 5049
object 12 35 left 5048
object 12 35 right 5049
object 13 35 left 4924
object 13 35 right 4925
object 32 35 left 4974
object 32 35 right 4975
object 33 35 left 5048
object 33 35 right 5049
object 34 35 left 5048
object 34 35 right 5049
object 35 35 left 5048
object 35 35 right 5049
object 36 35 left 5048
object 36 35 right 5049
object 37 35 left 5048
object 37 35 right 5049
object 38 35 left 5048
object 38 35 right 5049
object 39 35 left 5048
object 39 35 right 5049
object 40 35 left 5048
object 40 35 right 5049
object 41 35 left 5048
object 41 35 right 5049
object 42 35 left 5048
object 42 35 right 5049
object 43 35 left 4918
object 43 35 right 4919
object 51 35 left 5062
object 52 35 left 5063
object 52 35 right 5064
object 64 35 left 4976
object 64 35 right 4977
object 65 35 left 5048
object 65 35 right 5049
object 66 35 left 5048
object 66 35 right 5049
object 67 35 left 5048
object 67 35 right 5049
object 68 35 left 5048
object 68 35 right 5049
object 69 35 left 5048
object 69 35 right 5049
object 70 35 left 5048
object 70 35 right 5049
object 71 35 left 5048
object 71 35 right 5049
object 72 35 left 5048
object 72 35 right 5049
object 73 35 left 5048
object 73 35 right 5049
object 74 35 left 4996
object 74 35 right 4997
object 75 35 left 4990
object 75 35 right 4991
object 93 35 left 4978
object 93 35 right 4979
object 94 35 left 5048
object 94 35 right 5049
object 95 35 left 5048
object 95 35 right 5049
object 96 35 left 5048
object 96 35 right 5049
object 97 35 left 5048
object 97 35 right 5049
object 98 35 left 5048
object 98 35 right 5049
object 99 35 left 5048
object 99 35 right 5049
object 0 36 left 5048
object 0 36 right 5049
object 1 36 left 5048
object 1 36 right 5049
object 2 36 left 5048
object 2 36 right 5049
object 3 36 left 5048
object 3 36 right 5049
object 4 36 left 5048
object 4 36 right 5049
object 5 36 left 5048
object 5 36 right 5049
object 6 36 left 5048
object 6 36 right 5049
object 7 36 left 5048
object 7 36 right 5049
object 8 36 left 5048
object 8 36 right 5049
object 9 36 left 5048
object 9 36 right 5049
object 10 36 left 5048
object 10 36 right 5049
object 11 36 left 5048
object 11 36 right 5049
object 12 36 left 5028
object 12 36 right 5029
object 13 36 left 5042
object 13 36 right 5043
object 31 36 left 5018
object 31 36 right 5019
object 32 36 left 5026
object 32 36 right 5027
object 33 36 left 5048
object 33 36 right 5049
object 34 36 left 5048
object 34 36 right 5049
object 35 36 left 5048
object 35 36 right 5049
object 36 36 left 5048
object 36 36 right 5049
object 37 36 left 5048
object 37 36 right 5049
object 38 36 left 5048
object 38 36 right 5049
object 39 36 left 5048
object 39 36 right 5049
object 40 36 left 5048
object 40 36 right 5049
object 41 36 left 5048
object 41 36 right 5049
object 42 36 left 5048
object 42 36 right 5049
object 43 36 left 4930
object 43 36 right 4931
object 51 36 right 5065
object 53 36 right 5065
object 64 36 left 4974
object 64 36 right 4975
object 65 36 left 5048
object 65 36 right 5049
object 66 36 left 5048
object 66 36 right 5049
object 67 36 left 5048
object 67 36 right 5049
object 68 36 left 5048
object 68 36 right 5049
object 69 36 left 5048
object 69 36 right 5049
object 70 36 left 5048
object 70 36 right 5049
object 71 36 left 5048
object 71 36 right 5049
object 72 36 left 5048
object 72 36 right 5049
object 73 36 left 5048
object 73 36 right 5049
object 74 36 left 5048
object 74 36 right 5049
object 75 36 left 4918
object 75 36 right 4919
object 86 36 right 5065
object 93 36 left 4972
object 93 36 right 4973
object 94 36 left 5048
object 94 36 right 5049
object 95 36 left 5048
object 95 36 right 5049
object 96 36 left 5048
object 96 36 right 5049
object 97 36 left 5048
object 97 36 right 5049
object 98 36 left 5048
object 98 36 right 5049
object 99 36 left 5048
object 99 36 right 5049
object 0 37 left 5048
object 0 37 right 5049
object 1 37 left 5048
object 1 37 right 5049
object 2 37 left 5048
object 2 37 right 5049
object 3 37 left 5048
object 3 37 right 5049
object 4 37 left 5048
object 4 37 right 5049
object 5 37 left 5048
object 5 37 right 5049
object 6 37 left 5048
object 6 37 right 5049
object 7 37 left 5048
object 7 37 right 5049
object 8 37 left 5048
object 8 37 right 5049
object 9 37 left 5048
object 9 37 right 5049
object 10 37 left 5048
object 10 37 right 5049
object 11 37 left 5030
object 11 37 right 5031
object 12 37 left 5044
object 12 37 right 5045
object 30 37 left 5016
object 30 37 right 5017
object 31 37 left 5022
object 31 37 right 5023
object 32 37 left 5048
object 32 37 right 5049
object 33 37 left 5048
object 33 37 right 5049
object 34 37 left 5048
object 34 37 right 5049
object 35 37 left 5048
object 35 37 right 5049
object 36 37 left 5048
object 36 37 right 5049
object 37 37 left 5048
object 37 37 right 5049
object 38 37 left 5048
object 38 37 right 5049
object 39 37 left 5048
object 39 37 right 5049
object 40 37 left 5048
object 40 37 right 5049
object 41 37 left 5048
object 41 37 right 5049
object 42 37 left 5048
object 42 37 right 5049
object 43 37 left 4916
object 43 37 right 5205
object 50 37 left 5062
object 51 37 left 5063
object 51 37 right 5064
object 52 37 left 5062
object 53 37 left 5063
object 53 37 right 5064
object 63 37 left 5018
object 63 37 right 5019
object 64 37 left 5026
object 64 37 right 5027
object 65 37 left 5048
object 65 37 right 5049
object 66 37 left 5048
object 66 37 right 5049
object 67 37 left 5048
object 67 37 right 5049
object 68 37 left 5048
object 68 37 right 5049
object 69 37 left 5048
object 69 37 right 5049
object 70 37 left 5048
object 70 37 right 5049
object 71 37 left 5048
object 71 37 right 5049
object 72 37 left 5048
object 72 37 right 5049
object 73 37 left 5048
object 73 37 right 5049
object 74 37 left 5048
object 74 37 right 5049
object 75 37 left 4930
object 75 37 right 4931
object 84 37 right 5065
object 85 37 left 5062
object 86 37 left 5063
object 86 37 right 5064
object 93 37 left 4974
object 93 37 right 4975
object 94 37 left 5048
object 94 37 right 5049
object 95 37 left 5048
object 95 37 right 5049
object 96 37 left 5048
object 96 37 right 5049
object 97 37 left 5048
object 97 37 right 5049
object 98 37 left 5048
object 98 37 right 5049
object 99 37 left 5048
object 99 37 right 5049
object 0 38 left 5048
object 0 38 right 5049
object 1 38 left 5048
object 1 38 right 5049
object 2 38 left 5048
object 2 38 right 5049
object 3 38 left 5048
object 3 38 right 5049
object 4 38 left 5048
object 4 38 right 5049
object 5 38 left 5048
object 5 38 right 5049
object 6 38 left 5048
object 6 38 right 5049
object 7 38 left 5048
object 7 38 right 5049
object 8 38 left 5048
object 8 38 right 5049
object 9 38 left 5048
object 9 38 right 5049
object 10 38 left 5032
object 10 38 right 5033
object 11 38 left 5040
object 11 38 right 5041
object 30 38 left 4974
object 30 38 right 4975
object 31 38 left 5048
object 31 38 right 5049
object 32 38 left 5048
object 32 38 right 5049
object 33 38 left 5048
object 33 38 right 5049
object 34 38 left 5048
object 34 38 right 5049
object 35 38 left 5048
object 35 38 right 5049
object 36 38 left 5048
object 36 38 right 5049
object 37 38 left 5048
object 37 38 right 5049
object 38 38 left 5048
object 38 38 right 5049
object 39 38 left 5048
object 39 38 right 5049
object 40 38 left 5048
object 40 38 right 5049
object 41 38 left 5048
object 41 38 right 5049
object 42 38 left 5048
object 42 38 right 5049
object 43 38 left 4922
object 43 38 right 5204
object 52 38 right 5065
object 62 38 left 5016
object 62 38 right 5017
object 63 38 left 5022
object 63 38 right 5023
object 64 38 left 5048
object 64 38 right 5049
object 65 38 left 5048
object 65 38 right 5049
object 66 38 left 5048
object 66 38 right 5049
object 67 38 left 5048
object 67 38 right 5049
object 68 38 left 5048
object 68 38 right 5049
object 69 38 left 5048
object 69 38 right 5049
object 70 38 left 5048
object 70 38 right 5049
object 71 38 left 5048
object 71 38 right 5049
object 72 38 left 5048
object 72 38 right 5049
object 73 38 left 5048
object 73 38 right 5049
object 74 38 left 5048
object 74 38 right 5049
object 75 38 left 4916
object 75 38 right 5213
object 83 38 left 5062
object 84 38 left 5063
object 84 38 right 5064
object 86 38 right 5065
object 93 38 left 4976
object 93 38 right 4977
object 94 38 left 5048
object 94 38 right 5049
object 95 38 left 5048
object 95 38 right 5049
object 96 38 left 5048
object 96 38 right 5049
object 97 38 left 5048
object 97 38 right 5049
object 98 38 left 5048
object 98 38 right 5049
object 99 38 left 5048
object 99 38 right 5049
object 0 39 left 5048
object 0 39 right 5049
object 1 39 left 5048
object 1 39 right 5049
object 2 39 left 5048
object 2 39 right 5049
object 3 39 left 5048
object 3 39 right 5049
object 4 39 left 5048
object 4 39 right 5049
object 5 39 left 5048
object 5 39 right 5049
object 6 39 left 5048
object 6 39 right 5049
object 7 39 left 5048
object 7 39 right 5049
object 8 39 left 5048
object 8 39 right 5049
object 9 39 left 5032
object 9 39 right 5033
object 10 39 left 5040
object 10 39 right 5041
object 30 39 left 4976
object 30 39 right 4977
object 31 39 left 5048
object 31 39 right 5049
object 32 39 left 5048
object 32 39 right 5049
object 33 39 left 5048
object 33 39 right 5049
object 34 39 left 5048
object 34 39 right 5049
object 35 39 left 5048
object 35 39 right 5049
object 36 39 left 5048
object 36 39 right 5049
object 37 39 left 5048
object 37 39 right 5049
object 38 39 left 5048
object 38 39 right 5049
object 39 39 left 5048
object 39 39 right 5049
object 40 39 left 5048
object 40 39 right 5049
object 41 39 left 5048
object 41 39 right 5049
object 42 39 left 5048
object 42 39 right 5049
object 43 39 left 5202
object 43 39 right 5203
object 51 39 left 5062
object 52 39 left 5063
object 52 39 right 5064
object 62 39 left 4974
object 62 39 right 4975
object 63 39 left 5048
object 63 39 right 5049
object 64 39 left 5048
object 64 39 right 5049
object 65 39 left 5048
object 65 39 right 5049
object 66 39 left 5048
object 66 39 right 5049
object 67 39 left 5048
object 67 39 right 5049
object 68 39 left 5048
object 68 39 right 5049
object 69 39 left 5048
object 69 39 right 5049
object 70 39 left 5048
object 70 39 right 5049
object 71 39 left 5048
object 71 39 right 5049
object 72 39 left 5048
object 72 39 right 5049
object 73 39 left 5048
object 73 39 right 5049
object 74 39 left 5048
object 74 39 right 5049
object 75 39 left 4922
object 75 39 right 5212
object 84 39 right 5065
object 85 39 left 5062
object 86 39 left 5063
object 86 39 right 5064
object 93 39 left 4952
object 93 39 right 4953
object 94 39 left 5010
object 94 39 right 5011
object 95 39 left 5048
object 95 39 right 5049
object 96 39 left 5048
object 96 39 right 5049
object 97 39 left 5048
object 97 39 right 5049
object 98 39 left 5048
object 98 39 right 5049
object 99 39 left 5048
object 99 39 right 5049
object 0 40 left 5048
object 0 40 right 5049
object 1 40 left 5048
object 1 40 right 5049
object 2 40 left 5048
object 2 40 right 5049
object 3 40 left 5048
object 3 40 right 5049
object 4 40 left 5048
object 4 40 right 5049
object 5 40 left 5048
object 5 40 right 5049
object 6 40 left 5048
object 6 40 right 5049
object 7 40 left 5048
object 7 40 right 5049
object 8 40 left 5048
object 8 40 right 5049
object 9 40 left 4916
object 9 40 right 5213
object 30 40 left 4952
object 30 40 right 4953
object 31 40 left 5008
object 31 40 right 5009
object 32 40 left 5048
object 32 40 right 5049
object 33 40 left 5048
object 33 40 right 5049
object 34 40 left 5048
object 34 40 right 5049
object 35 40 left 5048
object 35 40 right 5049
object 36 40 left 5048
object 36 40 right 5049
object 37 40 left 5048
object 37 40 right 5049
object 38 40 left 5048
object 38 40 right 5049
object 39 40 left 5048
object 39 40 right 5049
object 40 40 left 5048
object 40 40 right 5049
object 41 40 left 5048
object 41 40 right 5049
object 42 40 left 5048
object 42 40 right 5049
object 43 40 left 4914
object 43 40 right 4915
object 53 40 right 5065
object 62 40 left 4976
object 62 40 right 4977
object 63 40 left 5048
object 63 40 right 5049
object 64 40 left 5048
object 64 40 right 5049
object 65 40 left 5048
object 65 40 right 5049
object 66 40 left 5048
object 66 40 right 5049
object 67 40 left 5048
object 67 40 right 5049
object 68 40 left 5048
object 68 40 right 5049
object 69 40 left 5048
object 69 40 right 5049
object 70 40 left 5048
object 70 40 right 5049
object 71 40 left 5048
object 71 40 right 5049
object 72 40 left 5048
object 72 40 right 5049
object 73 40 left 5048
object 73 40 right 5049
object 74 40 left 5048
object 74 40 right 5049
object 75 40 left 5210
object 75 40 right 5211
object 83 40 left 5062
object 84 40 left 5063
object 84 40 right 5064
object 94 40 left 5006
object 94 40 right 5007
object 95 40 left 5010
object 95 40 right 5011
object 96 40 left 5048
object 96 40 right 5049
object 97 40 left 5048
object 97 40 right 5049
object 98 40 left 5048
object 98 40 right 5049
object 99 40 left 5048
object 99 40 right 5049
object 0 41 left 5048
object 0 41 right 5049
object 1 41 left 5048
object 1 41 right 5049
object 2 41 left 5048
object 2 41 right 5049
object 3 41 left 5048
object 3 41 right 5049
object 4 41 left 5048
object 4 41 right 5049
object 5 41 left 5048
object 5 41 right 5049
object 6 41 left 5048
object 6 41 right 5049
object 7 41 left 5048
object 7 41 right 5049
object 8 41 left 5048
object 8 41 right 5049
object 9 41 left 4918
object 9 41 right 5212
object 22 41 right 5065
object 31 41 left 5000
object 31 41 right 5001
object 32 41 left 5010
object 32 41 right 5011
object 33 41 left 5048
object 33 41 right 5049
object 34 41 left 5048
object 34 41 right 5049
object 35 41 left 5048
object 35 41 right 5049
object 36 41 left 5048
object 36 41 right 5049
object 37 41 left 5048
object 37 41 right 5049
object 38 41 left 5048
object 38 41 right 5049
object 39 41 left 5048
object 39 41 right 5049
object 40 41 left 5048
object 40 41 right 5049
object 41 41 left 5048
object 41 41 right 5049
object 42 41 left 5048
object 42 41 right 5049
object 43 41 left 4920
object 43 41 right 4921
object 52 41 left 5062
object 53 41 left 5063
object 53 41 right 5064
object 62 41 left 4952
object 62 41 right 4953
object 63 41 left 5008
object 63 41 right 5009
object 64 41 left 5048
object 64 41 right 5049
object 65 41 left 5048
object 65 41 right 5049
object 66 41 left 5048
object 66 41 right 5049
object 67 41 left 5048
object 67 41 right 5049
object 68 41 left 5048
object 68 41 right 5049
object 69 41 left 5048
object 69 41 right 5049
object 70 41 left 5048
object 70 41 right 5049
object 71 41 left 5048
object 71 41 right 5049
object 72 41 left 5048
object 72 41 right 5049
object 73 41 left 5048
object 73 41 right 5049
object 74 41 left 5048
object 74 41 right 5049
object 75 41 left 4914
object 75 41 right 4915
object 95 41 left 5000
object 95 41 right 5001
object 96 41 left 5012
object 96 41 right 5013
object 97 41 left 5048
object 97 41 right 5049
object 98 41 left 5048
object 98 41 right 5049
object 99 41 left 5048
object 99 41 right 5049
object 0 42 left 5048
object 0 42 right 5049
object 1 42 left 5048
object 1 42 right 5049
object 2 42 left 5048
object 2 42 right 5049
object 3 42 left 5048
object 3 42 right 5049
object 4 42 left 5048
object 4 42 right 5049
object 5 42 left 5048
object 5 42 right 5049
object 6 42 left 5048
object 6 42 right 5049
object 7 42 left 5048
object 7 42 right 5049
object 8 42 left 5048
object 8 42 right 5049
object 9 42 left 5210
object 9 42 right 5211
object 20 42 right 5065
object 21 42 left 5062
object 22 42 left 5063
object 22 42 right 5064
object 32 42 left 5002
object 32 42 right 5003
object 33 42 left 5012
object 33 42 right 5013
object 34 42 left 5048
object 34 42 right 5049
object 35 42 left 5048
object 35 42 right 5049
object 36 42 left 5048
object 36 42 right 5049
object 37 42 left 5048
object 37 42 right 5049
object 38 42 left 5048
object 38 42 right 5049
object 39 42 left 5048
object 39 42 right 5049
object 40 42 left 5048
object 40 42 right 5049
object 41 42 left 5048
object 41 42 right 5049
object 42 42 left 5048
object 42 42 right 5049
object 43 42 left 4926
object 43 42 right 4927
object 63 42 left 5000
object 63 42 right 5001
object 64 42 left 5010
object 64 42 right 5011
object 65 42 left 5048
object 65 42 right 5049
object 66 42 left 5048
object 66 42 right 5049
object 67 42 left 5048
object 67 42 right 5049
object 68 42 left 5048
object 68 42 right 5049
object 69 42 left 5048
object 69 42 right 5049
object 70 42 left 5048
object 70 42 right 5049
object 71 42 left 5048
object 71 42 right 5049
object 72 42 left 5048
object 72 42 right 5049
object 73 42 left 5048
object 73 42 right 5049
object 74 42 left 5048
object 74 42 right 5049
object 75 42 left 4920
object 75 42 right 4921
object 96 42 left 5006
object 96 42 right 5007
object 97 42 left 5008
object 97 42 right 5009
object 98 42 left 5048
object 98 42 right 5049
object 99 42 left 5048
object 99 42 right 5049
object 0 43 left 5048
object 0 43 right 5049
object 1 43 left 5048
object 1 43 right 5049
object 2 43 left 5048
object 2 43 right 5049
object 3 43 left 5048
object 3 43 right 5049
object 4 43 left 5048
object 4 43 right 5049
object 5 43 left 5048
object 5 43 right 5049
object 6 43 left 5048
object 6 43 right 5049
object 7 43 left 5048
object 7 43 right 5049
object 8 43 left 5048
object 8 43 right 5049
object 9 43 left 4916
object 9 43 right 4917
object 19 43 left 5062
object 20 43 left 5063
object 20 43 right 5064
object 22 43 right 5065
object 33 43 left 5004
object 33 43 right 5005
object 34 43 left 5014
object 34 43 right 5015
object 35 43 left 5048
object 35 43 right 5049
object 36 43 left 5048
object 36 43 right 5049
object 37 43 left 5048
object 37 43 right 5049
object 38 43 left 5048
object 38 43 right 5049
object 39 43 left 5048
object 39 43 right 5049
object 40 43 left 5048
object 40 43 right 5049
object 41 43 left 5048
object 41 43 right 5049
object 42 43 left 5048
object 42 43 right 5049
object 43 43 left 4996
object 43 43 right 4997
object 44 43 left 4986
object 44 43 right 4987
object 64 43 left 5002
object 64 43 right 5003
object 65 43 left 5012
object 65 43 right 5013
object 66 43 left 5048
object 66 43 right 5049
object 67 43 left 5048
object 67 43 right 5049
object 68 43 left 5048
object 68 43 right 5049
object 69 43 left 5048
object 69 43 right 5049
object 70 43 left 5048
object 70 43 right 5049
object 71 43 left 5048
object 71 43 right 5049
object 72 43 left 5048
object 72 43 right 5049
object 73 43 left 5048
object 73 43 right 5049
object 74 43 left 5048
object 74 43 right 5049
object 75 43 left 4926
object 75 43 right 4927
object 97 43 left 5000
object 97 43 right 5001
object 98 43 left 5010
object 98 43 right 5011
object 99 43 left 5048
object 99 43 right 5049
object 0 44 left 5048
object 0 44 right 5049
object 1 44 left 5048
object 1 44 right 5049
object 2 44 left 5048
object 2 44 right 5049
object 3 44 left 5048
object 3 44 right 5049
object 4 44 left 5048
object 4 44 right 5049
object 5 44 left 5048
object 5 44 right 5049
object 6 44 left 5048
object 6 44 right 5049
object 7 44 left 5048
object 7 44 right 5049
object 8 44 left 5048
object 8 44 right 5049
object 9 44 left 4920
object 9 44 right 4921
object 21 44 left 5062
object 22 44 left 5063
object 22 44 right 5064
object 24 44 right 5065
object 34 44 left 4974
object 34 44 right 4975
object 35 44 left 5048
object 35 44 right 5049
object 36 44 left 5048
object 36 44 right 5049
object 37 44 left 5048
object 37 44 right 5049
object 38 44 left 5048
object 38 44 right 5049
object 39 44 left 5048
object 39 44 right 5049
object 40 44 left 5048
object 40 44 right 5049
object 41 44 left 5048
object 41 44 right 5049
object 42 44 left 5048
object 42 44 right 5049
object 43 44 left 5048
object 43 44 right 5049
object 44 44 left 4996
object 44 44 right 4997
object 45 44 left 4988
object 45 44 right 4989
object 65 44 left 5004
object 65 44 right 5005
object 66 44 left 5014
object 66 44 right 5015
object 67 44 left 5048
object 67 44 right 5049
object 68 44 left 5048
object 68 44 right 5049
object 69 44 left 5048
object 69 44 right 5049
object 70 44 left 5048
object 70 44 right 5049
object 71 44 left 5048
object 71 44 right 5049
object 72 44 left 5048
object 72 44 right 5049
object 73 44 left 5048
object 73 44 right 5049
object 74 44 left 5048
object 74 44 right 5049
object 75 44 left 4996
object 75 44 right 4997
object 76 44 left 4986
object 76 44 right 4987
object 98 44 left 5002
object 98 44 right 5003
object 99 44 left 5014
object 99 44 right 5015
object 0 45 left 5048
object 0 45 right 5049
object 1 45 left 5048
object 1 45 right 5049
object 2 45 left 5048
object 2 45 right 5049
object 3 45 left 5048
object 3 45 right 5049
object 4 45 left 5048
object 4 45 right 5049
object 5 45 left 5048
object 5 45 right 5049
object 6 45 left 5048
object 6 45 right 5049
object 7 45 left 5048
object 7 45 right 5049
object 8 45 left 5028
object 8 45 right 5029
object 9 45 left 5044
object 9 45 right 5045
object 23 45 left 5062
object 24 45 left 5063
object 24 45 right 5064
object 34 45 left 4976
object 34 45 right 4977
object 35 45 left 5048
object 35 45 right 5049
object 36 45 left 5048
object 36 45 right 5049
object 37 45 left 5048
object 37 45 right 5049
object 38 45 left 5048
object 38 45 right 5049
object 39 45 left 5048
object 39 45 right 5049
object 40 45 left 5048
object 40 45 right 5049
object 41 45 left 5048
object 41 45 right 5049
object 42 45 left 5048
object 42 45 right 5049
object 43 45 left 5048
object 43 45 right 5049
object 44 45 left 5048
object 44 45 right 5049
object 45 45 left 4998
object 45 45 right 4999
object 46 45 left 4990
object 46 45 right 4991
object 66 45 left 4974
object 66 45 right 4975
object 67 45 left 5048
object 67 45 right 5049
object 68 45 left 5048
object 68 45 right 5049
object 69 45 left 5048
object 69 45 right 5049
object 70 45 left 5048
object 70 45 right 5049
object 71 45 left 5048
object 71 45 right 5049
object 72 45 left 5048
object 72 45 right 5049
object 73 45 left 5048
object 73 45 right 5049
object 74 45 left 5048
object 74 45 right 5049
object 75 45 left 5048
object 75 45 right 5049
object 76 45 left 4996
object 76 45 right 4997
object 77 45 left 4988
object 77 45 right 4989
object 99 45 left 4974
object 99 45 right 4975
object 0 46 left 5048
object 0 46 right 5049
object 1 46 left 5048
object 1 46 right 5049
object 2 46 left 5048
object 2 46 right 5049
object 3 46 left 5048
object 3 46 right 5049
object 4 46 left 5048
object 4 46 right 5049
object 5 46 left 5048
object 5 46 right 5049
object 6 46 left 5048
object 6 46 right 5049
object 7 46 left 5030
object 7 46 right 5031
object 8 46 left 5042
object 8 46 right 5043
object 24 46 right 5065
object 28 46 right 5065
object 34 46 left 4978
object 34 46 right 4979
object 35 46 left 5048
object 35 46 right 5049
object 36 46 left 5048
object 36 46 right 5049
object 37 46 left 5048
object 37 46 right 5049
object 38 46 left 5048
object 38 46 right 5049
object 39 46 left 5048
object 39 46 right 5049
object 40 46 left 5048
object 40 46 right 5049
object 41 46 left 5048
object 41 46 right 5049
object 42 46 left 5048
object 42 46 right 5049
object 43 46 left 5048
object 43 46 right 5049
object 44 46 left 5048
object 44 46 right 5049
object 45 46 left 5048
object 45 46 right 5049
object 46 46 left 4920
object 46 46 right 4921
object 66 46 left 4976
object 66 46 right 4977
object 67 46 left 5048
object 67 46 right 5049
object 68 46 left 5048
object 68 46 right 5049
object 69 46 left 5048
object 69 46 right 5049
object 70 46 left 5048
object 70 46 right 5049
object 71 46 left 5048
object 71 46 right 5049
object 72 46 left 5048
object 72 46 right 5049
object 73 46 left 5048
object 73 46 right 5049
object 74 46 left 5048
object 74 46 right 5049
object 75 46 left 5048
object 75 46 right 5049
object 76 46 left 5048
object 76 46 right 5049
object 77 46 left 4998
object 77 46 right 4999
object 78 46 left 4990
object 78 46 right 4991
object 99 46 left 4976
object 99 46 right 4977
object 0 47 left 5048
object 0 47 right 5049
object 1 47 left 5048
object 1 47 right 5049
object 2 47 left 5048
object 2 47 right 5049
object 3 47 left 5028
object 3 47 right 5029
object 4 47 left 4948
object 4 47 right 4949
object 5 47 left 4956
object 5 47 right 4957
object 6 47 left 4942
object 6 47 right 4943
object 7 47 left 5040
object 7 47 right 5041
object 23 47 left 5062
object 24 47 left 5063
object 24 47 right 5064
object 26 47 right 5065
object 27 47 left 5062
object 28 47 left 5063
object 28 47 right 5064
object 34 47 left 4952
object 34 47 right 4953
object 35 47 left 4946
object 35 47 right 4947
object 36 47 left 4954
object 36 47 right 4957
object 37 47 left 4940
object 37 47 right 4941
object 38 47 left 5008
object 38 47 right 5009
object 39 47 left 5048
object 39 47 right 5049
object 40 47 left 5048
object 40 47 right 5049
object 41 47 left 5048
object 41 47 right 5049
object 42 47 left 5048
object 42 47 right 5049
object 43 47 left 5048
object 43 47 right 5049
object 44 47 left 5048
object 44 47 right 5049
object 45 47 left 5048
object 45 47 right 5049
object 46 47 left 4932
object 46 47 right 4933
object 66 47 left 4978
object 66 47 right 4979
object 67 47 left 5048
object 67 47 right 5049
object 68 47 left 5048
object 68 47 right 5049
object 69 47 left 5048
object 69 47 right 5049
object 70 47 left 5048
object 70 47 right 5049
object 71 47 left 5048
object 71 47 right 5049
object 72 47 left 5048
object 72 47 right 5049
object 73 47 left 5048
object 73 47 right 5049
object 74 47 left 5048
object 74 47 right 5049
object 75 47 left 5048
object 75 47 right 5049
object 76 47 left 5048
object 76 47 right 5049
object 77 47 left 5048
object 77 47 right 5049
object 78 47 left 4920
object 78 47 right 4921
object 99 47 left 4978
object 99 47 right 4979
object 0 48 left 5048
object 0 48 right 5049
object 1 48 left 5048
object 1 48 right 5049
object 2 48 left 5032
object 2 48 right 5033
object 3 48 left 5044
object 3 48 right 5045
object 25 48 left 5062
object 26 48 left 5063
object 26 48 right 5064
object 28 48 right 5065
object 38 48 left 5000
object 38 48 right 5001
object 39 48 left 5010
object 39 48 right 5011
object 40 48 left 5048
object 40 48 right 5049
object 41 48 left 5048
object 41 48 right 5049
object 42 48 left 5048
object 42 48 right 5049
object 43 48 left 5048
object 43 48 right 5049
object 44 48 left 5048
object 44 48 right 5049
object 45 48 left 5032
object 45 48 right 5033
object 46 48 left 5044
object 46 48 right 5045
object 66 48 left 4952
object 66 48 right 4953
object 67 48 left 4946
object 67 48 right 4947
object 68 48 left 4954
object 68 48 right 4957
object 69 48 left 4940
object 69 48 right 4941
object 70 48 left 5008
object 70 48 right 5009
object 71 48 left 5048
object 71 48 right 5049
object 72 48 left 5048
object 72 48 right 5049
object 73 48 left 5048
object 73 48 right 5049
object 74 48 left 5048
object 74 48 right 5049
object 75 48 left 5048
object 75 48 right 5049
object 76 48 left 5048
object 76 48 right 5049
object 77 48 left 5048
object 77 48 right 5049
object 78 48 left 4932
object 78 48 right 4933
object 99 48 left 4980
object 99 48 right 4981
object 0 49 left 5048
object 0 49 right 5049
object 1 49 left 5030
object 1 49 right 5031
object 2 49 left 5042
object 2 49 right 5043
object 27 49 left 5062
object 28 49 left 5063
object 28 49 right 5064
object 30 49 right 5065
object 39 49 left 5002
object 39 49 right 5003
object 40 49 left 5012
object 40 49 right 5013
object 41 49 left 5048
object 41 49 right 5049
object 42 49 left 5048
object 42 49 right 5049
object 43 49 left 5048
object 43 49 right 5049
object 44 49 left 5030
object 44 49 right 5031
object 45 49 left 5042
object 45 49 right 5043
object 70 49 left 5000
object 70 49 right 5001
object 71 49 left 5010
object 71 49 right 5011
object 72 49 left 5048
object 72 49 right 5049
object 73 49 left 5048
object 73 49 right 5049
object 74 49 left 5048
object 74 49 right 5049
object 75 49 left 5048
object 75 49 right 5049
object 76 49 left 5048
object 76 49 right 5049
object 77 49 left 5032
object 77 49 right 5033
object 78 49 left 5044
object 78 49 right 5045
object 99 49 left 4974
object 99 49 right 4975
object 0 50 left 5048
object 0 50 right 5049
object 1 50 left 4928
object 1 50 right 4929
object 28 50 right 5065
object 29 50 left 5062
object 30 50 left 5063
object 30 50 right 5064
object 40 50 left 5006
object 40 50 right 5007
object 41 50 left 4948
object 41 50 right 4949
object 42 50 left 4954
object 42 50 right 4957
object 43 50 left 4938
object 43 50 right 4939
object 44 50 left 5044
object 44 50 right 5045
object 71 50 left 5002
object 71 50 right 5003
object 72 50 left 5012
object 72 50 right 5013
object 73 50 left 5048
object 73 50 right 5049
object 74 50 left 5048
object 74 50 right 5049
object 75 50 left 5048
object 75 50 right 5049
object 76 50 left 5030
object 76 50 right 5031
object 77 50 left 5042
object 77 50 right 5043
object 99 50 left 4976
object 99 50 right 4977
object 0 51 left 5048
object 0 51 right 5049
object 1 51 left 4910
object 1 51 right 4911
object 27 51 left 5062
object 28 51 left 5063
object 28 51 right 5064
object 72 51 left 5006
object 72 51 right 5007
object 73 51 left 4948
object 73 51 right 4949
object 74 51 left 4954
object 74 51 right 4957
object 75 51 left 4938
object 75 51 right 4939
object 76 51 left 5044
object 76 51 right 5045
object 99 51 left 4978
object 99 51 right 4979
object 0 52 left 5048
object 0 52 right 5049
object 1 52 left 4924
object 1 52 right 4925
object 99 52 left 4980
object 99 52 right 4981
object 0 53 left 5048
object 0 53 right 5049
object 1 53 left 4930
object 1 53 right 4931
object 99 53 left 4972
object 99 53 right 4973
object 0 54 left 5048
object 0 54 right 5049
object 1 54 left 4910
object 1 54 right 5213
object 99 54 left 4974
object 99 54 right 4975
object 0 55 left 5048
object 0 55 right 5049
object 1 55 left 4924
object 1 55 right 5212
object 99 55 left 4976
object 99 55 right 4977
object 0 56 left 5048
object 0 56 right 5049
object 1 56 left 5210
object 1 56 right 5211
object 99 56 left 4978
object 99 56 right 4979
object 0 57 left 5048
object 0 57 right 5049
object 1 57 left 4916
object 1 57 right 4917
object 20 57 left 5020
object 20 57 right 5021
object 21 57 left 4964
object 21 57 right 4965
object 22 57 left 4968
object 22 57 right 4969
object 23 57 left 4934
object 23 57 right 4935
object 99 57 left 4980
object 99 57 right 4981
object 0 58 left 5048
object 0 58 right 5049
object 1 58 left 4996
object 1 58 right 4997
object 2 58 left 4988
object 2 58 right 4989
object 19 58 left 5018
object 19 58 right 5019
object 20 58 left 5026
object 20 58 right 5027
object 21 58 left 5048
object 21 58 right 5049
object 22 58 left 5048
object 22 58 right 5049
object 23 58 left 4996
object 23 58 right 4997
object 24 58 left 4984
object 24 58 right 4985
object 99 58 left 4974
object 99 58 right 4975
object 0 59 left 5048
object 0 59 right 5049
object 1 59 left 5048
object 1 59 right 5049
object 2 59 left 4998
object 2 59 right 4999
object 3 59 left 4934
object 3 59 right 4935
object 19 59 left 4974
object 19 59 right 4975
object 20 59 left 5048
object 20 59 right 5049
object 21 59 left 5048
object 21 59 right 5049
object 22 59 left 5048
object 22 59 right 5049
object 23 59 left 5048
object 23 59 right 5049
object 24 59 left 4994
object 24 59 right 4995
object 25 59 left 4982
object 25 59 right 4983
object 70 59 right 5065
object 72 59 right 5065
object 99 59 left 4976
object 99 59 right 4977
object 0 60 left 5048
object 0 60 right 5049
object 1 60 left 5048
object 1 60 right 5049
object 2 60 left 5048
object 2 60 right 5049
object 3 60 left 4920
object 3 60 right 4921
object 19 60 left 4978
object 19 60 right 4979
object 20 60 left 5048
object 20 60 right 5049
object 21 60 left 5048
object 21 60 right 5049
object 22 60 left 5048
object 22 60 right 5049
object 23 60 left 5048
object 23 60 right 5049
object 24 60 left 5048
object 24 60 right 5049
object 25 60 left 4992
object 25 60 right 4993
object 26 60 left 4988
object 26 60 right 4989
object 68 60 left 5050
object 68 60 right 5051
object 69 60 left 5062
object 70 60 left 5063
object 70 60 right 5064
object 71 60 left 5062
object 72 60 left 5063
object 72 60 right 5064
object 74 60 right 5065
object 99 60 left 4978
object 99 60 right 4979
object 0 61 left 5048
object 0 61 right 5049
object 1 61 left 5048
object 1 61 right 5049
object 2 61 left 5048
object 2 61 right 5049
object 3 61 left 4928
object 3 61 right 4929
object 19 61 left 4976
object 19 61 right 4977
object 20 61 left 5048
object 20 61 right 5049
object 21 61 left 5048
object 21 61 right 5049
object 22 61 left 5048
object 22 61 right 5049
object 23 61 left 5048
object 23 61 right 5049
object 24 61 left 5048
object 24 61 right 5049
object 25 61 left 5048
object 25 61 right 5049
object 26 61 left 4998
object 26 61 right 4999
object 27 61 left 4962
object 27 61 right 4963
object 28 61 left 4964
object 28 61 right 4965
object 29 61 left 4966
object 29 61 right 4967
object 30 61 left 4934
object 30 61 right 4935
object 68 61 left 5052
object 68 61 right 5053
object 72 61 right 5128
object 73 61 left 5062
object 74 61 left 5063
object 74 61 right 5064
object 99 61 left 4980
object 99 61 right 4981
object 0 62 left 5048
object 0 62 right 5049
object 1 62 left 5048
object 1 62 right 5049
object 2 62 left 5048
object 2 62 right 5049
object 3 62 left 4910
object 3 62 right 5205
object 19 62 left 4952
object 19 62 right 4953
object 20 62 left 5008
object 20 62 right 5009
object 21 62 left 5048
object 21 62 right 5049
object 22 62 left 5048
object 22 62 right 5049
object 23 62 left 5048
object 23 62 right 5049
object 24 62 left 5048
object 24 62 right 5049
object 25 62 left 5048
object 25 62 right 5049
object 26 62 left 5048
object 26 62 right 5049
object 27 62 left 5048
object 27 62 right 5049
object 28 62 left 5048
object 28 62 right 5049
object 29 62 left 5048
object 29 62 right 5049
object 30 62 left 4994
object 30 62 right 4995
object 31 62 left 4988
object 31 62 right 4989
object 68 62 left 5054
object 68 62 right 5055
object 72 62 right 5127
object 75 62 right 5121
object 77 62 right 5065
object 99 62 left 4972
object 99 62 right 4973
object 0 63 left 5048
object 0 63 right 5049
object 1 63 left 5048
object 1 63 right 5049
object 2 63 left 5048
object 2 63 right 5049
object 3 63 left 4924
object 3 63 right 5204
object 11 63 right 5065
object 20 63 left 5000
object 20 63 right 5001
object 21 63 left 5010
object 21 63 right 5011
object 22 63 left 5048
object 22 63 right 5049
object 23 63 left 5048
object 23 63 right 5049
object 24 63 left 5048
object 24 63 right 5049
object 25 63 left 5048
object 25 63 right 5049
object 26 63 left 5048
object 26 63 right 5049
object 27 63 left 5048
object 27 63 right 5049
object 28 63 left 5048
object 28 63 right 5049
object 29 63 left 5048
object 29 63 right 5049
object 30 63 left 5048
object 30 63 right 5049
object 31 63 left 4996
object 31 63 right 4997
object 32 63 left 4990
object 32 63 right 4991
object 68 63 left 5056
object 68 63 right 5057
object 69 63 left 5122
object 70 63 left 5123
object 71 63 left 5124
object 72 63 left 5125
object 72 63 right 5126
object 75 63 right 5120
object 76 63 left 5062
object 77 63 left 5063
object 77 63 right 5064
object 99 63 left 4976
object 99 63 right 4977
object 0 64 left 5048
object 0 64 right 5049
object 1 64 left 5048
object 1 64 right 5049
object 2 64 left 5048
object 2 64 right 5049
object 3 64 left 5202
object 3 64 right 5203
object 10 64 left 5062
object 11 64 left 5063
object 11 64 right 5064
object 21 64 left 5002
object 21 64 right 5003
object 22 64 left 5012
object 22 64 right 5013
object 23 64 left 5048
object 23 64 right 5049
object 24 64 left 5048
object 24 64 right 5049
object 25 64 left 5048
object 25 64 right 5049
object 26 64 left 5048
object 26 64 right 5049
object 27 64 left 5048
object 27 64 right 5049
object 28 64 left 5048
object 28 64 right 5049
object 29 64 left 5048
object 29 64 right 5049
object 30 64 left 5048
object 30 64 right 5049
object 31 64 left 5048
object 31 64 right 5049
object 32 64 left 4998
object 32 64 right 4999
object 33 64 left 4934
object 33 64 right 4935
object 69 64 right 5065
object 72 64 right 5077
object 75 64 right 5119
object 77 64 right 5065
object 99 64 left 4978
object 99 64 right 4979
object 0 65 left 5048
object 0 65 right 5049
object 1 65 left 5048
object 1 65 right 5049
object 2 65 left 5030
object 2 65 right 5031
object 3 65 left 5040
object 3 65 right 5041
object 10 65 right 5065
object 12 65 right 5065
object 22 65 left 4974
object 22 65 right 4975
object 23 65 left 5048
object 23 65 right 5049
object 24 65 left 5048
object 24 65 right 5049
object 25 65 left 5048
object 25 65 right 5049
object 26 65 left 5048
object 26 65 right 5049
object 27 65 left 5048
object 27 65 right 5049
object 28 65 left 5048
object 28 65 right 5049
object 29 65 left 5048
object 29 65 right 5049
object 30 65 left 5048
object 30 65 right 5049
object 31 65 left 5048
object 31 65 right 5049
object 32 65 left 5048
object 32 65 right 5049
object 33 65 left 4914
object 33 65 right 5205
object 50 65 left 5020
object 50 65 right 5021
object 51 65 left 4964
object 51 65 right 4965
object 52 65 left 4966
object 52 65 right 4967
object 53 65 left 4970
object 53 65 right 4971
object 54 65 left 4966
object 54 65 right 4967
object 55 65 left 4964
object 55 65 right 4965
object 56 65 left 4962
object 56 65 right 4963
object 57 65 left 4934
object 57 65 right 4935
object 68 65 left 5062
object 69 65 left 5063
object 69 65 right 5064
object 72 65 right 5076
object 73 65 left 5115
object 74 65 left 5116
object 75 65 left 5117
object 75 65 right 5118
object 76 65 left 5062
object 77 65 left 5063
object 77 65 right 5064
object 99 65 left 4980
object 99 65 right 4981
object 0 66 left 5048
object 0 66 right 5049
object 1 66 left 5032
object 1 66 right 5033
object 2 66 left 5042
object 2 66 right 5043
object 9 66 left 5062
object 10 66 left 5063
object 10 66 right 5064
object 11 66 left 5062
object 12 66 left 5063
object 12 66 right 5064
object 22 66 left 4978
object 22 66 right 4979
object 23 66 left 5048
object 23 66 right 5049
object 24 66 left 5048
object 24 66 right 5049
object 25 66 left 5048
object 25 66 right 5049
object 26 66 left 5048
object 26 66 right 5049
object 27 66 left 5048
object 27 66 right 5049
object 28 66 left 5048
object 28 66 right 5049
object 29 66 left 5048
object 29 66 right 5049
object 30 66 left 5048
object 30 66 right 5049
object 31 66 left 5048
object 31 66 right 5049
object 32 66 left 5048
object 32 66 right 5049
object 33 66 left 4920
object 33 66 right 5204
object 49 66 left 5018
object 49 66 right 5019
object 50 66 left 5026
object 50 66 right 5027
object 51 66 left 5048
object 51 66 right 5049
object 52 66 left 5048
object 52 66 right 5049
object 53 66 left 5048
object 53 66 right 5049
object 54 66 left 5048
object 54 66 right 5049
object 55 66 left 5048
object 55 66 right 5049
object 56 66 left 5048
object 56 66 right 5049
object 57 66 left 4926
object 57 66 right 4927
object 70 66 left 5072
object 71 66 left 5073
object 72 66 left 5074
object 72 66 right 5075
object 74 66 right 5065
object 75 66 left 5052
object 75 66 right 5053
object 76 66 left 5054
object 76 66 right 5055
object 99 66 left 4976
object 99 66 right 4977
object 0 67 left 5028
object 0 67 right 5029
object 1 67 left 5044
object 1 67 right 5045
object 11 67 right 5065
object 22 67 left 4952
object 22 67 right 4953
object 23 67 left 5014
object 23 67 right 5015
object 24 67 left 5048
object 24 67 right 5049
object 25 67 left 5048
object 25 67 right 5049
object 26 67 left 5048
object 26 67 right 5049
object 27 67 left 5048
object 27 67 right 5049
object 28 67 left 5048
object 28 67 right 5049
object 29 67 left 5048
object 29 67 right 5049
object 30 67 left 5048
object 30 67 right 5049
object 31 67 left 5048
object 31 67 right 5049
object 32 67 left 5048
object 32 67 right 5049
object 33 67 left 5202
object 33 67 right 5203
object 48 67 left 5016
object 48 67 right 5017
object 49 67 left 5024
object 49 67 right 5025
object 50 67 left 5048
object 50 67 right 5049
object 51 67 left 5048
object 51 67 right 5049
object 52 67 left 5048
object 52 67 right 5049
object 53 67 left 5048
object 53 67 right 5049
object 54 67 left 5048
object 54 67 right 5049
object 55 67 left 5048
object 55 67 right 5049
object 56 67 left 5048
object 56 67 right 5049
object 57 67 left 4916
object 57 67 right 4917
object 72 67 right 5065
object 73 67 left 5062
object 74 67 left 5063
object 74 67 right 5064
object 98 67 left 5016
object 98 67 right 5017
object 99 67 left 5022
object 99 67 right 5023
object 0 68 left 4910
object 0 68 right 4911
object 10 68 left 5062
object 11 68 left 5063
object 11 68 right 5064
object 23 68 left 5006
object 23 68 right 5007
object 24 68 left 5012
object 24 68 right 5013
object 25 68 left 5048
object 25 68 right 5049
object 26 68 left 5048
object 26 68 right 5049
object 27 68 left 5048
object 27 68 right 5049
object 28 68 left 5048
object 28 68 right 5049
object 29 68 left 5048
object 29 68 right 5049
object 30 68 left 5048
object 30 68 right 5049
object 31 68 left 5048
object 31 68 right 5049
object 32 68 left 5048
object 32 68 right 5049
object 33 68 left 4916
object 33 68 right 4917
object 48 68 left 4974
object 48 68 right 4975
object 49 68 left 5048
object 49 68 right 5049
object 50 68 left 5048
object 50 68 right 5049
object 51 68 left 5048
object 51 68 right 5049
object 52 68 left 5048
object 52 68 right 5049
object 53 68 left 5048
object 53 68 right 5049
object 54 68 left 5048
object 54 68 right 5049
object 55 68 left 5048
object 55 68 right 5049
object 56 68 left 5048
object 56 68 right 5049
object 57 68 left 4922
object 57 68 right 4923
object 71 68 left 5062
object 72 68 left 5063
object 72 68 right 5064
object 97 68 left 5018
object 97 68 right 5019
object 98 68 left 5024
object 98 68 right 5025
object 99 68 left 5048
object 99 68 right 5049
object 0 69 left 4920
object 0 69 right 4921
object 10 69 right 5065
object 12 69 right 5065
object 24 69 left 5004
object 24 69 right 5005
object 25 69 left 5010
object 25 69 right 5011
object 26 69 left 5048
object 26 69 right 5049
object 27 69 left 5048
object 27 69 right 5049
object 28 69 left 5048
object 28 69 right 5049
object 29 69 left 5048
object 29 69 right 5049
object 30 69 left 5048
object 30 69 right 5049
object 31 69 left 5048
object 31 69 right 5049
object 32 69 left 5048
object 32 69 right 5049
object 33 69 left 4920
object 33 69 right 4921
object 48 69 left 4972
object 48 69 right 4973
object 49 69 left 5048
object 49 69 right 5049
object 50 69 left 5048
object 50 69 right 5049
object 51 69 left 5048
object 51 69 right 5049
object 52 69 left 5048
object 52 69 right 5049
object 53 69 left 5048
object 53 69 right 5049
object 54 69 left 5048
object 54 69 right 5049
object 55 69 left 5048
object 55 69 right 5049
object 56 69 left 5048
object 56 69 right 5049
object 57 69 left 4996
object 57 69 right 4997
object 58 69 left 4984
object 58 69 right 4985
object 96 69 left 5020
object 96 69 right 5021
object 97 69 left 5026
object 97 69 right 5027
object 98 69 left 5048
object 98 69 right 5049
object 99 69 left 5048
object 99 69 right 5049
object 0 70 left 4928
object 0 70 right 4929
object 9 70 left 5062
object 10 70 left 5063
object 10 70 right 5064
object 11 70 left 5062
object 12 70 left 5063
object 12 70 right 5064
object 25 70 left 4974
object 25 70 right 4975
object 26 70 left 5048
object 26 70 right 5049
object 27 70 left 5048
object 27 70 right 5049
object 28 70 left 5048
object 28 70 right 5049
object 29 70 left 5048
object 29 70 right 5049
object 30 70 left 5048
object 30 70 right 5049
object 31 70 left 5048
object 31 70 right 5049
object 32 70 left 5048
object 32 70 right 5049
object 33 70 left 4926
object 33 70 right 4927
object 48 70 left 4976
object 48 70 right 4977
object 49 70 left 5048
object 49 70 right 5049
object 50 70 left 5048
object 50 70 right 5049
object 51 70 left 5048
object 51 70 right 5049
object 52 70 left 5048
object 52 70 right 5049
object 53 70 left 5048
object 53 70 right 5049
object 54 70 left 5048
object 54 70 right 5049
object 55 70 left 5048
object 55 70 right 5049
object 56 70 left 5048
object 56 70 right 5049
object 57 70 left 5048
object 57 70 right 5049
object 58 70 left 4996
object 58 70 right 4997
object 59 70 left 4990
object 59 70 right 4991
object 95 70 left 5020
object 95 70 right 5021
object 96 70 left 5024
object 96 70 right 5025
object 97 70 left 5048
object 97 70 right 5049
object 98 70 left 5048
object 98 70 right 5049
object 99 70 left 5048
object 99 70 right 5049
object 0 71 left 4910
object 0 71 right 5213
object 9 71 right 5065
object 25 71 left 4972
object 25 71 right 4973
object 26 71 left 5048
object 26 71 right 5049
object 27 71 left 5048
object 27 71 right 5049
object 28 71 left 5048
object 28 71 right 5049
object 29 71 left 5048
object 29 71 right 5049
object 30 71 left 5048
object 30 71 right 5049
object 31 71 left 5048
object 31 71 right 5049
object 32 71 left 5028
object 32 71 right 5029
object 33 71 left 5042
object 33 71 right 5043
object 40 71 right 5065
object 48 71 left 4978
object 48 71 right 4979
object 49 71 left 5048
object 49 71 right 5049
object 50 71 left 5048
object 50 71 right 5049
object 51 71 left 5048
object 51 71 right 5049
object 52 71 left 5048
object 52 71 right 5049
object 53 71 left 5048
object 53 71 right 5049
object 54 71 left 5048
object 54 71 right 5049
object 55 71 left 5048
object 55 71 right 5049
object 56 71 left 5048
object 56 71 right 5049
object 57 71 left 5048
object 57 71 right 5049
object 58 71 left 5048
object 58 71 right 5049
object 59 71 left 4998
object 59 71 right 4999
object 60 71 left 4964
object 60 71 right 4965
object 61 71 left 4934
object 61 71 right 4935
object 95 71 left 4980
object 95 71 right 4981
object 96 71 left 5048
object 96 71 right 5049
object 97 71 left 5048
object 97 71 right 5049
object 98 71 left 5048
object 98 71 right 5049
object 99 71 left 5048
object 99 71 right 5049
object 0 72 left 4924
object 0 72 right 5212
object 8 72 left 5062
object 9 72 left 5063
object 9 72 right 5064
object 25 72 left 4976
object 25 72 right 4977
object 26 72 left 5048
object 26 72 right 5049
object 27 72 left 5048
object 27 72 right 5049
object 28 72 left 5048
object 28 72 right 5049
object 29 72 left 5048
object 29 72 right 5049
object 30 72 left 5048
object 30 72 right 5049
object 31 72 left 5030
object 31 72 right 5031
object 32 72 left 5040
object 32 72 right 5041
object 39 72 left 5062
object 40 72 left 5063
object 40 72 right 5064
object 48 72 left 4952
object 48 72 right 4953
object 49 72 left 5008
object 49 72 right 5009
object 50 72 left 5048
object 50 72 right 5049
object 51 72 left 5048
object 51 72 right 5049
object 52 72 left 5048
object 52 72 right 5049
object 53 72 left 5048
object 53 72 right 5049
object 54 72 left 5048
object 54 72 right 5049
object 55 72 left 5048
object 55 72 right 5049
object 56 72 left 5048
object 56 72 right 5049
object 57 72 left 5048
object 57 72 right 5049
object 58 72 left 5048
object 58 72 right 5049
object 59 72 left 5048
object 59 72 right 5049
object 60 72 left 5048
object 60 72 right 5049
object 61 72 left 4992
object 61 72 right 4993
object 62 72 left 4982
object 62 72 right 4983
object 95 72 left 4976
object 95 72 right 4977
object 96 72 left 5048
object 96 72 right 5049
object 97 72 left 5048
object 97 72 right 5049
object 98 72 left 5048
object 98 72 right 5049
object 99 72 left 5048
object 99 72 right 5049
object 0 73 left 5210
object 0 73 right 5211
object 8 73 right 5065
object 10 73 right 5065
object 25 73 left 4978
object 25 73 right 4979
object 26 73 left 5048
object 26 73 right 5049
object 27 73 left 5048
object 27 73 right 5049
object 28 73 left 5048
object 28 73 right 5049
object 29 73 left 5048
object 29 73 right 5049
object 30 73 left 5048
object 30 73 right 5049
object 31 73 left 4914
object 31 73 right 4915
object 39 73 right 5065
object 41 73 right 5065
object 49 73 left 5002
object 49 73 right 5003
object 50 73 left 5010
object 50 73 right 5011
object 51 73 left 5048
object 51 73 right 5049
object 52 73 left 5048
object 52 73 right 5049
object 53 73 left 5048
object 53 73 right 5049
object 54 73 left 5048
object 54 73 right 5049
object 55 73 left 5048
object 55 73 right 5049
object 56 73 left 5048
object 56 73 right 5049
object 57 73 left 5048
object 57 73 right 5049
object 58 73 left 5048
object 58 73 right 5049
object 59 73 left 5048
object 59 73 right 5049
object 60 73 left 5048
object 60 73 right 5049
object 61 73 left 5048
object 61 73 right 5049
object 62 73 left 4992
object 62 73 right 4993
object 63 73 left 4986
object 63 73 right 4987
object 95 73 left 4974
object 95 73 right 4975
object 96 73 left 5048
object 96 73 right 5049
object 97 73 left 5048
object 97 73 right 5049
object 98 73 left 5048
object 98 73 right 5049
object 99 73 left 5048
object 99 73 right 5049
object 0 74 left 4916
object 0 74 right 4917
object 7 74 left 5062
object 8 74 left 5063
object 8 74 right 5064
object 9 74 left 5062
object 10 74 left 5063
object 10 74 right 5064
object 25 74 left 4952
object 25 74 right 4953
object 26 74 left 5008
object 26 74 right 5009
object 27 74 left 5048
object 27 74 right 5049
object 28 74 left 5048
object 28 74 right 5049
object 29 74 left 5048
object 29 74 right 5049
object 30 74 left 5048
object 30 74 right 5049
object 31 74 left 4920
object 31 74 right 4921
object 38 74 left 5062
object 39 74 left 5063
object 39 74 right 5064
object 40 74 left 5062
object 41 74 left 5063
object 41 74 right 5064
object 50 74 left 5004
object 50 74 right 5005
object 51 74 left 5012
object 51 74 right 5013
object 52 74 left 5048
object 52 74 right 5049
object 53 74 left 5048
object 53 74 right 5049
object 54 74 left 5048
object 54 74 right 5049
object 55 74 left 5048
object 55 74 right 5049
object 56 74 left 5048
object 56 74 right 5049
object 57 74 left 5048
object 57 74 right 5049
object 58 74 left 5048
object 58 74 right 5049
object 59 74 left 5048
object 59 74 right 5049
object 60 74 left 5048
object 60 74 right 5049
object 61 74 left 5048
object 61 74 right 5049
object 62 74 left 5048
object 62 74 right 5049
object 63 74 left 4994
object 63 74 right 4995
object 64 74 left 4988
object 64 74 right 4989
object 95 74 left 4976
object 95 74 right 4977
object 96 74 left 5048
object 96 74 right 5049
object 97 74 left 5048
object 97 74 right 5049
object 98 74 left 5048
object 98 74 right 5049
object 99 74 left 5048
object 99 74 right 5049
object 0 75 left 4996
object 0 75 right 4997
object 1 75 left 4988
object 1 75 right 4989
object 9 75 right 5065
object 26 75 left 5000
object 26 75 right 5001
object 27 75 left 5010
object 27 75 right 5011
object 28 75 left 5048
object 28 75 right 5049
object 29 75 left 5048
object 29 75 right 5049
object 30 75 left 5048
object 30 75 right 5049
object 31 75 left 4926
object 31 75 right 4927
object 40 75 right 5065
object 51 75 left 5006
object 51 75 right 5007
object 52 75 left 5012
object 52 75 right 5013
object 53 75 left 5048
object 53 75 right 5049
object 54 75 left 5048
object 54 75 right 5049
object 55 75 left 5048
object 55 75 right 5049
object 56 75 left 5048
object 56 75 right 5049
object 57 75 left 5048
object 57 75 right 5049
object 58 75 left 5048
object 58 75 right 5049
object 59 75 left 5048
object 59 75 right 5049
object 60 75 left 5048
object 60 75 right 5049
object 61 75 left 5048
object 61 75 right 5049
object 62 75 left 5048
object 62 75 right 5049
object 63 75 left 5048
object 63 75 right 5049
object 64 75 left 4996
object 64 75 right 4997
object 65 75 left 4934
object 65 75 right 4935
object 95 75 left 4978
object 95 75 right 4979
object 96 75 left 5048
object 96 75 right 5049
object 97 75 left 5048
object 97 75 right 5049
object 98 75 left 5048
object 98 75 right 5049
object 99 75 left 5048
object 99 75 right 5049
object 0 76 left 5048
object 0 76 right 5049
object 1 76 left 4998
object 1 76 right 4999
object 2 76 left 4934
object 2 76 right 4935
object 8 76 left 5062
object 9 76 left 5063
object 9 76 right 5064
object 27 76 left 5002
object 27 76 right 5003
object 28 76 left 5012
object 28 76 right 5013
object 29 76 left 5048
object 29 76 right 5049
object 30 76 left 5048
object 30 76 right 5049
object 31 76 left 4916
object 31 76 right 5213
object 39 76 left 5062
object 40 76 left 5063
object 40 76 right 5064
object 52 76 left 5000
object 52 76 right 5001
object 53 76 left 5014
object 53 76 right 5015
object 54 76 left 5048
object 54 76 right 5049
object 55 76 left 5048
object 55 76 right 5049
object 56 76 left 5048
object 56 76 right 5049
object 57 76 left 5048
object 57 76 right 5049
object 58 76 left 5048
object 58 76 right 5049
object 59 76 left 5048
object 59 76 right 5049
object 60 76 left 5048
object 60 76 right 5049
object 61 76 left 5048
object 61 76 right 5049
object 62 76 left 5048
object 62 76 right 5049
object 63 76 left 5048
object 63 76 right 5049
object 64 76 left 5032
object 64 76 right 5033
object 65 76 left 5042
object 65 76 right 5043
object 95 76 left 4980
object 95 76 right 4981
object 96 76 left 5048
object 96 76 right 5049
object 97 76 left 5048
object 97 76 right 5049
object 98 76 left 5048
object 98 76 right 5049
object 99 76 left 5048
object 99 76 right 5049
object 0 77 left 5048
object 0 77 right 5049
object 1 77 left 5048
object 1 77 right 5049
object 2 77 left 4920
object 2 77 right 4921
object 28 77 left 4974
object 28 77 right 4975
object 29 77 left 5048
object 29 77 right 5049
object 30 77 left 5048
object 30 77 right 5049
object 31 77 left 4920
object 31 77 right 5212
object 53 77 left 5002
object 53 77 right 5003
object 54 77 left 5008
object 54 77 right 5009
object 55 77 left 5048
object 55 77 right 5049
object 56 77 left 5048
object 56 77 right 5049
object 57 77 left 5048
object 57 77 right 5049
object 58 77 left 5048
object 58 77 right 5049
object 59 77 left 5048
object 59 77 right 5049
object 60 77 left 5048
object 60 77 right 5049
object 61 77 left 5048
object 61 77 right 5049
object 62 77 left 5048
object 62 77 right 5049
object 63 77 left 5030
object 63 77 right 5031
object 64 77 left 5040
object 64 77 right 5041
object 95 77 left 4974
object 95 77 right 4975
object 96 77 left 5048
object 96 77 right 5049
object 97 77 left 5048
object 97 77 right 5049
object 98 77 left 5048
object 98 77 right 5049
object 99 77 left 5048
object 99 77 right 5049
object 0 78 left 5048
object 0 78 right 5049
object 1 78 left 5048
object 1 78 right 5049
object 2 78 left 4928
object 2 78 right 4929
object 27 78 left 5020
object 27 78 right 5021
object 28 78 left 5026
object 28 78 right 5027
object 29 78 left 5048
object 29 78 right 5049
object 30 78 left 5048
object 30 78 right 5049
object 31 78 left 5210
object 31 78 right 5211
object 54 78 left 5004
object 54 78 right 5005
object 55 78 left 5010
object 55 78 right 5011
object 56 78 left 5048
object 56 78 right 5049
object 57 78 left 5048
object 57 78 right 5049
object 58 78 left 5048
object 58 78 right 5049
object 59 78 left 5048
object 59 78 right 5049
object 60 78 left 5048
object 60 78 right 5049
object 61 78 left 5048
object 61 78 right 5049
object 62 78 left 5048
object 62 78 right 5049
object 63 78 left 4932
object 63 78 right 4933
object 95 78 left 4976
object 95 78 right 4977
object 96 78 left 5048
object 96 78 right 5049
object 97 78 left 5048
object 97 78 right 5049
object 98 78 left 5048
object 98 78 right 5049
object 99 78 left 5048
object 99 78 right 5049
object 0 79 left 5048
object 0 79 right 5049
object 1 79 left 5048
object 1 79 right 5049
object 2 79 left 4910
object 2 79 right 5205
object 26 79 left 5018
object 26 79 right 5019
object 27 79 left 5024
object 27 79 right 5025
object 28 79 left 5048
object 28 79 right 5049
object 29 79 left 5048
object 29 79 right 5049
object 30 79 left 5028
object 30 79 right 5029
object 31 79 left 5044
object 31 79 right 5045
object 55 79 left 4974
object 55 79 right 4975
object 56 79 left 5048
object 56 79 right 5049
object 57 79 left 5048
object 57 79 right 5049
object 58 79 left 5048
object 58 79 right 5049
object 59 79 left 5048
object 59 79 right 5049
object 60 79 left 5048
object 60 79 right 5049
object 61 79 left 5048
object 61 79 right 5049
object 62 79 left 5048
object 62 79 right 5049
object 63 79 left 4996
object 63 79 right 4997
object 64 79 left 4990
object 64 79 right 4991
object 94 79 left 5016
object 94 79 right 5017
object 95 79 left 5022
object 95 79 right 5023
object 96 79 left 5048
object 96 79 right 5049
object 97 79 left 5048
object 97 79 right 5049
object 98 79 left 5048
object 98 79 right 5049
object 99 79 left 5048
object 99 79 right 5049
object 0 80 left 5048
object 0 80 right 5049
object 1 80 left 5048
object 1 80 right 5049
object 2 80 left 4924
object 2 80 right 5204
object 25 80 left 5016
object 25 80 right 5017
object 26 80 left 5022
object 26 80 right 5023
object 27 80 left 5048
object 27 80 right 5049
object 28 80 left 5048
object 28 80 right 5049
object 29 80 left 5032
object 29 80 right 5033
object 30 80 left 5040
object 30 80 right 5041
object 55 80 left 4980
object 55 80 right 4981
object 56 80 left 5048
object 56 80 right 5049
object 57 80 left 5048
object 57 80 right 5049
object 58 80 left 5048
object 58 80 right 5049
object 59 80 left 5048
object 59 80 right 5049
object 60 80 left 5048
object 60 80 right 5049
object 61 80 left 5048
object 61 80 right 5049
object 62 80 left 5048
object 62 80 right 5049
object 63 80 left 5048
object 63 80 right 5049
object 64 80 left 4998
object 64 80 right 4999
object 65 80 left 4934
object 65 80 right 4935
object 93 80 left 5018
object 93 80 right 5019
object 94 80 left 5024
object 94 80 right 5025
object 95 80 left 5048
object 95 80 right 5049
object 96 80 left 5048
object 96 80 right 5049
object 97 80 left 5048
object 97 80 right 5049
object 98 80 left 5048
object 98 80 right 5049
object 99 80 left 5048
object 99 80 right 5049
object 0 81 left 5048
object 0 81 right 5049
object 1 81 left 5048
object 1 81 right 5049
object 2 81 left 5202
object 2 81 right 5203
object 24 81 left 5020
object 24 81 right 5021
object 25 81 left 5026
object 25 81 right 5027
object 26 81 left 5048
object 26 81 right 5049
object 27 81 left 5048
object 27 81 right 5049
object 28 81 left 5028
object 28 81 right 5029
object 29 81 left 5044
object 29 81 right 5045
object 55 81 left 4978
object 55 81 right 4979
object 56 81 left 5048
object 56 81 right 5049
object 57 81 left 5048
object 57 81 right 5049
object 58 81 left 5048
object 58 81 right 5049
object 59 81 left 5048
object 59 81 right 5049
object 60 81 left 5048
object 60 81 right 5049
object 61 81 left 5048
object 61 81 right 5049
object 62 81 left 5048
object 62 81 right 5049
object 63 81 left 5048
object 63 81 right 5049
object 64 81 left 5048
object 64 81 right 5049
object 65 81 left 4916
object 65 81 right 4917
object 92 81 left 5020
object 92 81 right 5021
object 93 81 left 5026
object 93 81 right 5027
object 94 81 left 5048
object 94 81 right 5049
object 95 81 left 5048
object 95 81 right 5049
object 96 81 left 5048
object 96 81 right 5049
object 97 81 left 5048
object 97 81 right 5049
object 98 81 left 5048
object 98 81 right 5049
object 99 81 left 5048
object 99 81 right 5049
object 0 82 left 5048
object 0 82 right 5049
object 1 82 left 5048
object 1 82 right 5049
object 2 82 left 4916
object 2 82 right 4917
object 21 82 left 5020
object 21 82 right 5021
object 22 82 left 4964
object 22 82 right 4965
object 23 82 left 4966
object 23 82 right 4967
object 24 82 left 5024
object 24 82 right 5025
object 25 82 left 5048
object 25 82 right 5049
object 26 82 left 5048
object 26 82 right 5049
object 27 82 left 5032
object 27 82 right 5033
object 28 82 left 5042
object 28 82 right 5043
object 55 82 left 4976
object 55 82 right 4977
object 56 82 left 5048
object 56 82 right 5049
object 57 82 left 5048
object 57 82 right 5049
object 58 82 left 5048
object 58 82 right 5049
object 59 82 left 5048
object 59 82 right 5049
object 60 82 left 5048
object 60 82 right 5049
object 61 82 left 5048
object 61 82 right 5049
object 62 82 left 5048
object 62 82 right 5049
object 63 82 left 5048
object 63 82 right 5049
object 64 82 left 5048
object 64 82 right 5049
object 65 82 left 4922
object 65 82 right 4923
object 86 82 left 5020
object 86 82 right 5021
object 87 82 left 4966
object 87 82 right 4967
object 88 82 left 4968
object 88 82 right 4969
object 89 82 left 4966
object 89 82 right 4967
object 90 82 left 4964
object 90 82 right 4965
object 91 82 left 4962
object 91 82 right 4963
object 92 82 left 5024
object 92 82 right 5025
object 93 82 left 5048
object 93 82 right 5049
object 94 82 left 5048
object 94 82 right 5049
object 95 82 left 5048
object 95 82 right 5049
object 96 82 left 5048
object 96 82 right 5049
object 97 82 left 5048
object 97 82 right 5049
object 98 82 left 5048
object 98 82 right 5049
object 99 82 left 5048
object 99 82 right 5049
object 0 83 left 5048
object 0 83 right 5049
object 1 83 left 5048
object 1 83 right 5049
object 2 83 left 4922
object 2 83 right 4923
object 20 83 left 5018
object 20 83 right 5019
object 21 83 left 5026
object 21 83 right 5027
object 22 83 left 5048
object 22 83 right 5049
object 23 83 left 5048
object 23 83 right 5049
object 24 83 left 5048
object 24 83 right 5049
object 25 83 left 5048
object 25 83 right 5049
object 26 83 left 5030
object 26 83 right 5031
object 27 83 left 5040
object 27 83 right 5041
object 54 83 left 5020
object 54 83 right 5021
object 55 83 left 5026
object 55 83 right 5027
object 56 83 left 5048
object 56 83 right 5049
object 57 83 left 5048
object 57 83 right 5049
object 58 83 left 5048
object 58 83 right 5049
object 59 83 left 5048
object 59 83 right 5049
object 60 83 left 5048
object 60 83 right 5049
object 61 83 left 5048
object 61 83 right 5049
object 62 83 left 5048
object 62 83 right 5049
object 63 83 left 5048
object 63 83 right 5049
object 64 83 left 5048
object 64 83 right 5049
object 65 83 left 4998
object 65 83 right 4999
object 66 83 left 4984
object 66 83 right 4985
object 85 83 left 5018
object 85 83 right 5019
object 86 83 left 5026
object 86 83 right 5027
object 87 83 left 5048
object 87 83 right 5049
object 88 83 left 5048
object 88 83 right 5049
object 89 83 left 5048
object 89 83 right 5049
object 90 83 left 5048
object 90 83 right 5049
object 91 83 left 5048
object 91 83 right 5049
object 92 83 left 5048
object 92 83 right 5049
object 93 83 left 5048
object 93 83 right 5049
object 94 83 left 5048
object 94 83 right 5049
object 95 83 left 5048
object 95 83 right 5049
object 96 83 left 5048
object 96 83 right 5049
object 97 83 left 5048
object 97 83 right 5049
object 98 83 left 5048
object 98 83 right 5049
object 99 83 left 5048
object 99 83 right 5049
object 0 84 left 5048
object 0 84 right 5049
object 1 84 left 5048
object 1 84 right 5049
object 2 84 left 4928
object 2 84 right 4929
object 19 84 left 5016
object 19 84 right 5017
object 20 84 left 5024
object 20 84 right 5025
object 21 84 left 5048
object 21 84 right 5049
object 22 84 left 5048
object 22 84 right 5049
object 23 84 left 5048
object 23 84 right 5049
object 24 84 left 5048
object 24 84 right 5049
object 25 84 left 5048
object 25 84 right 5049
object 26 84 left 4910
object 26 84 right 5205
object 53 84 left 5018
object 53 84 right 5019
object 54 84 left 5024
object 54 84 right 5025
object 55 84 left 5048
object 55 84 right 5049
object 56 84 left 5048
object 56 84 right 5049
object 57 84 left 5048
object 57 84 right 5049
object 58 84 left 5048
object 58 84 right 5049
object 59 84 left 5048
object 59 84 right 5049
object 60 84 left 5048
object 60 84 right 5049
object 61 84 left 5048
object 61 84 right 5049
object 62 84 left 5048
object 62 84 right 5049
object 63 84 left 5048
object 63 84 right 5049
object 64 84 left 5048
object 64 84 right 5049
object 65 84 left 5048
object 65 84 right 5049
object 66 84 left 4996
object 66 84 right 4997
object 67 84 left 4984
object 67 84 right 4985
object 84 84 left 5016
object 84 84 right 5017
object 85 84 left 5024
object 85 84 right 5025
object 86 84 left 5048
object 86 84 right 5049
object 87 84 left 5048
object 87 84 right 5049
object 88 84 left 5048
object 88 84 right 5049
object 89 84 left 5048
object 89 84 right 5049
object 90 84 left 5048
object 90 84 right 5049
object 91 84 left 5048
object 91 84 right 5049
object 92 84 left 5048
object 92 84 right 5049
object 93 84 left 5048
object 93 84 right 5049
object 94 84 left 5048
object 94 84 right 5049
object 95 84 left 5048
object 95 84 right 5049
object 96 84 left 5048
object 96 84 right 5049
object 97 84 left 5048
object 97 84 right 5049
object 98 84 left 5048
object 98 84 right 5049
object 99 84 left 5048
object 99 84 right 5049
object 0 85 left 5048
object 0 85 right 5049
object 1 85 left 5032
object 1 85 right 5033
object 2 85 left 5042
object 2 85 right 5043
object 19 85 left 4974
object 19 85 right 4975
object 20 85 left 5048
object 20 85 right 5049
object 21 85 left 5048
object 21 85 right 5049
object 22 85 left 5048
object 22 85 right 5049
object 23 85 left 5048
object 23 85 right 5049
object 24 85 left 5048
object 24 85 right 5049
object 25 85 left 5048
object 25 85 right 5049
object 26 85 left 4924
object 26 85 right 5204
object 53 85 left 4972
object 53 85 right 4973
object 54 85 left 5048
object 54 85 right 5049
object 55 85 left 5048
object 55 85 right 5049
object 56 85 left 5048
object 56 85 right 5049
object 57 85 left 5048
object 57 85 right 5049
object 58 85 left 5048
object 58 85 right 5049
object 59 85 left 5048
object 59 85 right 5049
object 60 85 left 5048
object 60 85 right 5049
object 61 85 left 5048
object 61 85 right 5049
object 62 85 left 5048
object 62 85 right 5049
object 63 85 left 5048
object 63 85 right 5049
object 64 85 left 5048
object 64 85 right 5049
object 65 85 left 5048
object 65 85 right 5049
object 66 85 left 5048
object 66 85 right 5049
object 67 85 left 4922
object 67 85 right 4923
object 84 85 left 4980
object 84 85 right 4981
object 85 85 left 5048
object 85 85 right 5049
object 86 85 left 5048
object 86 85 right 5049
object 87 85 left 5048
object 87 85 right 5049
object 88 85 left 5048
object 88 85 right 5049
object 89 85 left 5048
object 89 85 right 5049
object 90 85 left 5048
object 90 85 right 5049
object 91 85 left 5048
object 91 85 right 5049
object 92 85 left 5048
object 92 85 right 5049
object 93 85 left 5048
object 93 85 right 5049
object 94 85 left 5048
object 94 85 right 5049
object 95 85 left 5048
object 95 85 right 5049
object 96 85 left 5048
object 96 85 right 5049
object 97 85 left 5048
object 97 85 right 5049
object 98 85 left 5048
object 98 85 right 5049
object 99 85 left 5048
object 99 85 right 5049
object 0 86 left 5028
object 0 86 right 5029
object 1 86 left 5044
object 1 86 right 5045
object 19 86 left 4972
object 19 86 right 4973
object 20 86 left 5048
object 20 86 right 5049
object 21 86 left 5048
object 21 86 right 5049
object 22 86 left 5048
object 22 86 right 5049
object 23 86 left 5048
object 23 86 right 5049
object 24 86 left 5048
object 24 86 right 5049
object 25 86 left 5048
object 25 86 right 5049
object 26 86 left 5202
object 26 86 right 5203
object 49 86 left 5020
object 49 86 right 5021
object 50 86 left 4964
object 50 86 right 4965
object 51 86 left 4966
object 51 86 right 4967
object 52 86 left 4968
object 52 86 right 4969
object 53 86 left 5024
object 53 86 right 5025
object 54 86 left 5048
object 54 86 right 5049
object 55 86 left 5048
object 55 86 right 5049
object 56 86 left 5048
object 56 86 right 5049
object 57 86 left 5048
object 57 86 right 5049
object 58 86 left 5048
object 58 86 right 5049
object 59 86 left 5048
object 59 86 right 5049
object 60 86 left 5048
object 60 86 right 5049
object 61 86 left 5048
object 61 86 right 5049
object 62 86 left 5048
object 62 86 right 5049
object 63 86 left 5048
object 63 86 right 5049
object 64 86 left 5048
object 64 86 right 5049
object 65 86 left 5048
object 65 86 right 5049
object 66 86 left 5048
object 66 86 right 5049
object 67 86 left 4912
object 67 86 right 5213
object 84 86 left 4972
object 84 86 right 4973
object 85 86 left 5048
object 85 86 right 5049
object 86 86 left 5048
object 86 86 right 5049
object 87 86 left 5048
object 87 86 right 5049
object 88 86 left 5048
object 88 86 right 5049
object 89 86 left 5048
object 89 86 right 5049
object 90 86 left 5048
object 90 86 right 5049
object 91 86 left 5048
object 91 86 right 5049
object 92 86 left 5048
object 92 86 right 5049
object 93 86 left 5048
object 93 86 right 5049
object 94 86 left 5048
object 94 86 right 5049
object 95 86 left 5048
object 95 86 right 5049
object 96 86 left 5048
object 96 86 right 5049
object 97 86 left 5048
object 97 86 right 5049
object 98 86 left 5048
object 98 86 right 5049
object 99 86 left 5048
object 99 86 right 5049
object 0 87 left 4910
object 0 87 right 4911
object 19 87 left 4976
object 19 87 right 4977
object 20 87 left 5048
object 20 87 right 5049
object 21 87 left 5048
object 21 87 right 5049
object 22 87 left 5048
object 22 87 right 5049
object 23 87 left 5048
object 23 87 right 5049
object 24 87 left 5048
object 24 87 right 5049
object 25 87 left 5032
object 25 87 right 5033
object 26 87 left 5042
object 26 87 right 5043
object 48 87 left 5016
object 48 87 right 5017
object 49 87 left 5026
object 49 87 right 5027
object 50 87 left 5048
object 50 87 right 5049
object 51 87 left 5048
object 51 87 right 5049
object 52 87 left 5048
object 52 87 right 5049
object 53 87 left 5048
object 53 87 right 5049
object 54 87 left 5048
object 54 87 right 5049
object 55 87 left 5048
object 55 87 right 5049
object 56 87 left 5048
object 56 87 right 5049
object 57 87 left 5048
object 57 87 right 5049
object 58 87 left 5048
object 58 87 right 5049
object 59 87 left 5048
object 59 87 right 5049
object 60 87 left 5048
object 60 87 right 5049
object 61 87 left 5048
object 61 87 right 5049
object 62 87 left 5048
object 62 87 right 5049
object 63 87 left 5048
object 63 87 right 5049
object 64 87 left 5048
object 64 87 right 5049
object 65 87 left 5048
object 65 87 right 5049
object 66 87 left 5048
object 66 87 right 5049
object 67 87 left 4920
object 67 87 right 5212
object 84 87 left 4974
object 84 87 right 4975
object 85 87 left 5048
object 85 87 right 5049
object 86 87 left 5048
object 86 87 right 5049
object 87 87 left 5048
object 87 87 right 5049
object 88 87 left 5048
object 88 87 right 5049
object 89 87 left 5048
object 89 87 right 5049
object 90 87 left 5048
object 90 87 right 5049
object 91 87 left 5048
object 91 87 right 5049
object 92 87 left 5048
object 92 87 right 5049
object 93 87 left 5048
object 93 87 right 5049
object 94 87 left 5048
object 94 87 right 5049
object 95 87 left 5048
object 95 87 right 5049
object 96 87 left 5048
object 96 87 right 5049
object 97 87 left 5048
object 97 87 right 5049
object 98 87 left 5048
object 98 87 right 5049
object 99 87 left 5048
object 99 87 right 5049
object 0 88 left 4920
object 0 88 right 4921
object 19 88 left 4980
object 19 88 right 4981
object 20 88 left 5048
object 20 88 right 5049
object 21 88 left 5048
object 21 88 right 5049
object 22 88 left 5048
object 22 88 right 5049
object 23 88 left 5048
object 23 88 right 5049
object 24 88 left 5030
object 24 88 right 5031
object 25 88 left 5040
object 25 88 right 5041
object 47 88 left 5018
object 47 88 right 5019
object 48 88 left 5022
object 48 88 right 5023
object 49 88 left 5048
object 49 88 right 5049
object 50 88 left 5048
object 50 88 right 5049
object 51 88 left 5048
object 51 88 right 5049
object 52 88 left 5048
object 52 88 right 5049
object 53 88 left 5048
object 53 88 right 5049
object 54 88 left 5048
object 54 88 right 5049
object 55 88 left 5048
object 55 88 right 5049
object 56 88 left 5048
object 56 88 right 5049
object 57 88 left 5048
object 57 88 right 5049
object 58 88 left 5048
object 58 88 right 5049
object 59 88 left 5048
object 59 88 right 5049
object 60 88 left 5048
object 60 88 right 5049
object 61 88 left 5048
object 61 88 right 5049
object 62 88 left 5048
object 62 88 right 5049
object 63 88 left 5048
object 63 88 right 5049
object 64 88 left 5048
object 64 88 right 5049
object 65 88 left 5048
object 65 88 right 5049
object 66 88 left 5048
object 66 88 right 5049
object 67 88 left 5210
object 67 88 right 5211
object 84 88 left 4976
object 84 88 right 4977
object 85 88 left 5048
object 85 88 right 5049
object 86 88 left 5048
object 86 88 right 5049
object 87 88 left 5048
object 87 88 right 5049
object 88 88 left 5048
object 88 88 right 5049
object 89 88 left 5048
object 89 88 right 5049
object 90 88 left 5048
object 90 88 right 5049
object 91 88 left 5048
object 91 88 right 5049
object 92 88 left 5048
object 92 88 right 5049
object 93 88 left 5048
object 93 88 right 5049
object 94 88 left 5048
object 94 88 right 5049
object 95 88 left 5048
object 95 88 right 5049
object 96 88 left 5048
object 96 88 right 5049
object 97 88 left 5048
object 97 88 right 5049
object 98 88 left 5048
object 98 88 right 5049
object 99 88 left 5048
object 99 88 right 5049
object 0 89 left 4928
object 0 89 right 4929
object 19 89 left 4978
object 19 89 right 4979
object 20 89 left 5048
object 20 89 right 5049
object 21 89 left 5048
object 21 89 right 5049
object 22 89 left 5048
object 22 89 right 5049
object 23 89 left 5048
object 23 89 right 5049
object 24 89 left 4914
object 24 89 right 5225
object 47 89 left 4974
object 47 89 right 4975
object 48 89 left 5048
object 48 89 right 5049
object 49 89 left 5048
object 49 89 right 5049
object 50 89 left 5048
object 50 89 right 5049
object 51 89 left 5048
object 51 89 right 5049
object 52 89 left 5048
object 52 89 right 5049
object 53 89 left 5048
object 53 89 right 5049
object 54 89 left 5048
object 54 89 right 5049
object 55 89 left 5048
object 55 89 right 5049
object 56 89 left 5048
object 56 89 right 5049
object 57 89 left 5048
object 57 89 right 5049
object 58 89 left 5048
object 58 89 right 5049
object 59 89 left 5048
object 59 89 right 5049
object 60 89 left 5048
object 60 89 right 5049
object 61 89 left 5048
object 61 89 right 5049
object 62 89 left 5048
object 62 89 right 5049
object 63 89 left 5048
object 63 89 right 5049
object 64 89 left 5048
object 64 89 right 5049
object 65 89 left 5048
object 65 89 right 5049
object 66 89 left 5048
object 66 89 right 5049
object 67 89 left 4916
object 67 89 right 4917
object 84 89 left 4978
object 84 89 right 4979
object 85 89 left 5048
object 85 89 right 5049
object 86 89 left 5048
object 86 89 right 5049
object 87 89 left 5048
object 87 89 right 5049
object 88 89 left 5048
object 88 89 right 5049
object 89 89 left 5048
object 89 89 right 5049
object 90 89 left 5048
object 90 89 right 5049
object 91 89 left 5048
object 91 89 right 5049
object 92 89 left 5048
object 92 89 right 5049
object 93 89 left 5048
object 93 89 right 5049
object 94 89 left 5048
object 94 89 right 5049
object 95 89 left 5048
object 95 89 right 5049
object 96 89 left 5048
object 96 89 right 5049
object 97 89 left 5048
object 97 89 right 5049
object 98 89 left 5048
object 98 89 right 5049
object 99 89 left 5048
object 99 89 right 5049
object 0 90 left 4910
object 0 90 right 5213
object 19 90 left 4952
object 19 90 right 4953
object 20 90 left 5010
object 20 90 right 5011
object 21 90 left 5048
object 21 90 right 5049
object 22 90 left 5048
object 22 90 right 5049
object 23 90 left 5048
object 23 90 right 5049
object 24 90 right 5224
object 47 90 left 4976
object 47 90 right 4977
object 48 90 left 5048
object 48 90 right 5049
object 49 90 left 5048
object 49 90 right 5049
object 50 90 left 5048
object 50 90 right 5049
object 51 90 left 5048
object 51 90 right 5049
object 52 90 left 5048
object 52 90 right 5049
object 53 90 left 5048
object 53 90 right 5049
object 54 90 left 5048
object 54 90 right 5049
object 55 90 left 5048
object 55 90 right 5049
object 56 90 left 5048
object 56 90 right 5049
object 57 90 left 5048
object 57 90 right 5049
object 58 90 left 5048
object 58 90 right 5049
object 59 90 left 5048
object 59 90 right 5049
object 60 90 left 5048
object 60 90 right 5049
object 61 90 left 5048
object 61 90 right 5049
object 62 90 left 5048
object 62 90 right 5049
object 63 90 left 5048
object 63 90 right 5049
object 64 90 left 5048
object 64 90 right 5049
object 65 90 left 5048
object 65 90 right 5049
object 66 90 left 5048
object 66 90 right 5049
object 67 90 left 4922
object 67 90 right 4923
object 84 90 left 4980
object 84 90 right 4981
object 85 90 left 5048
object 85 90 right 5049
object 86 90 left 5048
object 86 90 right 5049
object 87 90 left 5048
object 87 90 right 5049
object 88 90 left 5048
object 88 90 right 5049
object 89 90 left 5048
object 89 90 right 5049
object 90 90 left 5048
object 90 90 right 5049
object 91 90 left 5048
object 91 90 right 5049
object 92 90 left 5048
object 92 90 right 5049
object 93 90 left 5048
object 93 90 right 5049
object 94 90 left 5048
object 94 90 right 5049
object 95 90 left 5048
object 95 90 right 5049
object 96 90 left 5048
object 96 90 right 5049
object 97 90 left 5048
object 97 90 right 5049
object 98 90 left 5048
object 98 90 right 5049
object 99 90 left 5048
object 99 90 right 5049
object 0 91 left 4924
object 0 91 right 5212
object 20 91 left 5000
object 20 91 right 5001
object 21 91 left 5012
object 21 91 right 5013
object 22 91 left 5048
object 22 91 right 5049
object 23 91 left 5048
object 23 91 right 5049
object 24 91 left 5222
object 24 91 right 5223
object 47 91 left 4978
object 47 91 right 4979
object 48 91 left 5048
object 48 91 right 5049
object 49 91 left 5048
object 49 91 right 5049
object 50 91 left 5048
object 50 91 right 5049
object 51 91 left 5048
object 51 91 right 5049
object 52 91 left 5048
object 52 91 right 5049
object 53 91 left 5048
object 53 91 right 5049
object 54 91 left 5048
object 54 91 right 5049
object 55 91 left 5048
object 55 91 right 5049
object 56 91 left 5048
object 56 91 right 5049
object 57 91 left 5048
object 57 91 right 5049
object 58 91 left 5048
object 58 91 right 5049
object 59 91 left 5048
object 59 91 right 5049
object 60 91 left 5048
object 60 91 right 5049
object 61 91 left 5048
object 61 91 right 5049
object 62 91 left 5048
object 62 91 right 5049
object 63 91 left 5048
object 63 91 right 5049
object 64 91 left 5048
object 64 91 right 5049
object 65 91 left 5048
object 65 91 right 5049
object 66 91 left 5048
object 66 91 right 5049
object 67 91 left 4998
object 67 91 right 4999
object 68 91 left 4988
object 68 91 right 4989
object 84 91 left 4974
object 84 91 right 4975
object 85 91 left 5048
object 85 91 right 5049
object 86 91 left 5048
object 86 91 right 5049
object 87 91 left 5048
object 87 91 right 5049
object 88 91 left 5048
object 88 91 right 5049
object 89 91 left 5048
object 89 91 right 5049
object 90 91 left 5048
object 90 91 right 5049
object 91 91 left 5048
object 91 91 right 5049
object 92 91 left 5048
object 92 91 right 5049
object 93 91 left 5048
object 93 91 right 5049
object 94 91 left 5048
object 94 91 right 5049
object 95 91 left 5048
object 95 91 right 5049
object 96 91 left 5048
object 96 91 right 5049
object 97 91 left 5048
object 97 91 right 5049
object 98 91 left 5048
object 98 91 right 5049
object 99 91 left 5048
object 99 91 right 5049
object 0 92 left 5210
object 0 92 right 5211
object 21 92 left 4974
object 21 92 right 4975
object 22 92 left 5048
object 22 92 right 5049
object 23 92 left 5048
object 23 92 right 5049
object 24 92 left 4912
object 24 92 right 4913
object 46 92 left 5020
object 46 92 right 5021
object 47 92 left 5026
object 47 92 right 5027
object 48 92 left 5048
object 48 92 right 5049
object 49 92 left 5048
object 49 92 right 5049
object 50 92 left 5048
object 50 92 right 5049
object 51 92 left 5048
object 51 92 right 5049
object 52 92 left 5048
object 52 92 right 5049
object 53 92 left 5048
object 53 92 right 5049
object 54 92 left 5048
object 54 92 right 5049
object 55 92 left 5048
object 55 92 right 5049
object 56 92 left 5048
object 56 92 right 5049
object 57 92 left 5048
object 57 92 right 5049
object 58 92 left 5048
object 58 92 right 5049
object 59 92 left 5048
object 59 92 right 5049
object 60 92 left 5048
object 60 92 right 5049
object 61 92 left 5048
object 61 92 right 5049
object 62 92 left 5048
object 62 92 right 5049
object 63 92 left 5048
object 63 92 right 5049
object 64 92 left 5048
object 64 92 right 5049
object 65 92 left 5048
object 65 92 right 5049
object 66 92 left 5048
object 66 92 right 5049
object 67 92 left 5048
object 67 92 right 5049
object 68 92 left 4996
object 68 92 right 4997
object 69 92 left 4990
object 69 92 right 4991
object 84 92 left 4976
object 84 92 right 4977
object 85 92 left 5048
object 85 92 right 5049
object 86 92 left 5048
object 86 92 right 5049
object 87 92 left 5048
object 87 92 right 5049
object 88 92 left 5048
object 88 92 right 5049
object 89 92 left 5048
object 89 92 right 5049
object 90 92 left 5048
object 90 92 right 5049
object 91 92 left 5048
object 91 92 right 5049
object 92 92 left 5048
object 92 92 right 5049
object 93 92 left 5048
object 93 92 right 5049
object 94 92 left 5048
object 94 92 right 5049
object 95 92 left 5048
object 95 92 right 5049
object 96 92 left 5048
object 96 92 right 5049
object 97 92 left 5048
object 97 92 right 5049
object 98 92 left 5048
object 98 92 right 5049
object 99 92 left 5048
object 99 92 right 5049
object 0 93 left 4916
object 0 93 right 4917
object 21 93 left 4976
object 21 93 right 4977
object 22 93 left 5048
object 22 93 right 5049
object 23 93 left 5048
object 23 93 right 5049
object 24 93 left 4922
object 24 93 right 4923
object 45 93 left 5018
object 45 93 right 5019
object 46 93 left 5024
object 46 93 right 5025
object 47 93 left 5048
object 47 93 right 5049
object 48 93 left 5048
object 48 93 right 5049
object 49 93 left 5048
object 49 93 right 5049
object 50 93 left 5048
object 50 93 right 5049
object 51 93 left 5048
object 51 93 right 5049
object 52 93 left 5048
object 52 93 right 5049
object 53 93 left 5048
object 53 93 right 5049
object 54 93 left 5048
object 54 93 right 5049
object 55 93 left 5048
object 55 93 right 5049
object 56 93 left 5048
object 56 93 right 5049
object 57 93 left 5048
object 57 93 right 5049
object 58 93 left 5048
object 58 93 right 5049
object 59 93 left 5048
object 59 93 right 5049
object 60 93 left 5048
object 60 93 right 5049
object 61 93 left 5048
object 61 93 right 5049
object 62 93 left 5048
object 62 93 right 5049
object 63 93 left 5048
object 63 93 right 5049
object 64 93 left 5048
object 64 93 right 5049
object 65 93 left 5048
object 65 93 right 5049
object 66 93 left 5048
object 66 93 right 5049
object 67 93 left 5048
object 67 93 right 5049
object 68 93 left 5048
object 68 93 right 5049
object 69 93 left 4998
object 69 93 right 4999
object 70 93 left 4984
object 70 93 right 4985
object 84 93 left 4978
object 84 93 right 4979
object 85 93 left 5048
object 85 93 right 5049
object 86 93 left 5048
object 86 93 right 5049
object 87 93 left 5048
object 87 93 right 5049
object 88 93 left 5048
object 88 93 right 5049
object 89 93 left 5048
object 89 93 right 5049
object 90 93 left 5048
object 90 93 right 5049
object 91 93 left 5048
object 91 93 right 5049
object 92 93 left 5048
object 92 93 right 5049
object 93 93 left 5048
object 93 93 right 5049
object 94 93 left 5048
object 94 93 right 5049
object 95 93 left 5048
object 95 93 right 5049
object 96 93 left 5048
object 96 93 right 5049
object 97 93 left 5048
object 97 93 right 5049
object 98 93 left 5048
object 98 93 right 5049
object 99 93 left 5048
object 99 93 right 5049
object 0 94 left 4922
object 0 94 right 4923
object 21 94 left 4978
object 21 94 right 4979
object 22 94 left 5048
object 22 94 right 5049
object 23 94 left 5048
object 23 94 right 5049
object 24 94 left 4932
object 24 94 right 4933
object 44 94 left 5016
object 44 94 right 5017
object 45 94 left 5022
object 45 94 right 5023
object 46 94 left 5048
object 46 94 right 5049
object 47 94 left 5048
object 47 94 right 5049
object 48 94 left 5048
object 48 94 right 5049
object 49 94 left 5048
object 49 94 right 5049
object 50 94 left 5048
object 50 94 right 5049
object 51 94 left 5048
object 51 94 right 5049
object 52 94 left 5048
object 52 94 right 5049
object 53 94 left 5048
object 53 94 right 5049
object 54 94 left 5048
object 54 94 right 5049
object 55 94 left 5048
object 55 94 right 5049
object 56 94 left 5048
object 56 94 right 5049
object 57 94 left 5048
object 57 94 right 5049
object 58 94 left 5048
object 58 94 right 5049
object 59 94 left 5048
object 59 94 right 5049
object 60 94 left 5048
object 60 94 right 5049
object 61 94 left 5048
object 61 94 right 5049
object 62 94 left 5048
object 62 94 right 5049
object 63 94 left 5048
object 63 94 right 5049
object 64 94 left 5048
object 64 94 right 5049
object 65 94 left 5048
object 65 94 right 5049
object 66 94 left 5048
object 66 94 right 5049
object 67 94 left 5048
object 67 94 right 5049
object 68 94 left 5048
object 68 94 right 5049
object 69 94 left 5048
object 69 94 right 5049
object 70 94 left 4996
object 70 94 right 4997
object 71 94 left 4984
object 71 94 right 4985
object 84 94 left 4980
object 84 94 right 4981
object 85 94 left 5048
object 85 94 right 5049
object 86 94 left 5048
object 86 94 right 5049
object 87 94 left 5048
object 87 94 right 5049
object 88 94 left 5048
object 88 94 right 5049
object 89 94 left 5048
object 89 94 right 5049
object 90 94 left 5048
object 90 94 right 5049
object 91 94 left 5048
object 91 94 right 5049
object 92 94 left 5048
object 92 94 right 5049
object 93 94 left 5048
object 93 94 right 5049
object 94 94 left 5048
object 94 94 right 5049
object 95 94 left 5048
object 95 94 right 5049
object 96 94 left 5048
object 96 94 right 5049
object 97 94 left 5048
object 97 94 right 5049
object 98 94 left 5048
object 98 94 right 5049
object 99 94 left 5048
object 99 94 right 5049
object 0 95 left 4928
object 0 95 right 4929
object 20 95 left 5020
object 20 95 right 5021
object 21 95 left 5026
object 21 95 right 5027
object 22 95 left 5048
object 22 95 right 5049
object 23 95 left 5048
object 23 95 right 5049
object 24 95 left 4998
object 24 95 right 4999
object 25 95 left 4984
object 25 95 right 4985
object 40 95 left 5020
object 40 95 right 5021
object 41 95 left 4964
object 41 95 right 4965
object 42 95 left 4966
object 42 95 right 4967
object 43 95 left 4968
object 43 95 right 4969
object 44 95 left 5024
object 44 95 right 5025
object 45 95 left 5048
object 45 95 right 5049
object 46 95 left 5048
object 46 95 right 5049
object 47 95 left 5048
object 47 95 right 5049
object 48 95 left 5048
object 48 95 right 5049
object 49 95 left 5048
object 49 95 right 5049
object 50 95 left 5048
object 50 95 right 5049
object 51 95 left 5048
object 51 95 right 5049
object 52 95 left 5048
object 52 95 right 5049
object 53 95 left 5048
object 53 95 right 5049
object 54 95 left 5048
object 54 95 right 5049
object 55 95 left 5048
object 55 95 right 5049
object 56 95 left 5048
object 56 95 right 5049
object 57 95 left 5048
object 57 95 right 5049
object 58 95 left 5048
object 58 95 right 5049
object 59 95 left 5048
object 59 95 right 5049
object 60 95 left 5048
object 60 95 right 5049
object 61 95 left 5048
object 61 95 right 5049
object 62 95 left 5048
object 62 95 right 5049
object 63 95 left 5048
object 63 95 right 5049
object 64 95 left 5048
object 64 95 right 5049
object 65 95 left 5048
object 65 95 right 5049
object 66 95 left 5048
object 66 95 right 5049
object 67 95 left 5048
object 67 95 right 5049
object 68 95 left 5048
object 68 95 right 5049
object 69 95 left 5048
object 69 95 right 5049
object 70 95 left 5048
object 70 95 right 5049
object 71 95 left 4992
object 71 95 right 4993
object 72 95 left 4982
object 72 95 right 4983
object 84 95 left 4972
object 84 95 right 4973
object 85 95 left 5048
object 85 95 right 5049
object 86 95 left 5048
object 86 95 right 5049
object 87 95 left 5048
object 87 95 right 5049
object 88 95 left 5048
object 88 95 right 5049
object 89 95 left 5048
object 89 95 right 5049
object 90 95 left 5048
object 90 95 right 5049
object 91 95 left 5048
object 91 95 right 5049
object 92 95 left 5048
object 92 95 right 5049
object 93 95 left 5048
object 93 95 right 5049
object 94 95 left 5048
object 94 95 right 5049
object 95 95 left 5048
object 95 95 right 5049
object 96 95 left 5048
object 96 95 right 5049
object 97 95 left 5048
object 97 95 right 5049
object 98 95 left 5048
object 98 95 right 5049
object 99 95 left 5048
object 99 95 right 5049
object 0 96 left 4996
object 0 96 right 4997
object 1 96 left 4990
object 1 96 right 4991
object 19 96 left 5018
object 19 96 right 5019
object 20 96 left 5024
object 20 96 right 5025
object 21 96 left 5048
object 21 96 right 5049
object 22 96 left 5048
object 22 96 right 5049
object 23 96 left 5048
object 23 96 right 5049
object 24 96 left 5048
object 24 96 right 5049
object 25 96 left 4992
object 25 96 right 4993
object 26 96 left 4986
object 26 96 right 4987
object 39 96 left 5018
object 39 96 right 5019
object 40 96 left 5026
object 40 96 right 5027
object 41 96 left 5048
object 41 96 right 5049
object 42 96 left 5048
object 42 96 right 5049
object 43 96 left 5048
object 43 96 right 5049
object 44 96 left 5048
object 44 96 right 5049
object 45 96 left 5048
object 45 96 right 5049
object 46 96 left 5048
object 46 96 right 5049
object 47 96 left 5048
object 47 96 right 5049
object 48 96 left 5048
object 48 96 right 5049
object 49 96 left 5048
object 49 96 right 5049
object 50 96 left 5048
object 50 96 right 5049
object 51 96 left 5048
object 51 96 right 5049
object 52 96 left 5048
object 52 96 right 5049
object 53 96 left 5048
object 53 96 right 5049
object 54 96 left 5048
object 54 96 right 5049
object 55 96 left 5048
object 55 96 right 5049
object 56 96 left 5048
object 56 96 right 5049
object 57 96 left 5048
object 57 96 right 5049
object 58 96 left 5048
object 58 96 right 5049
object 59 96 left 5048
object 59 96 right 5049
object 60 96 left 5048
object 60 96 right 5049
object 61 96 left 5048
object 61 96 right 5049
object 62 96 left 5048
object 62 96 right 5049
object 63 96 left 5048
object 63 96 right 5049
object 64 96 left 5048
object 64 96 right 5049
object 65 96 left 5048
object 65 96 right 5049
object 66 96 left 5048
object 66 96 right 5049
object 67 96 left 5048
object 67 96 right 5049
object 68 96 left 5048
object 68 96 right 5049
object 69 96 left 5048
object 69 96 right 5049
object 70 96 left 5048
object 70 96 right 5049
object 71 96 left 5048
object 71 96 right 5049
object 72 96 left 4992
object 72 96 right 4993
object 73 96 left 4986
object 73 96 right 4987
object 83 96 left 5018
object 83 96 right 5019
object 84 96 left 5026
object 84 96 right 5027
object 85 96 left 5048
object 85 96 right 5049
object 86 96 left 5048
object 86 96 right 5049
object 87 96 left 5048
object 87 96 right 5049
object 88 96 left 5048
object 88 96 right 5049
object 89 96 left 5048
object 89 96 right 5049
object 90 96 left 5048
object 90 96 right 5049
object 91 96 left 5048
object 91 96 right 5049
object 92 96 left 5048
object 92 96 right 5049
object 93 96 left 5048
object 93 96 right 5049
object 94 96 left 5048
object 94 96 right 5049
object 95 96 left 5048
object 95 96 right 5049
object 96 96 left 5048
object 96 96 right 5049
object 97 96 left 5048
object 97 96 right 5049
object 98 96 left 5048
object 98 96 right 5049
object 99 96 left 5048
object 99 96 right 5049
object 0 97 left 5048
object 0 97 right 5049
object 1 97 left 4996
object 1 97 right 4997
object 2 97 left 4962
object 2 97 right 4963
object 3 97 left 4964
object 3 97 right 4965
object 4 97 left 4966
object 4 97 right 4967
object 5 97 left 4968
object 5 97 right 4969
object 6 97 left 4934
object 6 97 right 4935
object 19 97 left 4974
object 19 97 right 4975
object 20 97 left 5048
object 20 97 right 5049
object 21 97 left 5048
object 21 97 right 5049
object 22 97 left 5048
object 22 97 right 5049
object 23 97 left 5048
object 23 97 right 5049
object 24 97 left 5048
object 24 97 right 5049
object 25 97 left 5048
object 25 97 right 5049
object 26 97 left 4994
object 26 97 right 4995
object 27 97 left 4988
object 27 97 right 4989
object 38 97 left 5016
object 38 97 right 5017
object 39 97 left 5024
object 39 97 right 5025
object 40 97 left 5048
object 40 97 right 5049
object 41 97 left 5048
object 41 97 right 5049
object 42 97 left 5048
object 42 97 right 5049
object 43 97 left 5048
object 43 97 right 5049
object 44 97 left 5048
object 44 97 right 5049
object 45 97 left 5048
object 45 97 right 5049
object 46 97 left 5048
object 46 97 right 5049
object 47 97 left 5048
object 47 97 right 5049
object 48 97 left 5048
object 48 97 right 5049
object 49 97 left 5048
object 49 97 right 5049
object 50 97 left 5048
object 50 97 right 5049
object 51 97 left 5048
object 51 97 right 5049
object 52 97 left 5048
object 52 97 right 5049
object 53 97 left 5048
object 53 97 right 5049
object 54 97 left 5048
object 54 97 right 5049
object 55 97 left 5048
object 55 97 right 5049
object 56 97 left 5048
object 56 97 right 5049
object 57 97 left 5048
object 57 97 right 5049
object 58 97 left 5048
object 58 97 right 5049
object 59 97 left 5048
object 59 97 right 5049
object 60 97 left 5048
object 60 97 right 5049
object 61 97 left 5048
object 61 97 right 5049
object 62 97 left 5048
object 62 97 right 5049
object 63 97 left 5048
object 63 97 right 5049
object 64 97 left 5048
object 64 97 right 5049
object 65 97 left 5048
object 65 97 right 5049
object 66 97 left 5048
object 66 97 right 5049
object 67 97 left 5048
object 67 97 right 5049
object 68 97 left 5048
object 68 97 right 5049
object 69 97 left 5048
object 69 97 right 5049
object 70 97 left 5048
object 70 97 right 5049
object 71 97 left 5048
object 71 97 right 5049
object 72 97 left 5048
object 72 97 right 5049
object 73 97 left 4994
object 73 97 right 4995
object 74 97 left 4988
object 74 97 right 4989
object 82 97 left 5016
object 82 97 right 5017
object 83 97 left 5024
object 83 97 right 5025
object 84 97 left 5048
object 84 97 right 5049
object 85 97 left 5048
object 85 97 right 5049
object 86 97 left 5048
object 86 97 right 5049
object 87 97 left 5048
object 87 97 right 5049
object 88 97 left 5048
object 88 97 right 5049
object 89 97 left 5048
object 89 97 right 5049
object 90 97 left 5048
object 90 97 right 5049
object 91 97 left 5048
object 91 97 right 5049
object 92 97 left 5048
object 92 97 right 5049
object 93 97 left 5048
object 93 97 right 5049
object 94 97 left 5048
object 94 97 right 5049
object 95 97 left 5048
object 95 97 right 5049
object 96 97 left 5048
object 96 97 right 5049
object 97 97 left 5048
object 97 97 right 5049
object 98 97 left 5048
object 98 97 right 5049
object 99 97 left 5048
object 99 97 right 5049
object 0 98 left 5048
object 0 98 right 5049
object 1 98 left 5048
object 1 98 right 5049
object 2 98 left 5048
object 2 98 right 5049
object 3 98 left 5048
object 3 98 right 5049
object 4 98 left 5048
object 4 98 right 5049
object 5 98 left 5048
object 5 98 right 5049
object 6 98 left 4992
object 6 98 right 4993
object 7 98 left 4990
object 7 98 right 4991
object 18 98 left 5016
object 18 98 right 5017
object 19 98 left 5022
object 19 98 right 5023
object 20 98 left 5048
object 20 98 right 5049
object 21 98 left 5048
object 21 98 right 5049
object 22 98 left 5048
object 22 98 right 5049
object 23 98 left 5048
object 23 98 right 5049
object 24 98 left 5048
object 24 98 right 5049
object 25 98 left 5048
object 25 98 right 5049
object 26 98 left 5048
object 26 98 right 5049
object 27 98 left 4996
object 27 98 right 4997
object 28 98 left 4990
object 28 98 right 4991
object 37 98 left 5020
object 37 98 right 5021
object 38 98 left 5022
object 38 98 right 5023
object 39 98 left 5048
object 39 98 right 5049
object 40 98 left 5048
object 40 98 right 5049
object 41 98 left 5048
object 41 98 right 5049
object 42 98 left 5048
object 42 98 right 5049
object 43 98 left 5048
object 43 98 right 5049
object 44 98 left 5048
object 44 98 right 5049
object 45 98 left 5048
object 45 98 right 5049
object 46 98 left 5048
object 46 98 right 5049
object 47 98 left 5048
object 47 98 right 5049
object 48 98 left 5048
object 48 98 right 5049
object 49 98 left 5048
object 49 98 right 5049
object 50 98 left 5048
object 50 98 right 5049
object 51 98 left 5048
object 51 98 right 5049
object 52 98 left 5048
object 52 98 right 5049
object 53 98 left 5048
object 53 98 right 5049
object 54 98 left 5048
object 54 98 right 5049
object 55 98 left 5048
object 55 98 right 5049
object 56 98 left 5048
object 56 98 right 5049
object 57 98 left 5048
object 57 98 right 5049
object 58 98 left 5048
object 58 98 right 5049
object 59 98 left 5048
object 59 98 right 5049
object 60 98 left 5048
object 60 98 right 5049
object 61 98 left 5048
object 61 98 right 5049
object 62 98 left 5048
object 62 98 right 5049
object 63 98 left 5048
object 63 98 right 5049
object 64 98 left 5048
object 64 98 right 5049
object 65 98 left 5048
object 65 98 right 5049
object 66 98 left 5048
object 66 98 right 5049
object 67 98 left 5048
object 67 98 right 5049
object 68 98 left 5048
object 68 98 right 5049
object 69 98 left 5048
object 69 98 right 5049
object 70 98 left 5048
object 70 98 right 5049
object 71 98 left 5048
object 71 98 right 5049
object 72 98 left 5048
object 72 98 right 5049
object 73 98 left 5048
object 73 98 right 5049
object 74 98 left 4996
object 74 98 right 4997
object 75 98 left 4990
object 75 98 right 4991
object 81 98 left 5020
object 81 98 right 5021
object 82 98 left 5022
object 82 98 right 5023
object 83 98 left 5048
object 83 98 right 5049
object 84 98 left 5048
object 84 98 right 5049
object 85 98 left 5048
object 85 98 right 5049
object 86 98 left 5048
object 86 98 right 5049
object 87 98 left 5048
object 87 98 right 5049
object 88 98 left 5048
object 88 98 right 5049
object 89 98 left 5048
object 89 98 right 5049
object 90 98 left 5048
object 90 98 right 5049
object 91 98 left 5048
object 91 98 right 5049
object 92 98 left 5048
object 92 98 right 5049
object 93 98 left 5048
object 93 98 right 5049
object 94 98 left 5048
object 94 98 right 5049
object 95 98 left 5048
object 95 98 right 5049
object 96 98 left 5048
object 96 98 right 5049
object 97 98 left 5048
object 97 98 right 5049
object 98 98 left 5048
object 98 98 right 5049
object 99 98 left 5048
object 99 98 right 5049
object 0 99 left 5048
object 0 99 right 5049
object 1 99 left 5048
object 1 99 right 5049
object 2 99 left 5048
object 2 99 right 5049
object 3 99 left 5048
object 3 99 right 5049
object 4 99 left 5048
object 4 99 right 5049
object 5 99 left 5048
object 5 99 right 5049
object 6 99 left 5048
object 6 99 right 5049
object 7 99 left 4992
object 7 99 right 4993
object 8 99 left 4962
object 8 99 right 4963
object 9 99 left 4964
object 9 99 right 4965
object 10 99 left 4966
object 10 99 right 4967
object 11 99 left 4962
object 11 99 right 4963
object 12 99 left 4964
object 12 99 right 4965
object 13 99 left 4966
object 13 99 right 4967
object 14 99 left 4962
object 14 99 right 4963
object 15 99 left 4968
object 15 99 right 4969
object 16 99 left 4966
object 16 99 right 4967
object 17 99 left 4964
object 17 99 right 4965
object 18 99 left 5024
object 18 99 right 5025
object 19 99 left 5048
object 19 99 right 5049
object 20 99 left 5048
object 20 99 right 5049
object 21 99 left 5048
object 21 99 right 5049
object 22 99 left 5048
object 22 99 right 5049
object 23 99 left 5048
object 23 99 right 5049
object 24 99 left 5048
object 24 99 right 5049
object 25 99 left 5048
object 25 99 right 5049
object 26 99 left 5048
object 26 99 right 5049
object 27 99 left 5048
object 27 99 right 5049
object 28 99 left 4998
object 28 99 right 4999
object 29 99 left 4964
object 29 99 right 4965
object 30 99 left 4962
object 30 99 right 4963
object 31 99 left 4968
object 31 99 right 4969
object 32 99 left 4970
object 32 99 right 4971
object 33 99 left 4966
object 33 99 right 4967
object 34 99 left 4968
object 34 99 right 4969
object 35 99 left 4964
object 35 99 right 4965
object 36 99 left 4962
object 36 99 right 4963
object 37 99 left 5026
object 37 99 right 5027
object 38 99 left 5048
object 38 99 right 5049
object 39 99 left 5048
object 39 99 right 5049
object 40 99 left 5048
object 40 99 right 5049
object 41 99 left 5048
object 41 99 right 5049
object 42 99 left 5048
object 42 99 right 5049
object 43 99 left 5048
object 43 99 right 5049
object 44 99 left 5048
object 44 99 right 5049
object 45 99 left 5048
object 45 99 right 5049
object 46 99 left 5048
object 46 99 right 5049
object 47 99 left 5048
object 47 99 right 5049
object 48 99 left 5048
object 48 99 right 5049
object 49 99 left 5048
object 49 99 right 5049
object 50 99 left 5048
object 50 99 right 5049
object 51 99 left 5048
object 51 99 right 5049
object 52 99 left 5048
object 52 99 right 5049
object 53 99 left 5048
object 53 99 right 5049
object 54 99 left 5048
object 54 99 right 5049
object 55 99 left 5048
object 55 99 right 5049
object 56 99 left 5048
object 56 99 right 5049
object 57 99 left 5048
object 57 99 right 5049
object 58 99 left 5048
object 58 99 right 5049
object 59 99 left 5048
object 59 99 right 5049
object 60 99 left 5048
object 60 99 right 5049
object 61 99 left 5048
object 61 99 right 5049
object 62 99 left 5048
object 62 99 right 5049
object 63 99 left 5048
object 63 99 right 5049
object 64 99 left 5048
object 64 99 right 5049
object 65 99 left 5048
object 65 99 right 5049
object 66 99 left 5048
object 66 99 right 5049
object 67 99 left 5048
object 67 99 right 5049
object 68 99 left 5048
object 68 99 right 5049
object 69 99 left 5048
object 69 99 right 5049
object 70 99 left 5048
object 70 99 right 5049
object 71 99 left 5048
object 71 99 right 5049
object 72 99 left 5048
object 72 99 right 5049
object 73 99 left 5048
object 73 99 right 5049
object 74 99 left 5048
object 74 99 right 5049
object 75 99 left 4998
object 75 99 right 4999
object 76 99 left 4962
object 76 99 right 4963
object 77 99 left 4964
object 77 99 right 4965
object 78 99 left 4968
object 78 99 right 4969
object 79 99 left 4966
object 79 99 right 4967
object 80 99 left 4970
object 80 99 right 4971
object 81 99 left 5026
object 81 99 right 5027
object 82 99 left 5048
object 82 99 right 5049
object 83 99 left 5048
object 83 99 right 5049
object 84 99 left 5048
object 84 99 right 5049
object 85 99 left 5048
object 85 99 right 5049
object 86 99 left 5048
object 86 99 right 5049
object 87 99 left 5048
object 87 99 right 5049
object 88 99 left 5048
object 88 99 right 5049
object 89 99 left 5048
object 89 99 right 5049
object 90 99 left 5048
object 90 99 right 5049
object 91 99 left 5048
object 91 99 right 5049
object 92 99 left 5048
object 92 99 right 5049
object 93 99 left 5048
object 93 99 right 5049
object 94 99 left 5048
object 94 99 right 5049
object 95 99 left 5048
object 95 99 right 5049
object 96 99 left 5048
object 96 99 right 5049
object 97 99 left 5048
object 97 99 right 5049
object 98 99 left 5048
object 98 99 right 5049
object 99 99 left 5048
object 99 99 right 5049
