# lod20355 — tools/dat-extract layout 이 만든다. 손으로 고치지 말 것.
size 100 100
blocked
.#...#...#...#...#...#...##.......#...#...#....#.#...#.#..##...#...#...#...#...#...#...#...#...#.##.
###########################.....##....#...#..####..####...#########################################.
.#.........................#..#....#..#...##............#.##.......................................#
.#........................#...#....#.##...#..#..........#.##......................................#.
.#........................#.#.#....#..#...#..#..######..#.##......................................#.
##........................#..##....#..#...#..#..######..#.##......................................#.
.#....################....#...........#...#..#..##...#..#.##....###########################.##....#.
.#....#.......#.....##....#..#........#...#.....##...#....##....#..........................#.#....#.
.#.....#............##....#..#######.........#..##...#..#.##.....#..........................##....#.
##....#...........#.##....#..#.....##........#..##...#..#.##....#..........................###....#.
.#....##...........#.#....#..#...#.#.........#..##...#..#.##....#..........................#.#....#.
.#....#...#####....#.#....#..#...#.#.........##.##...#..#.##....#...#......................#.#....#.
.#....#...#.###.....##....#..##.##.#............##...#..#.##....#....##############.....#..#.#....#.
##....#...#.###.#..###....#.##.....#.........#..##...#....##....#.....#..........#.#.....#..##....#.
.#....#...#.###....#.#....#..########........#..######..#.##....#.....###........#.#.......#.#....#.
.#....#...#.###....#.#....#..................#..........#.##....#.....#.#...######..........##....#.
.#....#...#.###.#..#.#....##.#....#.#........##.........#.##....#.....#.#...######..........##....#.
##....##..#####.....##....#..#....#...............##..###.##....#..#..#.#.########.#.......###....#.
.#....#....#..##...#.#....#..#....#..........###########.#.#....#...#.#.#.###......#.......#.#.....#
.#....##............##....#..#....#...........##############....#.....#.#.###.....##.......#.#....#.
.#....######..######.#....#...................##................#.....#.#.###..#####.......#.#....#.
##....#............###....#..#...............###................##....#.#####..#...........###....##
.#....#............#.#....#...#...............##................#.....#.....#..#...........###....##
.#....#............#.#....#..................###................#.....#........#...........#########
.#....#............#.#....#..................#.#....#############.....####..####....................
##....#............###....#..................#.#....#..............................#................
.#....#...#.........##....#..#...............#.#.....#..............................#...............
.#....#....#.......#.#....#...#..............###....#...............................................
.#....#............#.#....#....................#....#......................................#########
##....#............###....#######....##......###....#......................................###....##
.#....#............#.#....#...###....#.#######.#....#.........#..............................#....#.
.#....#............#.#....#######....###########....#..........#...........................#.#....#.
.#....#.............##..........#....#..............#......................................#.#....#.
##....#.............##..........#....#..............#....#.................................###....#.
.#....#..#...........#..........#....#..............#.....#.................................##.....#
.#....#...#........###..........#....#..............#...................................#...##....#.
.#....#.............#############....#######.###....#############........................#..##....#.
##....#........................##....##.....#..#....#...........#..........###################....#.
.#....#...............................##.......#....#.....#....##..........#.................#....#.
.#....#.....................................####....#...######..#..........#.................#....#.
.#.....#..#.................#................#.#....#...#....#..#..........#...............#.#....#.
##....#....#.................#...............#.#....#...######.............#................##....#.
.#....#################......................#.#.....#..######.............#.................#....#.
.#....#...............#.......................##....#.#.######..#..........#.................#....#.
.#....#...............#.......................##....#...........#..........#.................#....#.
##....#.############..#.......................##....#..........##..........#................##....#.
.#....#.#.....#####...#....................#.#.#....#...........#..........#...............#.#....#.
.#....#.#....######.........................####....#...........#..........#.................#....#.
.#....#.#....######...........................##....#...#.......#..........#.................#....#.
##....#.#....######...........................##....#....#..#..##..........#...............###....#.
.#....#.#.##########..#......................#.#....#...........#..........#.................#.....#
.#....#.#.####........#.......................##....#############..........#.................#....#.
.#....#.#.####.....#..#....................#.#.#....#......................#.................#....#.
##....#.#.####........#......................#.#....##.....................#................##....#.
.#....#.######........#......................#.#....#......................#.................#....#.
.#....#...............#......................###....##.....#...............#.................#....#.
.#....#.#.....#...#...#......................###....###.....#..............#...............#.#....#.
##....#####..####..#.##......................#########.....................#................##....#.
.#....##...................................................................#...............#.#....#.
.#....#....................................................................###################....#.
.#....#.....................................................................................##....#.
##....#..................................................................................#..##....#.
.#....#......................................#########......................................##....#.
.#....#......................................###....###....................................#.#....#.
.#....#......................................###....#......................................#.#....#.
##....#....#.................................###.....#...........................#.....#...###....#.
.#....#.....#................................###....#.#...........................#.....#..#.#.....#
.#....#..................#######################....#.......................................##....#.
.#....#############......#.....................#....#.............#################........#.#....#.
##....#..####.###.#......##....................#....##............#...............#.........##....#.
.#....#..#.######.#......#.....................#....#.............#...............#.........##....#.
.#....#..#######..#......#....................##....#.............#.############..#........#.#....#.
.#.....#.#######.........#.....................#....#.............#.#.....#####...#........#.#....#.
##....#..#######.........#...................#.#....##............#.#....######.#..........###....#.
.#....#..#######..#......#.....................#....#.............#.#....######............#.#....#.
.#....#..........##......#...................###....#.............#.#....######............#.#....#.
.#....#........#.##......#.....................#....#.............#.#.##########..#.........##....#.
##....##...#......#......#.....................#....#.............#.#.####........#........###....#.
.#....#############......#.....................#....#.............#.#.####.....#..#........#.#....#.
.#....#.#................##..................###....#.............#.#.####........#........#.#....#.
.#....#..................#.....................#....#.............#.######........#........#.#....#.
##....#..................#.....................#....#.............#..............##........###....#.
.#....#..................##....................#....#....#........#.#.....#...#...#.........##.....#
.#....#############......#....................##....#.....#.......#####..####..#.##.........##....#.
.#....#...#....#..#......#.....................#....#........................................#....#.
##....#...#....#.##......#.....................#....#......................................###....#.
.#....#...######.........#.....................#....#......................................#.#....#.
.#....#...######.........#....................##....#......................................#.#....#.
.#....#...######..#......#...................#.#....#...#...................................##....#.
##....##..........#......#.....................#....#....#..................................##....#.
.#....#...........#......#.....................#....#.......................................##....#.
.#....#.#...#.....##.....##..................###....#...##.##.##.#..##..#...##.#..##.#.##.####....#.
.#....#..###.#####..######...#...#...#...#...#.#....####..##.#.##.##..##.###..####.##..#.#.#.#....#.
##....##########################################....##########################################....#.
.#................................................................................................#.
.#................................................................................................#.
.#................................................................................................#.
##................................................................................................#.
##############.###############.###############.###############.###############.###############.####.
..............#...............#...............#...............#...............#...............#.....
floor
3 4 5 36 37 38 39 70 71 72 82 82 83 84 41 42 43 74 5 36 37 38 39 70 71 72 664 665 666 667 668 21 95 96 97 32 97 98 98 72 73 22 98 19 6 95 96 95 96 97 42 95 96 95 96 97 87 88 89 45 5 36 37 38 39 70 71 72 82 82 83 84 41 42 43 74 5 36 37 38 39 70 71 72 82 82 83 84 41 42 43 74 5 36 37 38 58 57 64 49
7 8 9 40 41 42 43 74 75 76 87 87 88 89 45 46 47 78 9 40 41 42 43 74 75 76 670 671 672 673 674 26 99 100 101 49 101 97 92 76 77 26 92 90 10 99 100 99 100 54 54 102 100 99 100 101 90 92 93 49 9 40 41 42 43 74 75 76 87 87 88 89 45 46 47 78 9 40 41 42 43 74 75 76 87 87 88 89 45 46 47 78 9 40 41 42 62 61 20 33
11 12 377 378 379 380 381 382 327 328 329 330 331 332 377 378 379 380 381 382 377 378 379 380 381 382 676 677 678 679 680 30 63 17 48 49 58 90 96 97 81 30 96 94 14 54 102 17 48 61 61 62 82 54 102 95 94 96 11 12 402 403 404 405 327 328 329 330 331 332 377 378 379 380 381 382 377 378 379 380 381 382 377 378 379 380 381 382 327 328 329 330 331 332 418 419 420 421 24 25
15 16 383 384 385 386 387 388 333 334 335 336 337 338 383 384 385 386 387 388 383 384 385 386 387 388 682 683 684 685 686 34 67 22 53 54 90 94 89 101 85 34 100 97 19 61 62 22 53 54 55 56 87 61 62 90 49 26 15 16 406 407 408 409 333 334 335 336 337 338 383 384 385 386 387 388 383 384 385 386 387 388 383 384 385 386 387 388 333 334 335 336 337 338 422 423 424 425 28 94
20 21 389 390 391 392 393 394 339 340 341 342 343 344 389 390 391 392 393 394 389 390 391 392 393 394 688 689 690 691 692 90 65 17 48 49 94 57 89 21 90 90 20 97 23 65 25 26 29 30 5 36 37 60 54 102 54 30 20 21 410 411 412 413 339 340 341 342 343 344 389 390 391 392 393 394 389 390 391 392 393 394 389 390 391 392 393 394 339 340 341 342 343 344 352 353 354 355 32 98
24 25 395 396 397 398 399 400 345 346 347 348 349 350 395 396 397 398 399 400 395 396 397 398 399 400 17 62 17 62 17 30 63 17 48 49 98 61 662 97 94 94 24 54 102 90 29 97 33 34 9 40 41 64 61 62 49 34 24 25 414 415 416 417 345 346 347 348 349 350 395 396 397 398 399 400 395 396 397 398 399 400 395 396 397 398 399 400 345 346 347 348 349 350 356 357 358 359 49 102
28 29 402 403 404 405 64 95 96 97 98 33 34 65 66 67 20 21 22 95 11 338 418 419 420 421 49 95 96 97 98 66 67 22 53 54 102 65 89 101 98 98 20 61 62 94 33 101 11 12 422 423 424 20 53 48 49 26 28 29 418 419 420 421 64 95 96 97 98 33 34 65 66 67 20 21 22 95 96 97 98 33 34 65 66 67 20 21 22 26 87 101 11 338 360 361 362 363 49 30
32 33 406 407 408 409 20 21 22 53 48 49 26 57 94 24 25 26 93 99 15 16 422 423 424 425 54 21 22 101 102 40 41 42 43 61 62 63 93 21 54 102 24 54 102 88 89 21 15 16 402 403 404 25 97 48 90 30 32 33 422 423 424 425 20 61 627 628 629 630 631 34 101 95 33 34 65 66 67 22 34 101 95 33 34 65 66 67 22 58 59 28 15 16 364 365 366 367 54 34
88 89 410 411 412 413 24 25 26 57 48 49 30 61 98 28 29 30 90 59 20 21 352 353 354 355 58 26 93 94 57 44 45 46 47 88 89 90 53 97 58 22 53 61 62 61 93 97 20 21 406 407 408 60 101 62 94 34 88 89 402 403 404 405 24 65 632 633 634 635 636 90 61 99 89 90 53 54 55 26 90 61 99 89 90 53 664 665 666 667 668 32 20 21 368 369 370 371 58 90
92 93 414 415 416 417 28 93 30 61 62 33 34 65 31 32 33 34 94 95 24 25 356 357 358 359 62 30 97 98 61 48 49 50 51 92 93 94 57 61 62 26 57 23 95 65 97 101 24 25 410 411 412 64 21 66 49 90 92 93 406 407 408 409 28 63 637 638 639 640 641 87 88 89 90 53 54 58 59 30 87 88 89 90 53 54 670 671 672 673 674 53 24 25 372 373 374 375 62 94
96 97 418 419 420 421 32 97 34 65 61 62 63 17 243 238 89 90 61 94 28 29 360 361 362 363 66 660 661 662 663 57 58 59 60 96 97 98 61 65 66 30 61 27 99 90 93 21 28 29 414 415 416 20 97 93 54 57 96 97 410 411 412 413 32 67 642 643 644 645 646 91 92 93 94 57 58 62 63 34 91 92 93 94 57 58 676 677 678 679 680 57 28 29 402 403 404 405 66 98
100 101 422 423 424 425 49 50 51 82 65 61 61 61 61 241 29 30 65 206 32 33 364 365 366 367 56 87 88 89 90 61 62 63 64 100 101 102 65 82 22 53 19 20 29 94 97 62 32 33 418 419 420 25 101 97 49 61 100 101 414 415 416 417 49 55 647 648 649 650 651 71 72 82 24 25 26 93 94 57 74 75 28 29 61 62 682 683 684 685 686 61 32 33 406 407 408 409 56 102
30 61 352 353 354 355 49 50 51 82 53 61 55 26 61 242 90 34 53 95 88 89 368 369 370 371 60 91 92 93 94 65 66 67 68 20 21 22 53 82 26 57 23 24 33 54 102 66 88 89 422 423 424 49 21 101 49 65 30 61 418 419 420 421 49 59 21 22 101 102 65 75 76 87 28 29 30 97 98 61 78 79 29 201 65 17 688 689 690 691 692 65 88 89 410 411 412 413 60 63
34 65 356 357 358 359 54 55 56 87 57 61 59 30 61 240 94 51 57 53 92 93 372 373 374 375 64 95 96 97 98 56 26 57 23 24 25 26 57 87 30 61 27 28 89 61 62 54 92 93 422 423 424 56 54 102 62 63 34 65 422 423 424 425 54 664 665 666 667 668 88 79 80 91 91 92 93 49 50 51 82 243 238 203 63 17 17 62 17 62 17 89 92 93 414 415 416 417 64 67
90 53 360 361 362 363 58 59 60 91 61 61 63 34 61 239 50 51 61 57 96 97 352 353 354 355 20 89 90 53 98 658 659 660 661 662 663 30 61 91 87 88 89 90 93 65 57 58 59 30 61 62 63 64 61 62 49 67 90 53 402 403 404 405 58 670 671 672 673 674 28 83 84 61 61 61 61 61 61 61 61 61 241 202 107 115 107 232 66 34 65 93 96 97 418 419 420 421 20 51
94 57 364 365 366 367 62 63 64 95 95 61 97 54 61 240 93 56 62 61 100 101 356 357 358 359 25 93 94 57 102 55 56 87 88 89 90 29 30 95 91 92 93 94 97 90 90 62 63 34 65 66 54 102 21 53 54 55 94 57 406 407 408 409 62 676 677 678 679 680 50 88 89 61 25 26 57 58 59 60 91 92 240 204 109 117 109 234 71 48 49 97 100 101 422 423 424 425 25 56
98 61 368 369 370 371 66 90 20 21 25 61 57 58 61 239 97 20 53 65 30 61 360 361 362 363 32 97 98 61 62 59 60 91 49 101 94 33 34 21 95 96 97 98 84 94 94 96 97 54 54 54 102 62 89 90 49 87 98 61 410 411 412 413 66 682 683 684 685 686 91 92 93 61 29 30 61 62 63 64 95 96 239 229 156 141 146 205 75 53 54 84 30 61 352 353 354 355 64 20
95 95 372 373 374 375 56 94 88 89 29 61 61 62 61 237 98 94 57 89 34 65 364 365 366 367 49 664 665 666 667 668 21 102 54 21 90 53 87 25 99 100 101 102 89 90 25 26 57 58 61 61 62 92 93 94 49 91 95 95 414 415 416 417 56 688 689 690 691 692 95 96 97 61 33 34 61 61 61 61 61 65 237 231 154 142 148 207 79 80 91 89 34 65 356 357 358 359 20 94
11 12 352 353 354 355 60 93 92 93 94 233 91 34 233 233 102 98 61 93 90 53 368 369 370 371 49 670 671 672 673 674 26 91 49 97 87 88 89 90 53 54 101 62 93 669 29 30 5 36 37 38 39 70 71 72 61 95 90 53 418 419 420 421 60 17 62 17 62 17 21 22 53 61 49 26 61 242 24 25 26 53 65 98 130 22 93 82 83 84 95 669 90 53 360 361 362 363 24 25
15 16 356 357 358 359 64 97 96 97 98 203 204 234 235 63 30 61 95 97 94 57 372 373 374 375 54 676 677 678 679 680 30 95 49 101 91 92 93 94 57 102 21 66 97 675 33 34 9 40 41 42 43 74 75 76 65 99 94 57 422 423 424 425 64 97 98 33 34 65 25 26 57 61 49 30 61 240 28 29 30 57 53 54 55 26 97 87 88 89 90 675 94 57 364 365 366 367 28 54
20 21 360 361 362 363 20 61 30 61 202 127 124 165 163 33 152 231 151 84 98 61 402 403 404 405 58 682 683 684 685 686 34 21 102 102 95 96 97 98 61 62 97 54 53 681 11 12 402 403 404 405 327 328 329 330 331 332 377 378 379 380 381 382 20 53 48 49 90 53 32 30 61 61 33 34 61 239 32 33 201 30 57 58 59 30 101 91 92 93 94 681 98 61 368 369 370 371 32 58
24 25 364 365 366 367 25 33 34 65 57 126 125 164 162 89 90 53 94 89 95 95 406 407 408 409 62 688 689 690 691 692 90 26 93 87 99 100 101 102 65 17 101 58 57 687 15 16 406 407 408 409 333 334 335 336 337 338 383 384 385 386 387 388 25 94 93 94 57 58 88 34 65 61 89 90 61 237 88 89 65 627 628 629 630 631 64 95 96 97 88 102 24 25 356 357 358 359 25 60
28 29 368 369 370 371 64 89 627 628 629 228 229 205 206 17 65 97 98 669 11 12 410 411 412 413 66 17 62 17 62 17 30 30 97 91 29 30 61 62 63 17 61 62 101 693 20 21 410 411 412 413 339 340 341 342 343 344 389 390 391 392 393 394 49 98 97 98 61 62 28 51 82 201 202 232 233 59 28 29 53 632 633 634 635 636 20 21 22 53 92 22 28 29 360 361 362 363 30 64
32 33 372 373 374 375 20 34 632 633 634 635 231 207 208 17 53 53 48 675 15 16 414 415 416 417 56 632 633 634 635 636 33 34 101 95 33 34 65 66 67 22 95 96 21 90 24 25 414 415 416 417 345 346 347 348 349 350 395 396 397 398 399 400 56 87 101 102 65 17 50 51 82 203 204 234 235 63 32 65 57 637 638 639 640 641 24 25 26 57 232 233 580 581 582 583 584 583 586 20
88 89 402 403 404 405 24 90 637 638 639 640 641 66 67 22 53 54 55 681 20 21 418 419 420 421 60 637 638 639 640 641 89 90 61 99 89 90 53 54 55 26 25 26 97 94 28 29 418 419 420 421 64 95 96 97 98 33 34 65 66 67 20 21 22 91 61 62 63 17 693 56 87 127 124 161 159 95 33 53 30 642 643 644 645 646 28 204 109 117 234 235 587 588 589 590 591 590 593 201
92 93 406 407 408 409 28 30 642 643 644 645 646 54 204 234 57 58 59 687 24 25 422 423 424 425 64 642 643 644 645 646 29 87 88 89 90 53 54 58 59 30 29 30 101 98 32 33 422 423 424 425 20 53 54 55 26 57 58 59 30 61 62 63 64 95 65 66 67 22 82 10 11 127 124 160 158 46 97 57 58 647 648 649 650 651 96 229 156 141 205 206 594 595 596 597 598 597 600 203
96 97 410 411 412 413 32 34 647 648 649 650 651 127 124 169 167 62 63 693 28 29 402 403 404 405 20 647 648 649 650 651 65 66 87 63 34 65 66 87 63 34 65 66 87 102 88 89 402 403 404 405 24 25 58 59 30 61 62 63 664 665 666 667 668 21 53 206 61 26 87 14 15 126 125 165 163 50 101 30 97 21 22 101 102 65 22 101 102 65 207 208 601 602 603 604 605 604 607 228
100 101 414 415 416 417 49 51 21 22 101 102 65 126 125 168 166 66 67 90 32 33 406 407 408 409 25 21 22 101 102 65 94 57 91 97 54 94 57 91 97 102 102 57 91 22 92 93 406 407 408 409 28 30 97 91 29 30 61 62 670 671 672 673 674 26 93 208 95 58 59 28 30 131 128 164 162 65 31 32 33 34 101 102 65 17 48 62 63 17 90 53 608 609 610 611 612 611 614 230
30 61 418 419 420 421 49 17 30 97 91 29 30 131 128 173 171 26 87 94 88 89 410 411 412 413 58 98 61 95 57 58 98 61 95 57 58 98 61 95 57 58 98 61 95 90 58 98 410 411 412 413 32 34 101 95 33 34 65 66 676 677 678 679 680 30 97 98 61 62 63 32 34 130 129 169 167 53 87 88 89 90 61 62 63 17 48 66 67 22 94 17 615 616 617 618 619 618 621 29
34 65 422 423 424 425 54 22 34 101 95 33 34 130 129 172 170 58 59 98 92 93 414 415 416 417 62 97 91 29 30 61 62 65 99 61 62 91 29 99 61 62 61 65 99 94 62 102 414 415 416 417 49 90 61 627 628 629 630 631 682 683 684 685 686 34 101 102 65 17 48 49 90 130 129 168 166 58 59 28 29 30 65 66 67 22 53 54 55 26 98 22 34 419 414 415 416 417 64 33
90 53 402 403 404 405 58 664 665 666 667 668 21 132 134 161 159 62 63 102 96 97 418 419 420 421 49 5 36 37 38 89 537 538 539 540 541 542 5 36 37 38 65 70 71 72 89 90 418 419 420 421 49 87 88 632 633 634 635 636 688 689 690 691 692 90 201 202 111 107 107 108 111 179 180 173 171 62 63 32 33 34 53 54 55 26 57 58 59 30 61 34 96 97 410 411 412 413 20 82
94 57 406 407 408 409 62 670 671 672 673 674 26 135 133 160 158 17 48 22 100 101 422 423 424 425 338 9 40 41 42 93 543 544 545 546 547 548 419 40 41 42 43 74 75 76 93 94 422 423 424 425 54 91 92 637 638 639 640 641 17 62 17 62 17 30 203 204 113 109 109 110 113 181 182 172 170 17 48 49 50 51 57 58 59 30 664 665 666 667 668 90 100 101 414 415 416 417 25 87
98 61 410 411 412 413 66 676 677 678 679 680 30 137 136 165 163 17 48 26 30 61 327 328 329 330 331 332 377 378 379 380 549 550 551 552 553 554 381 382 377 378 379 380 381 382 327 328 329 330 331 332 58 95 96 642 643 644 645 646 97 54 22 53 54 34 132 134 199 196 149 150 155 156 146 205 206 30 61 62 206 61 30 97 91 29 670 671 672 673 674 94 30 61 418 419 420 421 64 59
95 95 414 415 416 417 56 682 683 684 685 686 34 138 139 164 162 22 53 30 34 65 333 334 335 336 337 338 383 384 385 386 555 556 557 558 559 560 387 388 383 384 385 386 387 388 333 334 335 336 337 338 62 99 100 647 648 649 650 651 57 58 206 61 58 51 135 133 197 198 151 152 153 154 148 207 208 34 65 66 208 95 34 101 95 33 676 677 678 679 680 206 34 65 422 423 424 425 20 63
11 12 418 419 420 421 60 688 689 690 691 692 90 137 136 173 171 26 57 34 51 57 339 340 341 342 343 344 389 390 391 392 561 562 563 564 565 566 393 394 389 390 391 392 393 394 339 340 341 342 343 344 66 29 30 21 22 101 102 65 61 62 208 95 62 51 137 136 160 158 65 66 2 90 61 99 89 90 53 54 55 26 90 61 99 89 682 683 684 685 686 62 90 53 352 353 354 355 24 25
15 16 422 423 424 425 64 17 62 17 62 17 30 138 139 172 170 30 61 90 51 61 345 346 347 348 349 350 395 396 397 398 555 556 557 558 559 560 399 400 395 396 397 398 399 400 345 346 347 348 349 350 56 99 100 26 57 23 24 25 65 66 34 65 66 61 138 139 169 167 49 50 6 87 88 89 90 53 54 58 59 30 87 88 89 90 688 689 690 691 692 17 94 57 356 357 358 359 28 48
20 21 352 353 354 355 20 66 627 628 629 630 631 131 128 214 215 111 107 232 233 62 63 17 48 49 664 665 666 667 668 21 573 574 575 576 577 578 62 102 65 99 100 101 62 63 11 419 402 403 404 405 60 151 152 153 154 152 153 154 151 152 153 154 147 26 127 124 168 166 54 55 10 91 92 93 94 57 58 62 63 34 91 92 93 94 17 62 17 62 17 17 98 61 360 361 362 363 32 53
24 25 356 357 358 359 25 2 632 633 634 635 636 130 129 216 217 113 109 234 235 66 67 22 53 54 670 671 672 673 674 26 201 202 232 233 34 26 57 58 53 19 20 21 66 67 15 16 406 407 408 409 64 63 32 34 62 63 32 33 34 53 54 55 26 30 126 125 173 171 58 67 14 95 96 926 927 882 878 879 882 883 874 875 878 879 874 875 938 938 939 152 95 95 364 365 366 367 49 57
28 29 360 361 362 363 64 6 637 638 639 640 641 228 229 141 144 145 146 205 206 54 55 26 57 58 676 677 678 679 680 30 203 203 204 234 235 55 61 62 57 23 24 25 23 24 20 21 410 411 412 413 20 48 49 90 17 48 49 50 51 57 58 59 30 34 131 128 172 170 62 98 19 99 100 928 929 884 880 881 884 885 876 877 880 881 876 877 877 940 941 26 11 12 368 369 370 371 49 61
32 33 364 365 366 367 20 10 642 643 644 645 646 230 231 142 143 147 148 207 208 53 87 30 61 62 682 683 684 685 686 34 89 132 134 161 159 59 60 30 61 27 28 29 27 94 24 25 414 415 416 417 25 48 49 94 30 61 62 63 17 243 238 91 29 90 130 129 169 167 66 102 23 29 30 861 862 913 917 921 922 914 921 913 914 921 922 917 918 904 905 30 15 16 372 373 374 375 54 65
88 89 368 369 370 371 24 25 647 648 649 650 651 92 93 82 83 84 95 93 94 57 91 34 65 66 688 689 690 691 692 90 93 135 133 160 158 92 93 94 57 58 59 28 31 98 28 29 418 419 420 421 64 53 54 98 61 61 61 61 61 61 241 201 202 175 175 176 168 166 90 53 27 33 34 863 864 915 916 916 923 924 919 915 916 915 916 923 924 906 907 34 20 21 402 403 404 405 58 49
92 93 372 373 374 375 28 19 21 22 101 102 65 96 97 87 88 89 90 97 91 62 17 94 89 90 17 62 17 62 17 30 61 137 136 165 163 96 97 98 61 62 63 32 87 102 32 33 422 423 424 425 20 57 58 102 61 53 54 55 26 90 240 203 204 177 177 178 173 171 94 57 31 62 63 869 870 921 922 922 917 921 922 914 921 913 914 921 922 900 901 48 24 25 406 407 408 409 62 54
96 97 402 403 404 405 32 30 61 62 63 53 61 61 61 61 62 63 30 61 62 63 147 98 93 94 57 58 59 30 61 34 65 138 139 164 162 100 101 102 65 627 628 629 630 22 88 89 402 403 404 405 24 25 6 7 61 54 58 59 30 87 239 228 229 220 222 192 172 170 206 61 87 66 67 871 872 923 924 924 919 923 924 916 923 915 916 923 924 902 903 53 28 29 410 411 412 413 66 58
100 101 406 407 408 409 49 61 61 89 642 33 61 93 94 90 25 26 57 58 59 54 26 17 97 98 61 62 63 34 61 94 89 127 124 169 167 30 61 62 63 632 633 634 635 636 92 93 406 407 408 409 28 33 94 65 57 61 61 61 61 61 237 230 231 219 221 194 195 207 208 95 91 23 24 865 866 913 914 914 921 922 917 913 914 913 914 921 922 908 909 80 32 33 414 415 416 417 56 62
30 61 410 411 412 413 49 95 61 93 647 49 61 97 98 94 29 30 61 62 63 64 17 22 84 95 95 96 97 54 65 98 93 126 125 168 166 34 65 66 67 637 638 639 640 641 96 97 410 411 412 413 32 3 98 628 629 630 631 97 54 95 96 97 98 127 124 161 159 89 90 25 95 27 28 867 868 915 916 916 923 924 919 915 916 915 916 923 924 910 911 84 88 89 418 419 420 421 60 66
34 65 414 415 416 417 54 90 65 97 98 33 34 65 97 98 33 34 243 238 67 20 54 26 89 90 25 26 57 58 62 17 97 131 128 173 171 90 53 54 55 642 643 644 645 646 100 101 414 415 416 417 49 7 632 633 634 635 636 57 58 99 100 101 102 126 125 160 158 93 94 29 99 31 32 869 870 921 922 922 917 921 922 914 921 913 914 921 922 900 901 89 92 93 422 423 424 425 64 90
90 53 418 419 420 421 58 94 53 61 61 61 61 61 61 61 61 61 61 242 201 202 111 107 107 107 108 111 107 115 116 119 115 175 176 173 171 90 57 58 59 647 648 649 650 89 30 61 418 419 420 421 49 61 637 638 639 640 641 61 62 29 30 61 62 131 128 165 163 97 98 33 29 87 88 871 872 923 924 924 919 923 924 916 923 915 916 923 924 902 903 93 96 97 352 353 354 355 20 94
94 57 422 423 424 425 62 98 33 61 93 94 57 58 57 48 49 30 61 241 203 204 113 109 109 109 110 113 109 117 118 121 117 177 178 172 170 94 61 62 63 21 22 101 102 669 34 65 422 423 424 425 54 72 642 643 644 645 646 65 66 99 100 26 57 130 129 164 162 26 4 5 33 62 29 861 862 913 914 914 921 922 917 913 914 913 914 921 922 904 905 97 100 101 356 357 358 359 25 98
98 61 402 403 404 405 66 48 49 61 97 98 61 62 61 62 33 34 65 240 228 229 220 105 106 103 192 193 144 145 146 141 144 145 146 205 206 95 95 96 97 54 55 6 7 675 90 53 402 403 404 405 58 76 647 648 649 650 651 61 2 59 28 30 61 132 134 161 159 62 63 88 89 66 33 863 864 915 916 916 923 924 919 915 916 915 916 923 924 906 907 53 30 61 360 361 362 363 64 95
95 95 352 353 354 355 56 55 56 61 101 102 65 17 65 66 89 90 61 239 230 231 219 141 226 224 194 195 143 147 148 142 143 147 148 207 208 70 71 72 73 22 53 10 11 681 94 57 406 407 408 409 62 80 21 22 101 102 65 65 6 63 32 34 65 135 133 160 158 17 48 92 93 2 3 869 870 921 922 922 917 921 922 914 921 913 914 921 922 900 901 57 34 65 364 365 366 367 20 90
11 12 356 357 358 359 60 59 60 61 61 62 63 61 61 61 61 61 61 237 28 33 132 142 225 223 161 159 89 90 53 54 9 40 41 42 43 74 75 76 77 26 57 14 15 687 98 61 410 411 412 413 66 84 95 95 96 97 54 55 56 87 88 89 57 137 136 165 163 61 95 96 97 6 7 871 872 923 924 924 919 923 924 916 923 915 916 923 924 902 903 61 90 53 368 369 370 371 24 25
15 16 360 361 362 363 64 63 64 61 65 66 67 61 241 97 98 61 62 63 32 62 17 32 126 125 160 158 93 94 57 58 13 44 45 46 47 78 79 80 81 30 61 87 20 693 95 95 414 415 416 417 56 151 152 153 154 664 665 666 667 668 153 154 208 138 139 164 162 65 99 100 84 10 11 865 866 913 914 914 921 922 917 913 914 913 914 921 922 904 905 61 94 57 372 373 374 375 28 98
20 21 364 365 366 367 20 67 20 61 53 54 55 61 240 101 664 665 666 667 668 17 22 88 131 128 165 163 97 98 61 62 17 48 49 50 51 82 83 84 85 34 65 94 87 90 11 12 418 419 420 421 60 58 59 29 30 670 671 672 673 674 96 97 98 127 124 169 167 53 19 20 89 14 15 867 868 915 916 916 923 924 919 915 916 915 916 923 924 906 907 65 98 61 402 403 404 405 32 22
24 25 368 369 370 371 25 87 101 61 93 94 57 61 239 28 670 671 672 673 674 54 26 92 130 129 164 162 101 102 65 17 22 53 54 55 56 87 88 89 90 90 53 87 28 94 15 16 422 423 424 425 64 62 63 33 34 676 677 678 679 680 22 101 102 126 125 168 166 57 23 24 93 94 29 869 870 921 914 921 922 917 913 914 913 914 921 922 922 900 901 95 95 95 406 407 408 409 49 94
28 29 372 373 374 375 64 59 28 61 61 98 61 61 237 32 676 677 678 679 680 62 17 96 127 124 165 163 21 22 53 54 26 57 58 59 60 91 92 93 94 94 57 31 32 98 20 21 352 353 354 355 20 56 87 49 26 682 683 684 685 686 93 94 57 131 128 173 171 61 27 28 97 98 33 871 872 923 916 923 924 919 915 916 915 916 923 924 924 902 903 90 11 12 410 411 412 413 49 98
32 33 406 407 408 409 20 63 32 34 201 202 232 233 48 49 682 683 684 685 686 17 22 100 126 125 164 162 25 26 57 58 30 61 62 63 64 95 96 97 98 98 61 87 88 102 24 25 356 357 358 359 25 60 91 206 61 688 689 690 691 692 97 98 61 130 129 172 170 65 31 26 62 63 61 5 870 921 921 922 917 913 914 913 914 921 922 917 918 900 901 94 15 16 414 415 416 417 54 48
88 89 410 411 412 413 24 48 49 90 203 204 234 235 48 49 688 689 690 691 692 54 26 28 131 128 165 163 29 30 61 62 34 65 66 67 20 21 22 53 54 102 65 91 92 22 28 29 360 361 362 363 30 64 95 208 95 17 62 17 62 17 101 102 65 131 128 169 167 53 87 53 17 48 95 871 872 923 923 924 919 915 916 915 916 923 924 919 920 902 903 98 20 21 418 419 420 421 58 48
92 93 414 415 416 417 28 62 17 202 183 184 165 163 62 17 17 62 17 62 17 62 17 32 130 129 214 215 107 108 111 107 115 116 119 115 107 108 111 107 115 116 111 107 232 233 580 581 582 583 584 583 586 20 66 89 90 53 87 88 89 90 61 62 63 130 129 168 166 57 91 57 91 92 91 934 935 895 887 888 895 896 891 895 896 891 892 887 888 930 931 48 24 25 422 423 424 425 62 62
96 97 418 419 420 421 32 94 22 61 127 124 214 215 107 108 111 107 107 108 111 107 115 116 175 176 216 217 109 110 113 109 117 118 121 117 109 110 113 109 117 118 113 109 234 235 587 588 589 590 591 590 593 201 202 107 108 111 107 115 116 119 115 111 107 175 176 173 171 61 95 96 936 937 897 936 937 897 889 890 897 898 893 897 898 893 894 889 890 932 933 55 28 29 402 403 404 405 66 66
100 101 422 423 424 425 49 98 26 65 126 125 216 217 109 110 113 109 109 110 113 109 117 118 177 178 192 193 149 150 155 156 141 144 145 146 141 144 145 146 141 144 145 146 205 206 594 595 596 597 598 597 600 203 204 109 110 113 109 117 118 121 117 113 109 177 178 172 170 65 99 100 82 93 94 693 142 143 147 148 153 154 151 152 153 154 142 152 153 154 142 152 32 33 406 407 408 409 56 93
30 61 402 403 404 405 49 50 51 82 228 229 149 150 155 156 141 144 226 224 190 103 105 106 105 103 194 195 151 152 153 154 142 143 147 148 142 143 147 148 142 143 147 148 207 208 601 602 603 604 605 604 607 228 229 149 150 155 156 145 146 226 224 190 191 145 146 205 206 64 65 66 82 97 38 61 62 63 32 33 34 53 54 55 26 57 58 59 30 61 62 63 88 89 410 411 412 413 60 97
34 65 406 407 408 409 54 50 51 627 628 231 151 152 153 154 142 143 225 223 199 196 149 150 155 156 205 206 101 102 65 17 62 63 17 48 49 50 51 82 26 57 23 89 90 53 608 609 610 611 612 611 614 230 231 151 152 153 154 147 148 225 223 188 189 147 148 207 208 20 53 54 87 101 42 65 17 48 49 664 665 666 667 668 30 627 628 629 630 94 66 67 92 93 414 415 416 417 64 101
90 53 410 411 412 413 58 55 56 632 633 634 635 636 48 49 50 51 131 128 197 198 151 152 153 154 207 208 67 33 34 65 66 67 22 53 54 55 56 87 30 61 27 93 94 17 615 616 617 618 619 618 621 29 65 66 67 22 53 54 55 132 134 165 163 57 58 97 98 94 57 58 30 62 63 97 30 61 62 670 671 672 673 674 29 632 633 634 635 98 26 87 96 97 418 419 420 421 20 28
94 57 414 415 416 417 62 59 60 637 638 639 640 641 48 49 50 51 130 129 164 162 54 66 67 20 53 54 55 89 90 53 54 55 26 57 58 59 60 91 87 88 89 97 98 22 34 419 414 415 416 417 64 33 91 206 61 26 57 58 67 135 133 164 162 61 62 101 102 98 61 62 34 17 48 33 34 65 66 676 677 678 679 680 33 637 638 639 640 641 58 53 100 101 422 423 424 425 25 32
98 61 418 419 420 421 66 63 64 642 643 644 645 646 53 54 55 56 127 124 169 167 58 97 98 94 57 58 59 93 94 57 58 59 30 61 62 63 64 95 91 92 93 84 95 98 90 53 418 419 420 421 20 89 90 208 95 30 61 62 98 137 136 169 167 95 62 63 57 84 95 95 90 61 99 89 90 53 54 682 683 684 685 686 89 642 643 644 645 646 62 57 30 61 352 353 354 355 64 49
95 95 422 423 424 425 56 67 20 647 648 649 650 651 57 58 67 20 126 125 168 166 62 101 102 98 61 62 63 97 98 61 62 63 34 65 66 67 20 21 95 96 97 89 90 102 94 57 422 423 424 425 24 25 58 57 91 34 65 66 102 138 139 168 166 90 17 48 61 89 90 25 87 88 89 90 53 54 58 688 689 690 691 692 90 647 648 649 650 651 17 61 34 65 356 357 358 359 20 49
11 12 352 353 354 355 60 87 88 21 22 101 102 65 61 62 98 94 131 128 173 171 95 94 57 84 95 95 96 97 54 55 56 87 88 89 90 53 87 25 99 100 101 93 94 22 98 61 402 403 404 405 28 97 62 61 95 90 53 54 57 127 124 173 171 94 29 30 61 93 94 29 91 92 93 94 57 58 62 17 62 17 62 62 63 21 22 101 102 65 17 65 90 53 360 361 362 363 24 25
15 16 356 357 358 359 64 91 92 93 94 57 91 34 65 66 102 98 130 129 172 170 25 98 61 154 142 143 147 148 142 143 147 148 153 154 151 152 153 154 142 152 153 154 142 152 95 95 406 407 408 409 32 101 102 65 99 94 57 58 61 126 125 172 170 98 33 34 65 97 98 33 95 96 97 98 61 62 96 97 54 95 96 17 48 61 62 96 97 54 22 89 94 57 364 365 366 367 28 58
20 21 360 361 362 363 20 95 96 97 98 61 95 90 93 94 57 58 127 124 169 167 29 30 61 235 926 927 882 883 874 875 878 879 882 883 874 875 878 879 874 875 938 938 939 49 11 12 410 411 412 413 49 91 57 58 59 98 61 62 61 131 128 161 159 48 99 30 61 62 63 57 58 30 30 61 62 63 30 61 62 63 147 101 102 65 17 26 57 58 26 93 98 61 368 369 370 371 32 62
24 25 364 365 366 367 25 21 61 95 90 53 54 57 84 95 61 93 126 125 168 166 33 34 65 159 928 929 884 885 876 877 880 881 884 885 876 877 880 881 876 877 877 940 941 49 15 16 414 415 416 417 49 95 61 62 63 102 65 17 65 130 129 160 158 93 94 61 61 89 99 61 62 34 99 90 25 26 57 58 59 54 26 61 62 63 17 30 61 62 30 97 95 95 372 373 374 375 49 66
28 29 368 369 370 371 64 26 65 61 61 61 61 61 61 61 242 97 131 128 173 171 49 90 53 159 861 862 913 914 921 922 917 921 922 914 921 913 914 921 922 917 918 904 905 33 20 21 418 419 420 421 54 208 95 17 48 62 63 17 53 132 134 165 163 97 98 95 61 93 647 95 95 90 651 94 29 30 61 62 63 64 17 26 57 23 24 25 65 66 34 84 11 12 402 403 404 405 49 50
32 33 372 373 374 375 20 30 58 61 98 61 62 61 93 61 241 201 130 129 172 170 94 57 58 158 863 864 915 916 923 924 919 923 924 916 923 915 916 916 923 919 920 906 907 89 24 25 422 423 424 425 58 62 63 17 48 66 67 22 53 135 133 164 162 101 102 90 65 97 98 33 34 65 97 98 33 34 243 238 67 20 54 30 61 27 28 29 70 71 48 89 15 16 406 407 408 409 54 55
88 89 402 403 404 405 24 25 62 61 102 65 17 65 97 98 240 204 113 216 164 162 5 36 37 163 869 870 921 922 913 914 921 922 917 913 914 913 914 914 921 917 918 900 901 26 28 29 402 403 404 405 62 58 37 38 39 70 57 58 59 137 136 161 159 21 62 94 53 61 61 61 61 61 61 61 61 61 61 242 201 202 107 108 232 233 32 33 74 75 53 669 20 21 410 411 412 413 58 67
92 93 406 407 408 409 28 47 17 61 62 63 17 53 53 61 239 229 141 103 161 159 9 40 41 162 871 872 923 924 915 916 923 924 919 915 916 915 916 923 916 923 920 902 903 53 32 33 406 407 408 409 66 62 41 42 43 74 61 62 63 138 139 160 158 25 66 98 33 61 93 94 57 58 57 48 49 30 61 241 203 204 109 110 234 235 88 89 78 79 80 675 24 25 414 415 416 417 62 98
96 97 410 411 412 413 32 51 17 61 61 61 61 61 61 61 237 231 127 124 160 158 13 44 45 167 865 866 913 914 921 922 917 921 922 914 921 913 914 921 914 921 918 908 909 57 88 89 410 411 412 413 56 44 45 46 47 78 79 80 81 127 124 165 163 29 75 48 49 61 97 98 61 62 61 62 33 34 65 240 228 229 220 222 161 159 92 93 82 83 84 681 28 29 418 419 420 421 66 102
100 101 414 415 416 417 49 56 22 53 54 55 26 57 58 59 60 91 126 125 161 159 17 48 49 166 867 868 915 916 916 923 919 923 924 916 923 915 916 923 924 919 920 910 911 61 92 93 414 415 416 417 60 48 49 50 51 82 83 84 85 126 125 164 162 33 79 55 56 61 101 102 65 17 65 66 89 90 61 239 230 231 219 221 160 158 96 97 87 88 89 687 32 33 422 423 424 425 56 53
30 61 418 419 420 421 49 230 26 57 58 59 30 61 62 63 64 95 135 133 160 158 22 53 54 171 869 870 921 922 914 921 921 922 917 913 914 913 914 921 922 917 918 900 901 65 96 97 418 419 420 421 64 53 54 57 58 59 88 89 90 131 128 169 167 89 83 59 60 61 61 62 63 61 61 61 61 61 61 237 28 33 132 134 165 163 62 63 91 92 93 693 88 89 352 353 354 355 60 57
34 65 422 423 424 425 54 90 30 61 62 63 34 65 58 67 20 21 137 136 165 163 26 57 60 170 871 872 923 924 915 916 923 924 919 915 916 915 916 923 916 923 920 902 903 53 100 101 422 423 424 425 20 57 58 61 62 63 92 93 94 130 129 168 166 93 88 63 64 61 65 66 67 61 241 97 98 61 62 63 32 62 135 133 164 162 17 48 95 96 97 90 92 93 356 357 358 359 64 61
90 53 402 403 404 405 58 91 92 93 94 57 58 59 28 29 30 61 138 139 164 162 30 61 64 235 861 862 913 914 921 922 917 921 922 914 921 913 914 921 914 921 918 904 905 57 30 61 352 353 354 355 25 61 62 664 665 666 667 62 63 127 124 173 171 97 170 67 20 61 53 54 55 61 240 101 664 665 666 667 668 17 137 136 169 167 67 20 21 22 53 94 96 97 360 361 362 363 20 95
94 57 406 407 408 409 62 25 94 93 94 57 58 59 28 30 61 27 127 124 169 167 34 65 20 159 863 864 915 916 923 924 919 923 924 916 923 915 916 916 923 919 920 906 907 61 34 65 356 357 358 359 32 65 66 670 671 672 673 17 48 126 125 172 170 101 170 87 101 61 93 94 57 61 239 28 670 671 672 673 674 54 138 139 168 166 55 24 25 26 57 98 100 101 364 365 366 367 25 25
98 61 410 411 412 413 66 29 98 97 98 61 62 63 32 34 65 31 126 125 168 166 90 53 25 159 869 870 921 922 913 914 921 922 917 913 914 913 914 914 921 917 918 900 901 65 90 53 360 361 362 363 49 53 54 676 677 678 679 680 95 131 128 161 159 21 166 59 28 61 61 98 61 61 237 32 676 677 678 679 680 62 127 124 173 171 59 28 29 30 61 102 30 61 368 369 370 371 64 29
95 95 414 415 416 417 56 33 34 101 102 65 17 48 49 90 53 87 131 128 173 171 94 57 29 158 871 872 923 924 916 923 923 924 919 915 916 915 916 923 924 916 923 902 903 53 94 57 364 365 366 367 49 57 58 682 683 684 685 686 62 130 129 160 158 25 171 63 32 34 201 202 232 233 48 49 682 683 684 685 686 94 126 125 172 170 95 96 97 98 61 22 34 65 372 373 374 375 20 33
11 12 418 419 420 421 60 89 90 61 62 63 17 48 49 94 57 91 130 129 172 170 98 61 33 235 865 866 913 914 914 921 917 921 922 914 921 913 914 921 922 914 921 908 909 57 98 61 368 369 370 371 54 206 61 688 689 690 691 692 66 132 134 165 163 29 170 48 49 90 203 204 234 235 48 49 688 689 690 691 692 98 131 128 161 159 21 22 101 102 65 26 90 53 402 403 404 405 24 25
15 16 422 423 424 425 64 29 88 89 90 53 54 58 59 30 17 48 126 125 161 159 102 65 89 159 867 868 915 916 923 924 919 923 924 916 923 915 916 916 923 919 920 910 911 61 95 95 372 373 374 375 58 208 95 17 62 17 62 17 22 135 133 164 162 22 162 62 17 202 183 184 214 215 62 17 17 62 17 62 17 62 130 129 160 158 97 98 61 95 90 30 94 57 406 407 408 409 28 29
20 21 402 403 404 405 20 33 92 93 94 57 58 62 63 243 238 48 131 128 160 158 62 63 29 159 869 870 921 922 913 914 921 922 917 913 914 913 914 914 921 917 918 900 901 65 11 12 352 353 354 355 62 63 627 628 629 630 631 82 26 137 136 214 215 107 107 108 111 107 175 176 210 211 107 108 111 107 115 116 119 115 175 176 165 163 101 102 65 99 94 34 98 61 410 411 412 413 32 33
24 25 406 407 408 409 25 50 96 97 93 93 93 93 93 93 241 202 130 129 165 163 66 67 33 158 871 872 923 924 915 916 923 924 919 915 916 915 916 923 924 919 920 902 903 64 15 16 356 357 358 359 66 67 632 633 634 635 636 87 30 138 139 216 217 109 109 110 113 109 177 178 212 213 109 110 113 109 117 118 121 117 177 178 164 162 62 63 58 59 98 90 95 95 414 415 416 417 49 49
28 29 410 411 412 413 49 50 100 101 93 65 17 26 57 58 240 204 113 216 164 162 54 55 50 163 861 862 913 914 921 922 917 921 922 914 921 913 914 921 922 917 918 904 905 20 20 21 360 361 362 363 56 55 637 638 639 640 641 91 87 228 229 141 144 145 146 149 150 155 156 141 144 145 146 149 150 155 156 149 150 155 156 205 205 206 17 48 62 63 102 94 11 12 418 419 420 421 49 94
32 33 414 415 416 417 54 55 30 61 93 63 17 30 61 62 239 229 145 146 205 206 58 59 30 162 863 864 915 916 923 924 919 923 924 916 923 915 916 916 923 919 920 906 907 94 24 25 364 365 366 367 60 59 642 643 644 645 646 57 58 59 231 142 143 147 148 151 152 153 154 142 143 147 148 151 152 153 154 151 152 153 154 207 207 208 102 65 17 48 62 206 15 16 422 423 424 425 54 98
88 89 418 419 420 421 58 230 100 26 93 93 93 93 93 93 237 231 147 148 207 208 62 63 34 167 869 870 921 922 913 914 921 922 917 913 914 913 914 914 921 917 918 900 901 98 28 29 368 369 370 371 64 63 647 648 649 650 651 61 62 63 62 63 61 62 61 67 57 58 59 66 67 20 53 54 62 63 89 90 53 87 88 89 90 61 62 63 17 48 66 67 20 21 402 403 404 405 58 102
92 93 422 423 424 425 62 90 28 30 61 27 28 29 70 71 48 49 50 228 95 95 96 97 54 166 871 872 923 924 915 916 923 924 919 915 916 915 916 923 924 919 920 902 903 84 32 33 372 373 374 375 20 87 21 22 101 102 65 25 99 100 17 48 95 17 62 98 61 62 63 97 98 94 57 58 17 48 94 57 58 59 28 29 30 65 66 67 22 53 54 55 24 25 406 407 408 409 62 62
96 97 352 353 354 355 66 102 32 34 65 31 32 33 74 75 53 54 55 230 90 25 26 57 58 171 230 935 895 896 891 892 887 888 895 896 891 895 896 891 892 887 888 930 931 89 88 89 402 403 404 405 25 91 92 93 87 88 89 90 53 54 61 62 63 17 53 102 98 61 62 101 102 98 61 62 208 95 98 61 62 63 32 33 34 53 54 55 26 57 58 59 28 29 410 411 412 413 66 66
100 101 356 357 358 359 54 57 49 90 53 87 88 89 78 79 80 91 89 90 94 29 30 61 62 170 90 937 897 898 893 894 889 890 897 898 893 897 898 893 894 889 890 932 933 93 92 93 406 407 408 409 64 95 53 87 62 98 94 90 53 87 88 89 55 26 57 58 59 60 30 61 27 28 29 30 61 17 48 49 23 24 25 26 88 89 30 61 17 58 59 60 32 33 414 415 416 417 56 54
30 61 360 361 362 363 5 36 37 38 39 70 71 72 82 82 83 84 41 42 43 74 5 36 37 38 39 70 71 72 82 82 83 84 41 42 43 74 5 36 37 38 39 70 71 72 98 33 410 411 412 413 5 36 37 38 39 70 71 72 82 82 83 84 41 42 43 74 5 36 37 38 39 70 71 72 82 82 83 84 41 42 43 74 5 36 37 38 39 70 71 72 88 89 418 419 420 421 60 94
34 65 364 365 366 367 338 40 41 42 43 74 75 76 87 87 88 89 45 46 47 78 9 40 41 42 43 74 75 76 87 87 88 89 45 46 47 78 9 40 41 42 43 74 75 76 48 49 414 415 416 417 338 40 41 42 43 74 75 76 87 87 88 89 45 46 47 78 9 40 41 42 43 74 75 76 87 87 88 89 45 46 47 78 9 40 41 42 43 74 75 76 92 93 422 423 424 425 64 98
90 53 368 369 370 371 377 378 379 380 381 382 377 378 379 380 381 382 327 328 329 330 331 332 377 378 379 380 381 382 377 378 379 380 381 382 327 328 329 330 331 332 377 378 379 380 381 382 377 378 379 380 381 382 327 328 329 330 331 332 327 328 329 330 331 332 377 378 379 380 381 382 327 328 329 330 331 332 377 378 379 380 381 382 377 378 379 380 381 382 327 328 329 330 331 332 377 378 20 102
94 57 372 373 374 375 383 384 385 386 387 388 383 384 385 386 387 388 333 334 335 336 337 338 383 384 385 386 387 388 383 384 385 386 387 388 333 334 335 336 337 338 383 384 385 386 387 388 383 384 385 386 387 388 333 334 335 336 337 338 333 334 335 336 337 338 383 384 385 386 387 388 333 334 335 336 337 338 383 384 385 386 387 388 383 384 385 386 387 388 333 334 335 336 337 338 383 384 25 62
98 61 406 407 408 409 389 390 391 392 393 394 389 390 391 392 393 394 339 340 341 342 343 344 389 390 391 392 393 394 389 390 391 392 393 394 339 340 341 342 343 344 389 390 391 392 393 394 389 390 391 392 393 394 339 340 341 342 343 344 339 340 341 342 343 344 389 390 391 392 393 394 339 340 341 342 343 344 389 390 391 392 393 394 389 390 391 392 393 394 339 340 341 342 343 344 389 390 65 66
95 95 410 411 412 413 395 396 397 398 399 400 395 396 397 398 399 400 345 346 347 348 349 350 395 396 397 398 399 400 395 396 397 398 399 400 345 346 347 348 349 350 395 396 397 398 399 400 395 396 397 398 399 400 345 346 347 348 349 350 345 346 347 348 349 350 395 396 397 398 399 400 345 346 347 348 349 350 395 396 397 398 399 400 395 396 397 398 399 400 345 346 347 348 349 350 395 396 53 54
95 96 97 98 33 34 65 66 67 20 21 22 26 87 101 11 95 96 97 98 33 34 65 66 67 20 21 22 26 87 101 11 95 96 97 98 33 34 65 66 67 20 21 22 26 87 101 11 95 96 97 98 33 34 65 66 67 20 21 22 26 87 101 11 95 96 97 98 33 34 65 66 67 20 21 22 26 87 101 11 95 96 97 98 33 34 65 66 67 20 21 22 26 87 101 11 58 51 57 58
58 59 30 61 62 63 34 65 66 67 20 21 53 54 55 26 87 101 102 87 101 102 65 17 48 49 50 51 57 58 59 30 61 62 63 34 65 66 67 20 21 53 54 55 26 87 101 102 65 17 48 49 50 95 96 97 98 61 62 96 97 54 33 34 65 31 59 60 91 61 62 63 17 82 93 94 29 30 61 62 63 17 30 61 62 29 30 61 62 63 17 30 61 62 30 61 62 51 61 62
tile 2 0 0
tile 3 56 0
tile 4 112 0
tile 5 168 0
tile 6 224 0
tile 7 280 0
tile 8 336 0
tile 9 392 0
tile 10 448 0
tile 11 504 0
tile 12 560 0
tile 13 616 0
tile 14 672 0
tile 15 728 0
tile 16 784 0
tile 17 840 0
tile 19 896 0
tile 20 952 0
tile 21 1008 0
tile 22 1064 0
tile 23 1120 0
tile 24 1176 0
tile 25 1232 0
tile 26 0 27
tile 27 56 27
tile 28 112 27
tile 29 168 27
tile 30 224 27
tile 31 280 27
tile 32 336 27
tile 33 392 27
tile 34 448 27
tile 36 504 27
tile 37 560 27
tile 38 616 27
tile 39 672 27
tile 40 728 27
tile 41 784 27
tile 42 840 27
tile 43 896 27
tile 44 952 27
tile 45 1008 27
tile 46 1064 27
tile 47 1120 27
tile 48 1176 27
tile 49 1232 27
tile 50 0 54
tile 51 56 54
tile 53 112 54
tile 54 168 54
tile 55 224 54
tile 56 280 54
tile 57 336 54
tile 58 392 54
tile 59 448 54
tile 60 504 54
tile 61 560 54
tile 62 616 54
tile 63 672 54
tile 64 728 54
tile 65 784 54
tile 66 840 54
tile 67 896 54
tile 68 952 54
tile 70 1008 54
tile 71 1064 54
tile 72 1120 54
tile 73 1176 54
tile 74 1232 54
tile 75 0 81
tile 76 56 81
tile 77 112 81
tile 78 168 81
tile 79 224 81
tile 80 280 81
tile 81 336 81
tile 82 392 81
tile 83 448 81
tile 84 504 81
tile 85 560 81
tile 87 616 81
tile 88 672 81
tile 89 728 81
tile 90 784 81
tile 91 840 81
tile 92 896 81
tile 93 952 81
tile 94 1008 81
tile 95 1064 81
tile 96 1120 81
tile 97 1176 81
tile 98 1232 81
tile 99 0 108
tile 100 56 108
tile 101 112 108
tile 102 168 108
tile 103 224 108
tile 105 280 108
tile 106 336 108
tile 107 392 108
tile 108 448 108
tile 109 504 108
tile 110 560 108
tile 111 616 108
tile 113 672 108
tile 115 728 108
tile 116 784 108
tile 117 840 108
tile 118 896 108
tile 119 952 108
tile 121 1008 108
tile 124 1064 108
tile 125 1120 108
tile 126 1176 108
tile 127 1232 108
tile 128 0 135
tile 129 56 135
tile 130 112 135
tile 131 168 135
tile 132 224 135
tile 133 280 135
tile 134 336 135
tile 135 392 135
tile 136 448 135
tile 137 504 135
tile 138 560 135
tile 139 616 135
tile 141 672 135
tile 142 728 135
tile 143 784 135
tile 144 840 135
tile 145 896 135
tile 146 952 135
tile 147 1008 135
tile 148 1064 135
tile 149 1120 135
tile 150 1176 135
tile 151 1232 135
tile 152 0 162
tile 153 56 162
tile 154 112 162
tile 155 168 162
tile 156 224 162
tile 158 280 162
tile 159 336 162
tile 160 392 162
tile 161 448 162
tile 162 504 162
tile 163 560 162
tile 164 616 162
tile 165 672 162
tile 166 728 162
tile 167 784 162
tile 168 840 162
tile 169 896 162
tile 170 952 162
tile 171 1008 162
tile 172 1064 162
tile 173 1120 162
tile 175 1176 162
tile 176 1232 162
tile 177 0 189
tile 178 56 189
tile 179 112 189
tile 180 168 189
tile 181 224 189
tile 182 280 189
tile 183 336 189
tile 184 392 189
tile 188 448 189
tile 189 504 189
tile 190 560 189
tile 191 616 189
tile 192 672 189
tile 193 728 189
tile 194 784 189
tile 195 840 189
tile 196 896 189
tile 197 952 189
tile 198 1008 189
tile 199 1064 189
tile 201 1120 189
tile 202 1176 189
tile 203 1232 189
tile 204 0 216
tile 205 56 216
tile 206 112 216
tile 207 168 216
tile 208 224 216
tile 210 280 216
tile 211 336 216
tile 212 392 216
tile 213 448 216
tile 214 504 216
tile 215 560 216
tile 216 616 216
tile 217 672 216
tile 219 728 216
tile 220 784 216
tile 221 840 216
tile 222 896 216
tile 223 952 216
tile 224 1008 216
tile 225 1064 216
tile 226 1120 216
tile 228 1176 216
tile 229 1232 216
tile 230 0 243
tile 231 56 243
tile 232 112 243
tile 233 168 243
tile 234 224 243
tile 235 280 243
tile 237 336 243
tile 238 392 243
tile 239 448 243
tile 240 504 243
tile 241 560 243
tile 242 616 243
tile 243 672 243
tile 327 728 243
tile 328 784 243
tile 329 840 243
tile 330 896 243
tile 331 952 243
tile 332 1008 243
tile 333 1064 243
tile 334 1120 243
tile 335 1176 243
tile 336 1232 243
tile 337 0 270
tile 338 56 270
tile 339 112 270
tile 340 168 270
tile 341 224 270
tile 342 280 270
tile 343 336 270
tile 344 392 270
tile 345 448 270
tile 346 504 270
tile 347 560 270
tile 348 616 270
tile 349 672 270
tile 350 728 270
tile 352 784 270
tile 353 840 270
tile 354 896 270
tile 355 952 270
tile 356 1008 270
tile 357 1064 270
tile 358 1120 270
tile 359 1176 270
tile 360 1232 270
tile 361 0 297
tile 362 56 297
tile 363 112 297
tile 364 168 297
tile 365 224 297
tile 366 280 297
tile 367 336 297
tile 368 392 297
tile 369 448 297
tile 370 504 297
tile 371 560 297
tile 372 616 297
tile 373 672 297
tile 374 728 297
tile 375 784 297
tile 377 840 297
tile 378 896 297
tile 379 952 297
tile 380 1008 297
tile 381 1064 297
tile 382 1120 297
tile 383 1176 297
tile 384 1232 297
tile 385 0 324
tile 386 56 324
tile 387 112 324
tile 388 168 324
tile 389 224 324
tile 390 280 324
tile 391 336 324
tile 392 392 324
tile 393 448 324
tile 394 504 324
tile 395 560 324
tile 396 616 324
tile 397 672 324
tile 398 728 324
tile 399 784 324
tile 400 840 324
tile 402 896 324
tile 403 952 324
tile 404 1008 324
tile 405 1064 324
tile 406 1120 324
tile 407 1176 324
tile 408 1232 324
tile 409 0 351
tile 410 56 351
tile 411 112 351
tile 412 168 351
tile 413 224 351
tile 414 280 351
tile 415 336 351
tile 416 392 351
tile 417 448 351
tile 418 504 351
tile 419 560 351
tile 420 616 351
tile 421 672 351
tile 422 728 351
tile 423 784 351
tile 424 840 351
tile 425 896 351
tile 537 952 351
tile 538 1008 351
tile 539 1064 351
tile 540 1120 351
tile 541 1176 351
tile 542 1232 351
tile 543 0 378
tile 544 56 378
tile 545 112 378
tile 546 168 378
tile 547 224 378
tile 548 280 378
tile 549 336 378
tile 550 392 378
tile 551 448 378
tile 552 504 378
tile 553 560 378
tile 554 616 378
tile 555 672 378
tile 556 728 378
tile 557 784 378
tile 558 840 378
tile 559 896 378
tile 560 952 378
tile 561 1008 378
tile 562 1064 378
tile 563 1120 378
tile 564 1176 378
tile 565 1232 378
tile 566 0 405
tile 573 56 405
tile 574 112 405
tile 575 168 405
tile 576 224 405
tile 577 280 405
tile 578 336 405
tile 580 392 405
tile 581 448 405
tile 582 504 405
tile 583 560 405
tile 584 616 405
tile 586 672 405
tile 587 728 405
tile 588 784 405
tile 589 840 405
tile 590 896 405
tile 591 952 405
tile 593 1008 405
tile 594 1064 405
tile 595 1120 405
tile 596 1176 405
tile 597 1232 405
tile 598 0 432
tile 600 56 432
tile 601 112 432
tile 602 168 432
tile 603 224 432
tile 604 280 432
tile 605 336 432
tile 607 392 432
tile 608 448 432
tile 609 504 432
tile 610 560 432
tile 611 616 432
tile 612 672 432
tile 614 728 432
tile 615 784 432
tile 616 840 432
tile 617 896 432
tile 618 952 432
tile 619 1008 432
tile 621 1064 432
tile 627 1120 432
tile 628 1176 432
tile 629 1232 432
tile 630 0 459
tile 631 56 459
tile 632 112 459
tile 633 168 459
tile 634 224 459
tile 635 280 459
tile 636 336 459
tile 637 392 459
tile 638 448 459
tile 639 504 459
tile 640 560 459
tile 641 616 459
tile 642 672 459
tile 643 728 459
tile 644 784 459
tile 645 840 459
tile 646 896 459
tile 647 952 459
tile 648 1008 459
tile 649 1064 459
tile 650 1120 459
tile 651 1176 459
tile 658 1232 459
tile 659 0 486
tile 660 56 486
tile 661 112 486
tile 662 168 486
tile 663 224 486
tile 664 280 486
tile 665 336 486
tile 666 392 486
tile 667 448 486
tile 668 504 486
tile 669 560 486
tile 670 616 486
tile 671 672 486
tile 672 728 486
tile 673 784 486
tile 674 840 486
tile 675 896 486
tile 676 952 486
tile 677 1008 486
tile 678 1064 486
tile 679 1120 486
tile 680 1176 486
tile 681 1232 486
tile 682 0 513
tile 683 56 513
tile 684 112 513
tile 685 168 513
tile 686 224 513
tile 687 280 513
tile 688 336 513
tile 689 392 513
tile 690 448 513
tile 691 504 513
tile 692 560 513
tile 693 616 513
tile 861 672 513
tile 862 728 513
tile 863 784 513
tile 864 840 513
tile 865 896 513
tile 866 952 513
tile 867 1008 513
tile 868 1064 513
tile 869 1120 513
tile 870 1176 513
tile 871 1232 513
tile 872 0 540
tile 874 56 540
tile 875 112 540
tile 876 168 540
tile 877 224 540
tile 878 280 540
tile 879 336 540
tile 880 392 540
tile 881 448 540
tile 882 504 540
tile 883 560 540
tile 884 616 540
tile 885 672 540
tile 887 728 540
tile 888 784 540
tile 889 840 540
tile 890 896 540
tile 891 952 540
tile 892 1008 540
tile 893 1064 540
tile 894 1120 540
tile 895 1176 540
tile 896 1232 540
tile 897 0 567
tile 898 56 567
tile 900 112 567
tile 901 168 567
tile 902 224 567
tile 903 280 567
tile 904 336 567
tile 905 392 567
tile 906 448 567
tile 907 504 567
tile 908 560 567
tile 909 616 567
tile 910 672 567
tile 911 728 567
tile 913 784 567
tile 914 840 567
tile 915 896 567
tile 916 952 567
tile 917 1008 567
tile 918 1064 567
tile 919 1120 567
tile 920 1176 567
tile 921 1232 567
tile 922 0 594
tile 923 56 594
tile 924 112 594
tile 926 168 594
tile 927 224 594
tile 928 280 594
tile 929 336 594
tile 930 392 594
tile 931 448 594
tile 932 504 594
tile 933 560 594
tile 934 616 594
tile 935 672 594
tile 936 728 594
tile 937 784 594
tile 938 840 594
tile 939 896 594
tile 940 952 594
tile 941 1008 594
picture 77 1120 138 45 0
picture 78 1092 808 46 0
picture 79 1092 854 46 0
picture 80 1036 270 52 0
picture 203 1148 471 41 0
picture 204 1064 461 49 0
picture 205 1176 233 37 0
picture 206 1092 0 48 0
picture 207 1148 512 41 0
picture 208 1092 48 48 0
picture 209 1120 183 45 0
picture 210 1148 387 42 0
picture 211 1064 510 49 0
picture 212 1120 498 44 0
picture 213 1064 559 49 0
picture 214 1120 542 44 0
picture 215 1176 40 39 0
picture 216 1092 432 47 0
picture 217 1148 799 40 0
picture 218 1120 938 43 0
picture 219 1176 157 38 0
picture 220 1120 981 43 0
picture 221 1120 228 45 0
picture 222 1148 429 42 0
picture 223 1064 608 49 0
picture 224 1120 586 44 0
picture 225 1064 657 49 0
picture 226 1120 630 44 0
picture 227 1176 442 31 0
picture 228 1008 689 55 0
picture 229 1092 96 48 0
picture 230 1092 479 47 0
picture 231 1092 526 47 0
picture 232 1176 410 32 0
picture 233 1148 0 43 0
picture 234 1148 839 40 0
picture 235 1036 0 54 0
picture 236 1036 54 54 0
picture 237 1008 744 55 0
picture 238 1008 799 55 0
picture 239 1176 306 35 0
picture 240 980 421 59 0
picture 241 1176 270 36 0
picture 242 1120 273 45 0
picture 243 1008 854 55 0
picture 245 952 130 64 0
picture 246 1176 195 38 0
picture 247 1036 322 52 0
picture 248 980 598 58 0
picture 249 952 194 64 0
picture 250 980 480 59 0
picture 251 980 656 58 0
picture 252 980 714 58 0
picture 253 1092 573 47 0
picture 254 1176 79 39 0
picture 255 952 632 61 0
picture 256 1176 118 39 0
picture 257 924 278 65 0
picture 258 924 343 65 0
picture 259 924 408 65 0
picture 260 924 473 65 0
picture 261 980 539 59 0
picture 262 1064 706 49 0
picture 329 1092 144 48 0
picture 330 1092 192 48 0
picture 331 1092 900 46 0
picture 332 1092 946 46 0
picture 333 1092 620 47 0
picture 334 1092 240 48 0
picture 335 1092 667 47 0
picture 336 1092 288 48 0
picture 337 1092 714 47 0
picture 338 1092 761 47 0
picture 339 1120 318 45 0
picture 340 1120 363 45 0
picture 341 1064 411 50 0
picture 342 980 772 58 0
picture 343 952 384 62 0
picture 344 1008 521 56 0
picture 345 1036 374 52 0
picture 346 1148 553 41 0
picture 349 1148 594 41 0
picture 350 1036 426 52 0
picture 353 1120 408 45 0
picture 354 1120 674 44 0
picture 356 1036 478 52 0
picture 357 1036 530 52 0
picture 358 1148 635 41 0
picture 359 1036 582 52 0
picture 360 1036 634 52 0
picture 361 1148 676 41 0
picture 362 1036 686 52 0
picture 363 1036 738 52 0
picture 364 1120 0 46 0
picture 415 756 401 98 0
picture 416 756 499 98 0
picture 745 1148 717 41 0
picture 746 1120 718 44 0
picture 747 1120 762 44 0
picture 748 1148 758 41 0
picture 753 1092 336 48 0
picture 754 1092 384 48 0
picture 755 1064 755 49 0
picture 756 1064 804 49 0
picture 759 952 446 62 0
picture 760 1008 464 57 0
picture 787 952 508 62 0
picture 788 896 312 75 0
picture 789 980 830 58 0
picture 790 1064 156 51 0
picture 791 924 538 65 0
picture 792 1036 790 52 0
picture 796 980 888 58 0
picture 797 896 387 75 0
picture 798 952 570 62 0
picture 2041 1036 842 52 0
picture 2042 980 61 60 0
picture 2043 1176 501 27 0
picture 2044 1176 528 27 0
picture 2045 980 121 60 0
picture 2046 1036 894 52 0
picture 2131 1120 453 45 0
picture 2132 812 552 90 0
picture 2133 840 0 88 0
picture 2134 980 946 58 0
picture 2135 1176 555 27 0
picture 2136 896 612 74 0
picture 2137 868 243 80 0
picture 2138 1176 376 34 0
picture 2515 924 603 65 0
picture 2516 896 0 78 0
picture 2517 728 417 102 0
picture 2518 812 642 90 0
picture 2519 952 693 61 0
picture 2520 1148 43 43 0
picture 2521 896 686 72 0
picture 2522 840 264 84 0
picture 2523 840 932 81 0
picture 2524 1008 0 58 0
picture 2525 1148 86 43 0
picture 2526 1008 577 56 0
picture 2527 924 668 65 0
picture 2528 924 142 68 0
picture 2529 1008 58 58 0
picture 2530 924 733 65 0
picture 2531 896 78 78 0
picture 2532 868 323 79 0
picture 2533 868 402 79 0
picture 2534 1064 207 51 0
picture 2535 1064 853 49 0
picture 2536 896 462 75 0
picture 2537 840 348 84 0
picture 2538 840 88 88 0
picture 2539 952 258 63 0
picture 2540 924 798 65 0
picture 2541 756 787 93 0
picture 2542 728 519 102 0
picture 2543 812 732 90 0
picture 2544 868 0 81 0
picture 2545 952 754 61 0
picture 2546 812 822 90 0
picture 2547 728 621 102 0
picture 2548 896 156 78 0
picture 2549 924 863 65 0
picture 2550 1008 116 58 0
picture 2551 868 81 81 0
picture 2552 840 432 84 0
picture 2553 896 758 72 0
picture 2554 1148 129 43 0
picture 2555 1008 174 58 0
picture 2556 924 210 68 0
picture 2557 924 928 65 0
picture 2558 1008 633 56 0
picture 2559 1148 172 43 0
picture 2560 1064 258 51 0
picture 2561 868 481 79 0
picture 2562 868 560 79 0
picture 2563 896 234 78 0
picture 2564 952 0 65 0
picture 2565 952 321 63 0
picture 2566 840 176 88 0
picture 2567 840 516 84 0
picture 2568 896 537 75 0
picture 2569 1064 902 49 0
picture 2570 868 162 81 0
picture 2571 812 912 90 0
picture 2572 728 723 102 0
picture 2573 756 880 93 0
picture 2574 952 65 65 0
picture 2600 728 825 102 0
picture 2601 616 0 147 0
picture 2602 588 775 148 0
picture 2603 756 0 102 0
picture 2604 1036 108 54 0
picture 2605 1176 582 27 0
picture 2606 896 830 71 0
picture 2607 756 102 100 0
picture 2608 672 469 112 0
picture 2609 756 597 95 0
picture 2610 1008 232 58 0
picture 2611 1176 609 27 0
picture 2612 896 901 71 0
picture 2613 840 600 84 0
picture 2614 784 0 93 0
picture 2615 840 768 82 0
picture 2616 1008 290 58 0
picture 2617 1176 636 27 0
picture 2618 784 93 93 0
picture 2619 700 535 106 0
picture 2620 700 0 107 0
picture 2621 784 186 93 0
picture 2622 1064 309 51 0
picture 2623 1176 663 27 0
picture 2624 784 279 93 0
picture 2625 700 641 106 0
picture 2626 672 122 116 0
picture 2627 728 106 104 0
picture 2628 952 815 61 0
picture 2629 1008 348 58 0
picture 2630 756 692 95 0
picture 2631 672 581 112 0
picture 2632 756 202 100 0
picture 2633 924 0 71 0
picture 2634 1176 690 27 0
picture 2635 1008 406 58 0
picture 2636 840 850 82 0
picture 2637 784 372 93 0
picture 2638 840 684 84 0
picture 2639 924 71 71 0
picture 2640 1176 717 27 0
picture 2641 1064 360 51 0
picture 2642 784 465 93 0
picture 2643 700 107 107 0
picture 2644 700 747 106 0
picture 2645 784 558 93 0
picture 2646 1176 744 27 0
picture 2647 952 876 61 0
picture 2648 728 210 104 0
picture 2649 672 238 116 0
picture 2650 700 853 106 0
picture 2651 784 651 93 0
picture 2652 1176 771 27 0
picture 2653 392 0 178 0
picture 2654 196 623 206 0
picture 2655 0 0 233 0
picture 2656 0 233 233 0
picture 2657 224 206 205 0
picture 2658 420 534 177 0
picture 2659 364 194 184 0
picture 2660 56 223 211 0
picture 2661 28 229 228 0
picture 2662 28 0 229 0
picture 2663 140 633 210 0
picture 2664 364 378 184 0
picture 2665 532 0 161 0
picture 2666 364 562 184 0
picture 2667 168 630 208 0
picture 2668 196 416 207 0
picture 2669 364 746 179 0
picture 2670 532 161 158 0
picture 2671 532 319 155 0
picture 2672 56 434 211 0
picture 2673 308 0 203 0
picture 2674 448 177 176 0
picture 2675 616 725 141 0
picture 2676 700 214 107 0
picture 2677 952 937 61 0
picture 2685 980 0 61 0
picture 2686 672 693 109 0
picture 2687 616 293 144 0
picture 2688 392 178 178 0
picture 2689 252 0 204 0
picture 2690 56 645 211 0
picture 2691 532 474 155 0
picture 2699 532 629 155 0
picture 2700 84 0 211 0
picture 2701 308 203 203 0
picture 2702 448 353 176 0
picture 2703 1176 928 21 0
picture 2704 1176 949 18 0
picture 2705 616 147 146 0
picture 2706 364 0 194 0
picture 2707 336 812 195 0
picture 2708 448 529 176 0
picture 2709 1176 906 22 0
picture 2710 1176 1002 16 0
picture 2712 532 784 155 0
picture 2713 84 211 211 0
picture 2714 308 406 203 0
picture 2715 448 705 176 0
picture 2716 616 866 141 0
picture 2717 700 321 107 0
picture 2725 672 802 109 0
picture 2726 616 437 144 0
picture 2727 392 356 178 0
picture 2728 252 204 204 0
picture 2729 84 422 211 0
picture 2730 560 0 155 0
picture 2744 392 534 178 0
picture 2745 252 408 204 0
picture 2746 84 633 211 0
picture 2747 560 155 155 0
picture 2750 196 0 208 0
picture 2751 28 457 223 0
picture 2752 252 612 204 0
picture 2753 476 0 176 0
picture 2755 560 310 155 0
picture 2756 112 0 211 0
picture 2757 308 609 203 0
picture 2758 476 176 176 0
picture 2759 672 911 109 0
picture 2760 616 581 144 0
picture 2761 392 712 178 0
picture 2762 252 816 204 0
picture 2763 112 211 211 0
picture 2764 560 465 155 0
picture 2774 560 620 155 0
picture 2775 112 422 211 0
picture 2776 308 812 203 0
picture 2777 476 352 176 0
picture 2778 644 0 141 0
picture 2779 700 428 107 0
picture 2787 420 711 177 0
picture 2788 224 411 205 0
picture 2789 28 680 223 0
picture 2790 224 0 206 0
picture 2792 420 0 178 0
picture 2793 280 0 204 0
picture 2794 168 0 210 0
picture 2795 560 775 155 0
picture 2798 196 208 208 0
picture 2799 56 0 223 0
picture 2800 280 204 204 0
picture 2801 476 528 176 0
picture 2803 588 0 155 0
picture 2804 112 633 211 0
picture 2805 336 0 203 0
picture 2806 476 704 176 0
picture 2812 588 155 155 0
picture 2813 140 0 211 0
picture 2814 336 203 203 0
picture 2815 504 0 176 0
picture 2816 1176 985 17 0
picture 2817 1204 25 9 0
picture 2824 588 310 155 0
picture 2825 140 211 211 0
picture 2826 336 406 203 0
picture 2827 504 176 176 0
picture 2828 420 178 178 0
picture 2829 280 408 204 0
picture 2830 168 210 210 0
picture 2831 504 704 163 0
picture 2834 588 465 155 0
picture 2835 140 422 211 0
picture 2836 336 609 203 0
picture 2837 504 352 176 0
picture 2838 1176 967 18 0
picture 2839 420 356 178 0
picture 2840 280 612 204 0
picture 2841 168 420 210 0
picture 2842 588 620 155 0
picture 3040 1204 0 13 0
picture 3041 448 0 177 0
picture 3042 224 616 205 0
picture 3043 0 466 232 0
picture 3044 0 698 232 0
picture 3045 280 816 204 0
picture 3046 504 528 176 0
picture 3047 1204 13 12 0
picture 3242 1148 879 40 0
picture 3243 1148 215 43 0
picture 3244 1148 919 40 0
picture 3245 1148 258 43 0
picture 3246 1148 301 43 0
picture 3247 1148 959 40 0
picture 3248 1148 344 43 0
picture 3249 1176 0 40 0
picture 3251 784 744 92 0
picture 3253 784 836 92 0
picture 3256 784 928 92 0
picture 3259 812 0 92 0
picture 3267 812 92 92 0
picture 3268 644 545 127 0
picture 3269 644 414 131 0
picture 3270 728 314 103 0
picture 3271 644 798 125 0
picture 3272 644 672 126 0
picture 3273 728 0 106 0
picture 3274 672 354 115 0
picture 3275 672 0 122 0
picture 3276 756 302 99 0
picture 3277 1036 946 52 0
picture 3278 980 181 60 0
picture 3279 1176 798 27 0
picture 3280 1176 825 27 0
picture 3281 980 241 60 0
picture 3282 1064 0 52 0
picture 3283 1064 52 52 0
picture 3284 868 639 79 0
picture 3285 868 718 79 0
picture 3286 1176 852 27 0
picture 3287 1176 879 27 0
picture 3288 868 797 79 0
picture 3289 868 876 79 0
picture 3290 1064 104 52 0
picture 3935 1036 162 54 0
picture 3936 1036 216 54 0
picture 3937 1008 909 55 0
picture 3938 1008 964 55 0
picture 4053 1120 806 44 0
picture 4054 980 301 60 0
picture 4055 1120 46 46 0
picture 4056 1120 92 46 0
picture 4057 980 361 60 0
picture 4058 1120 850 44 0
picture 4062 1176 341 35 0
picture 4063 1064 951 49 0
picture 4064 1120 894 44 0
picture 4074 644 141 137 0
picture 4075 644 278 136 0
picture 4076 1176 473 28 0
picture 8653 812 184 92 0
picture 8654 812 276 92 0
picture 8657 812 368 92 0
picture 8658 812 460 92 0
object 1 0 right 2134
object 5 0 right 2610
object 9 0 right 2616
object 13 0 right 2622
object 17 0 right 2628
object 21 0 right 2610
object 25 0 right 2616
object 26 0 right 2549
object 34 0 left 4055
object 38 0 left 361
object 38 0 right 362
object 42 0 left 361
object 42 0 right 362
object 47 0 left 4055
object 49 0 left 4055
object 53 0 left 4055
object 55 0 left 4055
object 59 0 right 2134
object 63 0 right 2610
object 67 0 right 2616
object 71 0 right 2622
object 75 0 right 2628
object 79 0 right 2610
object 83 0 right 2616
object 87 0 right 2622
object 91 0 right 2628
object 95 0 right 2610
object 97 0 right 3290
object 98 0 right 2549
object 0 1 left 2131
object 1 1 left 2132
object 1 1 right 2133
object 2 1 left 2605
object 3 1 left 2606
object 4 1 left 2607
object 5 1 left 2608
object 5 1 right 2609
object 6 1 left 2611
object 7 1 left 2612
object 8 1 left 2613
object 9 1 left 2614
object 9 1 right 2615
object 10 1 left 2617
object 11 1 left 2618
object 12 1 left 2619
object 13 1 left 2620
object 13 1 right 2621
object 14 1 left 2623
object 15 1 left 2624
object 16 1 left 2625
object 17 1 left 2626
object 17 1 right 2627
object 18 1 left 2605
object 19 1 left 2606
object 20 1 left 2607
object 21 1 left 2608
object 21 1 right 2609
object 22 1 left 2611
object 23 1 left 2612
object 24 1 left 2613
object 25 1 left 2614
object 25 1 right 2615
object 26 1 right 2548
object 29 1 left 745
object 29 1 right 746
object 31 1 left 745
object 31 1 right 746
object 32 1 right 4053
object 33 1 right 4054
object 37 1 left 745
object 37 1 right 746
object 38 1 left 349
object 38 1 right 350
object 42 1 left 349
object 42 1 right 350
object 43 1 right 3273
object 45 1 right 4053
object 46 1 right 4054
object 47 1 right 4053
object 48 1 right 4054
object 49 1 left 745
object 49 1 right 746
object 50 1 right 746
object 51 1 right 4053
object 52 1 right 4054
object 53 1 right 4053
object 54 1 right 4054
object 56 1 right 3273
object 58 1 left 2131
object 59 1 left 2132
object 59 1 right 2133
object 60 1 left 2605
object 61 1 left 2606
object 62 1 left 2607
object 63 1 left 2608
object 63 1 right 2609
object 64 1 left 2611
object 65 1 left 2612
object 66 1 left 2613
object 67 1 left 2614
object 67 1 right 2615
object 68 1 left 2617
object 69 1 left 2618
object 70 1 left 2619
object 71 1 left 2620
object 71 1 right 2621
object 72 1 left 2623
object 73 1 left 2624
object 74 1 left 2625
object 75 1 left 2626
object 75 1 right 2627
object 76 1 left 2605
object 77 1 left 2606
object 78 1 left 2607
object 79 1 left 2608
object 79 1 right 2609
object 80 1 left 2611
object 81 1 left 2612
object 82 1 left 2613
object 83 1 left 2614
object 83 1 right 2615
object 84 1 left 2617
object 85 1 left 2618
object 86 1 left 2619
object 87 1 left 2620
object 87 1 right 2621
object 88 1 left 2623
object 89 1 left 2624
object 90 1 left 2625
object 91 1 left 2626
object 91 1 right 2627
object 92 1 left 2605
object 93 1 left 2606
object 94 1 left 2607
object 95 1 left 2608
object 95 1 right 2609
object 96 1 left 3287
object 97 1 left 3288
object 97 1 right 3289
object 98 1 right 2548
object 1 2 right 2634
object 27 2 left 2547
object 30 2 right 4058
object 35 2 right 4064
object 36 2 left 747
object 36 2 right 748
object 37 2 right 3273
object 38 2 left 349
object 38 2 right 350
object 39 2 left 745
object 39 2 right 746
object 42 2 left 349
object 42 2 right 350
object 43 2 left 3271
object 43 2 right 3272
object 45 2 left 745
object 51 2 left 745
object 53 2 left 745
object 53 2 right 746
object 56 2 left 3271
object 56 2 right 3272
object 59 2 right 2634
object 99 2 left 2547
object 1 3 right 2633
object 26 3 left 2545
object 26 3 right 2546
object 29 3 left 745
object 29 3 right 2664
object 30 3 left 4056
object 30 3 right 4057
object 35 3 left 4062
object 35 3 right 4063
object 37 3 left 3271
object 37 3 right 3272
object 38 3 left 349
object 38 3 right 350
object 39 3 left 747
object 39 3 right 748
object 42 3 left 361
object 42 3 right 362
object 43 3 right 746
object 45 3 right 4058
object 46 3 left 745
object 46 3 right 746
object 54 3 left 745
object 56 3 right 4064
object 59 3 right 2633
object 98 3 left 2545
object 98 3 right 2546
object 1 4 right 2632
object 26 4 right 2554
object 27 4 left 745
object 27 4 right 746
object 29 4 right 2663
object 30 4 left 747
object 30 4 right 4058
object 31 4 left 747
object 31 4 right 748
object 35 4 right 4064
object 37 4 left 745
object 37 4 right 746
object 38 4 left 349
object 38 4 right 350
object 42 4 left 349
object 42 4 right 350
object 43 4 left 745
object 43 4 right 746
object 45 4 left 4056
object 45 4 right 4057
object 49 4 right 2134
object 51 4 right 3290
object 52 4 right 3282
object 53 4 right 2564
object 56 4 left 4062
object 56 4 right 4063
object 59 4 right 2632
object 98 4 right 2554
object 0 5 left 2629
object 1 5 left 2630
object 1 5 right 2631
object 26 5 right 2553
object 27 5 left 2659
object 28 5 left 2660
object 29 5 left 2661
object 29 5 right 2662
object 30 5 left 4056
object 30 5 right 4057
object 31 5 left 745
object 31 5 right 746
object 35 5 left 4062
object 35 5 right 4063
object 36 5 left 745
object 36 5 right 746
object 38 5 left 349
object 38 5 right 350
object 39 5 left 745
object 39 5 right 746
object 42 5 left 349
object 42 5 right 350
object 43 5 left 745
object 45 5 left 747
object 45 5 right 4058
object 47 5 left 745
object 47 5 right 746
object 48 5 left 2131
object 49 5 left 2132
object 49 5 right 2133
object 50 5 left 3287
object 51 5 left 3288
object 51 5 right 3289
object 52 5 left 3280
object 52 5 right 3281
object 53 5 right 2563
object 56 5 right 4064
object 58 5 left 2629
object 59 5 left 2630
object 59 5 right 2631
object 98 5 right 2553
object 1 6 right 2640
object 6 6 right 2549
object 7 6 left 2530
object 8 6 left 2531
object 9 6 left 2532
object 10 6 left 2533
object 10 6 right 2534
object 11 6 left 2525
object 12 6 left 2526
object 13 6 left 2527
object 14 6 left 2528
object 14 6 right 2529
object 15 6 left 2520
object 16 6 left 2521
object 17 6 left 2522
object 18 6 left 2523
object 18 6 right 2524
object 19 6 left 77
object 19 6 right 78
object 20 6 left 2042
object 20 6 right 2043
object 21 6 right 2634
object 26 6 right 2552
object 29 6 right 4076
object 35 6 left 745
object 38 6 left 349
object 38 6 right 350
object 39 6 left 747
object 39 6 right 748
object 42 6 left 349
object 42 6 right 350
object 44 6 left 745
object 44 6 right 746
object 45 6 left 4056
object 45 6 right 4057
object 47 6 left 747
object 47 6 right 748
object 49 6 right 2634
object 53 6 right 2562
object 56 6 left 4062
object 56 6 right 4063
object 59 6 right 2640
object 64 6 right 2549
object 65 6 left 2530
object 66 6 left 2531
object 67 6 left 2532
object 68 6 left 2533
object 68 6 right 2534
object 69 6 left 2540
object 70 6 left 2541
object 71 6 left 2542
object 72 6 left 2543
object 72 6 right 2544
object 73 6 left 2520
object 74 6 left 2521
object 75 6 left 2522
object 76 6 left 2523
object 76 6 right 2524
object 77 6 left 2530
object 78 6 left 2531
object 79 6 left 2532
object 80 6 left 2533
object 80 6 right 2534
object 81 6 left 2535
object 82 6 left 2536
object 83 6 left 2537
object 84 6 left 2538
object 84 6 right 2539
object 85 6 left 2520
object 86 6 left 2521
object 87 6 left 2522
object 88 6 left 2523
object 88 6 right 2524
object 89 6 left 2515
object 90 6 left 2516
object 92 6 left 2518
object 92 6 right 2519
object 93 6 right 2634
object 98 6 right 2552
object 1 7 right 2639
object 6 7 right 2548
object 14 7 left 415
object 14 7 right 416
object 21 7 right 2633
object 26 7 left 2550
object 26 7 right 2551
object 29 7 left 4074
object 29 7 right 4075
object 31 7 left 747
object 31 7 right 748
object 36 7 left 745
object 36 7 right 746
object 38 7 left 361
object 38 7 right 362
object 42 7 left 349
object 42 7 right 350
object 43 7 left 745
object 43 7 right 746
object 49 7 right 2633
object 53 7 left 2560
object 53 7 right 2561
object 54 7 left 745
object 54 7 right 746
object 56 7 right 3273
object 59 7 right 2639
object 64 7 right 2548
object 68 7 left 745
object 68 7 right 746
object 69 7 left 3248
object 69 7 right 3249
object 91 7 right 2517
object 93 7 right 2633
object 98 7 left 2550
object 98 7 right 2551
object 1 8 right 2638
object 7 8 left 2547
object 14 8 left 745
object 14 8 right 746
object 18 8 right 3273
object 21 8 right 2632
object 26 8 right 2574
object 29 8 left 353
object 29 8 right 354
object 30 8 left 345
object 30 8 right 346
object 31 8 left 357
object 31 8 right 358
object 32 8 left 345
object 32 8 right 346
object 33 8 left 357
object 33 8 right 358
object 34 8 left 345
object 34 8 right 346
object 35 8 left 363
object 35 8 right 364
object 36 8 right 4076
object 39 8 left 745
object 39 8 right 746
object 44 8 left 745
object 44 8 right 746
object 45 8 right 4058
object 47 8 left 745
object 47 8 right 746
object 49 8 right 2632
object 53 8 right 2564
object 54 8 left 747
object 54 8 right 748
object 56 8 left 3271
object 56 8 right 3272
object 59 8 right 2638
object 65 8 left 2547
object 93 8 right 2632
object 98 8 right 2574
object 0 9 left 2635
object 1 9 left 2636
object 1 9 right 2637
object 6 9 left 2545
object 6 9 right 2546
object 7 9 right 3270
object 18 9 left 3271
object 18 9 right 3272
object 20 9 left 2629
object 21 9 left 2630
object 21 9 right 2631
object 26 9 right 2573
object 29 9 left 361
object 29 9 right 362
object 34 9 left 747
object 34 9 right 748
object 35 9 left 349
object 35 9 right 350
object 36 9 left 4074
object 36 9 right 4075
object 45 9 left 4056
object 45 9 right 4057
object 47 9 left 747
object 47 9 right 748
object 48 9 left 2629
object 49 9 left 2630
object 49 9 right 2631
object 53 9 left 796
object 53 9 right 2563
object 56 9 right 4064
object 58 9 left 2635
object 59 9 left 2636
object 59 9 right 2637
object 64 9 left 2545
object 64 9 right 2546
object 91 9 left 335
object 91 9 right 336
object 92 9 left 2629
object 93 9 left 2630
object 93 9 right 2631
object 98 9 right 2573
object 1 10 right 2652
object 6 10 right 2554
object 7 10 left 3268
object 7 10 right 3269
object 19 10 left 335
object 19 10 right 336
object 21 10 right 2640
object 26 10 right 2572
object 29 10 left 349
object 29 10 right 350
object 33 10 right 2604
object 35 10 left 349
object 35 10 right 350
object 36 10 left 745
object 36 10 right 746
object 45 10 left 747
object 45 10 right 4058
object 46 10 right 3270
object 49 10 right 2640
object 53 10 right 2562
object 54 10 left 745
object 54 10 right 746
object 56 10 left 4062
object 56 10 right 4063
object 59 10 right 2652
object 64 10 right 2554
object 69 10 right 2670
object 91 10 left 337
object 91 10 right 338
object 93 10 right 2640
object 98 10 right 2572
object 1 11 right 2651
object 6 11 right 2553
object 12 11 left 2787
object 13 11 left 2788
object 14 11 left 2789
object 14 11 right 2790
object 19 11 left 343
object 19 11 right 344
object 21 11 right 2639
object 26 11 left 2570
object 26 11 right 2571
object 29 11 left 349
object 29 11 right 350
object 30 11 right 3273
object 33 11 right 2603
object 35 11 left 361
object 35 11 right 362
object 36 11 left 747
object 36 11 right 748
object 45 11 left 4056
object 45 11 right 4057
object 46 11 left 3268
object 46 11 right 3269
object 49 11 right 2639
object 53 11 left 2560
object 53 11 right 2561
object 54 11 left 747
object 54 11 right 748
object 56 11 right 4064
object 59 11 right 2651
object 64 11 right 2553
object 66 11 left 747
object 66 11 right 748
object 69 11 right 2669
object 80 11 left 745
object 80 11 right 746
object 89 11 right 2664
object 91 11 left 335
object 91 11 right 336
object 93 11 right 2639
object 98 11 left 2570
object 98 11 right 2571
object 1 12 right 2650
object 6 12 right 2552
object 12 12 left 2792
object 13 12 left 2793
object 14 12 left 2794
object 14 12 right 2795
object 15 12 left 3244
object 15 12 right 3245
object 16 12 right 3273
object 21 12 right 2638
object 26 12 right 2564
object 28 12 right 4076
object 29 12 left 361
object 29 12 right 362
object 30 12 left 3271
object 30 12 right 3272
object 31 12 left 747
object 31 12 right 748
object 32 12 left 2600
object 33 12 left 2601
object 33 12 right 2602
object 34 12 left 745
object 34 12 right 746
object 35 12 left 349
object 35 12 right 350
object 45 12 left 745
object 45 12 right 746
object 49 12 right 2638
object 53 12 right 798
object 56 12 left 4062
object 56 12 right 4063
object 59 12 right 2650
object 64 12 right 2552
object 67 12 left 2665
object 68 12 left 2666
object 69 12 left 2667
object 69 12 right 2668
object 70 12 left 233
object 70 12 right 234
object 80 12 left 209
object 80 12 right 210
object 81 12 left 211
object 81 12 right 212
object 82 12 left 213
object 82 12 right 214
object 87 12 left 745
object 87 12 right 746
object 89 12 right 2663
object 91 12 left 343
object 91 12 right 344
object 93 12 right 2638
object 98 12 right 2564
object 0 13 left 2647
object 1 13 left 2648
object 1 13 right 2649
object 6 13 left 2550
object 6 13 right 2551
object 12 13 left 2828
object 13 13 left 2829
object 14 13 left 2830
object 14 13 right 2831
object 15 13 left 747
object 15 13 right 748
object 16 13 left 3271
object 16 13 right 3272
object 19 13 left 335
object 19 13 right 336
object 20 13 left 2635
object 21 13 left 2636
object 21 13 right 2637
object 26 13 right 2563
object 28 13 left 4074
object 28 13 right 4075
object 29 13 left 349
object 29 13 right 350
object 35 13 left 349
object 35 13 right 350
object 36 13 right 4076
object 45 13 right 4058
object 46 13 left 745
object 48 13 left 2635
object 49 13 left 2636
object 49 13 right 2637
object 53 13 left 796
object 53 13 right 797
object 54 13 left 745
object 54 13 right 746
object 58 13 left 2647
object 59 13 left 2648
object 59 13 right 2649
object 64 13 left 2550
object 64 13 right 2551
object 70 13 left 219
object 70 13 right 220
object 71 13 right 3270
object 81 13 right 2717
object 83 13 left 343
object 83 13 right 344
object 87 13 left 2659
object 88 13 left 2660
object 89 13 left 2661
object 89 13 right 2662
object 92 13 left 2635
object 93 13 left 2636
object 93 13 right 2637
object 98 13 right 2563
object 1 14 right 2646
object 6 14 right 2559
object 12 14 left 2792
object 13 14 left 2793
object 14 14 left 2794
object 14 14 right 2795
object 15 14 left 3244
object 15 14 right 3245
object 19 14 left 337
object 19 14 right 338
object 21 14 right 2652
object 26 14 right 2562
object 29 14 right 356
object 30 14 left 345
object 30 14 right 346
object 31 14 left 345
object 31 14 right 346
object 32 14 left 357
object 32 14 right 358
object 33 14 left 345
object 33 14 right 346
object 34 14 left 345
object 34 14 right 346
object 35 14 left 359
object 35 14 right 360
object 36 14 left 4074
object 36 14 right 4075
object 45 14 left 4056
object 45 14 right 4057
object 48 14 left 2525
object 49 14 left 2526
object 50 14 left 2527
object 51 14 left 2528
object 51 14 right 2529
object 52 14 left 787
object 53 14 left 788
object 53 14 right 789
object 56 14 right 4064
object 59 14 right 2646
object 64 14 right 2559
object 70 14 left 217
object 70 14 right 218
object 71 14 left 3268
object 71 14 right 3269
object 81 14 right 2716
object 82 14 left 3256
object 83 14 left 235
object 83 14 right 236
object 84 14 left 747
object 84 14 right 748
object 91 14 left 341
object 91 14 right 342
object 93 14 right 2652
object 98 14 right 2562
object 1 15 right 2645
object 6 15 right 2558
object 12 15 left 2792
object 13 15 left 2793
object 14 15 left 2794
object 14 15 right 2795
object 15 15 left 3242
object 15 15 right 3243
object 16 15 right 3270
object 19 15 left 335
object 19 15 right 336
object 21 15 right 2651
object 26 15 left 2560
object 26 15 right 2561
object 27 15 right 3270
object 28 15 left 745
object 28 15 right 746
object 30 15 left 745
object 30 15 right 746
object 36 15 right 3270
object 45 15 left 747
object 45 15 right 4058
object 46 15 right 3273
object 52 15 left 745
object 52 15 right 746
object 56 15 left 4062
object 56 15 right 4063
object 59 15 right 2645
object 64 15 right 2558
object 70 15 left 215
object 70 15 right 216
object 76 15 right 2658
object 77 15 right 2758
object 78 15 right 2827
object 79 15 right 2758
object 80 15 right 2758
object 81 15 right 2715
object 93 15 right 2651
object 98 15 left 2560
object 98 15 right 2561
object 1 16 right 2644
object 6 16 right 2557
object 7 16 right 3273
object 12 16 left 2792
object 13 16 left 2793
object 14 16 left 2794
object 14 16 right 2795
object 15 16 left 747
object 15 16 right 748
object 16 16 left 3268
object 16 16 right 3269
object 19 16 left 343
object 19 16 right 344
object 21 16 right 2650
object 26 16 right 2554
object 27 16 left 3268
object 27 16 right 3269
object 29 16 right 4058
object 34 16 right 4064
object 35 16 left 747
object 35 16 right 748
object 36 16 left 3268
object 36 16 right 3269
object 45 16 left 4056
object 45 16 right 4057
object 46 16 left 3271
object 46 16 right 3272
object 50 16 left 745
object 50 16 right 746
object 51 16 right 746
object 56 16 right 4064
object 59 16 right 2644
object 64 16 right 2557
object 68 16 right 2664
object 70 16 left 219
object 70 16 right 220
object 76 16 right 2657
object 77 16 right 2757
object 78 16 right 2826
object 79 16 right 2757
object 80 16 right 2757
object 81 16 right 2714
object 93 16 right 2650
object 98 16 right 2549
object 0 17 left 2641
object 1 17 left 2642
object 1 17 right 2643
object 6 17 left 2555
object 6 17 right 2556
object 7 17 left 3271
object 7 17 right 3272
object 10 17 left 2759
object 11 17 left 2760
object 12 17 left 2761
object 13 17 left 2762
object 14 17 left 2763
object 14 17 right 2764
object 15 17 left 747
object 15 17 right 748
object 20 17 left 2647
object 21 17 left 2648
object 21 17 right 2649
object 26 17 right 2553
object 28 17 left 745
object 28 17 right 746
object 29 17 left 4056
object 29 17 right 4057
object 33 17 left 745
object 33 17 right 746
object 34 17 left 4062
object 34 17 right 4063
object 50 17 left 343
object 50 17 right 344
object 51 17 left 335
object 51 17 right 336
object 52 17 left 745
object 54 17 left 343
object 54 17 right 344
object 55 17 left 335
object 55 17 right 336
object 56 17 left 4062
object 56 17 right 4063
object 58 17 left 2641
object 59 17 left 2642
object 59 17 right 2643
object 64 17 left 2555
object 64 17 right 2556
object 66 17 left 745
object 66 17 right 746
object 68 17 right 2663
object 70 17 left 217
object 70 17 right 218
object 74 17 left 2653
object 75 17 left 2654
object 76 17 left 2655
object 76 17 right 2656
object 77 17 left 2755
object 77 17 right 2756
object 78 17 left 2824
object 78 17 right 2825
object 79 17 left 2755
object 79 17 right 2756
object 80 17 left 2755
object 80 17 right 2756
object 81 17 left 2712
object 81 17 right 2713
object 83 17 left 237
object 83 17 right 238
object 91 17 left 329
object 91 17 right 330
object 92 17 left 2647
object 93 17 left 2648
object 93 17 right 2649
object 98 17 right 2548
object 1 18 right 2634
object 6 18 right 2564
object 7 18 right 3270
object 10 18 left 747
object 10 18 right 748
object 11 18 left 333
object 11 18 right 8658
object 14 18 left 343
object 14 18 right 344
object 15 18 left 333
object 15 18 right 334
object 19 18 left 341
object 19 18 right 342
object 21 18 right 2646
object 26 18 right 2552
object 29 18 left 747
object 29 18 right 4058
object 30 18 left 747
object 30 18 right 748
object 34 18 right 4064
object 35 18 left 745
object 35 18 right 746
object 42 18 left 747
object 42 18 right 748
object 45 18 left 341
object 45 18 right 342
object 47 18 right 2134
object 51 18 right 2610
object 55 18 right 2616
object 57 18 right 3290
object 59 18 right 2138
object 64 18 right 2564
object 66 18 left 2659
object 67 18 left 2660
object 68 18 left 2661
object 68 18 right 2662
object 70 18 left 215
object 70 18 right 216
object 74 18 left 2744
object 75 18 left 2745
object 76 18 left 2746
object 76 18 right 2747
object 78 18 left 3248
object 78 18 right 3249
object 82 18 right 3276
object 83 18 left 219
object 83 18 right 220
object 91 18 left 341
object 91 18 right 342
object 93 18 right 2646
object 99 18 left 2547
object 1 19 right 2633
object 6 19 right 2563
object 7 19 left 3268
object 7 19 right 3269
object 11 19 left 745
object 11 19 right 746
object 15 19 left 745
object 15 19 right 746
object 21 19 right 2645
object 26 19 left 2550
object 26 19 right 2551
object 29 19 left 4056
object 29 19 right 4057
object 30 19 left 745
object 30 19 right 746
object 34 19 left 4062
object 34 19 right 4063
object 35 19 left 747
object 35 19 right 748
object 41 19 left 745
object 41 19 right 746
object 45 19 left 745
object 45 19 right 746
object 46 19 left 2131
object 47 19 left 2132
object 47 19 right 2133
object 48 19 left 2605
object 49 19 left 2606
object 50 19 left 2607
object 51 19 left 2608
object 51 19 right 2609
object 52 19 left 2611
object 53 19 left 2612
object 54 19 left 2613
object 55 19 left 2614
object 55 19 right 2615
object 56 19 left 3287
object 57 19 left 3288
object 57 19 right 3289
object 58 19 left 2135
object 59 19 left 2136
object 59 19 right 2137
object 64 19 right 2563
object 70 19 left 219
object 70 19 right 220
object 74 19 left 2744
object 75 19 left 2745
object 76 19 left 2746
object 76 19 right 2747
object 81 19 left 745
object 81 19 right 746
object 82 19 left 3274
object 82 19 right 3275
object 83 19 left 215
object 83 19 right 216
object 91 19 left 335
object 91 19 right 3270
object 93 19 right 2645
object 98 19 left 2545
object 98 19 right 2546
object 1 20 right 2632
object 6 20 right 2562
object 7 20 left 223
object 7 20 right 224
object 8 20 left 221
object 8 20 right 222
object 9 20 left 223
object 9 20 right 224
object 10 20 left 225
object 10 20 right 226
object 11 20 left 3935
object 11 20 right 3936
object 14 20 left 3937
object 14 20 right 3938
object 15 20 left 221
object 15 20 right 222
object 16 20 left 209
object 16 20 right 210
object 17 20 left 211
object 17 20 right 212
object 18 20 left 213
object 18 20 right 214
object 19 20 left 209
object 19 20 right 210
object 21 20 right 2644
object 26 20 right 2569
object 30 20 right 2664
object 34 20 left 745
object 34 20 right 746
object 35 20 left 745
object 35 20 right 746
object 42 20 right 746
object 47 20 right 2634
object 64 20 right 2562
object 70 20 left 217
object 70 20 right 218
object 74 20 left 2744
object 75 20 left 2745
object 76 20 left 2746
object 76 20 right 2747
object 78 20 left 745
object 78 20 right 746
object 79 20 left 233
object 79 20 right 234
object 80 20 left 209
object 80 20 right 210
object 81 20 left 211
object 81 20 right 212
object 82 20 left 213
object 82 20 right 214
object 83 20 left 229
object 83 20 right 230
object 91 20 left 3268
object 91 20 right 3269
object 93 20 right 2644
object 98 20 right 2554
object 0 21 left 2629
object 1 21 left 2630
object 1 21 right 2631
object 6 21 left 2560
object 6 21 right 2561
object 19 21 left 329
object 19 21 right 330
object 20 21 left 2641
object 21 21 left 2642
object 21 21 right 2643
object 26 21 right 2568
object 28 21 left 745
object 28 21 right 746
object 30 21 right 2663
object 42 21 left 747
object 42 21 right 748
object 45 21 left 339
object 45 21 right 340
object 47 21 right 2633
object 64 21 left 2560
object 64 21 right 2561
object 65 21 left 415
object 65 21 right 416
object 70 21 left 219
object 70 21 right 220
object 72 21 left 2725
object 73 21 left 2726
object 74 21 left 2727
object 75 21 left 2728
object 76 21 left 2729
object 76 21 right 2730
object 79 21 left 219
object 79 21 right 220
object 83 21 left 745
object 83 21 right 746
object 84 21 left 3248
object 84 21 right 3249
object 91 21 left 335
object 91 21 right 336
object 92 21 left 2629
object 93 21 left 2630
object 93 21 right 2631
object 98 21 left 2560
object 98 21 right 2561
object 99 21 left 331
object 99 21 right 332
object 1 22 right 2640
object 6 22 right 2574
object 10 22 left 745
object 10 22 right 746
object 11 22 left 3248
object 11 22 right 3249
object 19 22 left 341
object 19 22 right 342
object 21 22 right 2634
object 26 22 right 2567
object 28 22 left 2659
object 29 22 left 2660
object 29 22 right 746
object 30 22 left 2661
object 30 22 right 2662
object 44 22 left 747
object 44 22 right 748
object 47 22 right 2632
object 64 22 right 798
object 65 22 left 745
object 65 22 right 746
object 70 22 left 217
object 70 22 right 218
object 72 22 left 745
object 72 22 right 746
object 73 22 right 3259
object 76 22 left 343
object 76 22 right 344
object 79 22 left 217
object 79 22 right 218
object 91 22 left 343
object 91 22 right 344
object 92 22 left 2041
object 93 22 left 2042
object 93 22 right 2043
object 98 22 left 79
object 98 22 right 80
object 99 22 left 335
object 99 22 right 336
object 1 23 right 2639
object 6 23 right 2573
object 19 23 left 335
object 19 23 right 3270
object 21 23 right 2633
object 26 23 left 2565
object 26 23 right 2566
object 45 23 left 343
object 45 23 right 344
object 46 23 left 2629
object 47 23 left 2630
object 47 23 right 2631
object 64 23 left 796
object 64 23 right 797
object 70 23 left 215
object 70 23 right 216
object 77 23 left 745
object 77 23 right 746
object 79 23 left 215
object 79 23 right 216
object 91 23 left 255
object 91 23 right 256
object 92 23 right 254
object 93 23 left 253
object 93 23 right 254
object 94 23 left 253
object 94 23 right 254
object 95 23 left 253
object 95 23 right 254
object 96 23 left 253
object 96 23 right 254
object 97 23 left 253
object 97 23 right 254
object 98 23 left 253
object 98 23 right 254
object 99 23 left 251
object 99 23 right 252
object 1 24 right 2638
object 6 24 right 2572
object 19 24 left 3268
object 19 24 right 3269
object 21 24 right 2632
object 26 24 right 2564
object 44 24 left 745
object 44 24 right 746
object 45 24 left 335
object 45 24 right 336
object 47 24 right 2640
object 52 24 right 2549
object 53 24 left 2530
object 54 24 left 2531
object 55 24 left 2532
object 56 24 left 2533
object 56 24 right 2534
object 57 24 left 2540
object 58 24 left 2541
object 59 24 left 2542
object 60 24 left 2543
object 60 24 right 2544
object 61 24 left 2520
object 62 24 left 2521
object 63 24 left 2522
object 64 24 left 2523
object 64 24 right 2524
object 70 24 left 227
object 70 24 right 228
object 71 24 left 221
object 71 24 right 222
object 72 24 left 223
object 72 24 right 224
object 73 24 left 3935
object 73 24 right 3936
object 76 24 left 3937
object 76 24 right 3938
object 77 24 left 221
object 77 24 right 222
object 78 24 left 223
object 78 24 right 224
object 79 24 left 229
object 79 24 right 230
object 84 24 right 2670
object 0 25 left 2635
object 1 25 left 2636
object 1 25 right 2637
object 6 25 left 2570
object 6 25 right 2571
object 11 25 right 2670
object 19 25 left 339
object 19 25 right 340
object 20 25 left 2629
object 21 25 left 2630
object 21 25 right 2631
object 26 25 right 2563
object 30 25 right 2670
object 44 25 left 747
object 44 25 right 748
object 45 25 left 329
object 45 25 right 330
object 47 25 right 2639
object 52 25 right 2548
object 81 25 left 747
object 81 25 right 748
object 84 25 right 2669
object 1 26 right 2652
object 6 26 right 2569
object 8 26 left 747
object 8 26 right 748
object 11 26 right 2669
object 21 26 right 2640
object 26 26 right 2562
object 27 26 left 747
object 27 26 right 748
object 30 26 right 2669
object 45 26 left 335
object 45 26 right 336
object 47 26 right 2638
object 53 26 left 2547
object 82 26 left 2665
object 83 26 left 2666
object 84 26 left 2667
object 84 26 right 2668
object 1 27 right 2651
object 6 27 right 2568
object 9 27 left 2665
object 10 27 left 2666
object 11 27 left 2667
object 11 27 right 2668
object 19 27 left 343
object 19 27 right 344
object 21 27 right 2639
object 26 27 left 2560
object 26 27 right 2561
object 28 27 left 2665
object 29 27 left 2666
object 30 27 left 2667
object 30 27 right 2668
object 41 27 left 745
object 41 27 right 746
object 42 27 left 745
object 42 27 right 746
object 45 27 left 343
object 45 27 right 344
object 46 27 left 2635
object 47 27 left 2636
object 47 27 right 2637
object 52 27 left 2545
object 52 27 right 2546
object 1 28 right 2650
object 6 28 right 2567
object 19 28 left 335
object 19 28 right 336
object 21 28 right 2638
object 26 28 right 798
object 45 28 right 3273
object 47 28 right 3286
object 52 28 right 2554
object 91 28 left 257
object 91 28 right 258
object 92 28 left 261
object 92 28 right 262
object 93 28 left 261
object 93 28 right 262
object 94 28 left 261
object 94 28 right 262
object 95 28 left 261
object 95 28 right 262
object 96 28 left 261
object 96 28 right 262
object 97 28 left 261
object 97 28 right 262
object 98 28 left 261
object 98 28 right 262
object 99 28 left 259
object 99 28 right 260
object 0 29 left 2647
object 1 29 left 2648
object 1 29 right 2649
object 6 29 left 2565
object 6 29 right 2566
object 19 29 left 329
object 19 29 right 330
object 20 29 left 2635
object 21 29 left 2636
object 21 29 right 2637
object 26 29 left 796
object 26 29 right 797
object 27 29 left 333
object 27 29 right 334
object 28 29 left 331
object 28 29 right 332
object 29 29 left 331
object 29 29 right 332
object 30 29 left 331
object 30 29 right 332
object 31 29 left 343
object 31 29 right 344
object 32 29 left 239
object 32 29 right 240
object 37 29 left 245
object 37 29 right 246
object 38 29 left 343
object 38 29 right 344
object 42 29 right 3276
object 45 29 left 3271
object 45 29 right 3272
object 46 29 left 3283
object 47 29 left 3284
object 47 29 right 3285
object 52 29 right 2553
object 57 29 left 745
object 57 29 right 746
object 58 29 left 3248
object 58 29 right 3249
object 63 29 right 2664
object 91 29 left 343
object 91 29 right 344
object 92 29 left 3277
object 93 29 left 3278
object 93 29 right 3279
object 98 29 right 2549
object 99 29 left 343
object 99 29 right 344
object 1 30 right 2646
object 6 30 right 2559
object 19 30 left 335
object 19 30 right 336
object 21 30 right 2652
object 26 30 right 3282
object 30 30 right 2610
object 31 30 right 2046
object 32 30 left 241
object 32 30 right 242
object 37 30 left 247
object 37 30 right 248
object 41 30 right 2610
object 42 30 left 3274
object 42 30 right 3275
object 45 30 right 2616
object 47 30 right 2138
object 52 30 right 2552
object 61 30 left 745
object 61 30 right 746
object 63 30 right 2663
object 91 30 right 3273
object 93 30 right 2652
object 98 30 right 2572
object 1 31 right 2645
object 6 31 right 2558
object 19 31 left 343
object 19 31 right 344
object 21 31 right 2651
object 26 31 left 3280
object 26 31 right 3281
object 27 31 left 2605
object 28 31 left 2606
object 29 31 left 2607
object 30 31 left 2608
object 30 31 right 2609
object 31 31 left 2044
object 31 31 right 2045
object 32 31 left 241
object 32 31 right 242
object 37 31 left 247
object 37 31 right 248
object 38 31 left 2605
object 39 31 left 2606
object 40 31 left 2607
object 41 31 left 2608
object 41 31 right 2609
object 42 31 left 2611
object 43 31 left 2612
object 44 31 left 2613
object 45 31 left 2614
object 45 31 right 2615
object 46 31 left 2135
object 47 31 left 2136
object 47 31 right 2137
object 52 31 left 2550
object 52 31 right 2551
object 61 31 left 2659
object 62 31 left 2660
object 63 31 left 2661
object 63 31 right 2662
object 91 31 left 3271
object 91 31 right 3272
object 93 31 right 2651
object 98 31 left 2570
object 98 31 right 2571
object 1 32 right 2644
object 6 32 right 2557
object 21 32 right 2650
object 32 32 left 241
object 32 32 right 242
object 37 32 left 247
object 37 32 right 248
object 52 32 right 2569
object 58 32 right 2670
object 91 32 left 335
object 91 32 right 336
object 93 32 right 2650
object 98 32 right 2549
object 0 33 left 2641
object 1 33 left 2642
object 1 33 right 2643
object 6 33 left 2555
object 6 33 right 2556
object 10 33 right 2664
object 20 33 left 2647
object 21 33 left 2648
object 21 33 right 2649
object 32 33 left 241
object 32 33 right 242
object 37 33 left 247
object 37 33 right 248
object 52 33 right 2568
object 55 33 left 747
object 55 33 right 748
object 58 33 right 2669
object 91 33 left 343
object 91 33 right 344
object 92 33 left 2647
object 93 33 left 2648
object 93 33 right 2649
object 98 33 right 2548
object 1 34 right 2634
object 6 34 right 2564
object 8 34 left 745
object 8 34 right 746
object 10 34 right 2663
object 19 34 right 3273
object 21 34 right 3286
object 32 34 left 241
object 32 34 right 242
object 37 34 left 247
object 37 34 right 248
object 52 34 right 2567
object 56 34 left 2665
object 57 34 left 2666
object 58 34 left 2667
object 58 34 right 2668
object 89 34 right 2664
object 93 34 right 2646
object 99 34 left 2547
object 1 35 right 2633
object 6 35 right 2563
object 8 35 left 2659
object 9 35 left 2660
object 10 35 left 2661
object 10 35 right 2662
object 19 35 left 3271
object 19 35 right 3272
object 20 35 left 3283
object 21 35 left 3284
object 21 35 right 3285
object 32 35 left 241
object 32 35 right 242
object 37 35 left 247
object 37 35 right 248
object 52 35 left 2565
object 52 35 right 2566
object 87 35 left 745
object 87 35 right 746
object 89 35 right 2663
object 93 35 right 2645
object 98 35 left 2545
object 98 35 right 2546
object 1 36 right 2632
object 6 36 right 2562
object 10 36 left 745
object 10 36 right 746
object 11 36 left 3248
object 11 36 right 3249
object 20 36 left 2520
object 21 36 left 2521
object 22 36 left 2522
object 23 36 left 2523
object 23 36 right 2524
object 24 36 left 2540
object 25 36 left 2541
object 26 36 left 2542
object 27 36 left 2543
object 27 36 right 2544
object 28 36 left 2530
object 29 36 left 2531
object 30 36 left 2532
object 31 36 left 2533
object 31 36 right 2534
object 32 36 left 241
object 32 36 right 242
object 37 36 left 247
object 37 36 right 248
object 38 36 left 2530
object 39 36 left 2531
object 40 36 left 2532
object 41 36 left 2533
object 41 36 right 2534
object 42 36 left 2515
object 43 36 left 2516
object 45 36 left 2518
object 45 36 right 2519
object 46 36 left 3278
object 46 36 right 3279
object 47 36 right 2634
object 52 36 right 2574
object 53 36 left 213
object 53 36 right 214
object 54 36 left 209
object 54 36 right 210
object 55 36 left 213
object 55 36 right 214
object 56 36 left 211
object 56 36 right 212
object 57 36 left 213
object 57 36 right 214
object 58 36 left 209
object 58 36 right 210
object 59 36 left 211
object 59 36 right 212
object 60 36 left 213
object 60 36 right 214
object 61 36 left 209
object 61 36 right 210
object 62 36 left 213
object 62 36 right 214
object 63 36 left 211
object 63 36 right 212
object 64 36 left 231
object 64 36 right 232
object 87 36 left 2659
object 88 36 left 2660
object 89 36 left 2661
object 89 36 right 2662
object 93 36 right 2644
object 98 36 right 2554
object 0 37 left 2629
object 1 37 left 2630
object 1 37 right 2631
object 6 37 left 2560
object 6 37 right 2561
object 31 37 left 343
object 31 37 right 344
object 32 37 left 243
object 32 37 right 242
object 37 37 left 249
object 37 37 right 250
object 38 37 left 335
object 38 37 right 336
object 39 37 right 3270
object 44 37 right 2517
object 47 37 right 2633
object 52 37 right 2573
object 58 37 right 3273
object 59 37 left 745
object 59 37 right 746
object 63 37 right 3273
object 64 37 left 219
object 64 37 right 220
object 75 37 left 233
object 75 37 right 234
object 76 37 left 211
object 76 37 right 212
object 77 37 left 213
object 77 37 right 214
object 78 37 left 211
object 78 37 right 212
object 79 37 left 213
object 79 37 right 214
object 80 37 left 209
object 80 37 right 210
object 81 37 left 211
object 81 37 right 212
object 82 37 left 209
object 82 37 right 210
object 83 37 left 211
object 83 37 right 212
object 84 37 left 213
object 84 37 right 214
object 85 37 left 211
object 85 37 right 212
object 86 37 left 213
object 86 37 right 214
object 87 37 left 211
object 87 37 right 212
object 88 37 left 213
object 88 37 right 214
object 89 37 left 211
object 89 37 right 212
object 90 37 left 213
object 90 37 right 214
object 91 37 left 211
object 91 37 right 212
object 92 37 left 2641
object 93 37 left 2642
object 93 37 right 2643
object 98 37 right 2553
object 1 38 right 2640
object 6 38 right 2549
object 38 38 left 343
object 38 38 right 344
object 39 38 left 3268
object 39 38 right 3269
object 44 38 right 3273
object 47 38 right 2632
object 52 38 right 2572
object 58 38 left 3271
object 58 38 right 3272
object 62 38 left 745
object 62 38 right 746
object 63 38 left 3271
object 63 38 right 3272
object 64 38 left 217
object 64 38 right 218
object 75 38 left 207
object 75 38 right 208
object 93 38 right 2634
object 98 38 right 2552
object 1 39 right 2639
object 6 39 right 2548
object 11 39 right 2670
object 29 39 right 2664
object 44 39 left 3271
object 44 39 right 3272
object 45 39 left 335
object 45 39 right 336
object 46 39 left 2629
object 47 39 left 2630
object 47 39 right 2631
object 52 39 left 2570
object 52 39 right 2571
object 61 39 right 2717
object 63 39 left 745
object 63 39 right 746
object 64 39 left 215
object 64 39 right 216
object 75 39 left 205
object 75 39 right 206
object 91 39 right 3273
object 93 39 right 2633
object 98 39 left 2550
object 98 39 right 2551
object 1 40 right 2638
object 7 40 left 2547
object 8 40 left 747
object 8 40 right 748
object 11 40 right 2669
object 24 40 left 745
object 24 40 right 746
object 27 40 left 745
object 27 40 right 746
object 29 40 right 2663
object 45 40 left 329
object 45 40 right 330
object 47 40 right 2640
object 52 40 right 2549
object 61 40 right 2716
object 62 40 left 3253
object 63 40 left 747
object 63 40 right 748
object 64 40 left 235
object 64 40 right 236
object 65 40 left 747
object 65 40 right 748
object 75 40 left 203
object 75 40 right 204
object 91 40 left 3271
object 91 40 right 3272
object 93 40 right 2632
object 98 40 right 2559
object 0 41 left 2635
object 1 41 left 2636
object 1 41 right 2637
object 6 41 left 2545
object 6 41 right 2546
object 9 41 left 2665
object 10 41 left 2666
object 11 41 left 2667
object 11 41 right 2668
object 24 41 left 745
object 24 41 right 746
object 27 41 left 2659
object 28 41 left 2660
object 29 41 left 2661
object 29 41 right 2662
object 45 41 left 335
object 45 41 right 336
object 47 41 right 2639
object 52 41 right 2548
object 56 41 right 2753
object 57 41 right 2827
object 58 41 right 2758
object 59 41 right 2758
object 60 41 right 2758
object 61 41 right 2715
object 75 41 left 207
object 75 41 right 208
object 91 41 left 755
object 91 41 right 756
object 92 41 left 2629
object 93 41 left 2630
object 93 41 right 2631
object 98 41 right 2558
object 1 42 right 2652
object 6 42 right 2554
object 7 42 left 209
object 7 42 right 210
object 8 42 left 211
object 8 42 right 212
object 9 42 left 213
object 9 42 right 214
object 10 42 left 209
object 10 42 right 210
object 11 42 left 211
object 11 42 right 212
object 12 42 left 213
object 12 42 right 214
object 13 42 left 209
object 13 42 right 210
object 14 42 left 209
object 14 42 right 210
object 15 42 left 211
object 15 42 right 212
object 16 42 left 213
object 16 42 right 214
object 17 42 left 209
object 17 42 right 210
object 18 42 left 209
object 18 42 right 210
object 19 42 left 211
object 19 42 right 212
object 20 42 left 213
object 20 42 right 214
object 21 42 left 209
object 21 42 right 210
object 22 42 left 231
object 22 42 right 232
object 43 42 left 745
object 43 42 right 746
object 44 42 left 3248
object 44 42 right 3249
object 45 42 left 343
object 45 42 right 344
object 47 42 right 2638
object 53 42 left 2547
object 56 42 right 2752
object 57 42 right 2826
object 58 42 right 2757
object 59 42 right 2757
object 60 42 right 2757
object 61 42 right 2714
object 75 42 left 205
object 75 42 right 206
object 91 42 left 753
object 91 42 right 754
object 93 42 right 2640
object 98 42 right 2557
object 1 43 right 2651
object 6 43 right 2553
object 20 43 left 747
object 20 43 right 748
object 22 43 left 217
object 22 43 right 218
object 28 43 left 747
object 28 43 right 748
object 29 43 left 745
object 29 43 right 746
object 46 43 left 2635
object 47 43 left 2636
object 47 43 right 2637
object 52 43 left 2545
object 52 43 right 2546
object 54 43 left 415
object 54 43 right 416
object 56 43 left 2750
object 56 43 right 2751
object 57 43 left 2824
object 57 43 right 2825
object 58 43 left 2755
object 58 43 right 2756
object 59 43 left 2755
object 59 43 right 2756
object 60 43 left 2755
object 60 43 right 2756
object 61 43 left 2712
object 61 43 right 2713
object 64 43 left 237
object 64 43 right 238
object 75 43 left 203
object 75 43 right 204
object 91 43 left 759
object 91 43 right 760
object 93 43 right 2639
object 98 43 left 2555
object 98 43 right 2556
object 1 44 right 2650
object 6 44 right 2552
object 21 44 left 745
object 21 44 right 746
object 22 44 left 215
object 22 44 right 216
object 28 44 left 745
object 28 44 right 746
object 47 44 right 2652
object 52 44 right 2554
object 54 44 left 745
object 54 44 right 746
object 56 44 left 745
object 56 44 right 746
object 57 44 left 3248
object 57 44 right 3249
object 63 44 right 3270
object 64 44 left 219
object 64 44 right 220
object 75 44 left 207
object 75 44 right 208
object 93 44 right 2638
object 98 44 right 2564
object 0 45 left 2647
object 1 45 left 2648
object 1 45 right 2649
object 6 45 left 2550
object 6 45 right 2551
object 19 45 left 2677
object 22 45 left 215
object 22 45 right 216
object 44 45 right 2670
object 47 45 right 2651
object 52 45 right 2553
object 60 45 left 745
object 60 45 right 746
object 63 45 left 3268
object 63 45 right 3269
object 64 45 left 217
object 64 45 right 218
object 75 45 left 205
object 75 45 right 206
object 91 45 right 3270
object 92 45 left 2635
object 93 45 left 2636
object 93 45 right 2637
object 98 45 right 2563
object 1 46 right 2646
object 6 46 right 2559
object 14 46 right 2704
object 15 46 right 2817
object 16 46 right 2704
object 17 46 right 2704
object 18 46 right 2676
object 19 46 left 3251
object 22 46 left 235
object 22 46 right 236
object 41 46 left 747
object 41 46 right 748
object 44 46 right 2669
object 45 46 left 329
object 45 46 right 330
object 47 46 right 2650
object 52 46 right 2552
object 64 46 left 215
object 64 46 right 216
object 75 46 left 207
object 75 46 right 208
object 91 46 left 3268
object 91 46 right 3269
object 93 46 right 2652
object 98 46 right 2562
object 1 47 right 2645
object 6 47 right 2558
object 13 47 right 3047
object 14 47 right 2703
object 15 47 right 2816
object 16 47 right 2703
object 17 47 right 2703
object 18 47 right 2675
object 39 47 left 745
object 39 47 right 746
object 40 47 left 745
object 40 47 right 746
object 42 47 left 2665
object 43 47 left 2666
object 44 47 left 2667
object 44 47 right 2668
object 45 47 left 341
object 45 47 right 342
object 46 47 left 2647
object 47 47 left 2648
object 47 47 right 2649
object 52 47 left 2550
object 52 47 right 2551
object 57 47 right 2670
object 60 47 left 745
object 60 47 right 746
object 64 47 left 219
object 64 47 right 220
object 75 47 left 205
object 75 47 right 206
object 93 47 right 2651
object 98 47 left 2560
object 98 47 right 2561
object 1 48 right 2644
object 6 48 right 2557
object 13 48 right 3046
object 14 48 right 2702
object 15 48 right 2815
object 16 48 right 2702
object 17 48 right 2702
object 18 48 right 2674
object 41 48 left 747
object 41 48 right 748
object 47 48 right 2646
object 52 48 right 2559
object 54 48 left 747
object 54 48 right 748
object 57 48 right 2669
object 60 48 right 3270
object 63 48 right 3273
object 64 48 left 217
object 64 48 right 218
object 75 48 left 207
object 75 48 right 208
object 91 48 right 3273
object 93 48 right 2650
object 98 48 right 2549
object 0 49 left 2641
object 1 49 left 2642
object 1 49 right 2643
object 6 49 left 2555
object 6 49 right 2556
object 13 49 right 3045
object 14 49 right 2701
object 15 49 right 2814
object 16 49 right 2701
object 17 49 right 2701
object 18 49 right 2673
object 47 49 right 2645
object 52 49 right 2558
object 55 49 left 2665
object 56 49 left 2666
object 57 49 left 2667
object 57 49 right 2668
object 60 49 left 3268
object 60 49 right 3269
object 63 49 left 3271
object 63 49 right 3272
object 64 49 left 215
object 64 49 right 216
object 75 49 left 205
object 75 49 right 206
object 91 49 left 3271
object 91 49 right 3272
object 92 49 left 2647
object 93 49 left 2648
object 93 49 right 2649
object 98 49 right 2548
object 1 50 right 2634
object 6 50 right 2564
object 10 50 left 3040
object 11 50 left 3041
object 12 50 left 3042
object 13 50 left 3043
object 13 50 right 3044
object 14 50 left 2699
object 14 50 right 2700
object 15 50 left 2812
object 15 50 right 2813
object 16 50 left 2699
object 16 50 right 2700
object 17 50 left 2699
object 17 50 right 2700
object 18 50 left 2671
object 18 50 right 2672
object 19 50 left 335
object 19 50 right 336
object 21 50 left 745
object 21 50 right 746
object 22 50 left 237
object 22 50 right 238
object 45 50 left 339
object 45 50 right 340
object 47 50 right 2644
object 52 50 right 2557
object 64 50 left 219
object 64 50 right 220
object 75 50 left 203
object 75 50 right 204
object 91 50 left 753
object 91 50 right 754
object 93 50 right 2646
object 99 50 left 2547
object 1 51 right 2633
object 6 51 right 2563
object 10 51 left 2838
object 11 51 left 2839
object 12 51 left 2840
object 13 51 left 2841
object 13 51 right 2842
object 14 51 left 3248
object 14 51 right 3249
object 15 51 left 3246
object 15 51 right 3247
object 16 51 left 3248
object 16 51 right 3249
object 17 51 left 3246
object 17 51 right 3247
object 18 51 left 3248
object 18 51 right 3249
object 19 51 right 3270
object 21 51 left 747
object 21 51 right 748
object 22 51 left 203
object 22 51 right 204
object 43 51 left 745
object 43 51 right 746
object 46 51 left 2641
object 47 51 left 2642
object 47 51 right 2643
object 52 51 left 2555
object 52 51 right 2556
object 53 51 left 213
object 53 51 right 214
object 54 51 left 209
object 54 51 right 210
object 55 51 left 213
object 55 51 right 214
object 56 51 left 211
object 56 51 right 212
object 57 51 left 213
object 57 51 right 214
object 58 51 left 209
object 58 51 right 210
object 59 51 left 211
object 59 51 right 212
object 60 51 left 213
object 60 51 right 214
object 61 51 left 209
object 61 51 right 210
object 62 51 left 213
object 62 51 right 214
object 63 51 left 211
object 63 51 right 212
object 64 51 left 229
object 64 51 right 230
object 75 51 left 207
object 75 51 right 208
object 93 51 right 2645
object 98 51 left 2545
object 98 51 right 2546
object 1 52 right 2632
object 6 52 right 2562
object 10 52 left 2838
object 11 52 left 2839
object 12 52 left 2840
object 13 52 left 2841
object 13 52 right 2842
object 14 52 left 3244
object 14 52 right 3245
object 19 52 left 3268
object 19 52 right 3269
object 22 52 left 217
object 22 52 right 218
object 30 52 left 745
object 30 52 right 746
object 31 52 left 747
object 31 52 right 748
object 43 52 left 415
object 43 52 right 416
object 44 52 left 745
object 44 52 right 746
object 45 52 left 343
object 45 52 right 344
object 47 52 right 2634
object 52 52 right 2564
object 53 52 right 3270
object 54 52 left 747
object 54 52 right 748
object 75 52 left 207
object 75 52 right 208
object 91 52 left 753
object 91 52 right 754
object 93 52 right 2644
object 98 52 right 2554
object 0 53 left 2629
object 1 53 left 2630
object 1 53 right 2631
object 6 53 left 2560
object 6 53 right 2561
object 10 53 left 2838
object 11 53 left 2839
object 12 53 left 2840
object 13 53 left 2841
object 13 53 right 2842
object 14 53 left 3244
object 14 53 right 3245
object 22 53 left 215
object 22 53 right 216
object 31 53 left 745
object 31 53 right 746
object 35 53 left 745
object 35 53 right 746
object 41 53 left 745
object 41 53 right 746
object 42 53 left 747
object 42 53 right 748
object 43 53 left 745
object 43 53 right 746
object 45 53 left 335
object 45 53 right 336
object 47 53 right 2633
object 52 53 right 2563
object 53 53 left 3268
object 53 53 right 3269
object 54 53 left 745
object 54 53 right 746
object 75 53 left 205
object 75 53 right 206
object 91 53 left 759
object 91 53 right 760
object 92 53 left 2641
object 93 53 left 2642
object 93 53 right 2643
object 98 53 right 2553
object 1 54 right 2640
object 6 54 right 2574
object 8 54 left 2685
object 9 54 left 2686
object 10 54 left 2687
object 11 54 left 2688
object 12 54 left 2689
object 13 54 left 2690
object 13 54 right 2691
object 14 54 left 3244
object 14 54 right 3245
object 21 54 left 745
object 21 54 right 746
object 22 54 left 219
object 22 54 right 220
object 35 54 left 747
object 35 54 right 748
object 41 54 left 745
object 41 54 right 746
object 45 54 left 329
object 45 54 right 330
object 47 54 right 2632
object 52 54 right 2562
object 60 54 right 2664
object 75 54 left 203
object 75 54 right 204
object 93 54 right 2634
object 98 54 right 2552
object 1 55 right 2639
object 6 55 right 2573
object 8 55 right 3273
object 9 55 left 745
object 9 55 right 3267
object 10 55 left 3246
object 10 55 right 3247
object 13 55 left 3248
object 13 55 right 3249
object 14 55 right 3276
object 19 55 right 2664
object 22 55 left 217
object 22 55 right 218
object 45 55 left 335
object 45 55 right 336
object 46 55 left 2629
object 47 55 left 2630
object 47 55 right 2631
object 52 55 left 2560
object 52 55 right 2561
object 53 55 left 331
object 53 55 right 332
object 54 55 right 3273
object 58 55 left 745
object 58 55 right 746
object 60 55 right 2663
object 75 55 left 207
object 75 55 right 208
object 91 55 right 3276
object 93 55 right 2633
object 98 55 left 2550
object 98 55 right 2551
object 1 56 right 2638
object 6 56 right 2572
object 8 56 left 3271
object 8 56 right 3272
object 13 56 left 745
object 13 56 right 746
object 14 56 left 3274
object 14 56 right 3275
object 17 56 left 745
object 17 56 right 746
object 19 56 right 2663
object 22 56 left 215
object 22 56 right 216
object 32 56 left 745
object 32 56 right 746
object 45 56 left 343
object 45 56 right 344
object 46 56 left 2041
object 47 56 left 2042
object 47 56 right 2043
object 52 56 left 79
object 52 56 right 80
object 53 56 left 335
object 53 56 right 336
object 54 56 left 3271
object 54 56 right 3272
object 58 56 left 2659
object 59 56 left 2660
object 60 56 left 2661
object 60 56 right 2662
object 75 56 left 205
object 75 56 right 206
object 91 56 left 3274
object 91 56 right 3275
object 93 56 right 2632
object 98 56 right 2574
object 0 57 left 2635
object 1 57 left 2636
object 1 57 right 2637
object 6 57 left 2570
object 6 57 right 2571
object 7 57 left 225
object 7 57 right 226
object 8 57 left 223
object 8 57 right 224
object 9 57 left 225
object 9 57 right 226
object 10 57 left 3935
object 10 57 right 3936
object 13 57 left 3937
object 13 57 right 3938
object 14 57 left 221
object 14 57 right 222
object 15 57 left 223
object 15 57 right 224
object 16 57 left 225
object 16 57 right 226
object 17 57 left 2659
object 18 57 left 2660
object 19 57 left 2661
object 19 57 right 2662
object 21 57 left 225
object 21 57 right 226
object 22 57 left 229
object 22 57 right 230
object 45 57 left 255
object 45 57 right 256
object 46 57 right 254
object 47 57 left 253
object 47 57 right 254
object 48 57 left 253
object 48 57 right 254
object 49 57 left 253
object 49 57 right 254
object 50 57 left 253
object 50 57 right 254
object 51 57 left 253
object 51 57 right 254
object 52 57 left 253
object 52 57 right 254
object 53 57 left 251
object 53 57 right 252
object 75 57 left 203
object 75 57 right 204
object 91 57 right 3273
object 92 57 left 2629
object 93 57 left 2630
object 93 57 right 2631
object 98 57 right 2573
object 1 58 right 2652
object 6 58 right 2554
object 7 58 left 415
object 7 58 right 416
object 75 58 left 207
object 75 58 right 208
object 77 58 left 747
object 77 58 right 748
object 80 58 left 747
object 80 58 right 748
object 81 58 left 747
object 81 58 right 748
object 85 58 left 747
object 85 58 right 748
object 86 58 left 747
object 86 58 right 748
object 87 58 left 747
object 87 58 right 748
object 90 58 left 747
object 90 58 right 748
object 91 58 left 3271
object 91 58 right 3272
object 93 58 right 2640
object 98 58 right 2572
object 1 59 right 2651
object 6 59 right 2553
object 7 59 left 745
object 7 59 right 746
object 75 59 left 227
object 75 59 right 228
object 76 59 left 211
object 76 59 right 212
object 77 59 left 213
object 77 59 right 214
object 78 59 left 211
object 78 59 right 212
object 79 59 left 213
object 79 59 right 214
object 80 59 left 209
object 80 59 right 210
object 81 59 left 211
object 81 59 right 212
object 82 59 left 209
object 82 59 right 210
object 83 59 left 211
object 83 59 right 212
object 84 59 left 213
object 84 59 right 214
object 85 59 left 211
object 85 59 right 212
object 86 59 left 213
object 86 59 right 214
object 87 59 left 211
object 87 59 right 212
object 88 59 left 213
object 88 59 right 214
object 89 59 left 211
object 89 59 right 212
object 90 59 left 213
object 90 59 right 214
object 91 59 left 211
object 91 59 right 212
object 93 59 right 2639
object 98 59 left 2570
object 98 59 right 2571
object 1 60 right 2650
object 6 60 right 2552
object 93 60 right 2638
object 98 60 right 2569
object 0 61 left 2647
object 1 61 left 2648
object 1 61 right 2649
object 6 61 left 2550
object 6 61 right 2551
object 11 61 left 745
object 11 61 right 746
object 12 61 left 3248
object 12 61 right 3249
object 87 61 left 745
object 87 61 right 746
object 88 61 left 3248
object 88 61 right 3249
object 89 61 left 415
object 89 61 right 416
object 92 61 left 2635
object 93 61 left 2636
object 93 61 right 2637
object 98 61 right 2568
object 1 62 right 2646
object 6 62 right 2559
object 45 62 left 257
object 45 62 right 258
object 46 62 left 261
object 46 62 right 262
object 47 62 left 261
object 47 62 right 262
object 48 62 left 261
object 48 62 right 262
object 49 62 left 261
object 49 62 right 262
object 50 62 left 261
object 50 62 right 262
object 51 62 left 261
object 51 62 right 262
object 52 62 left 261
object 52 62 right 262
object 53 62 left 259
object 53 62 right 260
object 89 62 left 745
object 89 62 right 746
object 93 62 right 2652
object 98 62 right 2567
object 1 63 right 2645
object 6 63 right 2558
object 45 63 left 343
object 45 63 right 344
object 46 63 left 3277
object 47 63 left 3278
object 47 63 right 3279
object 52 63 right 2549
object 53 63 left 343
object 53 63 right 344
object 54 63 left 333
object 54 63 right 334
object 91 63 left 335
object 91 63 right 336
object 93 63 right 2651
object 98 63 left 2565
object 98 63 right 2566
object 1 64 right 2644
object 6 64 right 2557
object 12 64 right 2670
object 45 64 left 329
object 45 64 right 330
object 47 64 right 2646
object 52 64 right 2548
object 82 64 right 2664
object 88 64 right 2670
object 91 64 left 337
object 91 64 right 338
object 93 64 right 2650
object 98 64 right 2549
object 0 65 left 2641
object 1 65 left 2642
object 1 65 right 2643
object 6 65 left 2555
object 6 65 right 2556
object 9 65 left 747
object 9 65 right 748
object 12 65 right 2669
object 45 65 left 335
object 45 65 right 336
object 47 65 right 2645
object 53 65 left 2547
object 54 65 right 3270
object 80 65 left 745
object 80 65 right 746
object 82 65 right 2663
object 85 65 left 747
object 85 65 right 748
object 88 65 right 2669
object 91 65 left 335
object 91 65 right 336
object 92 65 left 2647
object 93 65 left 2648
object 93 65 right 2649
object 98 65 right 2548
object 1 66 right 2634
object 6 66 right 2564
object 10 66 left 2665
object 11 66 left 2666
object 12 66 left 2667
object 12 66 right 2668
object 26 66 left 747
object 26 66 right 748
object 28 66 left 745
object 28 66 right 746
object 29 66 left 745
object 29 66 right 746
object 30 66 left 747
object 30 66 right 748
object 32 66 left 747
object 32 66 right 748
object 34 66 left 745
object 34 66 right 746
object 36 66 left 747
object 36 66 right 748
object 38 66 left 745
object 38 66 right 746
object 40 66 left 747
object 40 66 right 748
object 41 66 left 745
object 41 66 right 746
object 45 66 left 343
object 45 66 right 344
object 47 66 right 2644
object 52 66 left 2545
object 52 66 right 2546
object 54 66 left 3268
object 54 66 right 3269
object 80 66 left 2659
object 81 66 left 2660
object 82 66 left 2661
object 82 66 right 2662
object 86 66 left 2665
object 87 66 left 2666
object 88 66 left 2667
object 88 66 right 2668
object 91 66 left 343
object 91 66 right 344
object 93 66 right 2646
object 99 66 left 2547
object 1 67 right 2633
object 6 67 right 2563
object 25 67 left 233
object 25 67 right 234
object 26 67 left 213
object 26 67 right 214
object 27 67 left 209
object 27 67 right 210
object 28 67 left 211
object 28 67 right 212
object 29 67 left 213
object 29 67 right 214
object 30 67 left 211
object 30 67 right 212
object 31 67 left 213
object 31 67 right 214
object 32 67 left 211
object 32 67 right 212
object 33 67 left 213
object 33 67 right 214
object 34 67 left 209
object 34 67 right 210
object 35 67 left 211
object 35 67 right 212
object 36 67 left 209
object 36 67 right 210
object 37 67 left 211
object 37 67 right 212
object 38 67 left 213
object 38 67 right 214
object 39 67 left 211
object 39 67 right 212
object 40 67 left 213
object 40 67 right 214
object 41 67 left 211
object 41 67 right 212
object 42 67 left 213
object 42 67 right 214
object 43 67 left 211
object 43 67 right 212
object 44 67 left 213
object 44 67 right 214
object 45 67 left 211
object 45 67 right 212
object 46 67 left 2641
object 47 67 left 2642
object 47 67 right 2643
object 52 67 right 2554
object 93 67 right 2645
object 98 67 left 2545
object 98 67 right 2546
object 1 68 right 2632
object 6 68 right 2562
object 14 68 left 225
object 14 68 right 226
object 15 68 left 223
object 15 68 right 224
object 16 68 left 225
object 16 68 right 226
object 17 68 left 221
object 17 68 right 222
object 18 68 left 231
object 18 68 right 232
object 25 68 left 207
object 25 68 right 208
object 26 68 right 3273
object 27 68 left 745
object 27 68 right 746
object 30 68 left 753
object 30 68 right 754
object 31 68 left 755
object 31 68 right 756
object 32 68 left 753
object 32 68 right 760
object 33 68 left 745
object 33 68 right 746
object 37 68 left 745
object 37 68 right 746
object 38 68 left 745
object 38 68 right 746
object 41 68 left 745
object 41 68 right 746
object 42 68 left 753
object 42 68 right 760
object 43 68 left 755
object 43 68 right 756
object 44 68 left 753
object 44 68 right 754
object 47 68 right 2634
object 52 68 right 2553
object 53 68 right 3273
object 66 68 left 233
object 66 68 right 234
object 67 68 left 209
object 67 68 right 210
object 68 68 left 211
object 68 68 right 212
object 69 68 left 213
object 69 68 right 214
object 70 68 left 209
object 70 68 right 210
object 71 68 left 211
object 71 68 right 212
object 72 68 left 213
object 72 68 right 214
object 73 68 left 209
object 73 68 right 210
object 74 68 left 209
object 74 68 right 210
object 75 68 left 211
object 75 68 right 212
object 76 68 left 213
object 76 68 right 214
object 77 68 left 209
object 77 68 right 210
object 78 68 left 209
object 78 68 right 210
object 79 68 left 211
object 79 68 right 212
object 80 68 left 213
object 80 68 right 214
object 81 68 left 209
object 81 68 right 210
object 82 68 left 231
object 82 68 right 232
object 91 68 left 341
object 91 68 right 342
object 93 68 right 2644
object 98 68 right 2554
object 0 69 left 2629
object 1 69 left 2630
object 1 69 right 2631
object 6 69 left 2560
object 6 69 right 2561
object 16 69 left 2677
object 18 69 left 205
object 18 69 right 206
object 25 69 left 205
object 25 69 right 206
object 26 69 left 3271
object 26 69 right 3272
object 44 69 left 745
object 44 69 right 746
object 47 69 right 2633
object 52 69 right 2552
object 53 69 left 3271
object 53 69 right 3272
object 80 69 left 747
object 80 69 right 748
object 82 69 left 217
object 82 69 right 218
object 92 69 left 2641
object 93 69 left 2642
object 93 69 right 2643
object 98 69 right 2553
object 1 70 right 2640
object 6 70 right 2549
object 9 70 right 2710
object 11 70 right 2817
object 12 70 right 2704
object 13 70 right 2704
object 14 70 right 2704
object 15 70 right 2676
object 16 70 left 331
object 16 70 right 332
object 18 70 left 219
object 18 70 right 220
object 25 70 left 203
object 25 70 right 204
object 26 70 left 755
object 26 70 right 756
object 44 70 left 745
object 44 70 right 746
object 47 70 right 2632
object 52 70 left 2550
object 52 70 right 2551
object 81 70 left 745
object 81 70 right 746
object 82 70 left 215
object 82 70 right 216
object 93 70 right 2634
object 98 70 right 2552
object 1 71 right 2639
object 6 71 right 2548
object 9 71 right 2709
object 10 71 right 2703
object 11 71 right 2816
object 12 71 right 2703
object 13 71 right 2703
object 14 71 right 2703
object 15 71 right 2675
object 18 71 left 235
object 18 71 right 236
object 25 71 left 207
object 25 71 right 208
object 26 71 left 753
object 26 71 right 754
object 46 71 left 2629
object 47 71 left 2630
object 47 71 right 2631
object 52 71 right 2574
object 79 71 left 2677
object 82 71 left 215
object 82 71 right 216
object 91 71 left 329
object 91 71 right 330
object 93 71 right 2633
object 98 71 left 2550
object 98 71 right 2551
object 1 72 right 2638
object 7 72 left 2547
object 9 72 right 2708
object 10 72 right 2702
object 11 72 right 2815
object 12 72 right 2702
object 13 72 right 2702
object 14 72 right 2702
object 15 72 right 2674
object 25 72 left 205
object 25 72 right 206
object 26 72 left 745
object 26 72 right 746
object 45 72 right 3273
object 47 72 right 2640
object 52 72 right 2573
object 53 72 right 3270
object 74 72 right 2704
object 75 72 right 2817
object 76 72 right 2704
object 77 72 right 2704
object 78 72 right 2676
object 80 72 right 3273
object 82 72 left 235
object 82 72 right 236
object 91 72 left 341
object 91 72 right 342
object 93 72 right 2632
object 98 72 right 2559
object 0 73 left 2635
object 1 73 left 2636
object 1 73 right 2637
object 6 73 left 2545
object 6 73 right 2546
object 9 73 right 2707
object 10 73 right 2701
object 11 73 right 2814
object 12 73 right 2701
object 13 73 right 2701
object 14 73 right 2701
object 15 73 right 2673
object 25 73 left 203
object 25 73 right 204
object 45 73 left 3271
object 45 73 right 3272
object 47 73 right 2639
object 52 73 right 2572
object 53 73 left 3268
object 53 73 right 3269
object 73 73 right 3047
object 74 73 right 2703
object 75 73 right 2816
object 76 73 right 2703
object 77 73 right 2703
object 78 73 right 2675
object 80 73 left 3271
object 80 73 right 3272
object 91 73 left 335
object 91 73 right 3270
object 92 73 left 2629
object 93 73 left 2630
object 93 73 right 2631
object 98 73 right 2558
object 1 74 right 2652
object 6 74 right 2569
object 9 74 left 2705
object 9 74 right 2706
object 10 74 left 2699
object 10 74 right 2700
object 11 74 left 2812
object 11 74 right 2813
object 12 74 left 2699
object 12 74 right 2700
object 13 74 left 2699
object 13 74 right 2700
object 14 74 left 2699
object 14 74 right 2700
object 15 74 left 2671
object 15 74 right 2672
object 16 74 left 3242
object 16 74 right 3243
object 18 74 left 237
object 18 74 right 238
object 25 74 left 207
object 25 74 right 208
object 45 74 right 3276
object 47 74 right 2638
object 52 74 left 2570
object 52 74 right 2571
object 73 74 right 3046
object 74 74 right 2702
object 75 74 right 2815
object 76 74 right 2702
object 77 74 right 2702
object 78 74 right 2674
object 91 74 left 3268
object 91 74 right 3269
object 93 74 right 2640
object 98 74 right 2557
object 1 75 right 2651
object 6 75 right 2568
object 9 75 left 3248
object 9 75 right 3249
object 10 75 left 3248
object 10 75 right 3249
object 11 75 left 3248
object 11 75 right 3249
object 12 75 left 747
object 12 75 right 748
object 13 75 left 747
object 13 75 right 748
object 14 75 left 3248
object 14 75 right 3249
object 15 75 left 3248
object 15 75 right 3270
object 17 75 left 3272
object 17 75 right 3273
object 18 75 left 219
object 18 75 right 220
object 25 75 left 205
object 25 75 right 206
object 26 75 left 753
object 26 75 right 760
object 44 75 left 745
object 44 75 right 746
object 45 75 left 3274
object 45 75 right 3275
object 46 75 left 2635
object 47 75 left 2636
object 47 75 right 2637
object 52 75 right 2569
object 73 75 right 3045
object 74 75 right 2701
object 75 75 right 2814
object 76 75 right 2701
object 77 75 right 2701
object 78 75 right 2673
object 79 75 left 8653
object 91 75 left 339
object 91 75 right 340
object 93 75 right 2639
object 98 75 left 2555
object 98 75 right 2556
object 1 76 right 2650
object 6 76 right 2567
object 7 76 right 3276
object 11 76 right 3270
object 12 76 right 3247
object 15 76 left 3268
object 15 76 right 3269
object 17 76 left 3271
object 18 76 left 217
object 18 76 right 218
object 25 76 left 207
object 25 76 right 208
object 26 76 left 755
object 26 76 right 756
object 47 76 right 2652
object 52 76 right 2568
object 70 76 left 3040
object 71 76 left 3041
object 72 76 left 3042
object 73 76 left 3043
object 73 76 right 3044
object 74 76 left 2699
object 74 76 right 2700
object 75 76 left 2812
object 75 76 right 2813
object 76 76 left 2699
object 76 76 right 2700
object 77 76 left 2699
object 77 76 right 2700
object 78 76 left 2671
object 78 76 right 2672
object 79 76 left 335
object 79 76 right 336
object 81 76 left 745
object 81 76 right 746
object 82 76 left 237
object 82 76 right 238
object 93 76 right 2638
object 98 76 right 2564
object 0 77 left 2647
object 1 77 left 2648
object 1 77 right 2649
object 6 77 left 2565
object 6 77 right 2566
object 7 77 left 3274
object 7 77 right 3275
object 11 77 left 3268
object 11 77 right 3269
object 14 77 left 3248
object 14 77 right 3249
object 18 77 left 205
object 18 77 right 206
object 25 77 left 205
object 25 77 right 206
object 26 77 left 753
object 26 77 right 754
object 47 77 right 2651
object 52 77 right 2567
object 70 77 left 2838
object 71 77 left 2839
object 72 77 left 2840
object 73 77 left 2841
object 73 77 right 2842
object 74 77 left 3248
object 74 77 right 3249
object 75 77 left 3246
object 75 77 right 3247
object 76 77 left 3248
object 76 77 right 3249
object 77 77 left 3246
object 77 77 right 3247
object 78 77 left 3248
object 78 77 right 3249
object 79 77 right 3270
object 81 77 left 747
object 81 77 right 748
object 82 77 left 219
object 82 77 right 220
object 91 77 left 343
object 91 77 right 344
object 92 77 left 2635
object 93 77 left 2636
object 93 77 right 2637
object 98 77 right 2563
object 1 78 right 2646
object 6 78 right 2559
object 7 78 left 221
object 7 78 right 222
object 8 78 left 223
object 8 78 right 224
object 9 78 left 225
object 9 78 right 226
object 10 78 left 223
object 10 78 right 224
object 11 78 left 225
object 11 78 right 226
object 12 78 left 221
object 12 78 right 222
object 13 78 left 223
object 13 78 right 224
object 14 78 left 225
object 14 78 right 226
object 15 78 left 221
object 15 78 right 222
object 16 78 left 223
object 16 78 right 224
object 17 78 left 223
object 17 78 right 224
object 18 78 left 229
object 18 78 right 230
object 25 78 left 207
object 25 78 right 208
object 26 78 right 3270
object 45 78 right 3270
object 47 78 right 2650
object 52 78 left 2565
object 52 78 right 2566
object 66 78 left 203
object 66 78 right 204
object 70 78 left 2838
object 71 78 left 2839
object 72 78 left 2840
object 73 78 left 2841
object 73 78 right 2842
object 74 78 left 3244
object 74 78 right 3245
object 79 78 left 3268
object 79 78 right 3269
object 82 78 left 217
object 82 78 right 218
object 91 78 left 335
object 91 78 right 336
object 93 78 right 2652
object 98 78 right 2562
object 1 79 right 2645
object 6 79 right 2558
object 8 79 left 415
object 8 79 right 416
object 25 79 left 205
object 25 79 right 206
object 26 79 left 3268
object 26 79 right 3269
object 45 79 left 3268
object 45 79 right 3269
object 46 79 left 2647
object 47 79 left 2648
object 47 79 right 2649
object 52 79 right 2554
object 66 79 left 203
object 66 79 right 204
object 70 79 left 2838
object 71 79 left 2839
object 72 79 left 2840
object 73 79 left 2841
object 73 79 right 2842
object 74 79 left 3244
object 74 79 right 3245
object 82 79 left 215
object 82 79 right 216
object 91 79 left 329
object 91 79 right 330
object 93 79 right 2651
object 98 79 left 2560
object 98 79 right 2561
object 1 80 right 2644
object 6 80 right 2557
object 8 80 left 745
object 8 80 right 746
object 25 80 left 203
object 25 80 right 204
object 45 80 left 753
object 45 80 right 754
object 47 80 right 2646
object 52 80 right 2553
object 66 80 left 207
object 66 80 right 208
object 68 80 left 2685
object 69 80 left 2686
object 70 80 left 2687
object 71 80 left 2688
object 72 80 left 2689
object 73 80 left 2690
object 73 80 right 2691
object 74 80 left 3244
object 74 80 right 3245
object 81 80 left 745
object 81 80 right 746
object 82 80 left 219
object 82 80 right 220
object 91 80 left 335
object 91 80 right 336
object 93 80 right 2650
object 98 80 right 2549
object 0 81 left 2641
object 1 81 left 2642
object 1 81 right 2643
object 6 81 left 2555
object 6 81 right 2556
object 25 81 left 207
object 25 81 right 208
object 26 81 right 3273
object 45 81 left 753
object 45 81 right 754
object 47 81 right 2645
object 52 81 right 2552
object 58 81 right 2664
object 66 81 left 205
object 66 81 right 206
object 68 81 right 3273
object 69 81 left 745
object 69 81 right 8657
object 70 81 left 3246
object 70 81 right 3247
object 73 81 left 3248
object 73 81 right 3249
object 74 81 right 3276
object 79 81 right 2664
object 81 81 left 415
object 81 81 right 416
object 82 81 left 217
object 82 81 right 218
object 91 81 left 343
object 91 81 right 344
object 92 81 left 2647
object 93 81 left 2648
object 93 81 right 2649
object 98 81 right 2548
object 1 82 right 2634
object 6 82 right 2564
object 25 82 left 207
object 25 82 right 208
object 26 82 left 3271
object 26 82 right 3272
object 44 82 left 745
object 44 82 right 746
object 47 82 right 2644
object 52 82 left 2550
object 52 82 right 2551
object 56 82 left 745
object 56 82 right 746
object 58 82 right 2663
object 66 82 left 203
object 66 82 right 204
object 68 82 left 3271
object 68 82 right 3272
object 73 82 left 745
object 73 82 right 746
object 74 82 left 3274
object 74 82 right 3275
object 77 82 left 745
object 77 82 right 746
object 79 82 right 2663
object 81 82 left 745
object 81 82 right 746
object 82 82 left 215
object 82 82 right 216
object 93 82 right 2646
object 99 82 left 2547
object 1 83 right 2633
object 6 83 right 2563
object 12 83 left 209
object 12 83 right 210
object 13 83 left 211
object 13 83 right 212
object 14 83 left 213
object 14 83 right 214
object 15 83 left 209
object 15 83 right 210
object 16 83 left 211
object 16 83 right 212
object 17 83 left 213
object 17 83 right 214
object 18 83 left 231
object 18 83 right 232
object 25 83 left 205
object 25 83 right 206
object 26 83 left 745
object 26 83 right 746
object 46 83 left 2641
object 47 83 left 2642
object 47 83 right 2643
object 52 83 right 2559
object 56 83 left 2659
object 57 83 left 2660
object 58 83 left 2661
object 58 83 right 2662
object 66 83 left 227
object 66 83 right 228
object 67 83 left 225
object 67 83 right 226
object 68 83 left 223
object 68 83 right 224
object 69 83 left 225
object 69 83 right 226
object 70 83 left 3935
object 70 83 right 3936
object 73 83 left 3937
object 73 83 right 3938
object 74 83 left 221
object 74 83 right 222
object 75 83 left 223
object 75 83 right 224
object 76 83 left 225
object 76 83 right 226
object 77 83 left 2659
object 78 83 left 2660
object 79 83 left 2661
object 79 83 right 2662
object 81 83 left 225
object 81 83 right 226
object 82 83 left 229
object 82 83 right 230
object 93 83 right 2645
object 98 83 left 2545
object 98 83 right 2546
object 1 84 right 2632
object 6 84 right 2562
object 15 84 right 2779
object 17 84 right 3270
object 18 84 left 219
object 18 84 right 220
object 25 84 left 203
object 25 84 right 204
object 47 84 right 2634
object 52 84 right 2558
object 56 84 left 745
object 56 84 right 746
object 57 84 left 3248
object 57 84 right 3249
object 91 84 right 3273
object 93 84 right 2644
object 98 84 right 2554
object 0 85 left 2629
object 1 85 left 2630
object 1 85 right 2631
object 6 85 left 2560
object 6 85 right 2561
object 15 85 right 2778
object 16 85 left 8654
object 16 85 right 3243
object 17 85 left 3268
object 17 85 right 3269
object 18 85 left 235
object 18 85 right 236
object 25 85 left 207
object 25 85 right 208
object 26 85 left 745
object 26 85 right 746
object 45 85 left 753
object 45 85 right 754
object 47 85 right 2633
object 52 85 right 2557
object 91 85 left 3271
object 91 85 right 3272
object 92 85 left 2641
object 93 85 left 2642
object 93 85 right 2643
object 98 85 right 2553
object 1 86 right 2640
object 6 86 right 2574
object 10 86 right 2801
object 11 86 right 2806
object 12 86 right 2837
object 13 86 right 2806
object 14 86 right 2806
object 15 86 right 2777
object 25 86 left 205
object 25 86 right 206
object 45 86 left 753
object 45 86 right 760
object 47 86 right 2632
object 52 86 left 2555
object 52 86 right 2556
object 91 86 left 335
object 91 86 right 336
object 93 86 right 2634
object 98 86 right 2552
object 1 87 right 2639
object 6 87 right 2573
object 10 87 right 2800
object 11 87 right 2805
object 12 87 right 2836
object 13 87 right 2805
object 14 87 right 2805
object 15 87 right 2776
object 25 87 left 203
object 25 87 right 204
object 26 87 left 755
object 26 87 right 756
object 45 87 right 3273
object 46 87 left 2629
object 47 87 left 2630
object 47 87 right 2631
object 52 87 right 2564
object 57 87 right 2670
object 91 87 left 343
object 91 87 right 344
object 93 87 right 2633
object 98 87 left 2550
object 98 87 right 2551
object 1 88 right 2638
object 6 88 right 2572
object 7 88 right 3276
object 10 88 left 2798
object 10 88 right 2799
object 11 88 left 2803
object 11 88 right 2804
object 12 88 left 2834
object 12 88 right 2835
object 13 88 left 2803
object 13 88 right 2804
object 14 88 left 2803
object 14 88 right 2804
object 15 88 left 2774
object 15 88 right 2775
object 16 88 left 3242
object 16 88 right 3243
object 18 88 left 237
object 18 88 right 238
object 25 88 left 207
object 25 88 right 208
object 26 88 left 753
object 26 88 right 754
object 45 88 left 3271
object 45 88 right 3272
object 47 88 right 2646
object 52 88 right 2563
object 54 88 left 747
object 54 88 right 748
object 57 88 right 2669
object 93 88 right 2632
object 98 88 right 2569
object 0 89 left 2635
object 1 89 left 2636
object 1 89 right 2637
object 6 89 left 2570
object 6 89 right 2571
object 7 89 left 3274
object 7 89 right 3275
object 11 89 left 3248
object 11 89 right 3249
object 12 89 left 3246
object 12 89 right 3247
object 13 89 left 3248
object 13 89 right 3249
object 14 89 left 3246
object 14 89 right 3247
object 15 89 left 3248
object 15 89 right 3249
object 18 89 left 219
object 18 89 right 220
object 25 89 left 205
object 25 89 right 206
object 26 89 left 753
object 26 89 right 760
object 44 89 left 745
object 44 89 right 746
object 47 89 right 2645
object 52 89 right 2562
object 55 89 left 2665
object 56 89 left 2666
object 57 89 left 2667
object 57 89 right 2668
object 92 89 left 2629
object 93 89 left 2630
object 93 89 right 2631
object 98 89 right 2568
object 1 90 right 2652
object 6 90 right 798
object 8 90 right 3273
object 12 90 right 3270
object 18 90 left 217
object 18 90 right 218
object 19 90 right 3276
object 25 90 left 207
object 25 90 right 208
object 26 90 right 3276
object 45 90 right 3270
object 47 90 right 2644
object 52 90 left 2560
object 52 90 right 2561
object 93 90 right 3286
object 98 90 right 2567
object 1 91 right 2651
object 6 91 left 796
object 6 91 right 797
object 8 91 left 3271
object 8 91 right 3272
object 12 91 left 3268
object 12 91 right 3269
object 18 91 left 215
object 18 91 right 216
object 19 91 left 3274
object 19 91 right 3275
object 25 91 left 205
object 25 91 right 206
object 26 91 left 3274
object 26 91 right 3275
object 45 91 left 3268
object 45 91 right 3269
object 46 91 left 2641
object 47 91 left 2642
object 47 91 right 2643
object 52 91 left 77
object 52 91 right 78
object 54 91 right 746
object 56 91 left 335
object 56 91 right 336
object 57 91 left 335
object 57 91 right 336
object 58 91 left 745
object 58 91 right 746
object 59 91 left 341
object 59 91 right 342
object 60 91 left 335
object 60 91 right 336
object 62 91 left 335
object 62 91 right 336
object 63 91 left 333
object 63 91 right 334
object 65 91 left 333
object 65 91 right 334
object 67 91 left 745
object 67 91 right 746
object 68 91 left 333
object 68 91 right 334
object 69 91 left 333
object 69 91 right 334
object 72 91 left 335
object 72 91 right 336
object 74 91 right 746
object 75 91 left 753
object 75 91 right 754
object 76 91 left 335
object 76 91 right 336
object 77 91 left 341
object 77 91 right 342
object 78 91 left 747
object 78 91 right 748
object 79 91 left 329
object 79 91 right 330
object 80 91 left 745
object 80 91 right 746
object 82 91 left 335
object 82 91 right 336
object 83 91 left 335
object 83 91 right 336
object 85 91 left 333
object 85 91 right 334
object 86 91 left 753
object 86 91 right 754
object 87 91 left 335
object 87 91 right 336
object 88 91 left 341
object 88 91 right 342
object 89 91 left 745
object 89 91 right 746
object 90 91 left 333
object 90 91 right 334
object 91 91 left 333
object 91 91 right 334
object 92 91 left 3283
object 93 91 left 3284
object 93 91 right 3285
object 98 91 left 2565
object 98 91 right 2566
object 1 92 right 2650
object 6 92 left 77
object 6 92 right 78
object 9 92 right 2610
object 13 92 right 2616
object 17 92 right 2622
object 21 92 right 2628
object 25 92 right 2610
object 29 92 right 2616
object 33 92 right 2622
object 37 92 right 2628
object 41 92 right 2610
object 45 92 right 2616
object 47 92 right 2138
object 52 92 left 77
object 52 92 right 78
object 55 92 right 2610
object 59 92 right 2616
object 63 92 right 2622
object 67 92 right 2628
object 71 92 right 2610
object 75 92 right 2616
object 79 92 right 2622
object 83 92 right 2628
object 87 92 right 2610
object 91 92 right 2616
object 93 92 right 2138
object 98 92 right 2564
object 0 93 left 2647
object 1 93 left 2648
object 1 93 right 2649
object 6 93 left 2605
object 7 93 left 2606
object 8 93 left 2607
object 9 93 left 2608
object 9 93 right 2609
object 10 93 left 2611
object 11 93 left 2612
object 12 93 left 2613
object 13 93 left 2614
object 13 93 right 2615
object 14 93 left 2617
object 15 93 left 2618
object 16 93 left 2619
object 17 93 left 2620
object 17 93 right 2621
object 18 93 left 2623
object 19 93 left 2624
object 20 93 left 2625
object 21 93 left 2626
object 21 93 right 2627
object 22 93 left 2605
object 23 93 left 2606
object 24 93 left 2607
object 25 93 left 2608
object 25 93 right 2609
object 26 93 left 2611
object 27 93 left 2612
object 28 93 left 2613
object 29 93 left 2614
object 29 93 right 2615
object 30 93 left 2617
object 31 93 left 2618
object 32 93 left 2619
object 33 93 left 2620
object 33 93 right 2621
object 34 93 left 2623
object 35 93 left 2624
object 36 93 left 2625
object 37 93 left 2626
object 37 93 right 2627
object 38 93 left 2605
object 39 93 left 2606
object 40 93 left 2607
object 41 93 left 2608
object 41 93 right 2609
object 42 93 left 2611
object 43 93 left 2612
object 44 93 left 2613
object 45 93 left 2614
object 45 93 right 2615
object 46 93 left 2135
object 47 93 left 2136
object 47 93 right 2137
object 52 93 left 2605
object 53 93 left 2606
object 54 93 left 2607
object 55 93 left 2608
object 55 93 right 2609
object 56 93 left 2611
object 57 93 left 2612
object 58 93 left 2613
object 59 93 left 2614
object 59 93 right 2615
object 60 93 left 2617
object 61 93 left 2618
object 62 93 left 2619
object 63 93 left 2620
object 63 93 right 2621
object 64 93 left 2623
object 65 93 left 2624
object 66 93 left 2625
object 67 93 left 2626
object 67 93 right 2627
object 68 93 left 2605
object 69 93 left 2606
object 70 93 left 2607
object 71 93 left 2608
object 71 93 right 2609
object 72 93 left 2611
object 73 93 left 2612
object 74 93 left 2613
object 75 93 left 2614
object 75 93 right 2615
object 76 93 left 2617
object 77 93 left 2618
object 78 93 left 2619
object 79 93 left 2620
object 79 93 right 2621
object 80 93 left 2623
object 81 93 left 2624
object 82 93 left 2625
object 83 93 left 2626
object 83 93 right 2627
object 84 93 left 2605
object 85 93 left 2606
object 86 93 left 2607
object 87 93 left 2608
object 87 93 right 2609
object 88 93 left 2611
object 89 93 left 2612
object 90 93 left 2613
object 91 93 left 2614
object 91 93 right 2615
object 92 93 left 2135
object 93 93 left 2136
object 93 93 right 2137
object 98 93 right 2563
object 1 94 right 2646
object 98 94 right 2562
object 1 95 right 2645
object 98 95 left 2560
object 98 95 right 2561
object 1 96 right 2644
object 98 96 left 79
object 98 96 right 80
object 0 97 left 2641
object 1 97 left 2642
object 1 97 right 2643
object 98 97 right 798
object 0 98 left 2530
object 1 98 left 2531
object 2 98 left 2532
object 3 98 left 2533
object 3 98 right 2534
object 4 98 left 2535
object 5 98 left 2536
object 6 98 left 2537
object 7 98 left 2538
object 7 98 right 2539
object 8 98 left 2520
object 9 98 left 2521
object 10 98 left 2522
object 11 98 left 2523
object 11 98 right 2524
object 12 98 left 2515
object 13 98 left 2516
object 15 98 left 2518
object 15 98 right 2519
object 16 98 left 2530
object 17 98 left 2531
object 18 98 left 2532
object 19 98 left 2533
object 19 98 right 2534
object 20 98 left 2540
object 21 98 left 2541
object 22 98 left 2542
object 23 98 left 2543
object 23 98 right 2544
object 24 98 left 2520
object 25 98 left 2521
object 26 98 left 2522
object 27 98 left 2523
object 27 98 right 2524
object 28 98 left 2515
object 29 98 left 2516
object 31 98 left 2518
object 31 98 right 2519
object 32 98 left 2530
object 33 98 left 2531
object 34 98 left 2532
object 35 98 left 2533
object 35 98 right 2534
object 36 98 left 2525
object 37 98 left 2526
object 38 98 left 2527
object 39 98 left 2528
object 39 98 right 2529
object 40 98 left 2520
object 41 98 left 2521
object 42 98 left 2522
object 43 98 left 2523
object 43 98 right 2524
object 44 98 left 2515
object 45 98 left 2516
object 47 98 left 2518
object 47 98 right 2519
object 48 98 left 2530
object 49 98 left 2531
object 50 98 left 2532
object 51 98 left 2533
object 51 98 right 2534
object 52 98 left 2540
object 53 98 left 2541
object 54 98 left 2542
object 55 98 left 2543
object 55 98 right 2544
object 56 98 left 2520
object 57 98 left 2521
object 58 98 left 2522
object 59 98 left 2523
object 59 98 right 2524
object 60 98 left 2515
object 61 98 left 2516
object 63 98 left 2518
object 63 98 right 2519
object 64 98 left 2535
object 65 98 left 2536
object 66 98 left 2537
object 67 98 left 2538
object 67 98 right 2539
object 68 98 left 2525
object 69 98 left 2526
object 70 98 left 2527
object 71 98 left 2528
object 71 98 right 2529
object 72 98 left 2520
object 73 98 left 2521
object 74 98 left 2522
object 75 98 left 2523
object 75 98 right 2524
object 76 98 left 2515
object 77 98 left 2516
object 79 98 left 2518
object 79 98 right 2519
object 80 98 left 2540
object 81 98 left 2541
object 82 98 left 2542
object 83 98 left 2543
object 83 98 right 2544
object 84 98 left 2525
object 85 98 left 2526
object 86 98 left 2527
object 87 98 left 2528
object 87 98 right 2529
object 88 98 left 2520
object 89 98 left 2521
object 90 98 left 2522
object 91 98 left 2523
object 91 98 right 2524
object 92 98 left 2515
object 93 98 left 2516
object 95 98 left 2518
object 95 98 right 2519
object 96 98 left 790
object 97 98 left 791
object 97 98 right 792
object 98 98 left 796
object 98 98 right 797
object 14 99 right 2517
object 30 99 right 2517
object 46 99 right 2517
object 62 99 right 2517
object 78 99 right 2517
object 94 99 right 2517
