# lod20679 — tools/dat-extract layout 이 만든다. 손으로 고치지 말 것.
size 100 100
blocked
....................................................................................................
....................................................#..............#................................
.....................................#...........#............#............#........................
.............................#..............................#.........#.............................
.............................................................................................#..#...
.....................................#...............#........................#.....................
........................................#..............#.......########....#.##.......#.#...........
....................................................#..........########..#.#........................
..........................##...................................########....##................#......
....................................#......................#...#######.....#........................
........................#..#...................................########..................#..#.......
........###.#.............##....................................###.##..............................
......#####........................................#............###.#...............................
......#####.....................................................###.............................#...
......######..............##....................................##......................##..........
......#####..............###...................................#..##...................###..........
......#####.......................................................##......................#.........
......#####.......................................................................................#.
......######........................................................................................
....................................................................................................
...........#.........#................................................................##............
..........###.......#................................................................###...#.......#
....................................................................................................
....................................................................................................
............#.......................................................................................
....................................................................................................
.............................................................#.....#................................
..................................................#...#.......##....................................
.#.......#.........................#..........................##.......#.........................##.
.#........#.........................................................................................
........####.................................................#.................................#....
........##............................#................................#..........................#.
....................................................................................................
...........##.......................#...........#........#....#.....................................
...........##.................................................................................#.....
..........###................................................................................#......
.#..............................................#............#.............#......................#.
...............................#.#................#.............................................#...
............................###########.............................#.....#.........................
............................#..........#############................................................
...#........................#.#..##....##############...............................................
............................#....##....#############................................................
............................#..#.......#########.###................................................
............................#..#.......##########.###...............................................
............................#..........#############................................................
.............#..............#..#....#..#####................................#.......................
............#...............#..........#######......................................................
............................#......#...####.........................................................
..#.........................#....#........#..........#..............................................
............................#.....#....##.#...............................#.........................
.................#..........#..#..........#......................................................#..
.#..#.......................#......##.....#..............#...................#......................
............................#....#....##..#.............###.......................................#.
............................#.#....#.###..#..............##.........................................
................#...........#.............#.......#.................................................
...#........................#..#..#.......#...........................................#.............
.......##....#...#..........#...#.........#.........................................................
......###...................#.......................................................................
.#..........................#..#...#.................................#..............................
............................#....#...................................#..............................
........#...................#.#.##..#................................#..............................
............................#.............#..........................#.............................#
...######...................#...##.....#..#.........................................................
...######...................#..###..#.....#.........................................................
...######...................#.......##....#.........................................................
...######...................#..#........#.#..........#..............................................
...####.#........#..........#.............#......................#....#.............................
...###......................###############.#....................#..........#.......................
...#.###............#...........................................................................#...
.#..........................................................................................#.......
.......#.........#..........................................................................#.......
...................................................................................................#
...#....#...........................................................................................
..................................................................................................#.
....................................................................................................
....................................#...........##..................................................
..................................#.............##......................................#####.......
.....................................................#......................#.#.........#.####......
....................#........................................................############....#......
..................................................................#..........#.............#.#......
.............................#.........#............#........................#......................
.#........................#.............................#....................#.......########.......
.............................................................................#.#.....########.......
.....................................................###.....................#..##...########.......
.#..................................................####.......#.............##......#######........
...................................................##..##...#.#..............###.....########.......
....................................#........................................###......###.#.........
...............................................................................#......###...##......
...............................................................................##.....###...##...#.#
................#..#........................................#...................########..####......
...................#.#..................................#...#........................#..###.........
.#.#..............#####.................................................................#...........
...............#....##.........#...................................................................#
..............###............................................#......................................
....#.........##..##.............................#..........#.......................................
.................##...........#........................#............................................
...................................................#....#....................#......................
......................#......#.....#..................#.........#..............#....................
.................#......#............#............#.....#......................................#....
..#.#.#.............#........#..........#...........#.........#.#.......#..........#................
floor
4747 4750 4739 4736 4739 4752 4742 4741 4738 4741 4738 4741 4733 4739 4752 4742 4741 4738 4747 4750 4739 4736 4739 4752 4742 4741 5171 5104 4745 4748 4751 4942 4707 4751 4739 4742 4739 4742 4732 4904 4912 4889 4885 4888 4919 4927 4745 4748 4751 4737 4740 4743 4737 4746 4738 4741 4740 4926 4718 4745 4747 4732 4749 4739 4742 4739 4739 4738 4738 4739 4738 4738 4717 4741 4732 4714 4729 4738 4748 4744 4731 4718 4721 4724 4717 4738 4741 4732 4714 4729 4738 4748 4744 4731 4718 4721 4724 4717 4738 4741
4744 4747 4750 4840 4846 4751 4722 4717 4747 4732 4746 4749 4752 4846 4751 4722 4717 4747 4744 4747 4750 4840 4846 4751 4722 4717 5104 4740 4749 4736 4739 4742 4741 4736 4739 4742 4723 4706 4709 4903 4911 4888 4884 4882 4918 4926 4746 4749 4752 4752 4749 4752 4737 4745 4747 4732 4749 4739 4742 4717 4730 4725 4745 4738 4741 4738 4738 4732 4732 4738 4738 4738 4719 4752 4751 4739 4742 4739 4742 4732 4746 4804 4962 4934 4938 4732 4729 4751 4739 4742 4739 4742 4732 4746 4804 4962 4934 4938 4732 4729
4738 4748 4744 4838 4844 4752 4736 4739 4745 4748 4751 4737 4740 4844 4752 4736 4739 4745 4738 4748 4744 4838 4844 4752 4736 4739 4951 4708 4743 4747 4732 4746 4749 4752 4744 4737 4740 4699 4702 4902 4910 4882 4893 4881 4917 4925 4748 4736 4739 4742 4745 4738 4741 4717 4730 4725 4745 4738 4741 4718 4721 4724 4717 4738 4741 4738 4738 4733 4733 4738 4732 4732 4717 4738 4746 4738 4741 4738 4741 4733 4745 4748 4726 4926 4718 4733 4743 4746 4738 4741 4738 4741 4733 4745 4748 4726 4926 4718 4733 4743
4739 4742 4732 4718 4721 4751 4752 4744 4746 4749 4752 4752 4749 4721 4751 4752 4744 4746 4739 4742 4732 4718 4721 4751 4752 4744 4943 4707 4742 4739 4745 4748 4751 4752 4737 4736 4739 4698 4701 4901 4909 4881 4895 4886 4916 4924 4732 4714 4729 4738 4748 4744 4731 4718 4756 4759 4762 4738 4741 4804 4738 4741 4716 4719 4752 4741 4716 4719 4752 4749 4739 4746 4927 4732 4745 4747 4732 4746 4749 4752 4744 4747 4751 4739 4742 4752 4742 4745 4747 4732 4746 4749 4752 4744 4747 4751 4739 4742 4752 4742
4738 4741 4733 4717 4720 4750 4720 4720 4741 4738 4741 4740 4743 4720 4750 4720 4720 4741 4738 4741 4733 4717 4720 4750 4720 4720 4723 4706 4737 4737 4746 4749 4752 4746 4749 4752 4748 4697 4700 4900 4908 4886 4894 4885 4915 4923 4751 4739 4742 4739 4742 4732 4746 4804 4755 4758 4761 4732 4729 4748 4752 4716 4729 4718 4742 4732 4738 4741 4716 4719 4752 4749 4738 4733 4739 4745 4748 4751 4737 4740 4743 4737 4746 4738 4741 4740 4729 4739 4745 4748 4751 4737 4740 4743 4737 4746 4738 4741 4740 4729
4746 4749 4752 4717 4720 4743 4942 4946 4742 4946 4745 4747 4732 4746 4749 4752 4718 4721 4751 4752 4744 4737 4720 4743 4942 4946 4740 4699 4736 4939 4943 4947 4951 4745 4748 4751 4740 4739 4745 4899 4907 4885 4890 4884 4914 4922 4746 4738 4741 4738 4741 4733 4745 4748 4754 4757 4760 4733 4743 4747 4739 4746 4927 4717 4741 4748 4726 4926 4718 4733 4695 4694 4746 4752 4737 4746 4749 4752 4752 4749 4752 4737 4745 4747 4732 4749 4742 4737 4746 4749 4752 4752 4749 4752 4737 4745 4747 4732 4749 4742
4946 4745 4747 4732 4746 4749 4752 4749 4752 4804 4739 4745 4748 4751 4737 4740 4717 4720 4750 4720 4720 4752 4750 4726 4729 4729 4739 4698 4752 4931 4935 4939 4943 4744 4747 4750 4739 4727 4730 4898 4865 4884 4883 4893 4869 4872 4745 4747 4732 4746 4749 4752 4744 4747 4751 4739 4742 4752 4756 4759 4762 4741 4716 4719 4752 4749 4751 4739 4742 4752 4926 4693 4741 4740 4745 4748 4736 4739 4742 4745 4738 4741 4717 4730 4725 4745 4741 4745 4748 4736 4739 4742 4745 4738 4741 4717 4730 4725 4745 4741
4804 4739 4745 4748 4751 4737 4740 4737 4740 4748 4737 4746 4749 4752 4752 4749 4717 4720 4743 4942 4946 4740 4744 4725 4728 4728 4748 4697 4751 4722 4717 4720 4723 4742 4744 4747 4750 4726 4729 4905 4913 4890 4882 4890 4921 4929 4739 4745 4748 4751 4737 4740 4743 4737 4746 4738 4741 4740 4755 4758 4761 4729 4746 4749 4752 4741 4746 4738 4741 4740 4739 4693 4716 4749 4751 4747 4751 4736 4739 4742 4749 4752 4716 4729 4718 4742 4732 4751 4747 4751 4736 4739 4742 4749 4752 4716 4729 4718 4742 4732
4748 4737 4746 4749 4752 4752 4749 4752 4749 4741 4733 4741 4738 4741 4740 4743 4736 4739 4752 4742 4741 4742 4732 4718 4721 4721 4746 4749 4752 4727 4708 4732 4714 4729 4738 4748 4744 4725 4728 4904 4912 4889 4881 4889 4920 4928 4737 4746 4749 4752 4752 4749 4752 4737 4745 4747 4732 4749 4754 4757 4760 4743 4745 4748 4751 4729 4749 4747 4732 4749 4738 4691 4746 4745 4737 4746 4750 4735 4738 4741 4736 4739 4746 4927 4717 4741 4748 4737 4746 4750 4735 4738 4741 4736 4739 4746 4927 4717 4741 4748
4741 4733 4741 4738 4741 4740 4743 4740 4743 5219 4702 4752 4740 4744 4747 4750 4840 4846 4751 4722 4717 4741 4733 4717 4720 4720 4745 4748 4751 4942 4707 4751 4739 4742 4739 4742 4732 4718 4721 4903 4911 4888 4890 4888 4919 4927 4745 4748 4736 4739 4742 4745 4738 4741 4717 4730 4725 4745 4741 4752 4752 4742 4744 4747 4750 4743 4748 4752 4741 4746 4738 4691 4741 4742 4728 4731 4729 4746 4749 4752 4735 4738 4741 4716 4719 4752 4749 4728 4731 4729 4746 4749 4752 4735 4738 4741 4716 4719 4752 4749
4744 4747 4750 4840 4846 4751 4722 4717 5222 4748 4701 4951 5208 4738 4748 4744 4838 4844 4752 4736 4739 4749 4752 4717 4720 5090 5093 5096 5212 4720 4720 4746 4738 4741 4738 4741 4733 4717 4720 4902 4910 4882 4889 4882 4918 4926 4751 4747 4751 4736 4739 4742 4749 4752 4716 4729 4718 4742 4732 4739 4740 4729 4738 4748 4744 4742 4747 4751 4729 4749 4747 4690 4729 4741 4721 4724 4743 4745 4748 4751 4698 4701 4938 4718 4709 4751 4736 4721 4724 4743 4745 4748 4751 4698 4701 4938 4718 4709 4751 4736
4738 4748 4744 4838 4844 4752 4736 4739 4741 4740 4695 4694 5199 4739 4742 4732 4718 4721 4751 4752 4744 4737 4740 4708 4732 5089 5092 5095 5211 4942 4946 4745 4747 4732 4746 4749 4752 4717 4720 4901 4909 4881 4888 4881 4917 4925 4737 4746 4750 4735 4738 4741 4736 4739 4746 4927 4717 4741 4748 4738 4749 4742 4739 4742 4732 4729 4748 4694 4958 4741 4716 4719 4743 4752 4720 4723 4742 4744 4747 4750 4697 4700 4934 4699 4702 4750 4751 4720 4723 4742 4744 4747 4750 4697 4700 4934 4699 4702 4750 4751
4739 4742 4732 5219 5199 5202 4748 4751 4736 4739 4742 4693 5216 4738 4741 4733 4717 4720 4750 4720 4720 4752 4749 4707 4751 5088 5091 5094 5210 4746 4804 4739 4745 4748 4751 4737 4740 4708 4732 4900 4908 4886 4882 4886 4916 4924 4728 4731 4729 4746 4749 4752 4735 4738 4741 4716 4719 4752 4749 4701 4745 4741 4738 4741 4733 4742 4742 4694 4924 4716 4729 4718 4742 4751 4732 4714 4729 4732 4733 4850 4856 4718 4721 4724 4717 4744 4750 4732 4714 4729 4738 4748 4744 4731 4718 4721 4724 4717 4744 4750
4738 4741 4733 5218 5198 5201 5216 5219 5199 5202 4744 4692 5215 4746 4749 4752 4717 4720 4743 4942 4946 4740 4743 4720 4746 4807 4811 4815 4819 4745 4748 4737 4746 4749 4752 4752 4749 4707 4751 4899 4907 4885 4882 4885 4915 4923 4721 4724 4743 4745 4748 4751 4698 4701 4938 4718 4709 4751 4736 4700 4742 4732 4738 4751 4752 4741 4695 4690 4923 4746 4927 4717 4741 4750 4732 4745 4747 4731 4850 4874 4868 4856 4850 4856 4840 4846 4874 4868 4745 4747 4732 4746 4749 4752 4744 4747 4751 4718 4733 4743
4746 4749 4752 5208 5198 5201 5215 5218 5198 5201 4737 4691 5205 5208 4738 4750 4736 4739 4742 4741 4736 4739 4742 4946 4745 4806 4810 4814 4818 4738 4741 4733 4741 4738 4741 4740 4743 4720 4746 4898 4865 4884 4881 4884 4914 4922 4720 4723 4742 4744 4747 4750 4697 4700 4934 4699 4702 4750 4751 4718 4741 4748 4746 4749 4740 4749 4694 4938 4718 4709 4752 4716 4729 4744 4733 4739 4745 4748 4848 4876 4870 4854 4848 4854 4838 4844 4876 4870 4739 4745 4748 4751 4737 4740 4743 4737 4746 4742 4752 4742
4747 4750 4739 5207 5197 5200 5205 5208 5198 5201 4736 4695 4695 4840 4747 4732 4746 4749 4752 4717 4840 4846 4744 4747 4750 4805 4809 4813 4817 4750 4736 4739 4742 4741 4736 4739 4742 4946 4745 4850 4864 4893 4893 4893 4869 4872 4732 4714 4729 4738 4748 4744 4731 4718 4721 4724 4717 4744 4750 4954 4958 4746 4748 4751 4740 4741 4739 4750 4946 4950 4954 4958 4962 4954 4752 4737 4746 4749 4752 4848 4854 4752 4737 4745 4747 4732 4749 4742 4737 4746 4749 4752 4752 4749 4752 4737 4745 4741 4740 4729
4744 4747 4750 5209 5212 5222 5204 5207 5197 5200 5209 4745 4695 5118 4957 4861 4856 4737 4733 4850 4838 4844 4737 4740 4743 4804 4808 4812 4816 4950 4954 4958 4958 4962 4934 4938 4942 4946 4950 4875 4880 4883 4886 4890 4859 4934 4938 4942 4946 4950 4954 4958 4962 4954 4958 4746 4738 4741 4740 4752 4742 4737 4746 4738 4850 4853 4742 4748 4945 4949 4953 4957 4961 4953 4937 4846 4729 4746 4748 4737 4746 4750 4735 4732 4745 4747 4732 4746 4749 4752 4744 4747 4751 4739 4742 4752 4742 4732 4749 4742
4738 4748 4744 5208 5211 5210 5206 5209 5212 5222 5211 5219 4695 4839 4866 4891 4915 4752 4850 4874 4868 4856 4736 4739 4742 4840 4843 4871 4945 4949 4953 4957 4957 4961 4933 4937 4941 4945 4949 4874 4879 4882 4885 4889 4858 4933 4937 4941 4945 4949 4953 4957 4961 4953 4957 4961 4957 4961 4933 4937 4941 4945 4949 4953 4874 4883 4883 4886 4889 4892 4895 4890 4893 4896 4891 4858 4957 4856 4749 4728 4731 4729 4746 4733 4739 4745 4748 4751 4737 4740 4743 4737 4746 4738 4741 4740 4729 4725 4745 4741
4739 4742 4732 5206 5209 5212 5205 5208 5211 5210 5209 5211 4720 4838 4875 4894 4914 4739 4848 4876 4870 4854 4751 4840 4957 4864 4886 4893 4890 4895 4895 4892 4878 4881 4890 4896 4893 4890 4895 4883 4878 4881 4884 4888 4892 4880 4883 4886 4889 4892 4895 4890 4893 4896 4879 4882 4885 4892 4892 4895 4890 4896 4893 4890 4895 4892 4889 4879 4882 4885 4892 4892 4895 4890 4896 4891 4894 4868 4941 4945 4949 4853 4856 4752 4737 4746 4749 4752 4752 4749 4752 4737 4745 4747 4732 4749 4742 4718 4742 4732
4738 4741 4733 5205 5208 5211 5210 4752 4752 4752 4951 5205 5208 5198 4908 4892 4919 4744 4737 4848 4854 4702 4752 4838 4866 4895 4885 4892 4889 4894 4891 4888 4891 4891 4894 4889 4895 4892 4889 4890 4893 4896 4880 4883 4886 4879 4882 4885 4888 4891 4894 4889 4892 4895 4878 4881 4884 4891 4891 4894 4889 4895 4892 4889 4894 4891 4888 4878 4881 4884 4891 4891 4894 4889 4895 4880 4883 4886 4890 4893 4896 4852 4855 4733 4732 4807 4811 4815 4819 4744 4731 4718 4721 4724 4717 4738 4741 4717 4741 4748
4746 4749 4752 4717 4720 4743 4942 4946 4846 4698 4701 4742 4739 4745 4907 4888 4918 4733 4850 4856 4698 4701 4751 4702 4839 4883 4884 4888 4891 4891 4894 4889 4895 4892 4889 4894 4891 4888 4892 4889 4892 4895 4879 4882 4860 4936 4940 4841 4936 4952 4956 4960 4932 4936 4940 4944 4948 4952 4956 4960 4876 4892 4892 4895 4890 4896 4893 4890 4893 4896 4880 4883 4886 4889 4895 4879 4882 4885 4889 4892 4895 4888 4919 4927 4751 4806 4810 4814 4818 4732 4746 4804 4962 4934 4938 4732 4729 4719 4752 4749
4747 4750 4739 4736 4739 4752 4742 4741 4844 4697 4700 4737 4737 4746 4848 4889 4917 4850 4874 4868 4856 4700 4750 4840 4864 4882 4870 4940 4944 4948 4952 4956 4960 4932 4936 4940 4944 4948 4873 4866 4891 4894 4878 4881 4859 4935 4939 4943 4947 4951 4955 4959 4739 4745 4748 4751 4746 4749 4752 4744 4838 4841 4932 4936 4940 4863 4866 4889 4892 4895 4879 4882 4860 4876 4892 4878 4881 4884 4888 4891 4894 4882 4918 4926 4746 4805 4809 4813 4817 4733 4745 4748 4726 4926 4718 4733 4743 4709 4751 4736
4744 4747 4750 4840 4846 4751 4722 4717 4740 4739 4745 4736 4939 4943 4850 4888 4919 4848 4876 4870 4854 4745 4743 4839 4879 4881 4869 4939 4943 4947 4951 4955 4959 4931 4935 4939 4943 4947 4872 4848 4960 4932 4936 4940 4854 4748 4737 4746 4749 4752 4743 4750 4739 4739 4742 4737 4931 4935 4939 4943 4744 4748 4748 4739 4748 4862 4865 4888 4891 4894 4878 4881 4868 4874 4880 4883 4886 4866 4888 4891 4894 4884 4917 4925 4745 4804 4808 4812 4816 4752 4744 4747 4751 4739 4742 4752 4742 4702 4750 4751
4738 4748 4744 4838 4844 4752 4736 4739 4840 4846 4730 4752 4931 4935 4908 4890 4869 4872 4848 4854 4727 4730 4872 4875 4890 4888 4915 4923 4900 4747 4732 4746 4749 4752 4744 4737 4740 4947 4951 4745 4959 4931 4935 4939 4746 4747 4939 4943 4947 4951 4862 4747 4750 4750 4697 4719 4722 4717 4720 4723 4742 4737 4740 4743 4748 4745 4838 4851 4841 4944 4948 4952 4876 4890 4879 4882 4885 4888 4890 4893 4896 4886 4916 4924 4739 4745 4748 4751 4737 4740 4743 4737 4746 4738 4741 4740 4729 4717 4744 4750
4739 4742 4732 4718 4721 4751 4752 4744 4838 4844 4729 4751 4722 4717 4848 4876 4868 4871 4843 4945 4949 4953 4871 4874 4890 4882 4914 4922 4899 4739 4745 4748 4751 4752 4737 4736 4739 4742 4744 4747 4750 4697 4943 4732 4714 4729 4738 4748 4744 4731 4709 4727 4708 4732 4714 4729 4738 4732 4714 4729 4738 4748 4744 4731 4709 4727 4708 4732 4714 4729 4738 4736 4848 4866 4878 4881 4884 4882 4889 4892 4895 4885 4915 4923 4737 4746 4749 4752 4752 4749 4752 4737 4745 4747 4732 4749 4742 4717 4738 4741
4738 4741 4733 4717 4720 4750 4720 4720 4744 4725 4728 4752 4727 4708 4736 4908 4888 4891 4885 4892 4889 4894 4891 4891 4890 4881 4869 4872 4898 4737 4746 4749 4752 4746 4749 4752 4748 4729 4738 4748 4744 4731 4723 4751 4739 4742 4739 4742 4732 4746 4702 4942 4707 4751 4739 4742 4739 4751 4739 4742 4739 4742 4732 4746 4702 4942 4707 4751 4739 4742 4739 4749 4752 4838 4851 4952 4956 4866 4888 4891 4894 4884 4914 4922 4745 4748 4736 4739 4742 4745 4738 4741 4717 4730 4725 4745 4741 4938 4732 4729
4746 4749 4752 4717 4720 4743 4942 4946 4732 4718 4721 4751 4733 4850 4856 4848 4940 4944 4948 4940 4944 4948 4873 4876 4890 4886 4868 4856 4926 4939 4943 4947 4951 4745 4748 4751 4740 4742 4739 4742 4732 4746 4714 4746 4738 4741 4738 4741 4733 4745 4717 4720 4720 4746 4738 4741 4738 4746 4738 4741 4738 4951 4752 4745 4717 4720 4720 4746 4738 4741 4738 4751 4739 4742 4739 4741 4903 4848 4876 4892 4882 4890 4921 4929 4751 4747 4751 4736 4739 4742 4749 4752 4716 4729 4718 4742 4732 4718 4733 4743
5104 4720 4720 4746 4738 4741 4738 4741 4733 4717 4720 4750 4850 4874 4868 4856 4741 4738 4741 4733 4717 4720 4872 4875 4890 4885 4889 4920 4928 4931 4935 4939 4943 4744 4747 4750 4739 4745 4747 4732 4746 4749 4752 4744 4737 4740 4743 4745 4747 4732 4746 4749 4752 4744 4737 4740 4743 4745 4747 4732 4746 4749 4752 4744 4737 4740 4743 4745 4747 4732 4746 4749 4752 4744 4737 4740 4743 4741 4865 4890 4881 4889 4920 4928 4737 4746 4750 4735 4738 4741 4736 4739 4746 4927 4717 4741 4748 4742 4752 4742
4743 4942 4946 4745 4747 4732 4746 4749 4752 4722 4750 4720 4848 4876 4870 4854 4738 4741 4749 4752 4850 4856 4901 4909 4890 4884 4888 4919 4927 4722 4717 4720 4723 4742 4744 4747 4750 4804 4739 4745 4748 4751 4752 4737 4736 4739 4742 4804 4739 4745 4748 4751 4752 4737 4736 4739 4742 4804 4739 4745 4748 4751 4752 4737 4736 4739 4742 4804 4739 4745 4748 4751 4752 4737 4736 4739 4742 4905 4913 4890 4888 4888 4919 4927 4728 4731 4729 4746 4749 4752 4735 4738 4741 4716 4719 4752 4749 4741 4740 4729
4742 4746 4804 4739 4745 4748 4751 4824 4828 4832 4836 4942 4946 4848 4854 4732 4850 4856 4721 4740 4848 4854 4900 4908 4890 4893 4882 4918 4926 4727 4708 4732 4714 4729 4738 4748 4744 4748 4737 4746 4749 4752 4746 4749 4752 4748 4737 4748 4737 4746 4749 4752 4746 4749 4752 4748 4737 4748 4737 4746 4749 4752 4746 4749 4752 4748 4737 4748 4737 4746 4749 4752 4746 4749 4752 4748 4737 4904 4912 4890 4896 4882 4918 4926 4721 4724 4743 4745 4748 4751 4698 4701 4938 4718 4709 4751 4736 4732 4749 4742
4741 4745 4748 4737 4746 4749 4752 4823 4827 4831 4835 4737 4804 4739 4745 4748 4848 4854 4721 4749 4707 4751 4899 4907 4889 4893 4881 4917 4925 4942 4707 4751 4739 4742 4739 4742 4732 4747 4939 4943 4947 4951 4745 4748 4751 4740 4743 4747 4939 4943 4947 4951 4745 4748 4751 4740 4743 4747 4939 4943 4947 4951 4745 4748 4751 4740 4743 4747 4939 4943 4947 4951 4745 4748 4751 4740 4743 4903 4911 4890 4895 4881 4917 4925 4720 4723 4742 4744 4747 4750 4697 4700 4934 4699 4702 4750 4751 4725 4745 4741
4739 4738 4741 4733 4741 4738 4741 4822 4826 4830 4834 4745 4748 4737 4746 4749 4752 4752 4720 4850 4856 4746 4898 4865 4888 4892 4888 4919 4927 4720 4720 4746 4738 4741 4738 4741 4733 4737 4931 4935 4939 4943 4744 4747 4750 4739 4742 4737 4931 4935 4939 4943 4744 4747 4750 4739 4742 4737 4931 4935 4939 4943 4744 4747 4750 4739 4742 4737 4931 4935 4939 4943 4744 4747 4750 4739 4742 4902 4910 4890 4894 4886 4916 4924 4732 4714 4729 4738 4748 4744 4731 4718 4721 4724 4717 4744 4750 4718 4742 4732
4738 4750 4736 4739 4742 4741 4736 4821 4825 4829 4833 4856 4732 4733 4741 4738 4741 4740 4720 4848 4854 4745 4850 4864 4882 4891 4882 4918 4926 4942 4946 4745 4747 4732 4746 4749 4752 4719 4722 4717 4720 4723 4742 4744 4747 4750 4697 4719 4722 4717 4720 4723 4742 4744 4747 4750 4697 4719 4722 4717 4720 4723 4742 4744 4747 4750 4697 4719 4722 4717 4720 4723 4742 4744 4747 4750 4697 4901 4909 4890 4895 4885 4915 4923 4732 4714 4729 4738 4748 4744 4731 4718 4721 4724 4717 4738 4741 4717 4741 4748
4742 4739 4745 4748 4751 4752 4737 4736 4739 4850 4874 4868 4856 4748 4850 4856 4740 4708 4732 4739 4698 4701 4850 4889 4881 4880 4881 4917 4925 4746 4804 4739 4745 4748 4751 4737 4740 4709 4727 4708 4732 4714 4729 4738 4748 4744 4731 4709 4727 4708 4732 4714 4729 4738 4748 4744 4731 4709 4727 4708 4732 4714 4729 4738 4748 4744 4731 4709 4727 4708 4732 4714 4729 4738 4748 4744 4731 4900 4908 4890 4894 4884 4914 4922 4751 4739 4742 4739 4742 4732 4746 4804 4962 4934 4938 4732 4729 4719 4752 4749
4737 4737 4746 4749 4752 4850 4856 4752 4748 4848 4876 4870 4854 4749 4848 4854 4749 4707 4751 4850 4856 4700 4850 4888 4888 4888 4889 4920 4924 4745 4748 4737 4746 4749 4752 4752 4749 4702 4942 4707 4751 4739 4742 4739 4742 4732 4746 4702 4942 4707 4751 4739 4742 4739 4742 4732 4746 4702 4942 4707 4751 4739 4742 4739 4742 4732 4746 4702 4942 4707 4751 4739 4742 4739 4742 4732 4746 4899 4907 4889 4891 4889 4920 4928 4746 4738 4741 4738 4741 4733 4745 4748 4726 4926 4718 4733 4743 4709 4751 4736
4736 4939 4943 4947 4951 4848 4854 4751 4740 4739 4848 4854 4745 4738 4741 4740 4743 4720 4746 4848 4854 4745 4908 4890 4882 4882 4888 4919 4923 4738 4741 4733 4741 4738 4741 4740 4743 4717 4720 4720 4746 4738 4741 4738 4741 4733 4745 4717 4720 4720 4746 4738 4741 4738 4741 4733 4745 4717 4720 4720 4746 4738 4741 4738 4741 4733 4745 4717 4720 4720 4746 4738 4741 4738 4741 4733 4745 4898 4865 4888 4880 4888 4919 4927 4745 4747 4732 4746 4749 4752 4744 4747 4751 4739 4742 4752 4742 4702 4750 4751
4752 4931 4935 4939 4943 4744 4747 4750 4739 4736 4739 4752 4742 4741 4850 4856 4742 4946 4745 4739 4727 4730 4848 4876 4890 4886 4882 4918 4752 4750 4736 4739 4742 4741 4736 4739 4742 4938 4942 4946 4745 4747 4732 4746 4749 4752 4744 4938 4942 4946 4745 4747 4732 4746 4749 4752 4744 4938 4942 4946 4745 4747 4732 4746 4749 4752 4744 4938 4942 4946 4745 4747 4732 4746 4749 4752 4744 4850 4864 4882 4888 4882 4918 4926 4739 4745 4748 4751 4737 4740 4743 4737 4746 4738 4741 4740 4729 4742 4752 4742
4751 4722 4717 4720 4723 4742 4744 4747 4750 4840 4846 4751 4722 4717 4848 4854 4742 4744 4747 4750 4726 4729 4736 4908 4889 4885 4881 4917 4746 4749 4752 4719 4722 4717 4720 4723 4742 4744 4746 4804 4739 4745 4748 4751 4737 4740 4743 4732 4746 4804 4739 4745 4748 4751 4737 4740 4743 4732 4746 4804 4739 4745 4748 4751 4737 4740 4743 4732 4746 4804 4739 4745 4748 4751 4737 4740 4743 4850 4889 4881 4882 4890 4917 4925 4737 4746 4749 4752 4752 4749 4752 4737 4745 4747 4732 4749 4742 4741 4740 4729
4752 4727 4708 4732 4714 4729 4738 4748 4744 4838 4844 4752 4736 4739 4732 4714 4733 4850 4856 4744 4840 4846 4752 4907 4888 4884 4880 4915 4736 4752 4727 4720 4732 4714 4752 4727 4708 4732 4714 4748 4737 4746 4749 4752 4752 4749 4752 4733 4745 4748 4737 4746 4749 4752 4752 4749 4752 4733 4745 4748 4737 4746 4749 4752 4752 4749 4752 4733 4745 4748 4737 4746 4749 4752 4752 4749 4752 4850 4888 4888 4881 4889 4919 4927 4745 4748 4736 4739 4742 4745 4738 4741 4717 4730 4725 4745 4741 4732 4749 4742
4751 4942 4707 4751 4739 4742 4739 4742 4732 4718 4721 4751 4752 4744 4751 4739 4850 4874 4868 4856 4838 4844 4751 4848 4876 4890 4870 4854 4751 4942 4946 4747 4824 4828 4832 4836 4744 4737 4740 4741 4733 4741 4738 4741 4740 4743 4735 4738 4741 4752 4737 4695 4694 4738 4741 4733 4745 4938 4942 4946 4950 4954 4958 4962 4954 4958 4709 4727 4708 4732 4714 4729 4738 4748 4709 4850 4853 4874 4893 4896 4886 4888 4918 4926 4751 4747 4751 4736 4739 4742 4749 4752 4716 4729 4718 4742 4732 4725 4745 4741
4750 4720 4720 4746 4738 4741 4738 4741 4733 4717 4720 4750 4720 4720 4746 4738 4848 4876 4870 4854 4717 4850 4856 4905 4913 4890 4921 4929 4741 4746 4939 4739 4823 4827 4831 4835 4737 4736 4739 4736 4739 4742 4741 4736 4739 4742 4739 4742 4732 4751 4736 4739 4695 4694 4840 4843 4933 4937 4941 4945 4949 4953 4957 4961 4953 4957 4961 4957 4961 4933 4937 4941 4945 4949 4953 4874 4883 4886 4892 4895 4890 4882 4917 4925 4737 4746 4750 4735 4738 4741 4736 4739 4746 4927 4717 4741 4748 4718 4742 4732
4743 4942 4946 4745 4747 4732 4746 4749 4752 4717 4720 4743 4942 4946 4745 4747 4732 4848 4854 4752 4717 4848 4854 4904 4912 4889 4920 4928 4751 4746 4749 4737 4822 4826 4830 4834 4749 4752 4748 4750 4736 4739 4742 4748 4738 4741 4738 4741 4733 4740 4743 4736 4739 4691 4912 4842 4880 4883 4886 4889 4892 4895 4890 4893 4896 4879 4882 4885 4892 4892 4895 4890 4896 4893 4890 4895 4892 4889 4891 4894 4890 4881 4916 4924 4728 4731 4729 4746 4749 4752 4735 4738 4741 4716 4719 4752 4749 4717 4741 4748
4742 4746 4804 4739 4745 4748 4751 4737 4740 4708 4732 4742 4746 4804 4739 4745 4748 4751 4737 4740 4708 4732 4742 4903 4911 4888 4919 4927 4739 4745 4748 4939 4821 4825 4829 4833 4748 4751 4740 4747 4750 4736 4739 4742 4750 4736 4739 4742 4736 4739 4742 4735 4738 4690 4839 4890 4879 4882 4885 4888 4891 4894 4889 4892 4895 4878 4881 4884 4891 4891 4894 4889 4895 4892 4889 4894 4891 4888 4892 4895 4890 4886 4915 4923 4721 4724 4743 4745 4748 4751 4698 4701 4938 4718 4709 4751 4736 4719 4752 4749
4741 4745 4748 4737 4746 4749 4752 4752 4749 4707 4751 4741 4745 4748 4737 4850 4856 4840 4846 4874 4868 4856 4741 4902 4910 4882 4918 4926 4738 4744 4747 4752 4935 4939 4943 4744 4747 4750 4739 4740 4743 4735 4738 4741 4750 4736 4739 4747 4750 4736 4739 4742 4691 4748 4838 4841 4936 4940 4841 4936 4952 4956 4960 4932 4936 4940 4944 4948 4952 4956 4960 4876 4892 4892 4895 4890 4896 4893 4891 4894 4890 4885 4868 4856 4720 4723 4742 4744 4747 4750 4697 4700 4934 4699 4702 4750 4751 4709 4751 4736
4739 4738 4741 4733 4741 4738 4741 4740 4743 4720 4746 4739 4738 4741 4733 4848 4854 4838 4844 4876 4870 4854 4742 4901 4909 4881 4917 4925 4746 4737 4740 4722 4717 4951 4723 4742 4744 4747 4750 4739 4742 4739 4742 4732 4743 4735 4738 4740 4743 4735 4747 4750 4690 4702 4942 4931 4935 4939 4943 4947 4951 4955 4959 4739 4745 4748 4751 4746 4749 4752 4744 4838 4841 4932 4936 4940 4863 4866 4892 4891 4890 4884 4870 4854 4732 4714 4729 4738 4748 4744 4731 4718 4721 4724 4717 4744 4750 4702 4750 4751
4738 4750 4736 4739 4742 4741 4736 4739 4742 4946 4745 4738 4750 4736 4739 4742 4741 4736 4739 5088 4854 4745 4737 4900 4908 4886 4916 4924 4751 4736 4739 4752 4708 4732 4732 4746 4752 4748 4744 4738 4741 4738 4741 4733 4742 4694 4742 4739 4742 4739 4740 4959 4931 4935 4739 4751 4934 4699 4702 4942 4707 4751 4739 4720 4720 4746 4738 4741 4738 4741 4733 4745 4748 4748 4739 4748 4862 4865 4891 4891 4890 4893 4856 4927 4927 4737 4746 4749 4752 4752 4749 4752 4737 4737 4746 4749 4752 4752 4749 4752
4746 4749 4752 4746 4749 4752 4748 4697 4700 4752 4740 4749 4736 4739 4742 4741 4736 4739 4742 4723 4706 4709 4743 4899 4907 4885 4915 4923 4752 4735 4738 4942 4707 4751 4733 4745 4739 4742 4732 4744 4747 4750 4695 4690 4741 4738 4741 4737 4741 4716 4719 4722 4717 4720 4723 4742 4744 4747 4750 4697 4700 4934 4745 4942 4946 4745 4747 4732 4746 4749 4752 4744 4737 4740 4743 4748 4745 4838 4876 4895 4890 4890 4855 4926 4926 4745 4748 4736 4739 4742 4745 4738 4741 4745 4748 4736 4739 4742 4745 4738
4943 4947 4951 4745 4748 4751 4740 4739 4745 4951 4708 4743 4747 4732 4746 4749 4752 4744 4737 4740 4699 4702 4742 4898 4865 4884 4914 4922 4746 4739 4742 4720 4720 4746 4738 4947 4738 4741 4733 4749 4740 4743 4737 4929 4850 4853 4856 4939 4938 4718 4709 4727 4708 4732 4714 4729 4738 4748 4744 4731 4718 4721 4746 4732 4746 4804 4739 4745 4748 4751 4752 4737 4736 4739 4742 4735 4748 4750 4848 4866 4890 4889 4916 4925 4925 4732 4714 4729 4738 4748 4744 4731 4718 4721 4724 4717 4738 4741 4718 4733
4935 4939 4943 4744 4747 4750 4739 4727 4730 4850 4856 4742 4739 4745 4748 4751 5216 5222 4736 4739 4698 4701 4741 4850 4864 4888 4869 4872 4741 4738 4741 4942 4946 4737 4747 4732 4746 4749 4752 4751 4748 4750 4739 4905 4913 4890 4921 4929 4934 4699 4702 4942 4707 4751 4739 4742 4739 4742 4732 4746 4804 4962 4943 4733 4745 4748 4737 4746 4749 4752 4746 4749 4752 4748 4737 4740 4743 4750 4741 4865 4890 4888 4915 4923 4900 4751 4739 4742 4739 4742 4732 4746 4804 4962 4934 4938 4732 4729 4742 4752
4717 4720 4723 4742 4744 4747 4750 4840 4846 4848 4854 4737 4737 4746 4749 5207 5090 5093 5096 4748 4697 4700 4904 4912 4882 4882 4868 4846 4740 4733 4741 4746 4804 4739 4748 4748 4737 4737 4740 4743 4737 4747 4746 4904 4912 4889 4920 4928 4721 4724 4717 4720 4720 4746 4738 4741 4738 4741 4733 4745 4748 4726 4935 4752 4744 4747 4939 4943 4947 4951 4745 4748 4751 4740 4743 4737 4740 4743 4905 4913 4890 4882 4914 4922 4899 4746 4738 4741 4738 4741 4733 4745 4748 4726 4926 4718 4733 4743 4741 4740
4708 4732 4714 4729 4738 4748 4744 4838 4844 4740 4699 5216 5219 5222 4947 5204 5089 5092 5095 4740 4739 4745 4903 4911 4881 4881 4890 4921 4739 4739 4742 4737 4748 4737 4746 4749 4752 4752 4749 4951 4708 4942 4752 4903 4911 4888 4919 4927 4962 4934 4938 4942 4946 4745 4747 4732 4746 4749 4752 4744 4747 4751 4748 4740 4743 4737 4931 4935 4939 4943 4744 4747 4750 4739 4742 4736 4739 4733 4904 4912 4890 4881 4869 4872 4898 4745 4747 4732 4746 4749 4752 4744 4747 4751 4739 4742 4752 4742 4732 4749
4707 4751 4739 4742 4739 4742 4732 4718 4721 4739 4698 5215 5218 5221 4939 4943 5088 5091 5094 5205 4727 4730 4902 4910 4890 4886 4889 4920 4708 4732 4746 4738 4741 4733 4739 4947 4741 4824 4828 4832 4836 4942 4751 4902 4910 4882 4918 4926 4739 4742 4732 4746 4804 4739 4745 4748 4751 4737 4740 4743 4737 4746 4749 4741 4716 4719 4722 4717 4720 4723 4742 4744 4747 4750 4697 4700 4934 4752 4903 4911 4890 4886 4868 4856 4926 4739 4745 4748 4751 4737 4740 4743 4737 4746 4738 4741 4740 4729 4725 4745
4720 4746 4738 4741 4738 4741 4733 4717 4720 4748 4697 5214 5217 5220 4720 4723 4742 4744 4747 4750 4850 4856 4901 4909 4889 4885 4888 4919 4741 4752 4740 4749 4736 4939 4738 4741 4736 4823 4827 4831 4835 4746 4746 4901 4909 4881 4917 4925 4738 4741 4733 4745 4748 4737 4746 4749 4752 4752 4749 4752 4737 4745 4939 4938 4718 4709 4727 4708 4732 4714 4729 4738 4748 4744 4731 4718 4721 4740 4902 4910 4890 4885 4889 4920 4928 4737 4746 4749 4752 4752 4749 4752 4737 4745 4747 4732 4749 4742 4718 4742
4946 4745 4747 4732 4746 4749 4752 4717 4720 4746 4749 5205 5207 5205 5204 4714 4840 4846 4748 4744 4848 4854 4903 4911 4888 4884 4882 4918 4742 4951 4951 4743 4747 4732 4746 4752 4752 4822 4826 4830 4834 4745 4708 4900 4908 4886 4916 4924 4746 4749 4752 4744 4747 4939 4943 4947 4951 4955 4959 4931 4935 4739 4751 4934 4699 4702 4942 4707 4751 4739 4742 4739 4742 4732 4746 4804 4962 4749 4901 4909 4890 4884 4888 4919 4927 4718 4742 4736 4739 4742 4745 4738 4741 4717 4730 4725 4745 4741 4717 4741
4804 4739 4745 4748 4751 4737 4740 4708 4732 4745 4748 5196 5199 5202 5205 5206 5209 5212 4742 4732 4718 4721 4902 4910 4882 4893 4881 4917 4752 4943 4707 4742 4739 4745 4751 4751 4752 4821 4825 4829 4833 4749 4746 4899 4907 4885 4915 4923 4751 4737 4740 4743 4737 4931 4935 4939 4943 4947 4951 4955 4959 4737 4854 4721 4724 4717 4720 4720 4746 4738 4741 4738 4741 4733 4745 4748 4726 4959 4900 4908 4890 4893 4882 4918 4926 4717 4741 4751 4736 4739 4742 4749 4752 4716 4729 4718 4742 4732 4719 4752
4748 4737 4746 4749 4752 4752 4807 4811 4815 4819 4747 5195 5198 5201 5205 5205 5208 5211 5205 4733 4717 4720 4901 4909 4881 4895 4886 4916 4739 4723 4706 4752 4737 4746 4737 4752 4746 4737 4752 4748 4697 4700 4740 4898 4865 4884 4914 4922 4752 4752 4749 4752 4737 4752 4748 4751 4737 4740 4743 4737 4744 4737 4740 4962 4934 4938 4942 4946 4745 4747 4732 4746 4749 4752 4744 4747 4751 4951 4899 4907 4889 4893 4881 4917 4925 4719 4752 4750 4735 4738 4741 4736 4739 4746 4927 4717 4741 4748 4709 4751
4741 4733 4741 4738 4741 4740 4806 4810 4814 4818 4740 5194 5197 5200 5205 5204 5207 5210 5205 4846 4717 4720 4900 4908 4886 4894 4885 4915 4738 4740 4699 4736 4748 4943 4947 4951 4745 4748 4751 4740 4739 4745 4741 4850 4864 4893 4869 4872 4739 4742 4741 4738 4743 4751 4747 4750 4736 4739 4742 4736 4739 4742 4749 4739 4742 4732 4746 4804 4739 4745 4748 4751 4737 4740 4743 4737 4746 4743 4898 4865 4888 4892 4888 4919 4927 4728 4731 4729 4746 4749 4752 4735 4738 4741 4716 4719 4752 4749 4702 4750
4736 4739 4742 4741 4736 4739 4805 4809 4813 4817 4739 5205 5204 5212 5205 4745 4748 4751 4838 4844 4708 4732 4899 4907 4885 4890 4884 4914 4752 4739 4698 4752 4931 4935 4939 4943 4744 4747 4750 4739 4727 4730 4850 4864 4889 4892 4868 4856 4738 4741 4732 4746 4742 4750 4740 4743 4735 4738 4741 4735 4738 4741 4950 4738 4741 4733 4745 4748 4737 4746 4749 4752 4752 4749 4752 4737 4745 4742 4850 4864 4882 4891 4882 4918 4926 4721 4724 4743 4745 4748 4751 4698 4701 4938 4718 4709 4751 4736 4717 4744
4739 4742 4741 4736 4739 4742 4804 4808 4812 4816 4738 4741 5205 4748 4840 4846 4749 4752 4752 4749 4840 4846 4898 4865 4884 4883 4893 4869 4751 4748 4697 4737 4722 4717 4720 4939 4742 4744 4951 4750 4726 4729 4907 4888 4888 4891 4893 4916 4746 4749 4748 4751 4741 4743 4739 4742 4739 4742 4732 4746 4733 4752 4752 4746 4749 4752 4744 4747 4939 4943 4947 4951 4955 4959 4931 4935 4739 4741 4850 4889 4881 4880 4881 4917 4925 4720 4723 4742 4744 4747 4750 4697 4700 4934 4699 4702 4750 4751 4717 4738
4732 4746 4749 4752 4744 4737 4740 4699 4702 4739 4742 4739 4738 4850 4856 4844 4738 4850 4856 4743 4838 4844 4905 4913 4890 4882 4890 4921 4708 4746 4749 4752 4739 4742 4732 4714 4729 4738 4748 4744 4725 4728 4848 4876 4889 4880 4883 4915 4751 4737 4749 4752 4732 4742 4738 4741 4738 4741 4733 4745 4748 4751 4737 4751 4737 4740 4743 4737 4931 4935 4939 4943 4947 4951 4955 4959 4737 4732 4850 4888 4888 4888 4886 4916 4924 4732 4714 4729 4738 4748 4744 4731 4718 4721 4724 4717 4744 4750 4938 4732
4745 4748 4751 4752 4737 4736 4739 4698 4701 4738 4741 4738 4750 4848 4854 4742 4741 4848 4854 4742 4946 4745 4904 4912 4889 4881 4889 4920 4751 4745 4939 4751 4738 4741 4751 4739 4752 4739 4742 4732 4718 4721 4752 4849 4888 4879 4882 4868 4856 4749 4751 4737 4733 4741 4747 4732 4746 4749 4752 4744 4747 4750 4947 4752 4752 4749 4752 4737 4752 4748 4751 4737 4740 4743 4737 4744 4737 4733 4908 4890 4882 4882 4885 4915 4923 4732 4714 4729 4738 4748 4744 4731 4718 4721 4724 4717 4738 4741 4718 4733
4746 4749 4752 4746 4749 4752 4748 4697 4695 4694 4740 4749 4736 4739 4742 4741 4736 4739 4733 4850 4856 4709 4903 4911 4888 4890 4888 4919 4708 4744 4747 4807 4811 4815 4819 4738 4741 4738 4741 4733 4717 4720 4738 4848 4866 4878 4881 4884 4855 4751 4737 4740 4743 4737 4931 4935 4939 4943 4947 4951 4955 4959 4737 4739 4742 4741 4738 4743 4751 4747 4750 4736 4739 4742 4736 4739 4742 4752 4913 4889 4881 4881 4884 4914 4922 4751 4739 4742 4739 4742 4732 4746 4804 4962 4934 4938 4732 4729 4742 4752
4943 4947 4951 4745 4748 4751 4740 4739 4745 4693 4708 4743 4747 4732 4746 4749 4752 4744 4850 4874 4868 4856 4902 4910 4882 4889 4882 4918 4752 4737 4740 4806 4810 4814 4818 4747 4732 4746 4749 4737 4717 4720 4742 4905 4913 4890 4890 4860 4854 4752 4752 4749 4752 4737 4752 4748 4751 4737 4740 4743 4737 4744 4737 4738 4741 4732 4746 4742 4750 4740 4743 4735 4738 4741 4735 4738 4741 4904 4912 4888 4890 4884 4890 4921 4929 4746 4738 4741 4738 4741 4733 4745 4748 4726 4926 4718 4733 4743 4741 4740
4935 4939 4943 4744 4747 4750 4739 4727 4730 4692 4707 4742 4739 4745 4748 4751 4752 4737 4848 4876 4870 4854 4901 4909 4881 4888 4881 4917 4746 4736 4739 4805 4809 4813 4817 4745 4752 4751 4737 4740 4708 4732 4738 4904 4912 4889 4889 4859 4727 4730 4733 4746 4749 4752 4743 4737 4931 4935 4939 4943 4947 4951 4955 4746 4749 4748 4751 4741 4743 4739 4742 4739 4742 4732 4746 4749 4752 4903 4911 4882 4889 4893 4889 4920 4928 4745 4747 4732 4746 4749 4752 4744 4747 4751 4739 4742 4752 4742 4732 4749
4717 4720 4723 4742 4744 4747 4750 4726 4729 4691 4706 4737 4737 4746 4749 4752 4746 4749 4752 5088 4854 4700 4900 4908 4886 4882 4886 4916 4746 4735 4738 4804 4808 4812 4816 4746 4748 4752 4737 4732 4746 4751 4739 4903 4911 4888 4888 4919 4726 4729 4732 4745 4748 4751 4752 4737 4752 4748 4751 4737 4740 4743 4737 4751 4737 4749 4752 4732 4742 4738 4741 4738 4741 4733 4745 4748 4751 4902 4910 4881 4888 4892 4888 4919 4927 4739 4745 4748 4751 4737 4740 4743 4737 4746 4738 4741 4740 4729 4718 4733
4708 4732 4714 4729 4738 4748 4744 4725 4728 4692 4699 4736 4939 4943 4947 4951 4745 4748 4751 4740 4739 4745 4899 4907 4885 4882 4885 4915 4739 4739 4742 4748 4738 4741 4733 4741 4738 4741 4740 4733 4947 4746 4738 4902 4910 4882 4882 4855 4725 4728 4740 4744 4747 4750 4738 4743 4751 4747 4750 4736 4739 4742 4736 4746 4749 4751 4737 4733 4741 4747 4732 4746 4749 4752 4744 4747 4750 4862 4865 4888 4882 4891 4882 4918 4926 4737 4746 4749 4752 4752 4749 4752 4737 4745 4747 4732 4749 4742 4742 4752
4707 4751 4739 4742 4739 4742 4732 4718 4721 4690 4698 4752 4931 4935 4939 4943 4744 4747 4750 4739 4727 4730 4898 4865 4884 4881 4884 4914 4738 4738 4741 4738 4750 4736 4739 4742 4741 4736 4739 4742 4946 4745 4752 4901 4909 4881 4881 4869 4872 4958 4962 4938 4942 4946 4950 4954 4958 4962 4934 4938 4942 4946 4950 4954 4958 4962 4934 4938 4942 4946 4950 4954 4958 4962 4947 4850 4850 4861 4864 4882 4881 4880 4881 4917 4925 4745 4748 4736 4739 4742 4745 4738 4741 4717 4730 4725 4745 4741 4741 4740
4720 4746 4738 4741 4738 4741 4733 4717 4720 4748 4697 4751 4722 4717 4720 4723 4742 4744 4747 4750 4865 4949 4957 4864 4893 4893 4893 4869 4872 4720 4746 4738 4720 4714 4752 4727 4750 4720 4727 4708 4732 4714 4717 4900 4908 4886 4886 4868 4871 4957 4961 4937 4941 4945 4949 4953 4957 4961 4933 4937 4941 4945 4949 4953 4957 4961 4933 4937 4941 4945 4949 4953 4957 4961 4871 4874 4890 4893 4896 4881 4888 4888 4886 4921 4737 4751 4747 4751 4736 4739 4742 4749 4752 4716 4729 4718 4742 4732 4732 4749
4946 4745 4747 4732 4746 4749 4752 4717 4720 4746 4945 4949 4953 4957 4957 4961 4933 4937 4941 4864 4891 4895 4890 4896 4889 4892 4895 4869 4872 4946 4950 4954 4958 4958 4962 4934 4938 4942 4946 4950 4954 4958 4962 4862 4865 4885 4885 4890 4893 4896 4880 4883 4886 4889 4892 4895 4878 4881 4890 4896 4893 4890 4895 4895 4892 4889 4894 4892 4892 4895 4890 4896 4893 4890 4895 4892 4889 4892 4895 4886 4882 4882 4885 4868 4871 4853 4856 4750 4735 4738 4741 4736 4739 4746 4927 4717 4741 4748 4725 4745
4804 4739 4745 4748 4746 4846 4740 4708 4732 4838 4932 4936 4873 4876 4860 4952 4956 4960 4932 4936 4940 4936 4876 4895 4888 4891 4894 4868 4871 4945 4949 4953 4957 4957 4961 4933 4937 4941 4945 4949 4953 4957 4961 4861 4864 4884 4884 4889 4892 4895 4879 4882 4885 4890 4895 4892 4889 4892 4892 4895 4890 4896 4893 4890 4895 4892 4889 4891 4891 4894 4889 4895 4892 4889 4894 4891 4888 4891 4894 4893 4881 4881 4884 4881 4881 4852 4855 4729 4746 4749 4752 4735 4738 4741 4716 4719 4752 4749 4718 4742
4748 4737 4746 4749 4875 4869 4749 4707 4751 4744 4747 4750 4872 4875 4859 4738 4741 4738 4741 4733 4717 4743 4875 4876 4878 4881 4890 4896 4893 4890 4895 4895 4892 4878 4881 4890 4896 4893 4890 4895 4895 4892 4889 4883 4886 4889 4892 4888 4891 4894 4878 4881 4884 4890 4895 4891 4891 4894 4889 4895 4892 4889 4894 4891 4888 4894 4889 4892 4895 4878 4881 4890 4896 4893 4890 4895 4895 4892 4889 4894 4886 4886 4893 4870 4873 4876 4868 4856 4745 4748 4751 4698 4701 4938 4718 4709 4751 4736 4717 4741
4741 4733 4741 4738 4849 4869 4743 4720 4746 4737 4740 4743 4903 4911 4921 4747 4732 4746 4749 4752 4717 4720 4743 4875 4893 4894 4889 4895 4892 4889 4894 4891 4888 4891 4891 4894 4889 4895 4892 4889 4895 4890 4890 4885 4889 4885 4882 4896 4893 4890 4892 4892 4895 4890 4896 4893 4890 4895 4892 4889 4892 4892 4895 4890 4896 4893 4890 4895 4892 4889 4892 4892 4895 4890 4896 4893 4890 4895 4892 4889 4893 4890 4852 4855 4739 4848 4876 4855 4744 4747 4750 4697 4700 4934 4699 4702 4750 4751 4719 4752
4736 4739 4742 4741 4849 4868 4961 4945 4949 4953 4957 4957 4961 4864 4854 4745 4748 4751 4737 4740 4708 4732 4742 4849 4852 4889 4894 4891 4888 4891 4891 4894 4889 4895 4892 4889 4894 4891 4888 4892 4889 4894 4890 4884 4888 4884 4881 4895 4892 4889 4891 4891 4894 4889 4895 4892 4889 4894 4891 4888 4891 4891 4894 4889 4895 4892 4889 4894 4891 4888 4891 4891 4894 4889 4895 4892 4889 4894 4891 4888 4893 4870 4851 4854 4738 4732 4911 4854 4738 4748 4744 4731 4718 4721 4724 4717 4744 4750 4709 4751
4752 4740 4749 4736 4848 4944 4944 4936 4932 4936 4940 4944 4932 4948 4854 4746 4749 4752 4752 4749 4707 4751 4741 4848 4851 4960 4932 4936 4940 4944 4948 4952 4956 4960 4932 4936 4940 4944 4948 4873 4876 4890 4890 4893 4882 4893 4892 4860 4863 4932 4936 4940 4944 4948 4952 4956 4960 4932 4936 4940 4944 4948 4952 4956 4960 4932 4936 4940 4944 4948 4952 4876 4860 4932 4936 4940 4944 4948 4952 4956 4960 4854 4737 4746 4738 4741 4909 4918 4709 4752 4716 4729 4718 4742 4732 4738 4741 4738 4702 4750
4951 4708 4743 4747 4732 4746 4749 4752 4744 4739 4742 4739 4738 4741 4733 4741 4738 4741 4740 4743 4720 4746 4947 4951 4955 4959 4931 4935 4939 4943 4947 4951 4955 4959 4931 4935 4939 4943 4947 4872 4875 4889 4889 4893 4881 4893 4891 4859 4862 4931 4935 4939 4943 4947 4951 4955 4959 4931 4935 4939 4943 4947 4951 4955 4959 4931 4935 4939 4943 4947 4951 4875 4859 4931 4935 4939 4943 4947 4951 4955 4959 4725 4737 4745 4747 4732 4911 4921 4737 4746 4738 4741 4740 4729 4737 4746 4738 4741 4717 4744
4943 4707 4742 4739 4745 4748 4751 4752 4737 4738 4741 4738 4750 4736 4739 4742 4741 4736 4739 4742 4946 4745 4742 4723 4706 4709 4752 4740 4749 4736 4739 4742 4741 4736 4739 4742 4723 4706 4709 4903 4911 4888 4888 4892 4888 4892 4890 4921 4929 4750 4736 4739 4742 4736 4739 4742 4735 4738 4741 4743 4745 4748 4736 4739 4742 4745 4738 4741 4717 4730 4725 4911 4921 4736 4739 4742 4745 4738 4741 4717 4730 4725 4741 4717 4730 4725 4865 4868 4871 4957 4961 4871 4953 4957 4961 4846 4747 4732 4717 4738
4723 4786 4789 4792 4746 4749 4752 4746 4749 4752 4748 4697 4700 4951 4708 4743 4747 4732 4746 4749 4752 4744 4737 4740 4699 4702 4951 4708 4743 4747 4732 4746 4749 4752 4744 4737 4740 4699 4702 4902 4910 4882 4882 4891 4882 4891 4889 4920 4928 4743 4735 4738 4741 4735 4738 4741 4735 4738 4741 4742 4751 4747 4751 4736 4739 4742 4749 4752 4716 4729 4718 4911 4920 4751 4736 4739 4742 4749 4752 4716 4729 4718 4752 4716 4729 4718 4838 4851 4932 4956 4960 4932 4936 4952 4876 4856 4730 4725 4938 4732
4740 4785 4788 4791 4943 4947 4951 4745 4766 4769 4772 4739 4745 4943 4707 4742 4739 4745 4748 4751 4752 4737 4736 5206 5209 5212 4943 5206 4742 5209 4745 4748 4751 4752 4737 4736 4739 4698 4701 4901 4909 4881 4881 4880 4881 4880 4888 4919 4927 4742 4732 4746 4735 4743 4746 4749 4752 4737 4740 4741 4737 4746 4750 4735 4738 4738 4741 4739 4746 4927 4717 4910 4919 4750 4735 4738 4741 4736 4739 4746 4927 4717 4739 4746 4927 4717 4741 4748 4749 4716 4729 4718 4742 4951 4875 4859 4729 4718 4718 4733
4739 4784 4787 4790 4935 4939 4943 4744 4765 4768 4771 4727 4730 4723 4706 4737 4737 4746 4749 4752 4746 4749 4752 5205 5208 5211 5216 5219 5222 5196 5199 5202 4752 4746 4749 4752 4748 4697 4700 4900 4908 4886 4888 4888 4886 4888 4882 4918 4926 4751 4736 4739 4742 4737 4740 4743 4750 4730 4733 4725 4728 4731 4729 4746 4749 4747 4732 4738 4741 4716 4719 4909 4918 4729 4746 4749 4752 4749 4749 4749 4749 4749 4749 4749 4749 4749 4749 4749 4749 4719 4752 4749 4739 4746 4911 4921 4927 4717 4742 4752
4748 4697 4751 4722 4717 4720 4723 4742 4764 4767 4770 4726 4729 4740 4699 4736 4939 4943 4947 4951 4745 4748 4751 5204 5207 5210 5215 5218 5221 5195 5198 4717 4951 4745 4748 4751 4740 4739 4745 4899 4907 4885 4882 4882 4885 4882 4881 4917 4925 4750 4735 4738 4776 4779 4782 4742 4726 4729 4732 4718 4721 4724 4743 4745 4748 4946 4950 4701 4938 4718 4709 4908 4917 4743 4745 4748 4751 4749 4701 4700 4934 4709 4752 4716 4729 4718 4742 4732 4738 4741 4716 4719 4752 4749 4911 4920 4716 4719 4741 4740
4746 4749 4752 4727 4708 4732 4714 4729 4738 4748 4744 4725 4786 4789 4792 4752 4931 4935 4939 4943 4744 4747 4750 4739 5209 5207 5214 5217 5220 5194 5197 5200 4943 4744 4747 4750 4739 4727 4730 4898 4865 4884 4881 4881 4884 4881 4886 4916 4924 4729 4746 4749 4775 4778 4781 4741 4716 4719 4722 4717 4720 4723 4742 4744 4747 4750 4697 4700 4934 4699 4702 4907 4916 4742 4744 4747 4750 4749 4700 4934 4699 4702 4739 4746 4927 4717 4741 4748 4726 4926 4718 4733 4695 4694 4910 4919 4725 4741 4732 4749
4745 4748 4751 4942 4707 4751 4739 4742 4739 4742 4732 4718 4785 4788 4791 4751 4722 4717 4720 4723 4742 4744 4747 4750 4726 4729 5205 5212 5209 4722 4717 5207 4723 4742 4744 4747 4750 4726 4729 4850 4864 4893 4890 4884 4890 4884 4885 4915 4923 4743 4745 4748 4774 4777 4780 4938 4718 4709 4727 4708 4732 4714 4729 4738 4748 4744 4731 4718 4721 4724 4717 4865 4915 4729 4738 4748 4744 4749 4718 4721 4724 4717 4738 4741 4716 4719 4752 4749 4751 4739 4742 4752 4926 4693 4909 4918 4718 4752 4725 4745
4744 4747 4750 4720 4720 4746 4738 4741 4738 4741 4733 4717 4784 4787 4790 4752 4727 4708 4732 4714 4729 4738 4748 4744 4725 4728 5196 5199 5202 5102 5206 5209 4745 4729 4738 4748 4744 4725 4728 4848 4909 4890 4889 4893 4889 4893 4884 4914 4922 4742 4744 4747 4750 4697 4700 4934 4699 4702 4942 4707 4751 4786 4789 4792 4742 4732 4746 4804 4962 4934 4850 4864 4855 4725 4728 4742 4732 4749 4804 4962 4934 4938 4732 4729 4746 4749 4752 4741 4746 4738 4741 4740 4739 4693 4911 4921 4717 4739 4718 4742
4737 4740 4743 4942 4946 4745 4747 4732 4746 4749 4752 4756 4759 4762 4748 4751 4942 4707 4751 4739 4742 4739 4742 4732 4718 5205 5195 5198 5201 5211 5205 5208 5211 4742 4739 4742 4732 4718 4721 4904 4912 4889 4888 4892 4888 4892 4893 4869 4872 4729 4738 4748 4744 4731 4718 4721 4724 4717 4766 4769 4772 4785 4788 4791 4741 4733 4745 4748 4726 4926 4848 4866 4869 4872 4958 4741 4733 4745 4748 4726 4926 4718 4733 4743 4745 4748 4751 4729 4749 4747 4732 4749 4738 4691 4911 4920 4719 4738 4717 4741
4736 4739 4742 4746 4786 4789 4792 4748 4751 4737 4740 4755 4758 4761 4747 4766 4769 4772 4746 4738 4741 4738 4741 4733 4717 4720 5194 5197 5200 4720 4946 5207 5210 4741 4738 4741 4733 4717 4720 4903 4911 4888 4882 4891 4882 4893 4880 4917 4925 4732 4746 4804 4950 4954 4958 4962 4934 4938 4765 4768 4771 4784 4787 4790 4749 4752 4744 4747 4751 4739 4742 4865 4868 4871 4957 4846 4752 4744 4747 4751 4739 4742 4752 4742 4744 4747 4750 4743 4748 4752 4741 4746 4738 4691 4910 4919 4840 4846 4719 4752
4735 4738 4741 4745 4785 4788 4791 4749 4766 4769 4772 4754 4757 4760 4740 4765 4768 4771 4745 4747 4732 4746 4749 4752 4717 4720 4737 4740 5210 4942 4946 4745 4747 4732 4746 4749 4752 4717 4720 4902 4910 4882 4881 4880 4881 4893 4879 4916 4924 4733 4745 4748 4751 4739 4742 4739 4742 4732 4764 4767 4770 4745 4748 4751 4737 4740 4743 4737 4746 4738 4741 4838 4876 4895 4881 4868 4740 4743 4737 4746 4738 4741 4740 4729 4738 4748 4744 4742 4747 4751 4729 4749 4747 4690 4909 4918 4838 4844 4709 4751
4739 4756 4759 4762 4784 4787 4790 4738 4765 4768 4771 4720 4746 4736 4739 4764 4767 4770 4739 4786 4789 4792 4737 4740 4708 4732 4736 4739 4742 4746 4804 4739 4745 4748 4751 4737 4740 4708 4732 4901 4909 4881 4888 4890 4885 4889 4878 4915 4923 4752 4744 4747 4746 4738 4741 4738 4741 4733 4745 4748 4737 4746 4749 4752 4752 4749 4752 4737 4745 4747 4732 4750 4848 4873 4876 4878 4858 4846 4737 4745 4726 4732 4749 4742 4739 4742 4732 4729 4748 4694 4958 4741 4716 4719 4908 4917 4717 4738 4702 4750
4738 4755 4758 4761 4736 4776 4779 4782 4764 4767 4770 4776 4779 4782 4738 4741 4745 4748 4737 4785 4788 4791 4756 4759 4762 4751 4735 4738 4741 4745 4748 4737 4746 4749 4752 4752 4833 4836 4751 4900 4908 4886 4882 4890 4884 4888 4892 4914 4922 4740 4743 4737 4745 4747 4732 4746 4749 4752 4744 4747 4939 4943 4947 4951 4955 4959 4931 4935 4739 4745 4748 4745 4748 4736 4838 4841 4876 4868 4856 4717 4726 4725 4745 4741 4738 4741 4733 4742 4742 4694 4924 4716 4729 4718 4907 4916 4938 4732 4729 4746
4752 4754 4757 4760 4739 4775 4778 4781 4756 4759 4762 4775 4778 4781 4742 4776 4779 4782 4733 4784 4787 4790 4755 4758 4761 4746 4739 4742 4739 4738 4741 4733 4741 4738 4741 4740 4743 4720 4746 4899 4907 4885 4881 4890 4893 4882 4891 4869 4872 4749 4752 4737 4739 4745 4748 4751 4737 4740 4786 4789 4792 4935 4939 4725 4728 4731 4729 4746 4749 4746 4749 4751 4747 4751 4736 4739 4848 4866 4868 4846 4729 4718 4742 4732 4746 4749 4752 4741 4695 4690 4923 4746 4927 4717 4865 4915 4718 4733 4743 4745
4951 4708 4743 4747 4732 4774 4777 4780 4755 4758 4761 4774 4777 4780 4741 4775 4778 4781 4739 4742 4741 4736 4754 4757 4760 4745 4738 4741 4738 4750 4736 4739 4742 4741 4736 4739 4836 4946 4745 4898 5121 4884 4886 4889 4893 4881 4891 4921 4929 4943 4947 4951 4737 4746 4749 4752 4752 4749 4785 4788 4791 4748 4751 4718 4721 4724 4746 4749 4752 4735 4738 4741 4746 4750 4735 4738 4741 4838 4866 4856 4927 4717 4741 4748 4751 4745 4740 4749 4694 4709 4718 4709 4752 4716 4907 4855 4742 4752 4742 4744
4943 4707 4742 4739 4766 4769 4772 4752 4754 4757 4760 4698 4701 4752 4740 4717 4777 4780 4742 4741 4796 4799 4802 4723 4706 4709 4752 4740 4749 4736 4739 4742 4741 4736 4739 4742 4723 4706 4709 4905 5120 4890 4885 4888 4892 4888 4880 4920 4928 4716 4719 4722 4737 4740 4743 4739 4776 4779 4784 4787 4790 4747 4750 4717 4720 4723 4745 4748 4751 4698 4701 4938 4731 4729 4746 4749 4752 4735 4875 4868 4871 4945 4949 4953 4957 4717 4871 4953 4745 4752 4716 4937 4941 4945 4874 4855 4776 4779 4782 4738
4723 4706 4737 4737 4765 4768 4771 4746 4749 4752 4766 4769 4772 4951 4939 4708 4747 4732 4746 4749 4795 4798 4801 4740 4699 4702 4951 4708 4743 4747 4935 4939 4749 4752 4744 4737 4740 4699 4702 4904 4912 4889 4884 4882 4891 4882 4879 4919 4927 4746 4749 4752 4736 4739 4742 4738 4775 4778 4781 4776 4779 4782 4743 4708 4732 4714 4744 4747 4750 4697 4700 4934 4724 4743 4745 4748 4751 4698 4701 4851 4940 4944 4948 4952 4956 4956 4960 4932 4717 4940 4944 4944 4948 4952 4851 4854 4775 4778 4781 4739
4740 4699 4736 4939 4764 4767 4770 4745 4748 4751 4765 4768 4771 4943 4796 4799 4802 4745 4748 4751 4794 4797 4800 4739 4698 4701 4943 4707 4742 4739 4742 4723 4751 4752 4737 4736 4739 4698 4701 4903 4911 4888 4890 4890 4885 4881 4878 4918 4926 4738 4724 4751 4735 4738 4741 4746 4774 4777 4780 4775 4778 4781 4742 4707 4751 4739 4738 4748 4744 4731 4718 4721 4723 4742 4744 4747 4750 4697 4700 4934 4939 4943 4947 4951 4955 4739 4850 4856 4737 4766 4769 4772 4749 4742 4739 4742 4774 4777 4780 4738
4756 4759 4762 4931 4935 4776 4779 4782 4747 4750 4764 4767 4770 4723 4795 4798 4801 4746 4749 4752 4746 4756 4759 4762 4697 4700 4723 4706 4737 4737 4746 4749 4752 4746 4749 4752 4748 4697 4700 4902 4909 4890 4889 4890 4885 4886 4892 4917 4925 4742 4748 4738 4746 4749 4752 4751 4737 4749 4752 4774 4777 4780 4741 4720 4746 4738 4739 4742 4732 4746 4804 4962 4714 4729 4738 4748 4744 4731 4718 4721 4724 4717 4744 4750 4735 4738 4848 4854 4741 4766 4769 4772 4745 4741 4738 4741 4718 4742 4732 4746
4755 4758 4761 4722 4717 4775 4778 4781 4744 4766 4769 4772 4729 4740 4794 4797 4800 4740 4774 4792 4745 4755 4758 4761 4739 4745 4740 4699 4736 4939 4943 4947 4951 4745 4748 4751 4740 4739 4745 4901 4909 4881 4888 4890 4884 4885 4891 4921 4929 4741 4743 4743 4745 4776 4779 4782 4749 4751 4737 4733 4741 4747 4732 4946 4745 4747 4738 4741 4733 4745 4748 4726 4739 4742 4739 4742 4732 4746 4804 4962 4934 4938 4732 4729 4746 4749 4786 4789 4792 4765 4768 4771 4742 4732 4746 4749 4766 4769 4772 4751
4754 4757 4760 4727 4708 4774 4777 4780 4738 4765 4768 4771 4728 4776 4779 4782 4931 4708 4743 4791 4744 4754 4757 4760 4727 4730 4739 4698 4752 4931 4935 4939 4943 4744 4747 4750 4739 4727 4730 4900 4908 4886 4885 4881 4881 4884 4889 4920 4928 4736 4739 4742 4751 4775 4778 4781 4748 4735 4738 4752 4732 4745 4748 4804 4739 4745 4746 4749 4752 4744 4747 4751 4738 4741 4738 4741 4733 4745 4748 4726 4926 4718 4733 4741 4740 4729 4785 4788 4791 4764 4767 4770 4741 4748 4751 4737 4765 4768 4771 4752
4745 4748 4751 4942 4707 4751 4766 4769 4772 4764 4767 4770 4721 4775 4778 4781 4722 4784 4787 4790 4742 4744 4747 4750 4726 4729 4748 4697 4935 4939 4717 4720 4723 4742 4744 4747 4750 4726 4729 4899 4907 4885 4884 4890 4884 4890 4888 4919 4927 4925 4750 4735 4738 4774 4777 4780 4742 4726 4729 4732 4718 4776 4779 4782 4745 4748 4751 4698 4701 4938 4718 4745 4747 4732 4746 4749 4752 4744 4747 4751 4739 4742 4741 4732 4749 4742 4784 4787 4790 4741 4716 4719 4752 4749 4752 4752 4764 4767 4770 4739
4744 4747 4750 4720 4720 4746 4765 4768 4771 4756 4759 4762 4720 4774 4777 4780 4727 4708 4732 4714 4729 4738 4748 4744 4725 4728 4746 4749 4742 4723 4708 4732 4714 4729 4738 4748 4744 4725 4728 4898 4865 4884 4890 4889 4893 4889 4882 4918 4926 4924 4729 4746 4749 4752 4735 4738 4741 4716 4719 4722 4717 4775 4778 4781 4744 4747 4750 4697 4700 4934 4699 4739 4745 4748 4751 4737 4740 4743 4737 4746 4738 4741 4732 4725 4745 4741 4738 4732 4701 4938 4718 4709 4751 4736 4739 4742 4702 4750 4751 4736
4737 4740 4743 4942 4946 4745 4764 4767 4770 4755 4758 4761 4720 4745 4748 4751 4942 4707 4751 4739 4742 4739 4742 4732 4718 4721 4745 4748 4751 4942 4707 4751 4739 4742 4739 4742 4732 4718 4721 4905 4913 4890 4889 4888 4892 4888 4881 4917 4925 4923 4743 4745 4748 4751 4698 4701 4938 4718 4709 4727 4708 4774 4777 4780 4738 4748 4744 4731 4718 4721 4724 4737 4746 4749 4752 4752 4749 4752 4737 4745 4747 4732 4748 4718 4742 4732 4746 4733 4700 4934 4699 4702 4750 4751 4736 4739 4717 4744 4750 4735
4736 4739 4742 4746 4804 4739 4745 4748 4751 4754 4757 4760 4732 4744 4747 4750 4720 4720 4746 4738 4741 4738 4741 4733 4717 4720 4744 4747 4750 4720 4720 4746 4738 4741 4738 4741 4733 4717 4720 4904 4912 4889 4888 4882 4891 4882 4886 4916 4924 4922 4742 4744 4747 4750 4697 4700 4934 4699 4702 4942 4707 4751 4739 4742 4739 4742 4732 4746 4804 4962 4737 4740 4743 4737 4744 4737 4746 4749 4737 4746 4750 4735 4738 4741 4736 4739 4746 4927 4718 4721 4724 4717 4744 4750 4735 4738 4737 4745 4747 4732
tile 4690 0 0
tile 4691 56 0
tile 4692 112 0
tile 4693 168 0
tile 4694 224 0
tile 4695 280 0
tile 4697 336 0
tile 4698 392 0
tile 4699 448 0
tile 4700 504 0
tile 4701 560 0
tile 4702 616 0
tile 4706 672 0
tile 4707 728 0
tile 4708 784 0
tile 4709 840 0
tile 4714 896 0
tile 4716 0 27
tile 4717 56 27
tile 4718 112 27
tile 4719 168 27
tile 4720 224 27
tile 4721 280 27
tile 4722 336 27
tile 4723 392 27
tile 4724 448 27
tile 4725 504 27
tile 4726 560 27
tile 4727 616 27
tile 4728 672 27
tile 4729 728 27
tile 4730 784 27
tile 4731 840 27
tile 4732 896 27
tile 4733 0 54
tile 4735 56 54
tile 4736 112 54
tile 4737 168 54
tile 4738 224 54
tile 4739 280 54
tile 4740 336 54
tile 4741 392 54
tile 4742 448 54
tile 4743 504 54
tile 4744 560 54
tile 4745 616 54
tile 4746 672 54
tile 4747 728 54
tile 4748 784 54
tile 4749 840 54
tile 4750 896 54
tile 4751 0 81
tile 4752 56 81
tile 4754 112 81
tile 4755 168 81
tile 4756 224 81
tile 4757 280 81
tile 4758 336 81
tile 4759 392 81
tile 4760 448 81
tile 4761 504 81
tile 4762 560 81
tile 4764 616 81
tile 4765 672 81
tile 4766 728 81
tile 4767 784 81
tile 4768 840 81
tile 4769 896 81
tile 4770 0 108
tile 4771 56 108
tile 4772 112 108
tile 4774 168 108
tile 4775 224 108
tile 4776 280 108
tile 4777 336 108
tile 4778 392 108
tile 4779 448 108
tile 4780 504 108
tile 4781 560 108
tile 4782 616 108
tile 4784 672 108
tile 4785 728 108
tile 4786 784 108
tile 4787 840 108
tile 4788 896 108
tile 4789 0 135
tile 4790 56 135
tile 4791 112 135
tile 4792 168 135
tile 4794 224 135
tile 4795 280 135
tile 4796 336 135
tile 4797 392 135
tile 4798 448 135
tile 4799 504 135
tile 4800 560 135
tile 4801 616 135
tile 4802 672 135
tile 4804 728 135
tile 4805 784 135
tile 4806 840 135
tile 4807 896 135
tile 4808 0 162
tile 4809 56 162
tile 4810 112 162
tile 4811 168 162
tile 4812 224 162
tile 4813 280 162
tile 4814 336 162
tile 4815 392 162
tile 4816 448 162
tile 4817 504 162
tile 4818 560 162
tile 4819 616 162
tile 4821 672 162
tile 4822 728 162
tile 4823 784 162
tile 4824 840 162
tile 4825 896 162
tile 4826 0 189
tile 4827 56 189
tile 4828 112 189
tile 4829 168 189
tile 4830 224 189
tile 4831 280 189
tile 4832 336 189
tile 4833 392 189
tile 4834 448 189
tile 4835 504 189
tile 4836 560 189
tile 4838 616 189
tile 4839 672 189
tile 4840 728 189
tile 4841 784 189
tile 4842 840 189
tile 4843 896 189
tile 4844 0 216
tile 4846 56 216
tile 4848 112 216
tile 4849 168 216
tile 4850 224 216
tile 4851 280 216
tile 4852 336 216
tile 4853 392 216
tile 4854 448 216
tile 4855 504 216
tile 4856 560 216
tile 4858 616 216
tile 4859 672 216
tile 4860 728 216
tile 4861 784 216
tile 4862 840 216
tile 4863 896 216
tile 4864 0 243
tile 4865 56 243
tile 4866 112 243
tile 4868 168 243
tile 4869 224 243
tile 4870 280 243
tile 4871 336 243
tile 4872 392 243
tile 4873 448 243
tile 4874 504 243
tile 4875 560 243
tile 4876 616 243
tile 4878 672 243
tile 4879 728 243
tile 4880 784 243
tile 4881 840 243
tile 4882 896 243
tile 4883 0 270
tile 4884 56 270
tile 4885 112 270
tile 4886 168 270
tile 4888 224 270
tile 4889 280 270
tile 4890 336 270
tile 4891 392 270
tile 4892 448 270
tile 4893 504 270
tile 4894 560 270
tile 4895 616 270
tile 4896 672 270
tile 4898 728 270
tile 4899 784 270
tile 4900 840 270
tile 4901 896 270
tile 4902 0 297
tile 4903 56 297
tile 4904 112 297
tile 4905 168 297
tile 4907 224 297
tile 4908 280 297
tile 4909 336 297
tile 4910 392 297
tile 4911 448 297
tile 4912 504 297
tile 4913 560 297
tile 4914 616 297
tile 4915 672 297
tile 4916 728 297
tile 4917 784 297
tile 4918 840 297
tile 4919 896 297
tile 4920 0 324
tile 4921 56 324
tile 4922 112 324
tile 4923 168 324
tile 4924 224 324
tile 4925 280 324
tile 4926 336 324
tile 4927 392 324
tile 4928 448 324
tile 4929 504 324
tile 4931 560 324
tile 4932 616 324
tile 4933 672 324
tile 4934 728 324
tile 4935 784 324
tile 4936 840 324
tile 4937 896 324
tile 4938 0 351
tile 4939 56 351
tile 4940 112 351
tile 4941 168 351
tile 4942 224 351
tile 4943 280 351
tile 4944 336 351
tile 4945 392 351
tile 4946 448 351
tile 4947 504 351
tile 4948 560 351
tile 4949 616 351
tile 4950 672 351
tile 4951 728 351
tile 4952 784 351
tile 4953 840 351
tile 4954 896 351
tile 4955 0 378
tile 4956 56 378
tile 4957 112 378
tile 4958 168 378
tile 4959 224 378
tile 4960 280 378
tile 4961 336 378
tile 4962 392 378
tile 5088 448 378
tile 5089 504 378
tile 5090 560 378
tile 5091 616 378
tile 5092 672 378
tile 5093 728 378
tile 5094 784 378
tile 5095 840 378
tile 5096 896 378
tile 5102 0 405
tile 5104 56 405
tile 5118 112 405
tile 5120 168 405
tile 5121 224 405
tile 5171 280 405
tile 5194 336 405
tile 5195 392 405
tile 5196 448 405
tile 5197 504 405
tile 5198 560 405
tile 5199 616 405
tile 5200 672 405
tile 5201 728 405
tile 5202 784 405
tile 5204 840 405
tile 5205 896 405
tile 5206 0 432
tile 5207 56 432
tile 5208 112 432
tile 5209 168 432
tile 5210 224 432
tile 5211 280 432
tile 5212 336 432
tile 5214 392 432
tile 5215 448 432
tile 5216 504 432
tile 5217 560 432
tile 5218 616 432
tile 5219 672 432
tile 5220 728 432
tile 5221 784 432
tile 5222 840 432
picture 6030 728 422 101 0
picture 6031 672 613 144 0
picture 6032 616 354 172 0
picture 6033 504 227 226 0
picture 6034 476 0 248 0
picture 6035 476 248 242 0
picture 6036 448 0 261 0
picture 6037 392 289 287 0
picture 6038 308 329 323 0
picture 6039 252 339 337 0
picture 6040 280 0 332 0
picture 6041 364 309 306 0
picture 6042 448 261 254 0
picture 6043 560 202 201 0
picture 6044 728 110 106 0
picture 6045 728 623 95 0
picture 6046 700 132 127 0
picture 6047 672 0 155 0
picture 6048 560 403 197 0
picture 6049 504 453 225 0
picture 6050 448 515 253 0
picture 6051 420 282 281 0
picture 6052 364 0 309 0
picture 6053 308 652 322 0
picture 6054 336 319 316 0
picture 6055 364 615 306 0
picture 6056 392 0 289 0
picture 6057 560 0 202 0
picture 6058 644 804 156 0
picture 6075 784 226 44 0
picture 6076 840 783 21 0
picture 6077 756 889 47 0
picture 6078 840 866 19 0
picture 6079 784 666 43 0
picture 6080 784 838 42 0
picture 6081 812 123 39 0
picture 6082 784 709 43 0
picture 6083 840 846 20 0
picture 6084 812 653 36 0
picture 6085 840 712 25 0
picture 6086 840 539 29 0
picture 6087 812 468 37 0
picture 6088 728 875 58 0
picture 6089 840 684 28 0
picture 6090 728 933 56 0
picture 6091 756 220 53 0
picture 6092 840 237 31 0
picture 6093 840 737 23 0
picture 6094 840 760 23 0
picture 6095 840 268 31 0
picture 6096 840 997 14 0
picture 6097 868 14 13 0
picture 6098 868 27 13 0
picture 6099 868 0 14 0
picture 6100 840 804 21 0
picture 6101 840 825 21 0
picture 6102 840 961 18 0
picture 6103 840 979 18 0
picture 6104 840 885 19 0
picture 6105 756 936 47 0
picture 6106 756 739 50 0
picture 6107 784 0 46 0
picture 6108 784 270 44 0
picture 6117 756 379 52 0
picture 6118 756 431 52 0
picture 6121 784 314 44 0
picture 6122 784 46 45 0
picture 6123 756 0 55 0
picture 6124 784 880 42 0
picture 6125 840 105 33 0
picture 6126 840 568 29 0
picture 6127 840 299 30 0
picture 6128 840 329 30 0
picture 6129 812 833 35 0
picture 6130 812 868 35 0
picture 6131 756 789 50 0
picture 6132 756 535 51 0
picture 6133 812 689 36 0
picture 6134 812 725 36 0
picture 6135 812 240 38 0
picture 6136 812 505 37 0
picture 6137 812 542 37 0
picture 6138 812 278 38 0
picture 6139 784 358 44 0
picture 6140 784 91 45 0
picture 6141 756 55 55 0
picture 6142 784 922 42 0
picture 6143 840 138 33 0
picture 6144 840 597 29 0
picture 6145 840 359 30 0
picture 6146 840 389 30 0
picture 6147 812 903 35 0
picture 6148 812 938 35 0
picture 6149 756 839 50 0
picture 6150 756 586 51 0
picture 6151 812 761 36 0
picture 6152 812 797 36 0
picture 6153 812 316 38 0
picture 6154 812 579 37 0
picture 6155 812 616 37 0
picture 6156 812 354 38 0
picture 6157 784 402 44 0
picture 6158 784 446 44 0
picture 6161 840 904 19 0
picture 6162 784 752 43 0
picture 6163 756 637 51 0
picture 6164 812 392 38 0
picture 6165 840 923 19 0
picture 6166 784 795 43 0
picture 6167 756 688 51 0
picture 6168 812 430 38 0
picture 6173 812 42 41 0
picture 6174 756 273 53 0
picture 6175 784 490 44 0
picture 6176 840 942 19 0
picture 6177 784 534 44 0
picture 6178 756 326 53 0
picture 6179 812 162 39 0
picture 6180 812 201 39 0
picture 6181 756 483 52 0
picture 6182 812 83 40 0
picture 6183 700 626 118 0
picture 6184 644 330 159 0
picture 6185 644 167 163 0
picture 6186 728 718 95 0
picture 6371 700 505 121 0
picture 6372 672 155 153 0
picture 6373 588 565 183 0
picture 6374 532 659 211 0
picture 6375 476 490 239 0
picture 6376 392 576 283 0
picture 6377 168 351 350 0
picture 6378 112 0 389 0
picture 6379 28 414 401 0
picture 6380 84 396 392 0
picture 6381 140 366 364 0
picture 6382 224 0 347 0
picture 6383 280 332 332 0
picture 6384 224 347 346 0
picture 6385 196 0 350 0
picture 6386 196 350 350 0
picture 6387 28 0 414 0
picture 6388 0 0 473 0
picture 6389 0 473 463 0
picture 6390 56 397 396 0
picture 6391 420 563 279 0
picture 6392 504 0 227 0
picture 6393 616 179 175 0
picture 6394 588 0 190 0
picture 6395 532 0 223 0
picture 6396 476 729 230 0
picture 6397 560 796 192 0
picture 6398 700 855 110 0
picture 6399 616 0 179 0
picture 6400 504 678 225 0
picture 6401 532 223 223 0
picture 6402 588 380 185 0
picture 6403 728 216 103 0
picture 6404 616 526 172 0
picture 6405 588 190 190 0
picture 6406 700 0 132 0
picture 6407 616 698 167 0
picture 6408 560 600 196 0
picture 6409 672 757 142 0
picture 6411 700 259 124 0
picture 6412 672 308 153 0
picture 6413 644 489 158 0
picture 6414 644 0 167 0
picture 6415 728 523 100 0
picture 6417 700 383 122 0
picture 6418 644 647 157 0
picture 6419 672 461 152 0
picture 6420 700 744 111 0
picture 6447 728 0 110 0
picture 6448 728 319 103 0
picture 6449 728 813 62 0
picture 6498 812 973 35 0
picture 6499 840 0 35 0
picture 6500 840 419 30 0
picture 6501 840 449 30 0
picture 6502 840 626 29 0
picture 6503 840 171 33 0
picture 6504 784 964 42 0
picture 6505 756 110 55 0
picture 6506 784 136 45 0
picture 6507 784 578 44 0
picture 6508 840 35 35 0
picture 6509 840 70 35 0
picture 6510 840 479 30 0
picture 6511 840 509 30 0
picture 6512 840 655 29 0
picture 6513 840 204 33 0
picture 6514 812 0 42 0
picture 6515 756 165 55 0
picture 6516 784 181 45 0
picture 6517 784 622 44 0
picture 6519 588 748 183 0
picture 6520 532 446 213 0
picture 6521 252 0 339 0
picture 6522 112 389 369 0
picture 6523 56 0 397 0
picture 6524 84 0 396 0
picture 6525 140 0 366 0
picture 6526 168 0 351 0
picture 6527 280 664 329 0
picture 6528 308 0 329 0
picture 6529 336 635 315 0
picture 6530 336 0 319 0
picture 6531 252 676 333 0
picture 6532 420 0 282 0
picture 6533 448 768 252 0
object 52 0 right 6186
object 67 0 right 6186
object 75 0 right 6398
object 29 1 right 6403
object 37 1 right 6186
object 49 1 right 6420
object 51 1 left 6183
object 52 1 left 6184
object 52 1 right 6185
object 60 1 right 6398
object 62 1 right 6420
object 66 1 left 6183
object 67 1 left 6184
object 67 1 right 6185
object 70 1 right 6398
object 75 1 right 6397
object 29 2 right 6402
object 36 2 left 6183
object 37 2 left 6184
object 37 2 right 6185
object 48 2 left 6417
object 49 2 left 6418
object 49 2 right 6419
object 60 2 right 6397
object 61 2 left 6417
object 62 2 left 6418
object 62 2 right 6419
object 70 2 right 6397
object 74 2 left 6394
object 75 2 left 6395
object 75 2 right 6396
object 93 2 right 6403
object 96 2 right 6398
object 28 3 left 6399
object 29 3 left 6400
object 29 3 right 6401
object 37 3 right 6403
object 53 3 right 6398
object 59 3 left 6394
object 60 3 left 6395
object 60 3 right 6396
object 69 3 left 6394
object 70 3 left 6395
object 70 3 right 6396
object 93 3 right 6402
object 96 3 right 6397
object 37 4 right 6402
object 53 4 right 6397
object 86 4 right 6398
object 92 4 left 6399
object 93 4 left 6400
object 93 4 right 6401
object 95 4 left 6394
object 96 4 left 6395
object 96 4 right 6396
object 30 5 right 6403
object 36 5 left 6399
object 37 5 left 6400
object 37 5 right 6401
object 40 5 right 6420
object 52 5 left 6394
object 53 5 left 6395
object 53 5 right 6396
object 73 5 right 6403
object 78 5 right 6168
object 86 5 right 6397
object 88 5 right 6420
object 39 6 left 6417
object 40 6 left 6418
object 40 6 right 6419
object 52 6 right 6186
object 55 6 left 6084
object 55 6 right 6085
object 73 6 right 6402
object 75 6 left 6143
object 75 6 right 6144
object 77 6 left 6165
object 78 6 left 6166
object 78 6 right 6167
object 85 6 left 6394
object 86 6 left 6395
object 86 6 right 6396
object 87 6 left 6417
object 88 6 left 6418
object 88 6 right 6419
object 93 6 right 6403
object 51 7 left 6183
object 52 7 left 6184
object 52 7 right 6185
object 71 7 right 6533
object 72 7 left 6399
object 73 7 left 6400
object 73 7 right 6401
object 75 7 left 6157
object 75 7 right 6158
object 93 7 right 6402
object 26 8 left 6088
object 26 8 right 6089
object 27 8 left 6090
object 27 8 right 6091
object 36 8 right 6186
object 71 8 right 6532
object 75 8 left 6514
object 75 8 right 6515
object 76 8 left 6096
object 76 8 right 6097
object 92 8 left 6399
object 93 8 left 6400
object 93 8 right 6401
object 35 9 left 6183
object 36 9 left 6184
object 36 9 right 6185
object 59 9 left 6084
object 59 9 right 6085
object 71 9 left 6530
object 71 9 right 6531
object 75 9 left 6502
object 75 9 right 6503
object 89 9 right 6186
object 92 9 right 6186
object 12 10 right 6409
object 24 10 left 6096
object 24 10 right 6097
object 27 10 left 6414
object 27 10 right 6415
object 28 10 left 6102
object 51 10 right 6403
object 68 10 left 6526
object 69 10 left 6527
object 70 10 left 6528
object 70 10 right 6529
object 88 10 left 6183
object 89 10 left 6184
object 89 10 right 6185
object 91 10 left 6183
object 92 10 left 6184
object 92 10 right 6185
object 10 11 right 6058
object 12 11 left 6407
object 12 11 right 6408
object 25 11 left 6411
object 26 11 left 6412
object 26 11 right 6413
object 27 11 left 6098
object 27 11 right 6099
object 28 11 left 6100
object 28 11 right 6103
object 51 11 right 6402
object 67 11 right 6525
object 68 11 left 6117
object 68 11 right 6118
object 69 11 left 6107
object 69 11 right 6108
object 96 11 right 6398
object 10 12 right 6057
object 50 12 left 6399
object 51 12 left 6400
object 51 12 right 6401
object 67 12 left 6523
object 67 12 right 6524
object 68 12 left 6105
object 68 12 right 6106
object 96 12 right 6397
object 63 13 right 6398
object 66 13 right 6522
object 95 13 left 6394
object 96 13 left 6395
object 96 13 right 6396
object 24 14 left 6092
object 24 14 right 6093
object 63 14 right 6397
object 65 14 left 6519
object 66 14 left 6520
object 66 14 right 6521
object 88 14 left 6133
object 88 14 right 6134
object 89 14 left 6135
object 89 14 right 6136
object 12 15 right 6056
object 28 15 left 6100
object 28 15 right 6103
object 62 15 left 6394
object 63 15 left 6395
object 63 15 right 6396
object 66 15 left 6084
object 66 15 right 6085
object 67 15 left 6096
object 67 15 right 6097
object 87 15 left 6512
object 87 15 right 6513
object 88 15 left 6137
object 88 15 right 6138
object 89 15 left 6131
object 89 15 right 6132
object 98 15 right 6403
object 10 16 right 6057
object 12 16 right 6055
object 66 16 left 6512
object 66 16 right 6513
object 67 16 left 6143
object 67 16 right 6144
object 90 16 left 6157
object 90 16 right 6158
object 98 16 right 6402
object 10 17 right 6057
object 12 17 right 6054
object 97 17 left 6399
object 98 17 left 6400
object 98 17 right 6401
object 5 18 left 6045
object 6 18 left 6046
object 7 18 left 6047
object 8 18 left 6048
object 9 18 left 6049
object 10 18 left 6050
object 11 18 left 6051
object 12 18 left 6052
object 12 18 right 6053
object 20 19 right 6398
object 21 19 right 6420
object 86 19 left 6092
object 86 19 right 6093
object 87 19 left 6094
object 87 19 right 6095
object 99 19 right 6398
object 11 20 left 6090
object 11 20 right 6091
object 20 20 left 6417
object 20 20 right 6397
object 21 20 left 6418
object 21 20 right 6419
object 88 20 left 6102
object 91 20 right 6420
object 99 20 right 6397
object 10 21 left 6096
object 10 21 right 6097
object 11 21 left 6098
object 11 21 right 6099
object 12 21 left 6157
object 12 21 right 6158
object 19 21 left 6394
object 20 21 left 6395
object 20 21 right 6396
object 87 21 left 6098
object 87 21 right 6099
object 88 21 left 6100
object 88 21 right 6103
object 90 21 left 6417
object 91 21 left 6418
object 91 21 right 6419
object 98 21 left 6394
object 99 21 left 6395
object 99 21 right 6396
object 9 22 left 6092
object 9 22 right 6093
object 10 22 left 6094
object 10 22 right 6095
object 11 22 left 6104
object 11 22 right 6103
object 12 22 left 6100
object 12 22 right 6103
object 13 22 right 6403
object 47 23 right 6403
object 12 24 left 6088
object 12 24 right 6089
object 50 25 right 6403
object 67 25 right 6420
object 30 26 right 6403
object 35 26 right 6403
object 50 26 right 6402
object 54 26 right 6420
object 61 26 left 6098
object 61 26 right 6099
object 62 26 left 6104
object 62 26 right 6103
object 66 26 left 6417
object 67 26 left 6418
object 67 26 right 6419
object 71 26 right 6398
object 97 26 right 6398
object 1 27 right 6397
object 35 27 right 6402
object 49 27 left 6399
object 50 27 left 6400
object 50 27 right 6401
object 53 27 left 6417
object 54 27 left 6418
object 54 27 right 6419
object 62 27 left 6133
object 62 27 right 6134
object 63 27 left 6135
object 63 27 right 6136
object 71 27 right 6397
object 97 27 right 6397
object 98 27 right 6420
object 0 28 left 6394
object 1 28 left 6395
object 1 28 right 6396
object 9 28 left 6088
object 9 28 right 6089
object 34 28 left 6399
object 35 28 left 6400
object 35 28 right 6401
object 62 28 left 6137
object 62 28 right 6138
object 63 28 left 6131
object 63 28 right 6132
object 70 28 left 6394
object 71 28 left 6395
object 71 28 right 6396
object 95 28 right 6403
object 96 28 left 6394
object 97 28 left 6395
object 97 28 right 6396
object 98 28 left 6418
object 98 28 right 6419
object 0 29 left 6183
object 1 29 left 6184
object 1 29 right 6185
object 10 29 left 6090
object 10 29 right 6091
object 62 29 left 6102
object 63 29 right 6101
object 64 29 left 6104
object 64 29 right 6103
object 71 29 right 6403
object 95 29 right 6402
object 10 30 left 6079
object 11 30 left 6098
object 11 30 right 6099
object 38 30 right 6420
object 39 30 right 6403
object 49 30 right 6403
object 59 30 right 6403
object 61 30 left 6098
object 61 30 right 6099
object 62 30 left 6100
object 62 30 right 6103
object 64 30 left 6104
object 69 30 right 6403
object 71 30 right 6402
object 94 30 left 6399
object 95 30 left 6400
object 95 30 right 6401
object 98 30 right 6186
object 36 31 right 6398
object 37 31 left 6417
object 38 31 left 6418
object 38 31 right 6419
object 48 31 right 6403
object 57 31 right 6398
object 62 31 right 6403
object 70 31 left 6399
object 71 31 left 6400
object 71 31 right 6401
object 97 31 left 6183
object 98 31 left 6184
object 98 31 right 6185
object 36 32 right 6397
object 48 32 right 6402
object 57 32 right 6397
object 62 32 right 6402
object 11 33 left 6180
object 12 33 left 6181
object 12 33 right 6182
object 35 33 left 6394
object 36 33 left 6395
object 36 33 right 6396
object 47 33 left 6399
object 48 33 left 6400
object 48 33 right 6401
object 56 33 left 6394
object 57 33 left 6395
object 57 33 right 6396
object 61 33 left 6399
object 62 33 left 6400
object 62 33 right 6401
object 93 33 right 6403
object 94 33 right 6186
object 1 34 right 6398
object 11 34 right 6164
object 12 34 right 6179
object 48 34 right 6398
object 93 34 left 6183
object 93 34 right 6402
object 94 34 left 6184
object 94 34 right 6185
object 98 34 right 6398
object 1 35 right 6397
object 10 35 left 6161
object 11 35 left 6162
object 11 35 right 6163
object 12 35 left 6177
object 12 35 right 6178
object 13 35 right 6403
object 31 35 right 6403
object 33 35 right 6398
object 48 35 right 6397
object 61 35 right 6186
object 75 35 right 6420
object 92 35 left 6399
object 93 35 left 6400
object 93 35 right 6401
object 98 35 right 6397
object 0 36 left 6394
object 1 36 left 6395
object 1 36 right 6396
object 31 36 right 6402
object 33 36 right 6397
object 47 36 left 6394
object 48 36 left 6395
object 48 36 right 6396
object 50 36 right 6420
object 60 36 left 6183
object 61 36 left 6184
object 61 36 right 6185
object 68 36 right 6398
object 74 36 left 6417
object 74 36 right 6398
object 75 36 left 6418
object 75 36 right 6419
object 96 36 right 6420
object 97 36 left 6394
object 98 36 left 6395
object 98 36 right 6396
object 30 37 left 6399
object 31 37 left 6400
object 31 37 right 6401
object 32 37 left 6394
object 33 37 left 6395
object 33 37 right 6396
object 49 37 left 6417
object 50 37 left 6418
object 50 37 right 6419
object 68 37 right 6397
object 74 37 right 6397
object 95 37 left 6417
object 96 37 left 6418
object 96 37 right 6419
object 3 38 right 6403
object 28 38 left 6151
object 28 38 right 6152
object 29 38 left 6139
object 29 38 right 6140
object 30 38 left 6141
object 30 38 right 6142
object 31 38 left 6123
object 31 38 right 6124
object 32 38 left 6145
object 32 38 right 6146
object 33 38 left 6147
object 33 38 right 6148
object 34 38 left 6139
object 34 38 right 6140
object 35 38 left 6141
object 35 38 right 6142
object 36 38 left 6143
object 36 38 right 6144
object 37 38 left 6145
object 37 38 right 6146
object 38 38 left 6147
object 38 38 right 6148
object 67 38 left 6394
object 68 38 left 6395
object 68 38 right 6396
object 73 38 left 6394
object 74 38 left 6395
object 74 38 right 6396
object 3 39 right 6402
object 28 39 left 6510
object 28 39 right 6511
object 2 40 left 6399
object 3 40 left 6400
object 3 40 right 6401
object 28 40 left 6506
object 28 40 right 6507
object 30 40 left 6082
object 30 40 right 6083
object 34 40 right 6076
object 52 40 right 6393
object 28 41 left 6510
object 28 41 right 6511
object 52 41 right 6392
object 28 42 left 6516
object 28 42 right 6517
object 31 42 left 6082
object 31 42 right 6083
object 32 42 right 6403
object 52 42 right 6391
object 28 43 left 6514
object 28 43 right 6515
object 31 43 left 6075
object 31 43 right 6076
object 52 43 left 6389
object 52 43 right 6390
object 28 44 left 6512
object 28 44 right 6513
object 46 44 left 6382
object 47 44 left 6383
object 48 44 left 6384
object 49 44 left 6385
object 50 44 left 6386
object 51 44 left 6387
object 51 44 right 6388
object 76 44 right 6420
object 13 45 left 6414
object 13 45 right 6415
object 28 45 left 6510
object 28 45 right 6511
object 31 45 left 6079
object 36 45 left 6079
object 45 45 right 6381
object 75 45 left 6417
object 76 45 left 6418
object 76 45 right 6419
object 2 46 right 6398
object 11 46 left 6411
object 12 46 left 6412
object 12 46 right 6413
object 28 46 left 6508
object 28 46 right 6509
object 43 46 left 6377
object 44 46 left 6378
object 45 46 left 6379
object 45 46 right 6380
object 2 47 right 6397
object 28 47 left 6502
object 28 47 right 6503
object 35 47 left 6084
object 35 47 right 6085
object 38 47 left 6371
object 39 47 left 6372
object 40 47 left 6373
object 41 47 left 6374
object 42 47 left 6375
object 42 47 right 6376
object 53 47 right 6420
object 1 48 left 6394
object 2 48 left 6395
object 2 48 right 6396
object 17 48 right 6403
object 28 48 left 6506
object 28 48 right 6507
object 33 48 left 6077
object 33 48 right 6078
object 42 48 left 6516
object 42 48 right 6517
object 52 48 left 6417
object 53 48 left 6418
object 53 48 right 6419
object 62 48 right 6403
object 74 48 right 6186
object 97 48 right 6403
object 4 49 right 6398
object 17 49 right 6420
object 28 49 left 6500
object 28 49 right 6501
object 34 49 left 6080
object 34 49 right 6081
object 36 49 right 6078
object 39 49 left 6180
object 40 49 left 6181
object 40 49 right 6182
object 42 49 left 6512
object 42 49 right 6513
object 67 49 right 6403
object 73 49 left 6183
object 74 49 left 6184
object 74 49 right 6185
object 77 49 right 6398
object 97 49 right 6402
object 1 50 right 6186
object 4 50 right 6397
object 13 50 right 6403
object 16 50 left 6417
object 17 50 left 6418
object 17 50 right 6419
object 28 50 left 6516
object 28 50 right 6517
object 31 50 left 6077
object 31 50 right 6078
object 37 50 left 6102
object 42 50 left 6508
object 42 50 right 6509
object 56 50 right 6398
object 77 50 right 6397
object 96 50 left 6399
object 97 50 left 6400
object 97 50 right 6401
object 98 50 right 6398
object 0 51 left 6183
object 1 51 left 6184
object 1 51 right 6185
object 3 51 left 6394
object 4 51 left 6395
object 4 51 right 6396
object 28 51 left 6498
object 28 51 right 6499
object 35 51 left 6084
object 35 51 right 6085
object 36 51 left 6098
object 36 51 right 6099
object 37 51 left 6100
object 37 51 right 6103
object 42 51 left 6510
object 42 51 right 6511
object 56 51 right 6397
object 57 51 left 6512
object 57 51 right 6513
object 76 51 left 6394
object 77 51 left 6395
object 77 51 right 6396
object 98 51 right 6397
object 28 52 left 6506
object 28 52 right 6507
object 33 52 left 6082
object 33 52 right 6083
object 42 52 left 6512
object 42 52 right 6513
object 50 52 right 6398
object 55 52 left 6394
object 56 52 left 6395
object 56 52 right 6396
object 57 52 left 6151
object 57 52 right 6152
object 58 52 left 6153
object 58 52 right 6154
object 97 52 left 6394
object 98 52 left 6395
object 98 52 right 6396
object 3 53 right 6403
object 16 53 right 6406
object 28 53 left 6504
object 28 53 right 6505
object 30 53 left 6086
object 30 53 right 6087
object 35 53 left 6075
object 35 53 right 6076
object 37 53 left 6088
object 37 53 right 6089
object 42 53 left 6498
object 42 53 right 6499
object 50 53 right 6397
object 54 53 right 6403
object 57 53 left 6155
object 57 53 right 6156
object 58 53 left 6149
object 58 53 right 6150
object 3 54 right 6402
object 16 54 left 6404
object 16 54 right 6405
object 28 54 left 6508
object 28 54 right 6509
object 42 54 left 6502
object 42 54 right 6503
object 49 54 left 6394
object 50 54 left 6395
object 50 54 right 6396
object 86 54 right 6420
object 2 55 left 6399
object 3 55 left 6400
object 3 55 right 6401
object 13 55 right 6409
object 17 55 right 6449
object 28 55 left 6516
object 28 55 right 6517
object 31 55 left 6079
object 33 55 left 6104
object 33 55 right 6103
object 34 55 left 6077
object 34 55 right 6078
object 37 55 right 6078
object 42 55 left 6500
object 42 55 right 6501
object 85 55 left 6417
object 85 55 right 6398
object 86 55 left 6418
object 86 55 right 6419
object 1 56 right 6398
object 13 56 left 6407
object 13 56 right 6408
object 17 56 left 6447
object 17 56 right 6448
object 28 56 left 6514
object 28 56 right 6515
object 32 56 left 6080
object 32 56 right 6081
object 33 56 left 6104
object 34 56 left 6100
object 42 56 left 6506
object 42 56 right 6507
object 1 57 right 6397
object 28 57 left 6508
object 28 57 right 6509
object 0 58 left 6394
object 1 58 left 6395
object 1 58 right 6396
object 28 58 left 6510
object 28 58 right 6511
object 31 58 left 6077
object 31 58 right 6078
object 35 58 left 6082
object 35 58 right 6083
object 69 58 left 6512
object 69 58 right 6513
object 28 59 left 6498
object 28 59 right 6499
object 33 59 right 6164
object 69 59 left 6504
object 69 59 right 6505
object 99 59 right 6403
object 8 60 left 6088
object 8 60 right 6089
object 9 60 left 6092
object 9 60 right 6093
object 28 60 left 6510
object 28 60 right 6511
object 30 60 left 6082
object 30 60 right 6083
object 32 60 left 6161
object 33 60 left 6162
object 33 60 right 6163
object 36 60 left 6075
object 36 60 right 6076
object 69 60 left 6143
object 69 60 right 6144
object 99 60 right 6402
object 8 61 right 6044
object 28 61 left 6498
object 28 61 right 6499
object 42 61 left 6514
object 42 61 right 6515
object 69 61 left 6512
object 69 61 right 6513
object 98 61 left 6399
object 99 61 left 6400
object 99 61 right 6401
object 8 62 right 6043
object 28 62 left 6508
object 28 62 right 6509
object 39 62 left 6077
object 39 62 right 6078
object 42 62 left 6504
object 42 62 right 6505
object 8 63 right 6042
object 28 63 left 6502
object 28 63 right 6503
object 32 63 right 6076
object 36 63 left 6079
object 42 63 left 6514
object 42 63 right 6515
object 53 63 right 6398
object 8 64 right 6041
object 17 64 right 6403
object 28 64 left 6512
object 28 64 right 6513
object 33 64 left 6092
object 33 64 right 6093
object 34 64 left 6094
object 34 64 right 6095
object 36 64 left 6080
object 36 64 right 6081
object 37 64 left 6096
object 37 64 right 6097
object 42 64 left 6516
object 42 64 right 6517
object 53 64 right 6397
object 65 64 right 6398
object 70 64 right 6398
object 8 65 right 6040
object 13 65 right 6403
object 17 65 right 6402
object 28 65 left 6516
object 28 65 right 6517
object 31 65 left 6080
object 31 65 right 6081
object 40 65 left 6084
object 40 65 right 6085
object 42 65 left 6514
object 42 65 right 6515
object 44 65 right 6398
object 52 65 left 6394
object 53 65 left 6395
object 53 65 right 6396
object 65 65 right 6397
object 70 65 right 6397
object 8 66 left 6038
object 8 66 right 6039
object 16 66 left 6399
object 17 66 left 6400
object 17 66 right 6401
object 28 66 left 6514
object 28 66 right 6515
object 42 66 left 6508
object 42 66 right 6509
object 44 66 right 6397
object 64 66 left 6394
object 65 66 left 6395
object 65 66 right 6396
object 69 66 left 6394
object 70 66 left 6395
object 70 66 right 6396
object 76 66 right 6186
object 96 66 right 6403
object 7 67 right 6037
object 20 67 right 6186
object 28 67 left 6155
object 28 67 right 6156
object 29 67 left 6123
object 29 67 right 6124
object 30 67 left 6127
object 30 67 right 6128
object 31 67 left 6129
object 31 67 right 6130
object 32 67 left 6125
object 32 67 right 6126
object 33 67 left 6147
object 33 67 right 6148
object 34 67 left 6139
object 34 67 right 6140
object 35 67 left 6141
object 35 67 right 6142
object 36 67 left 6121
object 36 67 right 6122
object 37 67 left 6123
object 37 67 right 6124
object 38 67 left 6141
object 38 67 right 6142
object 39 67 left 6143
object 39 67 right 6144
object 40 67 left 6145
object 40 67 right 6146
object 41 67 left 6147
object 41 67 right 6148
object 42 67 left 6149
object 42 67 right 6150
object 43 67 left 6394
object 44 67 left 6395
object 44 67 right 6396
object 64 67 left 6417
object 65 67 left 6418
object 65 67 right 6419
object 75 67 left 6183
object 76 67 left 6184
object 76 67 right 6185
object 96 67 right 6402
object 1 68 right 6420
object 2 68 left 6030
object 3 68 left 6031
object 4 68 left 6032
object 5 68 left 6033
object 6 68 left 6034
object 7 68 left 6035
object 7 68 right 6036
object 19 68 left 6183
object 20 68 left 6184
object 20 68 right 6185
object 95 68 left 6399
object 96 68 left 6400
object 96 68 right 6401
object 0 69 left 6417
object 1 69 left 6418
object 1 69 right 6419
object 17 69 right 6420
object 92 69 left 6512
object 92 69 right 6513
object 3 70 right 6398
object 7 70 left 6157
object 7 70 right 6158
object 16 70 left 6417
object 17 70 left 6418
object 17 70 right 6419
object 92 70 left 6143
object 92 70 right 6144
object 99 70 right 6420
object 3 71 right 6397
object 8 71 right 6420
object 98 71 left 6417
object 98 71 right 6398
object 99 71 left 6418
object 99 71 right 6419
object 2 72 left 6394
object 3 72 left 6395
object 3 72 right 6396
object 7 72 left 6417
object 8 72 left 6418
object 8 72 right 6419
object 98 72 right 6397
object 48 73 right 6398
object 97 73 left 6394
object 98 73 left 6395
object 98 73 right 6396
object 34 74 right 6398
object 36 74 right 6420
object 48 74 right 6397
object 34 75 right 6397
object 35 75 left 6417
object 36 75 left 6418
object 36 75 right 6419
object 47 75 left 6394
object 48 75 left 6395
object 48 75 right 6396
object 49 75 left 6157
object 49 75 right 6158
object 50 75 left 6102
object 51 75 right 6101
object 52 75 left 6104
object 52 75 right 6103
object 54 75 left 6102
object 78 75 right 6403
object 20 76 right 6398
object 33 76 left 6394
object 34 76 left 6395
object 34 76 right 6396
object 48 76 left 6096
object 48 76 right 6097
object 49 76 left 6098
object 49 76 right 6099
object 50 76 left 6100
object 50 76 right 6103
object 51 76 left 6104
object 51 76 right 6103
object 52 76 left 6104
object 52 76 right 6103
object 53 76 left 6100
object 76 76 right 6186
object 78 76 right 6402
object 88 76 left 6147
object 88 76 right 6148
object 89 76 left 6143
object 89 76 right 6144
object 90 76 left 6145
object 90 76 right 6146
object 91 76 left 6147
object 91 76 right 6148
object 92 76 left 6135
object 92 76 right 6136
object 4 77 right 6403
object 20 77 right 6397
object 52 77 left 6100
object 52 77 right 6103
object 53 77 left 6098
object 53 77 right 6099
object 66 77 right 6398
object 75 77 left 6183
object 76 77 left 6184
object 76 77 right 6185
object 77 77 left 6399
object 78 77 left 6400
object 78 77 right 6401
object 88 77 right 6509
object 90 77 left 6117
object 90 77 right 6118
object 91 77 left 6117
object 91 77 right 6118
object 92 77 left 6155
object 92 77 right 6156
object 93 77 left 6135
object 93 77 right 6136
object 19 78 left 6394
object 20 78 left 6395
object 20 78 right 6396
object 39 78 right 6403
object 66 78 right 6397
object 77 78 left 6502
object 77 78 right 6503
object 78 78 right 6140
object 79 78 left 6139
object 79 78 right 6140
object 80 78 left 6141
object 80 78 right 6142
object 81 78 left 6143
object 81 78 right 6144
object 82 78 left 6145
object 82 78 right 6146
object 83 78 left 6147
object 83 78 right 6148
object 84 78 left 6139
object 84 78 right 6140
object 85 78 left 6141
object 85 78 right 6142
object 86 78 left 6143
object 86 78 right 6144
object 87 78 left 6145
object 87 78 right 6146
object 88 78 left 6147
object 88 78 right 6148
object 91 78 right 6186
object 93 78 left 6157
object 93 78 right 6158
object 17 79 right 6403
object 29 79 right 6449
object 30 79 right 6403
object 39 79 right 6402
object 56 79 right 6403
object 65 79 left 6394
object 66 79 left 6395
object 66 79 right 6396
object 77 79 left 6500
object 77 79 right 6501
object 90 79 left 6183
object 91 79 left 6184
object 91 79 right 6185
object 93 79 left 6512
object 93 79 right 6513
object 1 80 right 6186
object 26 80 right 6409
object 29 80 left 6447
object 29 80 right 6448
object 38 80 left 6399
object 39 80 left 6400
object 39 80 right 6401
object 52 80 left 6098
object 52 80 right 6099
object 56 80 right 6402
object 77 80 left 6498
object 77 80 right 6499
object 79 80 right 6398
object 0 81 left 6183
object 1 81 left 6184
object 1 81 right 6185
object 26 81 left 6407
object 26 81 right 6408
object 54 81 left 6100
object 54 81 right 6103
object 55 81 left 6399
object 56 81 left 6400
object 56 81 right 6401
object 77 81 left 6512
object 77 81 right 6513
object 79 81 right 6397
object 1 82 right 6398
object 77 82 left 6510
object 77 82 right 6511
object 78 82 left 6394
object 79 82 left 6395
object 79 82 right 6396
object 93 82 right 6533
object 1 83 right 6397
object 53 83 right 6179
object 54 83 right 6179
object 55 83 right 6179
object 77 83 left 6504
object 77 83 right 6505
object 80 83 left 6105
object 80 83 right 6106
object 81 83 left 6105
object 81 83 right 6106
object 93 83 right 6532
object 0 84 left 6394
object 1 84 left 6395
object 1 84 right 6396
object 52 84 right 6168
object 53 84 left 6177
object 53 84 right 6178
object 54 84 left 6177
object 54 84 right 6178
object 55 84 left 6177
object 55 84 right 6178
object 63 84 left 6096
object 63 84 right 6097
object 77 84 left 6516
object 77 84 right 6517
object 78 84 left 6117
object 78 84 right 6118
object 93 84 left 6530
object 93 84 right 6531
object 36 85 right 6449
object 51 85 left 6165
object 52 85 left 6166
object 52 85 right 6167
object 55 85 left 6180
object 56 85 left 6181
object 56 85 right 6182
object 60 85 left 6075
object 60 85 right 6076
object 62 85 left 6080
object 62 85 right 6081
object 77 85 left 6514
object 77 85 right 6515
object 78 85 left 6105
object 78 85 right 6106
object 79 85 left 6107
object 79 85 right 6108
object 90 85 left 6526
object 91 85 left 6527
object 92 85 left 6528
object 92 85 right 6529
object 36 86 left 6447
object 36 86 right 6448
object 77 86 left 6137
object 77 86 right 6138
object 78 86 left 6139
object 78 86 right 6140
object 79 86 left 6153
object 79 86 right 6154
object 89 86 right 6525
object 90 86 left 6105
object 90 86 right 6106
object 99 86 right 6398
object 61 87 right 6403
object 79 87 left 6514
object 79 87 right 6515
object 89 87 left 6523
object 89 87 right 6524
object 92 87 left 6117
object 92 87 right 6118
object 93 87 left 6510
object 93 87 right 6511
object 97 87 right 6420
object 99 87 right 6397
object 79 88 left 6155
object 79 88 right 6156
object 80 88 left 6141
object 80 88 right 6142
object 88 88 right 6522
object 92 88 left 6117
object 92 88 right 6118
object 93 88 left 6516
object 93 88 right 6517
object 96 88 left 6417
object 97 88 left 6418
object 97 88 right 6419
object 98 88 left 6394
object 99 88 left 6395
object 99 88 right 6396
object 1 89 right 6403
object 3 89 right 6398
object 16 89 left 6090
object 16 89 right 6091
object 19 89 left 6098
object 19 89 right 6099
object 20 89 left 6094
object 20 89 right 6095
object 60 89 left 6077
object 60 89 right 6078
object 80 89 left 6155
object 80 89 right 6156
object 81 89 left 6141
object 81 89 right 6142
object 82 89 left 6121
object 82 89 right 6122
object 83 89 left 6123
object 83 89 right 6124
object 84 89 left 6139
object 84 89 right 6140
object 85 89 left 6153
object 85 89 right 6154
object 87 89 left 6519
object 88 89 left 6520
object 88 89 right 6521
object 90 89 left 6145
object 90 89 right 6146
object 91 89 left 6147
object 91 89 right 6148
object 92 89 left 6139
object 92 89 right 6140
object 93 89 left 6131
object 93 89 right 6132
object 1 90 right 6402
object 3 90 right 6397
object 19 90 right 6176
object 20 90 left 6092
object 20 90 right 6093
object 56 90 left 6079
object 58 90 left 6100
object 58 90 right 6103
object 60 90 left 6096
object 60 90 right 6097
object 85 90 left 6514
object 85 90 right 6515
object 88 90 left 6153
object 88 90 right 6154
object 89 90 left 6139
object 89 90 right 6140
object 90 90 left 6131
object 90 90 right 6132
object 99 90 right 6403
object 0 91 left 6399
object 1 91 left 6400
object 1 91 right 6401
object 2 91 left 6394
object 3 91 left 6395
object 3 91 right 6396
object 16 91 left 6102
object 18 91 left 6173
object 19 91 left 6174
object 19 91 right 6175
object 31 91 right 6420
object 88 91 left 6514
object 88 91 right 6515
object 99 91 right 6402
object 4 92 right 6403
object 19 92 left 6102
object 19 92 right 6403
object 30 92 left 6417
object 31 92 left 6418
object 31 92 right 6419
object 49 92 right 6398
object 98 92 left 6399
object 99 92 left 6400
object 99 92 right 6401
object 4 93 right 6420
object 13 93 left 6094
object 13 93 right 6095
object 19 93 right 6402
object 30 93 right 6403
object 49 93 right 6397
object 61 93 left 6075
object 61 93 right 6076
object 3 94 left 6417
object 4 94 left 6418
object 4 94 right 6419
object 17 94 right 6403
object 18 94 left 6399
object 18 94 right 6164
object 19 94 left 6400
object 19 94 right 6401
object 30 94 right 6402
object 48 94 left 6394
object 49 94 left 6395
object 49 94 right 6396
object 60 94 left 6080
object 60 94 right 6081
object 77 94 right 6403
object 17 95 left 6161
object 18 95 left 6162
object 18 95 right 6163
object 29 95 left 6399
object 30 95 left 6400
object 30 95 right 6401
object 35 95 right 6398
object 51 95 right 6420
object 55 95 left 6098
object 55 95 right 6099
object 64 95 right 6398
object 77 95 right 6402
object 17 96 right 6403
object 22 96 right 6420
object 29 96 right 6420
object 35 96 right 6397
object 50 96 left 6417
object 51 96 left 6418
object 51 96 right 6419
object 56 96 left 6077
object 56 96 right 6078
object 64 96 right 6397
object 76 96 left 6399
object 77 96 left 6400
object 77 96 right 6401
object 79 96 right 6420
object 95 96 right 6403
object 4 97 right 6403
object 6 97 right 6398
object 17 97 right 6402
object 20 97 right 6398
object 21 97 left 6417
object 22 97 left 6418
object 22 97 right 6419
object 24 97 right 6186
object 28 97 left 6417
object 29 97 left 6418
object 29 97 right 6419
object 34 97 left 6394
object 35 97 left 6395
object 35 97 right 6396
object 37 97 right 6186
object 40 97 right 6403
object 50 97 right 6186
object 52 97 right 6403
object 54 97 left 6080
object 54 97 right 6081
object 56 97 right 6402
object 62 97 right 6398
object 63 97 left 6394
object 64 97 left 6395
object 64 97 right 6396
object 72 97 right 6403
object 78 97 left 6417
object 79 97 left 6418
object 79 97 right 6419
object 83 97 right 6398
object 95 97 right 6402
object 2 98 right 6186
object 4 98 right 6402
object 6 98 right 6397
object 16 98 left 6399
object 17 98 left 6400
object 17 98 right 6401
object 20 98 right 6397
object 23 98 left 6183
object 24 98 left 6184
object 24 98 right 6185
object 29 98 right 6397
object 36 98 left 6183
object 37 98 left 6184
object 37 98 right 6185
object 40 98 right 6402
object 49 98 left 6183
object 50 98 left 6184
object 50 98 right 6185
object 52 98 right 6402
object 55 98 left 6399
object 56 98 left 6400
object 56 98 right 6401
object 62 98 right 6397
object 64 98 right 6186
object 72 98 right 6402
object 83 98 right 6397
object 94 98 left 6399
object 95 98 left 6400
object 95 98 right 6401
object 1 99 left 6183
object 2 99 left 6184
object 2 99 right 6185
object 3 99 left 6399
object 4 99 left 6400
object 4 99 right 6401
object 5 99 left 6394
object 6 99 left 6395
object 6 99 right 6396
object 19 99 left 6394
object 20 99 left 6395
object 20 99 right 6396
object 28 99 left 6394
object 29 99 left 6395
object 29 99 right 6396
object 39 99 left 6399
object 40 99 left 6400
object 40 99 right 6401
object 51 99 left 6399
object 52 99 left 6400
object 52 99 right 6401
object 61 99 left 6394
object 62 99 left 6395
object 62 99 right 6396
object 63 99 left 6183
object 64 99 left 6184
object 64 99 right 6185
object 71 99 left 6399
object 72 99 left 6400
object 72 99 right 6401
object 82 99 left 6394
object 83 99 left 6395
object 83 99 right 6396
