# lod20811 — tools/dat-extract layout 이 만든다. 손으로 고치지 말 것.
size 100 100
blocked
####################################################################################################
####################################################################################################
##########################################################.##########################.........######
#######################################################......#######################...........#####
######################################################........#####################.............####
#############.....############..#####################..........####################..............###
############......############...####################...........###################...............##
###########.......############....###################............##################................#
###########......#############....##################.............#################.................#
###########......###########......#################..............################.........##.......#
###########........#######........#############..........##......###############......######.......#
###########........######.........############...........##......##############.......####.........#
############.......####...........############..........####.....#############..........##.........#
#############......................###########..........####......############..........##.........#
##############......................##########...........##........###########.........##..........#
###############......................#########...........##.........##########.......####..........#
###############.......................#######........................#########.......##............#
###############.......................######..........................#######.......##.............#
################......................#####...........................######........##.............#
################......................#####...........................#####........................#
###############.....##................#####.............######.....................................#
##############......##...............######.............#######...................................##
#############......####.............#######.............########.................................###
############.......####............#######..............#########................................###
###########.........##.............######...............##########...............................###
###########.........##.............#####.................#########.......######..................###
###########..........##............#####..................########.......######..................###
###########..........##............#####...................#######......#########................###
###########.........##.............#####....................######.....##########...............####
##############......##............######....................#####......##########..............#####
##############.......##..........#######....................####......###########.............######
##############.......##.........#########...................###.......############...........#######
##############......##..........##########..................###.........##########...........#######
##############......##..........###########.................###.........##########...........#######
##############.......##.........############................###..........#########...........#######
##############.......##.........############................###..........#########...........#######
##############......####.......#############................###............#####.............#######
#############.......####......##############...............#####.............................#######
############.........##.......##############.....##.......#######............................#######
###########..........##.......##############.....##.......############.......................#######
##########....................##############......##......#############.......................######
##########.....................#############......##......##############.......................#####
##########......................############.......##......##############.......................####
##########.......................############......##.......##############.......................###
##########........................############.....##........#############........................##
##########........................#############....####.......############.........................#
#########.........................#############......##...........########.........................#
########..........................#############.......##...........#######.........................#
########.........................##############.......##............#######........................#
#########.......................################.......##............#######.......#######.........#
##########...................####################......####...........#######.....#########........#
##########..................######################.......##............#####################.......#
###########................########################........##..........######################.....##
###########................########################........##..........#############################
###########................########################.........##.........#############################
###########................########################.........##.........##########......#############
##########................#########################........##..........#########........############
##########...............##########################........##.........#########..........###########
########.................##########################.........##.......##########................#####
#######..................###########..#############.........##.......##########.................####
######...................##########....############..................##########..................###
####....................##########......############.................##########........##.........##
####...................##########........############................##########........##..........#
####...............##############........#############................#########.......####.........#
####..............###############........#############.................#######........####.........#
######...........################........#################..............#####........##............#
#######..........###############.............#############...........................##............#
#######..........##############...............############...........................##...........##
########.........#############.................###########.........................######........###
#########........########............##.........###########........................##..##.......####
#########.........######.............####.......############.................##..####..........#####
########...........####..........########.......##############.............##########..........#####
########.......................##########.......###############............##..##..............#####
########.......................############......###############...............................#####
########.......................############.......###############..............................#####
########.......................###########.........###############.............................#####
########......................############..........##############.............................#####
#######.......................##########.............############..............................#####
#######........................#########.............###########...............................#####
###............................#######...................#######..............................######
###...............................####....................#####..............................#######
###...............................##........................................................########
###..................####............................##...............................##############
###.................######.........................####..............................###############
###................########........................####.............................################
###................########..........................####......##...................################
##.................########............................############.................################
#..................########..............................######..##.................################
#..................#######.................................##.......................################
#..................######..................................##.......................################
#..................######...........................................................################
#...................#####...........................................................################
#....................####...........................................................################
#....................###.....................#####..................................################
#....................####...................#######.................................################
#...................######..............############................................################
##.................########............##################..........#######.........#################
#######............#########..........####################........#########.......##################
########..........###########........######################......###########.....###################
####################################################################################################
floor
3784 3781 3782 3783 3784 3787 3755 3756 3757 3758 3759 3760 3763 3764 3765 3766 3767 3785 3753 3754 3750 3751 3752 3753 3754 3751 3752 3753 3754 3763 3764 3765 3766 3769 3770 3771 3772 3773 3759 3760 3756 3757 3758 3759 3760 3757 3758 3759 3760 3769 3770 3771 3772 3775 3776 3777 3778 3779 3780 3762 3776 3777 3778 3761 3762 3763 3764 3765 3766 3762 3763 3764 3765 3766 3754 3757 3758 3759 3760 3761 3779 3783 3784 3753 3754 3750 3751 3752 3753 3754 3751 3752 3753 3754 3763 3764 3765 3766 3769 3770
3751 3752 3753 3754 3751 3752 3753 3754 3763 3764 3765 3766 3769 3770 3771 3772 3773 3774 3759 3760 3756 3757 3758 3759 3760 3757 3758 3759 3760 3769 3770 3771 3772 3775 3776 3777 3778 3779 3765 3766 3762 3763 3764 3765 3766 3763 3764 3765 3766 3775 3776 3777 3778 3781 3782 3783 3784 3785 3786 3768 3781 3782 3783 3784 3781 3782 3783 3784 3787 3755 3756 3757 3758 3759 3760 3763 3764 3765 3766 3767 3785 3750 3751 3759 3760 3756 3757 3758 3759 3760 3757 3758 3759 3760 3769 3770 3771 3772 3775 3776
3757 3758 3759 3760 3757 3758 3759 3760 3769 3770 3771 3772 3775 3776 3777 3778 3779 3780 3765 3766 3762 3763 3764 3765 3766 3763 3764 3765 3766 3775 3776 3777 3778 3781 3782 3783 3784 3785 3771 3772 3768 3769 3770 3771 3772 3769 3770 3771 3772 3781 3782 3783 3784 3753 3754 3750 3751 3752 3753 3774 3753 3754 3750 3751 3752 3753 3754 3751 3752 3753 3754 3763 3764 3765 3766 3769 3770 3771 3772 3773 3774 3756 3757 3765 3766 3762 3763 3764 3765 3766 3763 3764 3765 3766 3775 3776 3777 3778 3781 3782
3763 3764 3765 3766 3763 3764 3765 3766 3775 3776 3777 3778 3781 3782 3783 3784 3785 3786 3771 3772 3768 3769 3770 3771 3772 3769 3770 3771 3772 3781 3782 3783 3784 3753 3754 3750 3751 3752 3777 3778 3774 3775 3776 3777 3778 3775 3776 3777 3778 3787 3788 3789 3790 3759 3760 3756 3757 3758 3759 3780 3759 3760 3756 3757 3758 3759 3760 3757 3758 3759 3760 3769 3770 3771 3772 3775 3776 3777 3778 3779 3780 3762 3763 3771 3772 3768 3769 3770 3771 3772 3769 3770 3771 3772 3781 3782 3783 3784 3753 3754
3769 3770 3771 3772 3769 3770 3771 3772 3781 3782 3783 3784 3753 3754 3750 3751 3752 3753 3777 3778 3774 3775 3776 3777 3778 3775 3776 3777 3778 3787 3788 3789 3790 3759 3760 3756 3757 3758 3783 3784 3780 3781 3782 3783 3784 3754 3782 3783 3784 3761 3762 3763 3764 3765 3766 3762 3763 3764 3765 3786 3765 3766 3762 3763 3764 3765 3766 3763 3764 3765 3766 3775 3776 3777 3778 3781 3782 3783 3784 3785 3786 3768 3769 3777 3778 3774 3775 3776 3777 3778 3775 3776 3777 3778 3787 3788 3789 3790 3759 3760
3775 3776 3777 3778 3775 3776 3777 3778 3787 3788 3789 3790 3759 3760 3756 3757 3758 3759 3783 3784 3780 3781 3782 3783 3784 3754 3782 3783 3784 3761 3762 3763 3764 3765 3766 3762 3763 3764 3789 3790 3786 3787 3788 3789 3790 3760 3788 3789 3790 3767 3768 3769 3770 3771 3772 3768 3769 3770 3771 3761 3771 3772 3768 3769 3770 3771 3772 3769 3770 3771 3772 3781 3782 3783 3784 3753 3754 3750 3751 3752 3753 3774 3775 3783 3784 3780 3781 3782 3783 3784 3754 3782 3783 3784 3761 3762 3763 3764 3765 3766
3781 3782 3783 3784 3754 3782 3783 3784 3761 3762 3763 3764 3765 3766 3762 3763 3764 3765 3789 3790 3786 3787 3788 3789 3790 3760 3788 3789 3790 3767 3768 3769 3770 3771 3772 3768 3769 3770 3758 3759 3761 3762 3763 3764 3765 3766 3751 3752 3753 3754 3774 3775 3776 3777 3778 3774 3775 3776 3777 3767 3777 3778 3774 3775 3776 3777 3778 3775 3776 3777 3778 3787 3788 3789 3790 3759 3760 3756 3757 3758 3759 3780 3781 3789 3790 3786 3787 3788 3789 3790 3760 3788 3789 3790 3767 3768 3769 3770 3771 3772
3787 3788 3789 3790 3760 3788 3789 3790 3767 3768 3769 3770 3771 3772 3768 3769 3770 3771 3758 3759 3761 3762 3763 3764 3765 3766 3751 3752 3753 3754 3774 3775 3776 3777 3778 3774 3775 3776 3764 3765 3767 3768 3769 3770 3771 3772 3757 3758 3759 3760 3780 3781 3782 3783 3784 3780 3781 3782 3783 3773 3783 3784 3780 3781 3782 3783 3784 3754 3782 3783 3784 3761 3762 3763 3764 3765 3766 3762 3763 3764 3765 3786 3787 3758 3759 3761 3762 3763 3764 3765 3766 3751 3752 3753 3754 3774 3775 3776 3777 3778
3762 3763 3764 3765 3766 3751 3752 3753 3754 3774 3775 3776 3777 3778 3774 3775 3776 3777 3764 3765 3767 3768 3769 3770 3771 3772 3757 3758 3759 3760 3780 3781 3782 3783 3784 3780 3781 3782 3770 3771 3773 3774 3775 3776 3777 3778 3763 3764 3765 3766 3786 3787 3788 3789 3790 3786 3787 3788 3789 3779 3789 3790 3786 3787 3788 3789 3790 3760 3788 3789 3790 3767 3768 3769 3770 3771 3772 3768 3769 3770 3771 3761 3762 3764 3765 3767 3768 3769 3770 3771 3772 3757 3758 3759 3760 3780 3781 3782 3783 3784
3768 3769 3770 3771 3772 3757 3758 3759 3760 3780 3781 3782 3783 3784 3780 3781 3782 3783 3770 3771 3773 3774 3775 3776 3777 3778 3763 3764 3765 3766 3786 3787 3788 3789 3790 3786 3787 3788 3776 3777 3779 3780 3781 3782 3783 3784 3769 3770 3771 3772 3755 3756 3757 3758 3759 3760 3756 3757 3758 3785 3758 3759 3761 3762 3763 3764 3765 3766 3751 3752 3753 3754 3774 3775 3776 3777 3778 3774 3775 3776 3777 3767 3768 3770 3771 3773 3774 3775 3776 3777 3778 3763 3764 3765 3766 3786 3787 3788 3789 3790
3774 3775 3776 3777 3778 3763 3764 3765 3766 3786 3787 3788 3789 3790 3786 3787 3788 3789 3776 3777 3779 3780 3781 3782 3783 3784 3769 3770 3771 3772 3755 3756 3757 3758 3759 3760 3756 3757 3782 3783 3785 3786 3787 3788 3789 3790 3775 3776 3777 3778 3761 3762 3763 3764 3765 3766 3762 3763 3764 3750 3764 3765 3767 3768 3769 3770 3771 3772 3757 3758 3759 3760 3780 3781 3782 3783 3784 3780 3781 3782 3783 3773 3774 3776 3777 3779 3780 3781 3782 3783 3784 3769 3770 3771 3772 3755 3756 3757 3758 3759
3780 3781 3782 3783 3784 3769 3770 3771 3772 3755 3756 3757 3758 3759 3760 3756 3757 3758 3782 3783 3785 3786 3787 3788 3789 3790 3775 3776 3777 3778 3761 3762 3763 3764 3765 3766 3762 3763 3788 3789 3790 3757 3758 3759 3779 3780 3781 3782 3783 3784 3767 3768 3769 3770 3771 3772 3768 3769 3770 3756 3770 3771 3773 3774 3775 3776 3777 3778 3763 3764 3765 3766 3786 3787 3788 3789 3790 3786 3787 3788 3789 3779 3780 3782 3783 3785 3786 3787 3788 3789 3790 3775 3776 3777 3778 3761 3762 3763 3764 3765
3786 3787 3788 3789 3790 3775 3776 3777 3778 3761 3762 3763 3764 3765 3766 3762 3763 3764 3788 3789 3790 3757 3758 3759 3779 3780 3781 3782 3783 3784 3767 3768 3769 3770 3771 3772 3768 3769 3764 3765 3766 3763 3764 3765 3785 3786 3787 3788 3789 3790 3773 3774 3775 3776 3777 3778 3774 3775 3776 3762 3776 3777 3779 3780 3781 3782 3783 3784 3769 3770 3771 3772 3755 3756 3757 3758 3759 3760 3756 3757 3758 3785 3786 3788 3789 3790 3757 3758 3759 3779 3780 3781 3782 3783 3784 3767 3768 3769 3770 3771
3757 3758 3759 3779 3780 3781 3782 3783 3784 3767 3768 3769 3770 3771 3772 3768 3769 3770 3764 3765 3766 3763 3764 3765 3785 3786 3787 3788 3789 3790 3773 3774 3775 3776 3777 3778 3774 3775 3770 3771 3772 3769 3770 3771 3772 3762 3763 3764 3765 3766 3779 3780 3781 3782 3783 3784 3780 3781 3782 3768 3782 3783 3785 3786 3787 3788 3789 3790 3775 3776 3777 3778 3761 3762 3763 3764 3765 3766 3762 3763 3764 3750 3751 3764 3765 3766 3763 3764 3765 3785 3786 3787 3788 3789 3790 3773 3774 3775 3776 3777
3763 3764 3765 3785 3786 3787 3788 3789 3790 3773 3774 3775 3776 3777 3778 3774 3775 3776 3770 3771 3772 3769 3770 3771 3772 3762 3763 3764 3765 3766 3779 3780 3781 3782 3783 3784 3780 3781 3776 3777 3778 3775 3776 3777 3778 3768 3769 3770 3771 3772 3785 3786 3787 3788 3789 3790 3786 3787 3788 3774 3788 3789 3790 3757 3758 3759 3779 3780 3781 3782 3783 3784 3767 3768 3769 3770 3771 3772 3768 3769 3770 3756 3757 3770 3771 3772 3769 3770 3771 3772 3762 3763 3764 3765 3766 3779 3780 3781 3782 3783
3769 3770 3771 3772 3762 3763 3764 3765 3766 3779 3780 3781 3782 3783 3784 3780 3781 3782 3776 3777 3778 3775 3776 3777 3778 3768 3769 3770 3771 3772 3785 3786 3787 3788 3789 3790 3786 3787 3782 3783 3784 3781 3782 3783 3784 3774 3775 3776 3777 3778 3755 3756 3757 3758 3759 3760 3757 3758 3759 3780 3764 3765 3766 3763 3764 3765 3785 3786 3787 3788 3789 3790 3773 3774 3775 3776 3777 3778 3774 3775 3776 3762 3763 3776 3777 3778 3775 3776 3777 3778 3768 3769 3770 3771 3772 3785 3786 3787 3788 3789
3775 3776 3777 3778 3768 3769 3770 3771 3772 3785 3786 3787 3788 3789 3790 3786 3787 3788 3782 3783 3784 3781 3782 3783 3784 3774 3775 3776 3777 3778 3755 3756 3757 3758 3759 3760 3757 3758 3788 3789 3764 3765 3766 3786 3787 3788 3789 3790 3786 3787 3788 3789 3790 3754 3783 3784 3785 3786 3787 3749 3767 3771 3772 3769 3770 3771 3772 3762 3763 3764 3765 3766 3779 3780 3781 3782 3783 3784 3780 3781 3782 3768 3769 3782 3783 3784 3781 3782 3783 3784 3774 3775 3776 3777 3778 3755 3756 3757 3758 3759
3781 3782 3783 3784 3774 3775 3776 3777 3778 3755 3756 3757 3758 3759 3760 3757 3758 3759 3788 3789 3790 3787 3788 3789 3790 3780 3781 3782 3783 3784 3761 3762 3763 3764 3765 3766 3763 3764 3787 3749 3770 3771 3772 3755 3756 3757 3758 3759 3760 3756 3757 3758 3759 3760 3789 3790 3752 3753 3754 3755 3773 3777 3778 3775 3776 3777 3778 3768 3769 3770 3771 3772 3785 3786 3787 3788 3789 3790 3786 3787 3788 3774 3775 3788 3789 3790 3787 3788 3789 3790 3780 3781 3782 3783 3784 3761 3762 3763 3764 3765
3787 3788 3789 3790 3780 3781 3782 3783 3784 3761 3762 3763 3764 3765 3766 3763 3764 3765 3787 3749 3750 3751 3752 3754 3785 3786 3787 3788 3789 3790 3767 3768 3769 3770 3771 3772 3765 3766 3754 3755 3776 3777 3778 3761 3762 3763 3764 3765 3766 3762 3763 3764 3765 3766 3754 3757 3758 3759 3760 3761 3779 3783 3784 3781 3782 3783 3784 3774 3775 3776 3777 3778 3755 3756 3757 3758 3759 3760 3757 3758 3759 3780 3781 3787 3749 3750 3751 3752 3754 3785 3786 3787 3788 3789 3790 3767 3768 3769 3770 3771
3751 3752 3754 3785 3786 3787 3788 3789 3790 3767 3768 3769 3770 3771 3772 3765 3766 3763 3754 3755 3756 3757 3758 3760 3757 3758 3759 3760 3750 3751 3773 3774 3775 3776 3777 3778 3771 3772 3760 3761 3781 3782 3783 3784 3781 3782 3783 3784 3787 3755 3756 3757 3758 3759 3760 3763 3764 3765 3766 3767 3785 3750 3751 3752 3753 3789 3790 3780 3781 3782 3783 3784 3761 3762 3763 3764 3765 3766 3763 3764 3765 3764 3765 3766 3786 3787 3788 3789 3790 3786 3787 3788 3789 3790 3754 3783 3784 3785 3786 3787
3757 3758 3760 3757 3758 3759 3760 3750 3751 3773 3774 3775 3776 3777 3778 3771 3772 3769 3760 3761 3762 3763 3764 3766 3763 3764 3765 3766 3756 3757 3779 3780 3781 3782 3783 3784 3777 3778 3766 3767 3753 3754 3750 3751 3752 3753 3754 3751 3752 3753 3754 3763 3764 3765 3766 3769 3770 3771 3772 3773 3764 3765 3766 3786 3787 3788 3789 3790 3786 3787 3788 3789 3790 3754 3783 3784 3785 3786 3787 3749 3767 3770 3771 3772 3755 3756 3757 3758 3759 3760 3756 3757 3758 3759 3760 3789 3790 3752 3753 3754
3763 3764 3766 3763 3764 3765 3766 3756 3757 3779 3780 3781 3782 3783 3784 3777 3778 3775 3766 3767 3768 3769 3770 3772 3769 3770 3771 3772 3762 3763 3785 3786 3787 3788 3789 3790 3783 3784 3772 3773 3759 3760 3756 3757 3758 3759 3760 3757 3758 3759 3760 3769 3770 3771 3772 3775 3776 3777 3778 3779 3770 3771 3772 3755 3756 3757 3758 3759 3760 3756 3757 3758 3759 3760 3789 3790 3752 3753 3754 3755 3773 3776 3777 3778 3761 3762 3763 3764 3765 3766 3762 3763 3764 3765 3766 3754 3757 3758 3759 3760
3786 3787 3788 3789 3790 3786 3787 3788 3789 3790 3754 3783 3784 3785 3786 3787 3749 3767 3771 3772 3769 3770 3776 3778 3775 3776 3777 3778 3768 3769 3770 3771 3772 3750 3751 3752 3750 3751 3778 3779 3765 3766 3762 3763 3764 3765 3766 3763 3764 3765 3766 3775 3776 3777 3778 3781 3782 3783 3784 3785 3776 3777 3778 3761 3762 3763 3764 3765 3766 3762 3763 3764 3765 3766 3754 3757 3758 3759 3760 3761 3779 3781 3782 3783 3784 3781 3782 3783 3784 3787 3755 3756 3757 3758 3759 3760 3763 3764 3765 3766
3755 3756 3757 3758 3759 3760 3756 3757 3758 3759 3760 3789 3790 3752 3753 3754 3755 3764 3765 3766 3786 3787 3788 3789 3790 3786 3787 3788 3789 3790 3754 3783 3784 3785 3786 3787 3749 3767 3771 3772 3771 3772 3768 3769 3770 3771 3772 3769 3770 3771 3772 3781 3782 3783 3784 3753 3754 3750 3751 3752 3781 3782 3783 3784 3781 3782 3783 3784 3787 3755 3756 3757 3758 3759 3760 3763 3764 3765 3766 3767 3785 3753 3754 3750 3751 3752 3753 3754 3751 3752 3753 3754 3763 3764 3765 3766 3769 3770 3771 3772
3761 3762 3763 3764 3765 3766 3762 3763 3764 3765 3766 3754 3757 3758 3759 3760 3761 3770 3771 3772 3755 3756 3757 3758 3759 3760 3756 3757 3758 3759 3760 3789 3790 3752 3753 3754 3755 3773 3777 3778 3777 3778 3774 3775 3776 3777 3778 3775 3776 3777 3778 3787 3788 3789 3790 3759 3760 3756 3757 3758 3753 3754 3750 3751 3752 3753 3754 3751 3752 3753 3754 3763 3764 3765 3766 3769 3770 3771 3772 3773 3774 3759 3760 3756 3757 3758 3759 3760 3757 3758 3759 3760 3769 3770 3771 3772 3775 3776 3777 3778
3784 3781 3782 3783 3784 3787 3755 3756 3757 3758 3759 3760 3763 3764 3765 3766 3767 3776 3777 3778 3761 3762 3763 3764 3765 3766 3762 3763 3764 3765 3766 3754 3757 3758 3759 3760 3761 3779 3783 3784 3783 3784 3780 3781 3782 3783 3784 3754 3782 3783 3784 3761 3762 3763 3764 3765 3766 3762 3763 3764 3759 3760 3756 3757 3758 3759 3760 3757 3758 3759 3760 3769 3770 3771 3772 3775 3776 3777 3778 3779 3780 3765 3766 3762 3763 3764 3765 3766 3763 3764 3765 3766 3775 3776 3777 3778 3781 3782 3783 3784
3751 3752 3753 3754 3751 3752 3753 3754 3763 3764 3765 3766 3769 3770 3771 3772 3773 3781 3782 3783 3784 3781 3782 3783 3784 3787 3755 3756 3757 3758 3759 3760 3763 3764 3765 3766 3767 3785 3750 3751 3789 3790 3786 3787 3788 3789 3790 3760 3788 3789 3790 3767 3768 3769 3770 3771 3772 3768 3769 3770 3765 3766 3762 3763 3764 3765 3766 3763 3764 3765 3766 3775 3776 3777 3778 3781 3782 3783 3784 3785 3786 3771 3772 3768 3769 3770 3771 3772 3769 3770 3771 3772 3781 3782 3783 3784 3753 3754 3750 3751
3757 3758 3759 3760 3757 3758 3759 3760 3769 3770 3771 3772 3775 3776 3777 3778 3779 3753 3754 3750 3751 3752 3753 3754 3751 3752 3753 3754 3763 3764 3765 3766 3769 3770 3771 3772 3773 3774 3756 3757 3758 3759 3761 3762 3763 3764 3765 3766 3751 3752 3753 3754 3774 3775 3776 3777 3778 3774 3775 3776 3771 3772 3768 3769 3770 3771 3772 3769 3770 3771 3772 3781 3782 3783 3784 3753 3754 3750 3751 3752 3753 3777 3778 3774 3775 3776 3777 3778 3775 3776 3777 3778 3787 3788 3789 3790 3759 3760 3756 3757
3763 3764 3765 3766 3763 3764 3765 3766 3775 3776 3777 3778 3781 3782 3783 3784 3785 3759 3760 3756 3757 3758 3759 3760 3757 3758 3759 3760 3769 3770 3771 3772 3775 3776 3777 3778 3779 3780 3762 3763 3764 3765 3767 3768 3769 3770 3771 3772 3757 3758 3759 3760 3780 3781 3782 3783 3784 3780 3781 3782 3777 3778 3774 3775 3776 3777 3778 3775 3776 3777 3778 3787 3788 3789 3790 3759 3760 3756 3757 3758 3759 3783 3784 3780 3781 3782 3783 3784 3754 3782 3783 3784 3761 3762 3763 3764 3765 3766 3762 3763
3769 3770 3771 3772 3769 3770 3771 3772 3781 3782 3783 3784 3753 3754 3750 3751 3752 3765 3766 3762 3763 3764 3765 3766 3763 3764 3765 3766 3775 3776 3777 3778 3781 3782 3783 3784 3785 3786 3768 3769 3770 3771 3773 3774 3775 3776 3777 3778 3763 3764 3765 3766 3786 3787 3788 3789 3790 3786 3787 3788 3783 3784 3780 3781 3782 3783 3784 3754 3782 3783 3784 3761 3762 3763 3764 3765 3766 3762 3763 3764 3765 3789 3790 3786 3787 3788 3789 3790 3760 3788 3789 3790 3767 3768 3769 3770 3771 3772 3768 3769
3775 3776 3777 3778 3775 3776 3777 3778 3787 3788 3789 3790 3759 3760 3756 3757 3758 3771 3772 3768 3769 3770 3771 3772 3769 3770 3771 3772 3781 3782 3783 3784 3753 3754 3750 3751 3752 3753 3774 3775 3776 3777 3779 3780 3781 3782 3783 3784 3769 3770 3771 3772 3755 3756 3757 3758 3759 3760 3756 3757 3789 3790 3786 3787 3788 3789 3790 3760 3788 3789 3790 3767 3768 3769 3770 3771 3772 3768 3769 3770 3771 3758 3759 3761 3762 3763 3764 3765 3766 3751 3752 3753 3754 3774 3775 3776 3777 3778 3774 3775
3781 3782 3783 3784 3754 3782 3783 3784 3761 3762 3763 3764 3765 3766 3762 3763 3764 3777 3778 3774 3775 3776 3777 3778 3775 3776 3777 3778 3787 3788 3789 3790 3759 3760 3756 3757 3758 3759 3780 3781 3782 3783 3785 3786 3787 3788 3789 3790 3775 3776 3777 3778 3761 3762 3763 3764 3765 3766 3762 3763 3758 3759 3761 3762 3763 3764 3765 3766 3751 3752 3753 3754 3774 3775 3776 3777 3778 3774 3775 3776 3777 3764 3765 3767 3768 3769 3770 3771 3772 3757 3758 3759 3760 3780 3781 3782 3783 3784 3780 3781
3787 3788 3789 3790 3760 3788 3789 3790 3767 3768 3769 3770 3771 3772 3768 3769 3770 3783 3784 3780 3781 3782 3783 3784 3754 3782 3783 3784 3761 3762 3763 3764 3765 3766 3762 3763 3764 3765 3786 3787 3788 3789 3790 3757 3758 3759 3779 3780 3781 3782 3783 3784 3767 3768 3769 3770 3771 3772 3768 3769 3764 3765 3767 3768 3769 3770 3771 3772 3757 3758 3759 3760 3780 3781 3782 3783 3784 3780 3781 3782 3783 3770 3771 3773 3774 3775 3776 3777 3778 3763 3764 3765 3766 3786 3787 3788 3789 3790 3786 3787
3762 3763 3764 3765 3766 3751 3752 3753 3754 3774 3775 3776 3777 3778 3774 3775 3776 3789 3790 3786 3787 3788 3789 3790 3760 3788 3789 3790 3767 3768 3769 3770 3771 3772 3768 3769 3770 3771 3761 3762 3764 3765 3766 3763 3764 3765 3785 3786 3787 3788 3789 3790 3773 3774 3775 3776 3777 3778 3774 3775 3770 3771 3773 3774 3775 3776 3777 3778 3763 3764 3765 3766 3786 3787 3788 3789 3790 3786 3787 3788 3789 3776 3777 3779 3780 3781 3782 3783 3784 3769 3770 3771 3772 3755 3756 3757 3758 3759 3760 3756
3768 3769 3770 3771 3772 3757 3758 3759 3760 3780 3781 3782 3783 3784 3780 3781 3782 3758 3759 3761 3762 3763 3764 3765 3766 3751 3752 3753 3754 3774 3775 3776 3777 3778 3774 3775 3776 3777 3767 3768 3770 3771 3772 3769 3770 3771 3772 3762 3763 3764 3765 3766 3779 3780 3781 3782 3783 3784 3780 3781 3776 3777 3779 3780 3781 3782 3783 3784 3769 3770 3771 3772 3755 3756 3757 3758 3759 3760 3756 3757 3758 3782 3783 3785 3786 3787 3788 3789 3790 3775 3776 3777 3778 3761 3762 3763 3764 3765 3766 3762
3774 3775 3776 3777 3778 3763 3764 3765 3766 3786 3787 3788 3789 3790 3786 3787 3788 3764 3765 3767 3768 3769 3770 3771 3772 3757 3758 3759 3760 3780 3781 3782 3783 3784 3780 3781 3782 3783 3773 3774 3776 3777 3778 3775 3776 3777 3778 3768 3769 3770 3771 3772 3785 3786 3787 3788 3789 3790 3786 3787 3782 3783 3785 3786 3787 3788 3789 3790 3775 3776 3777 3778 3761 3762 3763 3764 3765 3766 3762 3763 3764 3788 3789 3790 3757 3758 3759 3779 3780 3781 3782 3783 3784 3767 3768 3769 3770 3771 3772 3768
3780 3781 3782 3783 3784 3769 3770 3771 3772 3755 3756 3757 3758 3759 3760 3756 3757 3770 3771 3773 3774 3775 3776 3777 3778 3763 3764 3765 3766 3786 3787 3788 3789 3790 3786 3787 3788 3789 3779 3780 3782 3783 3784 3781 3782 3783 3784 3774 3775 3776 3777 3778 3755 3756 3757 3758 3759 3760 3757 3758 3788 3789 3790 3757 3758 3759 3779 3780 3781 3782 3783 3784 3767 3768 3769 3770 3771 3772 3768 3769 3770 3764 3765 3766 3763 3764 3765 3785 3786 3787 3788 3789 3790 3773 3774 3775 3776 3777 3778 3774
3786 3787 3788 3789 3790 3775 3776 3777 3778 3761 3762 3763 3764 3765 3766 3762 3763 3776 3777 3779 3780 3781 3782 3783 3784 3769 3770 3771 3772 3755 3756 3757 3758 3759 3760 3756 3757 3758 3785 3786 3788 3789 3790 3787 3788 3789 3790 3780 3781 3782 3783 3784 3761 3762 3763 3764 3765 3766 3763 3764 3764 3765 3766 3763 3764 3765 3785 3786 3787 3788 3789 3790 3773 3774 3775 3776 3777 3778 3774 3775 3776 3770 3771 3772 3769 3770 3771 3772 3762 3763 3764 3765 3766 3779 3780 3781 3782 3783 3784 3780
3757 3758 3759 3779 3780 3781 3782 3783 3784 3767 3768 3769 3770 3771 3772 3768 3769 3782 3783 3785 3786 3787 3788 3789 3790 3775 3776 3777 3778 3761 3762 3763 3764 3765 3766 3762 3763 3764 3750 3751 3787 3749 3750 3751 3752 3754 3785 3786 3787 3788 3789 3790 3767 3768 3769 3770 3771 3772 3765 3766 3770 3771 3772 3769 3770 3771 3772 3762 3763 3764 3765 3766 3779 3780 3781 3782 3783 3784 3780 3781 3782 3776 3777 3778 3775 3776 3777 3778 3768 3769 3770 3771 3772 3785 3786 3787 3788 3789 3790 3786
3763 3764 3765 3785 3786 3787 3788 3789 3790 3773 3774 3775 3776 3777 3778 3774 3775 3788 3789 3790 3757 3758 3759 3779 3780 3781 3782 3783 3784 3767 3768 3769 3770 3771 3772 3768 3769 3770 3756 3757 3754 3755 3756 3757 3758 3760 3757 3758 3759 3760 3750 3751 3773 3774 3775 3776 3777 3778 3771 3772 3776 3777 3778 3775 3776 3777 3778 3768 3769 3770 3771 3772 3785 3786 3787 3788 3789 3790 3786 3787 3788 3782 3783 3784 3781 3782 3783 3784 3774 3775 3776 3777 3778 3755 3756 3757 3758 3759 3760 3757
3769 3770 3771 3772 3762 3763 3764 3765 3766 3779 3780 3781 3782 3783 3784 3780 3781 3764 3765 3766 3763 3764 3765 3785 3786 3787 3788 3789 3790 3773 3774 3775 3776 3777 3778 3774 3775 3776 3762 3763 3760 3761 3762 3763 3764 3766 3763 3764 3765 3766 3756 3757 3779 3780 3781 3782 3783 3784 3777 3778 3782 3783 3784 3781 3782 3783 3784 3774 3775 3776 3777 3778 3755 3756 3757 3758 3759 3760 3757 3758 3759 3788 3789 3790 3787 3788 3789 3790 3780 3781 3782 3783 3784 3761 3762 3763 3764 3765 3766 3763
3775 3776 3777 3778 3768 3769 3770 3771 3772 3785 3786 3787 3788 3789 3790 3786 3787 3770 3771 3772 3769 3770 3771 3772 3762 3763 3764 3765 3766 3779 3780 3781 3782 3783 3784 3780 3781 3782 3768 3769 3766 3767 3768 3769 3770 3772 3769 3770 3771 3772 3762 3763 3785 3786 3787 3788 3789 3790 3783 3784 3788 3789 3790 3787 3788 3789 3790 3780 3781 3782 3783 3784 3761 3762 3763 3764 3765 3766 3763 3764 3765 3787 3749 3750 3751 3752 3754 3785 3786 3787 3788 3789 3790 3767 3768 3769 3770 3771 3772 3765
3781 3782 3783 3784 3774 3775 3776 3777 3778 3755 3756 3757 3758 3759 3760 3757 3758 3776 3777 3778 3775 3776 3777 3778 3768 3769 3770 3771 3772 3785 3786 3787 3788 3789 3790 3786 3787 3788 3774 3775 3772 3773 3764 3765 3766 3786 3787 3788 3789 3790 3786 3787 3788 3789 3790 3754 3783 3784 3785 3786 3787 3749 3767 3771 3772 3769 3770 3786 3787 3788 3789 3790 3767 3768 3769 3770 3771 3772 3765 3766 3763 3754 3755 3756 3764 3765 3766 3786 3787 3788 3789 3790 3786 3787 3788 3789 3790 3754 3783 3784
3787 3788 3789 3790 3780 3781 3782 3783 3784 3761 3762 3763 3764 3765 3766 3763 3764 3782 3783 3784 3781 3782 3783 3784 3774 3775 3776 3777 3778 3755 3756 3757 3758 3759 3760 3757 3758 3759 3780 3781 3778 3779 3770 3771 3772 3755 3756 3757 3758 3759 3760 3756 3757 3758 3759 3760 3789 3790 3752 3753 3754 3755 3773 3777 3778 3775 3776 3758 3759 3760 3750 3751 3773 3774 3775 3776 3777 3778 3771 3772 3769 3760 3761 3762 3770 3771 3772 3755 3756 3757 3758 3759 3760 3756 3757 3758 3759 3760 3789 3790
3751 3752 3754 3785 3786 3787 3788 3789 3790 3767 3768 3769 3770 3771 3772 3765 3766 3788 3789 3790 3787 3788 3789 3790 3780 3781 3782 3783 3784 3761 3762 3763 3764 3765 3766 3763 3764 3765 3786 3787 3784 3785 3776 3777 3778 3761 3762 3763 3764 3765 3766 3762 3763 3764 3765 3766 3754 3757 3758 3759 3760 3761 3779 3783 3784 3781 3782 3764 3765 3766 3756 3757 3779 3780 3781 3782 3783 3784 3777 3778 3775 3766 3767 3768 3776 3777 3778 3761 3762 3763 3764 3765 3766 3762 3763 3764 3765 3766 3754 3757
3757 3758 3760 3757 3758 3759 3760 3750 3751 3773 3774 3775 3776 3777 3778 3771 3772 3787 3749 3750 3751 3752 3754 3785 3786 3787 3788 3789 3790 3767 3768 3769 3770 3771 3772 3765 3766 3763 3761 3762 3763 3764 3781 3782 3783 3784 3781 3782 3783 3784 3787 3755 3756 3757 3758 3759 3760 3763 3764 3765 3766 3767 3785 3750 3751 3752 3753 3770 3771 3772 3762 3763 3785 3786 3787 3788 3789 3790 3783 3784 3781 3772 3773 3774 3781 3782 3783 3784 3781 3782 3783 3784 3787 3755 3756 3757 3758 3759 3760 3763
3763 3764 3766 3763 3764 3765 3766 3756 3757 3779 3780 3781 3782 3783 3784 3777 3778 3754 3755 3756 3757 3758 3760 3757 3758 3759 3760 3750 3751 3773 3774 3775 3776 3777 3778 3771 3772 3769 3767 3768 3769 3770 3753 3754 3750 3751 3752 3753 3754 3751 3752 3753 3754 3763 3764 3765 3766 3769 3770 3771 3772 3773 3774 3756 3757 3758 3759 3776 3777 3778 3768 3769 3770 3771 3772 3750 3751 3752 3750 3751 3752 3778 3779 3780 3753 3754 3750 3751 3752 3753 3754 3751 3752 3753 3754 3763 3764 3765 3766 3769
3769 3770 3772 3769 3770 3771 3772 3762 3763 3785 3786 3787 3788 3789 3790 3783 3784 3760 3761 3762 3764 3765 3766 3786 3787 3788 3789 3790 3786 3787 3788 3789 3790 3754 3783 3784 3785 3786 3787 3749 3767 3771 3759 3760 3756 3757 3758 3759 3760 3757 3758 3759 3760 3769 3770 3771 3772 3775 3776 3777 3778 3779 3780 3762 3763 3764 3765 3782 3783 3784 3774 3775 3776 3777 3778 3756 3757 3758 3756 3757 3758 3784 3785 3786 3759 3760 3756 3757 3758 3759 3760 3757 3758 3759 3760 3769 3770 3771 3772 3775
3775 3776 3778 3775 3776 3777 3778 3768 3769 3770 3771 3772 3750 3751 3752 3750 3751 3766 3767 3768 3770 3771 3772 3755 3756 3757 3758 3759 3760 3756 3757 3758 3759 3760 3789 3790 3752 3753 3754 3755 3773 3777 3765 3766 3762 3763 3764 3765 3766 3763 3764 3765 3766 3775 3776 3777 3778 3781 3782 3783 3784 3785 3786 3768 3769 3770 3771 3788 3789 3790 3780 3781 3782 3783 3784 3762 3763 3764 3762 3763 3764 3765 3766 3763 3765 3766 3762 3763 3764 3765 3766 3763 3764 3765 3766 3775 3776 3777 3778 3781
3781 3782 3784 3781 3782 3783 3784 3774 3775 3776 3777 3778 3756 3757 3758 3756 3757 3772 3773 3774 3776 3777 3778 3761 3762 3763 3764 3765 3766 3762 3763 3764 3765 3766 3754 3757 3758 3759 3760 3761 3779 3783 3771 3772 3768 3769 3770 3771 3772 3769 3770 3771 3772 3781 3782 3783 3784 3753 3754 3750 3751 3752 3753 3774 3775 3776 3764 3765 3766 3786 3787 3788 3789 3790 3786 3787 3788 3789 3790 3754 3783 3784 3785 3786 3771 3772 3768 3769 3770 3771 3772 3769 3770 3771 3772 3781 3782 3783 3784 3753
3764 3765 3766 3786 3787 3788 3789 3790 3786 3787 3788 3789 3790 3754 3783 3784 3785 3786 3787 3749 3781 3782 3783 3784 3781 3782 3783 3784 3787 3755 3756 3757 3758 3759 3760 3763 3764 3765 3766 3767 3785 3750 3777 3778 3774 3775 3776 3777 3778 3775 3776 3777 3778 3787 3788 3789 3790 3759 3760 3756 3757 3758 3759 3780 3781 3782 3770 3771 3772 3755 3756 3757 3758 3759 3760 3756 3757 3758 3759 3760 3789 3790 3752 3753 3777 3778 3774 3775 3776 3777 3778 3775 3776 3777 3778 3787 3788 3789 3790 3759
3770 3771 3772 3755 3756 3757 3758 3759 3760 3756 3757 3758 3759 3760 3789 3790 3752 3753 3754 3755 3753 3754 3750 3751 3752 3753 3754 3751 3752 3753 3754 3763 3764 3765 3766 3769 3770 3771 3772 3773 3774 3756 3783 3784 3780 3781 3782 3783 3784 3754 3782 3783 3784 3761 3762 3763 3764 3765 3766 3762 3763 3764 3765 3786 3787 3788 3776 3777 3778 3761 3762 3763 3764 3765 3766 3762 3763 3764 3765 3766 3754 3757 3758 3759 3783 3784 3780 3781 3782 3783 3784 3754 3782 3783 3784 3761 3762 3763 3764 3765
3776 3777 3778 3761 3762 3763 3764 3765 3766 3762 3763 3764 3765 3766 3754 3757 3758 3759 3760 3761 3759 3760 3756 3757 3758 3759 3760 3757 3758 3759 3760 3769 3770 3771 3772 3775 3776 3777 3778 3779 3780 3762 3789 3790 3786 3787 3788 3789 3790 3760 3788 3789 3790 3767 3768 3769 3770 3771 3772 3768 3769 3770 3771 3761 3762 3763 3781 3782 3783 3784 3781 3782 3783 3784 3787 3755 3756 3757 3758 3759 3760 3763 3764 3765 3789 3790 3786 3787 3788 3789 3790 3760 3788 3789 3790 3767 3768 3769 3770 3771
3781 3782 3783 3784 3781 3782 3783 3784 3787 3755 3756 3757 3758 3759 3760 3763 3764 3765 3766 3767 3765 3766 3762 3763 3764 3765 3766 3763 3764 3765 3766 3775 3776 3777 3778 3781 3782 3783 3784 3785 3786 3768 3758 3759 3761 3762 3763 3764 3765 3766 3751 3752 3753 3754 3774 3775 3776 3777 3778 3774 3775 3776 3777 3767 3768 3769 3753 3754 3750 3751 3752 3753 3754 3751 3752 3753 3754 3763 3764 3765 3766 3769 3770 3771 3758 3759 3761 3762 3763 3764 3765 3766 3751 3752 3753 3754 3774 3775 3776 3777
3753 3754 3750 3751 3752 3753 3754 3751 3752 3753 3754 3763 3764 3765 3766 3769 3770 3771 3772 3773 3771 3772 3768 3769 3770 3771 3772 3769 3770 3771 3772 3781 3782 3783 3784 3753 3754 3750 3751 3752 3753 3774 3764 3765 3767 3768 3769 3770 3771 3772 3757 3758 3759 3760 3780 3781 3782 3783 3784 3780 3781 3782 3783 3773 3774 3775 3759 3760 3756 3757 3758 3759 3760 3757 3758 3759 3760 3769 3770 3771 3772 3775 3776 3777 3764 3765 3767 3768 3769 3770 3771 3772 3757 3758 3759 3760 3780 3781 3782 3783
3759 3760 3756 3757 3758 3759 3760 3757 3758 3759 3760 3769 3770 3771 3772 3775 3776 3777 3778 3779 3777 3778 3774 3775 3776 3777 3778 3775 3776 3777 3778 3787 3788 3789 3790 3759 3760 3756 3757 3758 3759 3780 3770 3771 3773 3774 3775 3776 3777 3778 3763 3764 3765 3766 3786 3787 3788 3789 3790 3786 3787 3788 3789 3779 3780 3781 3765 3766 3762 3763 3764 3765 3766 3763 3764 3765 3766 3775 3776 3777 3778 3781 3782 3783 3770 3771 3773 3774 3775 3776 3777 3778 3763 3764 3765 3766 3786 3787 3788 3789
3765 3766 3762 3763 3764 3765 3766 3763 3764 3765 3766 3775 3776 3777 3778 3781 3782 3783 3784 3785 3783 3784 3780 3781 3782 3783 3784 3754 3782 3783 3784 3761 3762 3763 3764 3765 3766 3762 3763 3764 3765 3786 3776 3777 3779 3780 3781 3782 3783 3784 3769 3770 3771 3772 3755 3756 3757 3758 3759 3760 3756 3757 3758 3785 3786 3787 3771 3772 3768 3769 3770 3771 3772 3769 3770 3771 3772 3781 3782 3783 3784 3753 3754 3750 3776 3777 3779 3780 3781 3782 3783 3784 3769 3770 3771 3772 3755 3756 3757 3758
3771 3772 3768 3769 3770 3771 3772 3769 3770 3771 3772 3781 3782 3783 3784 3753 3754 3750 3751 3752 3789 3790 3786 3787 3788 3789 3790 3760 3788 3789 3790 3767 3768 3769 3770 3771 3772 3768 3769 3770 3771 3761 3782 3783 3785 3786 3787 3788 3789 3790 3775 3776 3777 3778 3761 3762 3763 3764 3765 3766 3762 3763 3764 3750 3751 3752 3777 3778 3774 3775 3776 3777 3778 3775 3776 3777 3778 3787 3788 3789 3790 3759 3760 3756 3782 3783 3785 3786 3787 3788 3789 3790 3775 3776 3777 3778 3761 3762 3763 3764
3777 3778 3774 3775 3776 3777 3778 3775 3776 3777 3778 3787 3788 3789 3790 3759 3760 3756 3757 3758 3758 3759 3761 3762 3763 3764 3765 3766 3751 3752 3753 3754 3774 3775 3776 3777 3778 3774 3775 3776 3777 3767 3788 3789 3790 3757 3758 3759 3779 3780 3781 3782 3783 3784 3767 3768 3769 3770 3771 3772 3768 3769 3770 3756 3757 3758 3783 3784 3780 3781 3782 3783 3784 3754 3782 3783 3784 3761 3762 3763 3764 3765 3766 3762 3788 3789 3790 3757 3758 3759 3779 3780 3781 3782 3783 3784 3767 3768 3769 3770
3783 3784 3780 3781 3782 3783 3784 3754 3782 3783 3784 3761 3762 3763 3764 3765 3766 3762 3763 3764 3764 3765 3767 3768 3769 3770 3771 3772 3757 3758 3759 3760 3780 3781 3782 3783 3784 3780 3781 3782 3783 3773 3764 3765 3766 3763 3764 3765 3785 3786 3787 3788 3789 3790 3773 3774 3775 3776 3777 3778 3774 3775 3776 3762 3763 3764 3789 3790 3786 3787 3788 3789 3790 3760 3788 3789 3790 3767 3768 3769 3770 3771 3772 3768 3764 3765 3766 3763 3764 3765 3785 3786 3787 3788 3789 3790 3773 3774 3775 3776
3789 3790 3786 3787 3788 3789 3790 3760 3788 3789 3790 3767 3768 3769 3770 3771 3772 3768 3769 3770 3770 3771 3773 3774 3775 3776 3777 3778 3763 3764 3765 3766 3786 3787 3788 3789 3790 3786 3787 3788 3789 3779 3770 3771 3772 3769 3770 3771 3772 3762 3763 3764 3765 3766 3779 3780 3781 3782 3783 3784 3780 3781 3782 3768 3769 3770 3758 3759 3761 3762 3763 3764 3765 3766 3751 3752 3753 3754 3774 3775 3776 3777 3778 3774 3770 3771 3772 3769 3770 3771 3772 3762 3763 3764 3765 3766 3779 3780 3781 3782
3758 3759 3761 3762 3763 3764 3765 3766 3751 3752 3753 3754 3774 3775 3776 3777 3778 3774 3775 3776 3776 3777 3779 3780 3781 3782 3783 3784 3769 3770 3771 3772 3755 3756 3757 3758 3759 3760 3756 3757 3758 3785 3776 3777 3778 3775 3776 3777 3778 3768 3769 3770 3771 3772 3785 3786 3787 3788 3789 3790 3786 3787 3788 3774 3775 3776 3764 3765 3767 3768 3769 3770 3771 3772 3757 3758 3759 3760 3780 3781 3782 3783 3784 3780 3776 3777 3778 3775 3776 3777 3778 3768 3769 3770 3771 3772 3785 3786 3787 3788
3764 3765 3767 3768 3769 3770 3771 3772 3757 3758 3759 3760 3780 3781 3782 3783 3784 3780 3781 3782 3782 3783 3785 3786 3787 3788 3789 3790 3775 3776 3777 3778 3761 3762 3763 3764 3765 3766 3762 3763 3764 3750 3782 3783 3784 3781 3782 3783 3784 3774 3775 3776 3777 3778 3755 3756 3757 3758 3759 3760 3757 3758 3759 3780 3781 3782 3770 3771 3773 3774 3775 3776 3777 3778 3763 3764 3765 3766 3786 3787 3788 3789 3790 3786 3782 3783 3784 3781 3782 3783 3784 3774 3775 3776 3777 3778 3755 3756 3757 3758
3770 3771 3773 3774 3775 3776 3777 3778 3763 3764 3765 3766 3786 3787 3788 3789 3790 3786 3787 3788 3788 3789 3790 3757 3758 3759 3779 3780 3781 3782 3783 3784 3767 3768 3769 3770 3771 3772 3768 3769 3770 3756 3788 3789 3790 3787 3788 3789 3790 3780 3781 3782 3783 3784 3761 3762 3763 3764 3765 3766 3763 3764 3765 3786 3787 3788 3776 3777 3779 3780 3781 3782 3783 3784 3769 3770 3771 3772 3755 3756 3757 3758 3759 3760 3788 3789 3790 3787 3788 3789 3790 3780 3781 3782 3783 3784 3761 3762 3763 3764
3776 3777 3779 3780 3781 3782 3783 3784 3769 3770 3771 3772 3755 3756 3757 3758 3759 3760 3756 3757 3764 3765 3766 3763 3764 3765 3785 3786 3787 3788 3789 3790 3773 3774 3775 3776 3777 3778 3774 3775 3776 3762 3787 3749 3750 3751 3752 3754 3785 3786 3787 3788 3789 3790 3767 3768 3769 3770 3771 3772 3765 3766 3763 3761 3762 3763 3782 3783 3785 3786 3787 3788 3789 3790 3775 3776 3777 3778 3761 3762 3763 3764 3765 3766 3787 3749 3750 3751 3752 3754 3785 3786 3787 3788 3789 3790 3767 3768 3769 3770
3782 3783 3785 3786 3787 3788 3789 3790 3775 3776 3777 3778 3761 3762 3763 3764 3765 3766 3762 3763 3770 3771 3772 3769 3770 3771 3772 3762 3763 3764 3765 3766 3779 3780 3781 3782 3783 3784 3780 3781 3782 3768 3754 3755 3756 3757 3758 3760 3757 3758 3759 3760 3750 3751 3773 3774 3775 3776 3777 3778 3771 3772 3769 3767 3768 3769 3788 3789 3790 3757 3758 3759 3779 3780 3781 3782 3783 3784 3767 3768 3769 3770 3771 3772 3754 3755 3756 3757 3758 3760 3757 3758 3759 3760 3750 3751 3773 3774 3775 3776
3788 3789 3790 3757 3758 3759 3779 3780 3781 3782 3783 3784 3767 3768 3769 3770 3771 3772 3768 3769 3776 3777 3778 3775 3776 3777 3778 3768 3769 3770 3771 3772 3785 3786 3787 3788 3789 3790 3786 3787 3788 3774 3760 3761 3762 3763 3764 3766 3763 3764 3765 3766 3756 3757 3779 3780 3781 3782 3783 3784 3777 3778 3775 3773 3774 3775 3764 3765 3766 3763 3764 3765 3785 3786 3787 3788 3789 3790 3773 3774 3775 3776 3777 3778 3760 3761 3762 3763 3764 3766 3763 3764 3765 3766 3756 3757 3779 3780 3781 3782
3764 3765 3766 3763 3764 3765 3785 3786 3787 3788 3789 3790 3773 3774 3775 3776 3777 3778 3774 3775 3782 3783 3784 3781 3782 3783 3784 3774 3775 3776 3777 3778 3755 3756 3757 3758 3759 3760 3757 3758 3759 3780 3766 3767 3768 3769 3770 3772 3769 3770 3771 3772 3762 3763 3785 3786 3787 3788 3789 3790 3783 3784 3781 3779 3780 3781 3770 3771 3772 3769 3770 3771 3772 3762 3763 3764 3765 3766 3779 3780 3781 3782 3783 3784 3766 3767 3768 3769 3764 3765 3766 3786 3787 3788 3789 3790 3786 3787 3788 3789
3770 3771 3772 3769 3770 3771 3772 3762 3763 3764 3765 3766 3779 3780 3781 3782 3783 3784 3780 3781 3788 3789 3790 3787 3788 3789 3790 3780 3781 3782 3783 3784 3761 3762 3763 3764 3765 3766 3763 3764 3765 3786 3772 3773 3774 3775 3776 3778 3775 3776 3777 3778 3768 3769 3770 3771 3772 3750 3751 3752 3750 3751 3752 3785 3786 3787 3776 3777 3778 3775 3776 3777 3778 3768 3769 3770 3771 3772 3785 3786 3787 3788 3789 3790 3772 3773 3774 3775 3770 3771 3772 3755 3756 3757 3758 3759 3760 3756 3757 3758
3776 3777 3778 3775 3776 3777 3778 3768 3769 3770 3771 3772 3785 3786 3787 3788 3789 3790 3786 3787 3787 3749 3750 3751 3752 3754 3785 3786 3787 3788 3789 3790 3767 3768 3769 3770 3771 3772 3765 3766 3763 3761 3778 3764 3765 3766 3786 3787 3788 3789 3790 3786 3787 3788 3789 3790 3754 3783 3784 3785 3786 3787 3749 3767 3771 3772 3769 3770 3784 3781 3782 3783 3784 3774 3775 3776 3777 3778 3755 3756 3757 3758 3759 3760 3778 3779 3780 3781 3776 3777 3778 3761 3762 3763 3764 3765 3766 3762 3763 3764
3782 3783 3784 3781 3782 3783 3784 3774 3775 3776 3777 3778 3755 3756 3757 3758 3759 3760 3757 3758 3754 3755 3756 3757 3758 3760 3757 3758 3759 3760 3750 3751 3773 3774 3775 3776 3777 3778 3771 3772 3769 3767 3784 3770 3771 3772 3755 3756 3757 3758 3759 3760 3756 3757 3758 3759 3760 3789 3790 3752 3753 3754 3755 3773 3777 3778 3775 3776 3790 3787 3788 3789 3790 3780 3781 3782 3783 3784 3761 3762 3763 3764 3765 3766 3784 3785 3786 3787 3781 3782 3783 3784 3781 3782 3783 3784 3787 3755 3756 3757
3788 3789 3790 3787 3788 3789 3790 3780 3781 3782 3783 3784 3761 3762 3763 3764 3765 3766 3763 3764 3760 3761 3762 3763 3764 3766 3763 3764 3765 3766 3756 3757 3779 3780 3781 3782 3783 3784 3777 3778 3775 3773 3774 3776 3777 3778 3761 3762 3763 3764 3765 3766 3762 3763 3764 3765 3766 3754 3757 3758 3759 3760 3761 3779 3783 3784 3781 3782 3750 3751 3752 3754 3785 3786 3787 3788 3789 3790 3767 3768 3769 3770 3771 3772 3765 3766 3763 3761 3753 3754 3750 3751 3752 3753 3754 3751 3752 3753 3754 3763
3787 3749 3750 3751 3752 3754 3785 3786 3787 3788 3789 3790 3767 3768 3769 3770 3771 3772 3765 3766 3766 3767 3768 3769 3770 3772 3769 3770 3771 3772 3762 3763 3785 3786 3787 3788 3789 3790 3783 3784 3781 3779 3780 3781 3782 3783 3784 3781 3782 3783 3784 3787 3755 3756 3757 3758 3759 3760 3763 3764 3765 3766 3767 3785 3750 3751 3752 3753 3756 3757 3758 3760 3757 3758 3759 3760 3750 3751 3773 3774 3775 3776 3777 3778 3771 3772 3769 3767 3759 3760 3756 3757 3758 3759 3760 3757 3758 3759 3760 3769
3754 3755 3756 3757 3758 3760 3757 3758 3759 3760 3750 3751 3773 3774 3775 3776 3777 3778 3771 3772 3772 3764 3765 3766 3786 3787 3788 3789 3790 3786 3787 3788 3789 3790 3754 3783 3784 3785 3786 3787 3749 3767 3771 3753 3754 3750 3751 3752 3753 3754 3751 3752 3753 3754 3763 3764 3765 3766 3769 3770 3771 3772 3773 3774 3756 3757 3758 3759 3762 3763 3764 3766 3763 3764 3765 3766 3756 3757 3779 3780 3781 3782 3783 3784 3777 3778 3775 3773 3765 3766 3762 3763 3764 3765 3766 3763 3764 3765 3766 3775
3760 3761 3762 3763 3764 3766 3763 3764 3765 3766 3756 3757 3779 3780 3781 3782 3783 3784 3777 3778 3778 3770 3771 3772 3755 3756 3757 3758 3759 3760 3756 3757 3758 3759 3760 3789 3790 3752 3753 3754 3755 3773 3777 3759 3760 3756 3757 3758 3759 3760 3757 3758 3759 3760 3769 3770 3771 3772 3775 3776 3777 3778 3779 3780 3762 3763 3764 3765 3768 3769 3770 3772 3769 3770 3771 3772 3762 3763 3785 3786 3787 3788 3789 3790 3783 3784 3781 3779 3771 3772 3768 3769 3770 3771 3772 3769 3770 3771 3772 3781
3766 3767 3768 3769 3770 3772 3769 3770 3771 3772 3762 3763 3785 3786 3787 3788 3789 3790 3783 3784 3784 3776 3777 3778 3761 3762 3763 3764 3765 3766 3762 3763 3764 3765 3766 3754 3757 3758 3759 3760 3761 3779 3783 3765 3766 3762 3763 3764 3765 3766 3763 3764 3765 3766 3775 3776 3777 3778 3781 3782 3783 3784 3785 3786 3768 3769 3770 3771 3774 3775 3776 3778 3775 3776 3777 3778 3768 3769 3770 3771 3772 3750 3751 3752 3750 3751 3752 3785 3777 3778 3774 3775 3776 3777 3778 3775 3776 3777 3778 3787
3764 3765 3766 3786 3787 3788 3789 3790 3786 3787 3788 3789 3790 3754 3783 3784 3785 3786 3787 3749 3767 3781 3782 3783 3784 3781 3782 3783 3784 3787 3755 3756 3757 3758 3759 3760 3763 3764 3765 3766 3767 3785 3750 3771 3772 3768 3769 3770 3771 3772 3769 3770 3771 3772 3781 3782 3783 3784 3753 3754 3750 3751 3752 3753 3774 3775 3764 3765 3766 3786 3787 3788 3789 3790 3786 3787 3788 3789 3790 3754 3783 3784 3785 3786 3787 3749 3767 3771 3783 3784 3780 3781 3782 3783 3784 3754 3782 3783 3784 3761
3770 3771 3772 3755 3756 3757 3758 3759 3760 3756 3757 3758 3759 3760 3789 3790 3752 3753 3754 3755 3773 3753 3754 3750 3751 3752 3753 3754 3751 3752 3753 3754 3763 3764 3765 3766 3769 3770 3771 3772 3773 3774 3756 3777 3778 3774 3775 3776 3777 3778 3775 3776 3777 3778 3787 3788 3789 3790 3759 3760 3756 3757 3758 3759 3780 3781 3770 3771 3772 3755 3756 3757 3758 3759 3760 3756 3757 3758 3759 3760 3789 3790 3752 3753 3754 3755 3773 3777 3789 3790 3786 3787 3788 3789 3790 3760 3788 3789 3790 3767
3776 3777 3778 3761 3762 3763 3764 3765 3766 3762 3763 3764 3765 3766 3754 3757 3758 3759 3760 3761 3779 3759 3760 3756 3757 3758 3759 3760 3757 3758 3759 3760 3769 3770 3771 3772 3775 3776 3777 3778 3779 3780 3762 3783 3784 3780 3781 3782 3783 3784 3754 3782 3783 3784 3761 3762 3763 3764 3765 3766 3762 3763 3764 3765 3786 3787 3776 3777 3778 3761 3762 3763 3764 3765 3766 3762 3763 3764 3765 3766 3754 3757 3758 3759 3760 3761 3779 3783 3758 3759 3761 3762 3763 3764 3765 3766 3751 3752 3753 3754
3781 3782 3783 3784 3781 3782 3783 3784 3787 3755 3756 3757 3758 3759 3760 3763 3764 3765 3766 3767 3785 3765 3766 3762 3763 3764 3765 3766 3763 3764 3765 3766 3775 3776 3777 3778 3781 3782 3783 3784 3785 3786 3768 3789 3790 3786 3787 3788 3789 3790 3760 3788 3789 3790 3767 3768 3769 3770 3771 3772 3768 3769 3770 3771 3761 3762 3781 3782 3783 3784 3781 3782 3783 3784 3787 3755 3756 3757 3758 3759 3760 3763 3764 3765 3766 3767 3785 3750 3764 3765 3767 3768 3769 3770 3771 3772 3757 3758 3759 3760
3753 3754 3750 3751 3752 3753 3754 3751 3752 3753 3754 3763 3764 3765 3766 3769 3770 3771 3772 3773 3774 3771 3772 3768 3769 3770 3771 3772 3769 3770 3771 3772 3781 3782 3783 3784 3753 3754 3750 3751 3752 3753 3774 3758 3759 3761 3762 3763 3764 3765 3766 3751 3752 3753 3754 3774 3775 3776 3777 3778 3774 3775 3776 3777 3767 3768 3753 3754 3750 3751 3752 3753 3754 3751 3752 3753 3754 3763 3764 3765 3766 3769 3770 3771 3772 3773 3774 3756 3770 3771 3773 3774 3775 3776 3777 3778 3763 3764 3765 3766
3759 3760 3756 3757 3758 3759 3760 3757 3758 3759 3760 3769 3770 3771 3772 3775 3776 3777 3778 3779 3780 3777 3778 3774 3775 3776 3777 3778 3775 3776 3777 3778 3787 3788 3789 3790 3759 3760 3756 3757 3758 3759 3780 3764 3765 3767 3768 3769 3770 3771 3772 3757 3758 3759 3760 3780 3781 3782 3783 3784 3780 3781 3782 3783 3773 3774 3759 3760 3756 3757 3758 3759 3760 3757 3758 3759 3760 3769 3770 3771 3772 3775 3776 3777 3778 3779 3780 3762 3776 3777 3779 3780 3781 3782 3783 3784 3769 3770 3771 3772
3765 3766 3762 3763 3764 3765 3766 3763 3764 3765 3766 3775 3776 3777 3778 3781 3782 3783 3784 3785 3786 3783 3784 3780 3781 3782 3783 3784 3754 3782 3783 3784 3761 3762 3763 3764 3765 3766 3762 3763 3764 3765 3786 3770 3771 3773 3774 3775 3776 3777 3778 3763 3764 3765 3766 3786 3787 3788 3789 3790 3786 3787 3788 3789 3779 3780 3765 3766 3762 3763 3764 3765 3766 3763 3764 3765 3766 3775 3776 3777 3778 3781 3782 3783 3784 3785 3786 3768 3782 3783 3785 3786 3787 3788 3789 3790 3775 3776 3777 3778
3771 3772 3768 3769 3770 3771 3772 3769 3770 3771 3772 3781 3782 3783 3784 3753 3754 3750 3751 3752 3753 3789 3790 3786 3787 3788 3789 3790 3760 3788 3789 3790 3767 3768 3769 3770 3771 3772 3768 3769 3770 3771 3761 3776 3777 3779 3780 3781 3782 3783 3784 3769 3770 3771 3772 3755 3756 3757 3758 3759 3760 3756 3757 3758 3785 3786 3771 3772 3768 3769 3770 3771 3772 3769 3770 3771 3772 3781 3782 3783 3784 3753 3754 3750 3751 3752 3753 3774 3788 3789 3790 3757 3758 3759 3779 3780 3781 3782 3783 3784
3777 3778 3774 3775 3776 3777 3778 3775 3776 3777 3778 3787 3788 3789 3790 3759 3760 3756 3757 3758 3759 3758 3759 3761 3762 3763 3764 3765 3766 3751 3752 3753 3754 3774 3775 3776 3777 3778 3774 3775 3776 3777 3767 3782 3783 3785 3786 3787 3788 3789 3790 3775 3776 3777 3778 3761 3762 3763 3764 3765 3766 3762 3763 3764 3750 3751 3777 3778 3774 3775 3776 3777 3778 3775 3776 3777 3778 3787 3788 3789 3790 3759 3760 3756 3757 3758 3759 3780 3764 3765 3766 3763 3764 3765 3785 3786 3787 3788 3789 3790
3783 3784 3780 3781 3782 3783 3784 3754 3782 3783 3784 3761 3762 3763 3764 3765 3766 3762 3763 3764 3765 3764 3765 3767 3768 3769 3770 3771 3772 3757 3758 3759 3760 3780 3781 3782 3783 3784 3780 3781 3782 3783 3773 3788 3789 3790 3757 3758 3759 3779 3780 3781 3782 3783 3784 3767 3768 3769 3770 3771 3772 3768 3769 3770 3756 3757 3783 3784 3780 3781 3782 3783 3784 3754 3782 3783 3784 3761 3762 3763 3764 3765 3766 3762 3763 3764 3765 3786 3770 3771 3772 3769 3770 3771 3772 3762 3763 3764 3765 3766
3789 3790 3786 3787 3788 3789 3790 3760 3788 3789 3790 3767 3768 3769 3770 3771 3772 3768 3769 3770 3771 3770 3771 3773 3774 3775 3776 3777 3778 3763 3764 3765 3766 3786 3787 3788 3789 3790 3786 3787 3788 3789 3779 3764 3765 3766 3763 3764 3765 3785 3786 3787 3788 3789 3790 3773 3774 3775 3776 3777 3778 3774 3775 3776 3762 3763 3789 3790 3786 3787 3788 3789 3790 3760 3788 3789 3790 3767 3768 3769 3770 3771 3772 3768 3769 3770 3771 3761 3776 3777 3778 3775 3776 3777 3778 3768 3769 3770 3771 3772
3758 3759 3761 3762 3763 3764 3765 3766 3751 3752 3753 3754 3774 3775 3776 3777 3778 3774 3775 3776 3777 3776 3777 3779 3780 3781 3782 3783 3784 3769 3770 3771 3772 3755 3756 3757 3758 3759 3760 3756 3757 3758 3785 3770 3771 3772 3769 3770 3771 3772 3762 3763 3764 3765 3766 3779 3780 3781 3782 3783 3784 3780 3781 3782 3768 3769 3758 3759 3761 3762 3763 3764 3765 3766 3751 3752 3753 3754 3774 3775 3776 3777 3778 3774 3775 3776 3764 3765 3766 3786 3787 3788 3789 3790 3786 3787 3788 3789 3790 3754
3764 3765 3767 3768 3769 3770 3771 3772 3757 3758 3759 3760 3780 3781 3782 3783 3784 3780 3781 3782 3783 3782 3783 3785 3786 3787 3788 3789 3790 3775 3776 3777 3778 3761 3762 3763 3764 3765 3766 3762 3763 3764 3750 3776 3777 3778 3775 3776 3777 3778 3768 3769 3770 3771 3772 3785 3786 3787 3788 3789 3790 3786 3787 3788 3774 3775 3764 3765 3767 3768 3769 3770 3771 3772 3757 3758 3759 3760 3780 3781 3782 3783 3784 3780 3781 3782 3770 3771 3772 3755 3756 3757 3758 3759 3760 3756 3757 3758 3759 3760
3770 3771 3773 3774 3775 3776 3777 3778 3763 3764 3765 3766 3786 3787 3788 3789 3790 3786 3787 3788 3789 3788 3789 3790 3757 3758 3759 3779 3780 3781 3782 3783 3784 3767 3768 3769 3770 3771 3772 3768 3769 3770 3756 3782 3783 3784 3781 3782 3783 3784 3774 3775 3776 3777 3778 3755 3756 3757 3758 3759 3760 3757 3758 3759 3780 3781 3770 3771 3773 3774 3775 3776 3777 3778 3763 3764 3765 3766 3786 3787 3788 3789 3790 3786 3787 3788 3776 3777 3778 3761 3762 3763 3764 3765 3766 3762 3763 3764 3765 3766
3776 3777 3779 3780 3781 3782 3783 3784 3769 3770 3771 3772 3755 3756 3757 3758 3759 3760 3756 3757 3758 3764 3765 3766 3763 3764 3765 3785 3786 3787 3788 3789 3790 3773 3774 3775 3776 3777 3778 3774 3775 3776 3762 3788 3789 3764 3765 3766 3786 3787 3788 3789 3790 3786 3787 3788 3789 3790 3754 3783 3784 3785 3786 3787 3749 3767 3776 3777 3779 3780 3781 3782 3783 3784 3769 3770 3771 3772 3755 3756 3757 3758 3759 3760 3756 3757 3781 3782 3783 3784 3781 3782 3783 3784 3787 3755 3756 3757 3758 3759
3782 3783 3785 3786 3787 3788 3789 3790 3775 3776 3777 3778 3761 3762 3763 3764 3765 3766 3762 3763 3764 3770 3771 3772 3769 3770 3771 3772 3762 3763 3764 3765 3766 3779 3780 3781 3782 3783 3784 3780 3781 3782 3768 3787 3749 3770 3771 3772 3755 3756 3757 3758 3759 3760 3756 3757 3758 3759 3760 3789 3790 3752 3753 3754 3755 3773 3782 3783 3785 3786 3787 3788 3789 3790 3775 3776 3777 3778 3761 3762 3763 3764 3765 3766 3762 3763 3753 3754 3750 3751 3752 3753 3754 3751 3752 3753 3754 3763 3764 3765
3788 3789 3790 3757 3758 3759 3779 3780 3781 3782 3783 3784 3767 3768 3769 3770 3771 3772 3768 3769 3770 3776 3777 3778 3775 3776 3777 3778 3768 3769 3770 3771 3772 3785 3786 3787 3788 3789 3790 3786 3787 3788 3774 3754 3755 3776 3777 3778 3761 3762 3763 3764 3765 3766 3762 3763 3764 3765 3766 3754 3757 3758 3759 3760 3761 3779 3788 3789 3790 3757 3758 3759 3779 3780 3781 3782 3783 3784 3767 3768 3769 3770 3771 3772 3768 3769 3759 3760 3756 3757 3758 3759 3760 3757 3758 3759 3760 3769 3770 3771
3764 3765 3766 3763 3764 3765 3785 3786 3787 3788 3789 3790 3773 3774 3775 3776 3777 3778 3774 3775 3776 3782 3783 3784 3781 3782 3783 3784 3774 3775 3776 3777 3778 3755 3756 3757 3758 3759 3760 3757 3758 3759 3780 3760 3761 3781 3782 3783 3784 3781 3782 3783 3784 3787 3755 3756 3757 3758 3759 3760 3763 3764 3765 3766 3767 3785 3764 3765 3766 3763 3764 3765 3785 3786 3787 3788 3789 3790 3773 3774 3775 3776 3777 3778 3774 3775 3765 3766 3762 3763 3764 3765 3766 3763 3764 3765 3766 3775 3776 3777
3770 3771 3772 3769 3770 3771 3772 3762 3763 3764 3765 3766 3779 3780 3781 3782 3783 3784 3780 3781 3782 3788 3789 3790 3787 3788 3789 3790 3780 3781 3782 3783 3784 3761 3762 3763 3764 3765 3766 3763 3764 3765 3786 3766 3767 3753 3754 3750 3751 3752 3753 3754 3751 3752 3753 3754 3763 3764 3765 3766 3769 3770 3771 3772 3773 3774 3770 3771 3772 3769 3770 3771 3772 3762 3763 3764 3765 3766 3779 3780 3781 3782 3783 3784 3780 3781 3771 3772 3768 3769 3770 3771 3772 3769 3770 3771 3772 3781 3782 3783
3776 3777 3778 3775 3776 3777 3778 3768 3769 3770 3771 3772 3785 3786 3787 3788 3789 3790 3786 3787 3788 3787 3749 3750 3751 3752 3754 3785 3786 3787 3788 3789 3790 3767 3768 3769 3770 3771 3772 3765 3766 3763 3761 3772 3773 3759 3760 3756 3757 3758 3759 3760 3757 3758 3759 3760 3769 3770 3771 3772 3775 3776 3777 3778 3779 3780 3776 3777 3778 3775 3776 3777 3778 3768 3769 3770 3771 3772 3785 3786 3787 3788 3789 3790 3786 3787 3777 3778 3774 3775 3776 3777 3778 3775 3776 3777 3778 3787 3788 3789
3782 3783 3784 3781 3782 3783 3784 3774 3775 3776 3777 3778 3755 3756 3757 3758 3759 3760 3757 3758 3759 3754 3755 3756 3757 3758 3760 3757 3758 3759 3760 3750 3751 3773 3774 3775 3776 3777 3778 3771 3772 3769 3767 3778 3779 3765 3766 3762 3763 3764 3765 3766 3763 3764 3765 3766 3775 3776 3777 3778 3781 3782 3783 3784 3785 3786 3782 3783 3784 3781 3782 3783 3784 3774 3775 3776 3777 3778 3755 3756 3757 3758 3759 3760 3757 3758 3783 3784 3780 3781 3782 3783 3784 3754 3782 3783 3784 3761 3762 3763
3788 3789 3790 3787 3788 3789 3790 3780 3781 3782 3783 3784 3761 3762 3763 3764 3765 3766 3763 3764 3765 3760 3761 3762 3763 3764 3766 3763 3764 3765 3766 3756 3757 3779 3780 3781 3782 3783 3784 3777 3778 3775 3773 3784 3785 3771 3772 3768 3769 3770 3771 3772 3769 3770 3771 3772 3781 3782 3783 3784 3753 3754 3750 3751 3752 3753 3788 3789 3790 3787 3788 3789 3790 3780 3781 3782 3783 3784 3761 3762 3763 3764 3765 3766 3763 3764 3789 3790 3786 3787 3788 3789 3790 3760 3788 3789 3790 3767 3768 3769
3787 3749 3750 3751 3752 3754 3785 3786 3787 3788 3789 3790 3767 3768 3769 3770 3771 3772 3765 3766 3763 3766 3767 3768 3769 3770 3772 3769 3770 3771 3772 3762 3763 3785 3786 3787 3788 3789 3790 3783 3784 3781 3779 3780 3781 3777 3778 3774 3775 3776 3777 3778 3775 3776 3777 3778 3787 3788 3789 3790 3759 3760 3756 3757 3758 3759 3787 3749 3750 3751 3752 3754 3785 3786 3787 3788 3789 3790 3767 3768 3769 3770 3771 3772 3765 3766 3758 3759 3761 3762 3763 3764 3765 3766 3751 3752 3753 3754 3774 3775
3754 3755 3756 3757 3758 3760 3757 3758 3759 3760 3750 3751 3773 3774 3775 3776 3777 3778 3771 3772 3769 3772 3773 3774 3775 3776 3778 3775 3776 3777 3778 3768 3769 3770 3771 3772 3750 3751 3752 3750 3751 3752 3785 3786 3787 3783 3784 3780 3781 3782 3783 3784 3754 3782 3783 3784 3761 3762 3763 3764 3765 3766 3762 3763 3764 3765 3754 3755 3756 3757 3758 3760 3757 3758 3759 3760 3750 3751 3773 3774 3775 3776 3777 3778 3771 3772 3764 3765 3767 3768 3769 3770 3771 3772 3757 3758 3759 3760 3780 3781
tile 3749 0 0
tile 3750 56 0
tile 3751 112 0
tile 3752 168 0
tile 3753 224 0
tile 3754 280 0
tile 3755 336 0
tile 3756 0 27
tile 3757 56 27
tile 3758 112 27
tile 3759 168 27
tile 3760 224 27
tile 3761 280 27
tile 3762 336 27
tile 3763 0 54
tile 3764 56 54
tile 3765 112 54
tile 3766 168 54
tile 3767 224 54
tile 3768 280 54
tile 3769 336 54
tile 3770 0 81
tile 3771 56 81
tile 3772 112 81
tile 3773 168 81
tile 3774 224 81
tile 3775 280 81
tile 3776 336 81
tile 3777 0 108
tile 3778 56 108
tile 3779 112 108
tile 3780 168 108
tile 3781 224 108
tile 3782 280 108
tile 3783 336 108
tile 3784 0 135
tile 3785 56 135
tile 3786 112 135
tile 3787 168 135
tile 3788 224 135
tile 3789 280 135
tile 3790 336 135
picture 4910 56 362 167 0
picture 4911 56 529 167 0
picture 4912 56 696 167 0
picture 4913 84 0 167 0
picture 4914 84 167 167 0
picture 4915 84 334 167 0
picture 4916 84 501 167 0
picture 4917 84 668 167 0
picture 4918 84 835 167 0
picture 4919 112 0 167 0
picture 4920 112 167 167 0
picture 4921 112 334 167 0
picture 4922 112 501 167 0
picture 4923 112 668 167 0
picture 4924 112 835 167 0
picture 4925 140 0 167 0
picture 4926 140 167 167 0
picture 4927 140 334 167 0
picture 4928 140 501 167 0
picture 4929 140 668 167 0
picture 4930 140 835 167 0
picture 4931 168 0 167 0
picture 4932 168 167 167 0
picture 4933 168 334 167 0
picture 4934 504 656 163 0
picture 4935 504 819 163 0
picture 4936 168 501 167 0
picture 4937 168 668 167 0
picture 4939 168 835 167 0
picture 4940 196 0 167 0
picture 4941 196 167 167 0
picture 4942 196 334 167 0
picture 4943 196 501 167 0
picture 4944 196 668 167 0
picture 4945 196 835 167 0
picture 4946 224 0 167 0
picture 4947 224 167 167 0
picture 4948 224 334 167 0
picture 4949 224 501 167 0
picture 4952 532 0 163 0
picture 4953 532 163 163 0
picture 4954 224 668 167 0
picture 4956 224 835 167 0
picture 4957 252 0 167 0
picture 4958 252 167 167 0
picture 4959 252 334 167 0
picture 4960 252 501 167 0
picture 4961 252 668 167 0
picture 4962 560 487 161 0
picture 4963 672 154 151 0
picture 4964 560 648 161 0
picture 4965 616 161 159 0
picture 4966 560 809 161 0
picture 4967 644 469 155 0
picture 4968 588 0 161 0
picture 4969 672 456 150 0
picture 4970 532 326 163 0
picture 4971 532 489 163 0
picture 4972 672 606 150 0
picture 4973 588 161 161 0
picture 4974 644 624 155 0
picture 4975 588 322 161 0
picture 4976 616 320 159 0
picture 4977 588 483 161 0
picture 4978 672 305 151 0
picture 4979 588 644 161 0
picture 4980 532 652 163 0
picture 4981 532 815 163 0
picture 4982 252 835 167 0
picture 4983 616 479 157 0
picture 4984 280 0 167 0
picture 4985 644 779 154 0
picture 4986 280 167 167 0
picture 4987 504 0 164 0
picture 4988 280 334 167 0
picture 4989 504 164 164 0
picture 4990 280 501 167 0
picture 4991 616 636 157 0
picture 4992 280 668 167 0
picture 4993 280 835 167 0
picture 4994 308 0 167 0
picture 4995 308 167 167 0
picture 4996 308 334 167 0
picture 4997 308 501 167 0
picture 4998 308 668 167 0
picture 4999 308 835 167 0
picture 5000 616 793 157 0
picture 5001 336 0 167 0
picture 5002 504 328 164 0
picture 5003 336 167 167 0
picture 5004 672 0 154 0
picture 5005 336 334 167 0
picture 5006 644 0 157 0
picture 5007 336 501 167 0
picture 5008 336 668 167 0
picture 5009 336 835 167 0
picture 5010 364 0 167 0
picture 5011 364 167 167 0
picture 5012 364 334 167 0
picture 5013 364 501 167 0
picture 5014 364 668 167 0
picture 5015 364 835 167 0
picture 5016 672 756 150 0
picture 5017 700 0 150 0
picture 5018 644 157 156 0
picture 5019 644 313 156 0
picture 5020 700 150 149 0
picture 5021 700 299 149 0
picture 5022 560 163 162 0
picture 5023 560 325 162 0
picture 5024 588 805 161 0
picture 5025 616 0 161 0
picture 5026 504 492 164 0
picture 5027 560 0 163 0
picture 5028 392 0 167 0
picture 5029 392 167 167 0
picture 5030 392 334 167 0
picture 5031 392 501 167 0
picture 5032 392 668 167 0
picture 5033 392 835 167 0
picture 5040 420 0 167 0
picture 5041 420 167 167 0
picture 5042 420 334 167 0
picture 5043 420 501 167 0
picture 5044 420 668 167 0
picture 5045 420 835 167 0
picture 5048 728 229 97 0
picture 5049 728 326 97 0
picture 5050 728 903 91 0
picture 5051 728 811 92 0
picture 5052 756 91 90 0
picture 5053 756 0 91 0
picture 5054 784 415 78 0
picture 5055 784 493 77 0
picture 5056 784 644 71 0
picture 5057 784 570 74 0
picture 5062 784 715 66 0
picture 5063 728 0 115 0
picture 5064 728 115 114 0
picture 5065 756 181 86 0
picture 5066 812 550 27 0
picture 5067 784 781 55 0
picture 5068 756 439 83 0
picture 5069 756 522 83 0
picture 5070 784 836 55 0
picture 5071 812 577 27 0
picture 5072 812 604 27 0
picture 5073 784 891 55 0
picture 5074 756 605 83 0
picture 5075 756 688 83 0
picture 5076 784 946 55 0
picture 5077 812 631 27 0
picture 5078 812 658 27 0
picture 5079 756 267 86 0
picture 5080 700 448 119 0
picture 5081 700 567 119 0
picture 5082 812 0 55 0
picture 5083 812 685 27 0
picture 5090 812 712 27 0
picture 5091 756 353 86 0
picture 5092 700 686 119 0
picture 5093 700 805 119 0
picture 5094 812 55 55 0
picture 5095 812 739 27 0
picture 5108 812 766 27 0
picture 5109 812 110 55 0
picture 5110 756 771 83 0
picture 5111 728 423 97 0
picture 5112 756 854 83 0
picture 5113 812 165 55 0
picture 5114 812 793 27 0
picture 5115 812 820 27 0
picture 5116 812 220 55 0
picture 5117 756 937 83 0
picture 5118 728 520 97 0
picture 5119 784 0 83 0
picture 5120 812 275 55 0
picture 5121 812 847 27 0
picture 5122 812 874 27 0
picture 5123 812 330 55 0
picture 5124 784 83 83 0
picture 5125 728 617 97 0
picture 5126 784 166 83 0
picture 5127 812 385 55 0
picture 5128 812 901 27 0
picture 5136 812 928 27 0
picture 5137 812 440 55 0
picture 5138 784 249 83 0
picture 5139 728 714 97 0
picture 5140 784 332 83 0
picture 5141 812 495 55 0
picture 5142 812 955 27 0
picture 5178 448 0 167 0
picture 5179 0 0 181 0
picture 5180 0 181 181 0
picture 5181 448 167 167 0
picture 5186 448 334 167 0
picture 5187 0 362 181 0
picture 5188 0 543 181 0
picture 5189 448 501 167 0
picture 5202 448 668 167 0
picture 5203 0 724 181 0
picture 5204 28 0 181 0
picture 5205 448 835 167 0
picture 5210 476 0 167 0
picture 5211 28 181 181 0
picture 5212 28 362 181 0
picture 5213 476 167 167 0
picture 5218 476 334 167 0
picture 5219 28 543 181 0
picture 5220 28 724 181 0
picture 5221 476 501 167 0
picture 5222 476 668 167 0
picture 5223 56 0 181 0
picture 5224 56 181 181 0
picture 5225 476 835 167 0
object 0 0 left 5048
object 0 0 right 5049
object 1 0 left 5048
object 1 0 right 5049
object 2 0 left 5048
object 2 0 right 5049
object 3 0 left 5048
object 3 0 right 5049
object 4 0 left 5048
object 4 0 right 5049
object 5 0 left 5048
object 5 0 right 5049
object 6 0 left 5048
object 6 0 right 5049
object 7 0 left 5048
object 7 0 right 5049
object 8 0 left 5048
object 8 0 right 5049
object 9 0 left 5048
object 9 0 right 5049
object 10 0 left 5048
object 10 0 right 5049
object 11 0 left 5048
object 11 0 right 5049
object 12 0 left 5048
object 12 0 right 5049
object 13 0 left 5048
object 13 0 right 5049
object 14 0 left 5048
object 14 0 right 5049
object 15 0 left 5048
object 15 0 right 5049
object 16 0 left 5048
object 16 0 right 5049
object 17 0 left 5048
object 17 0 right 5049
object 18 0 left 5048
object 18 0 right 5049
object 19 0 left 5048
object 19 0 right 5049
object 20 0 left 5048
object 20 0 right 5049
object 21 0 left 5048
object 21 0 right 5049
object 22 0 left 5048
object 22 0 right 5049
object 23 0 left 5048
object 23 0 right 5049
object 24 0 left 5048
object 24 0 right 5049
object 25 0 left 5048
object 25 0 right 5049
object 26 0 left 5048
object 26 0 right 5049
object 27 0 left 5048
object 27 0 right 5049
object 28 0 left 5048
object 28 0 right 5049
object 29 0 left 5048
object 29 0 right 5049
object 30 0 left 5048
object 30 0 right 5049
object 31 0 left 5048
object 31 0 right 5049
object 32 0 left 5048
object 32 0 right 5049
object 33 0 left 5048
object 33 0 right 5049
object 34 0 left 5048
object 34 0 right 5049
object 35 0 left 5048
object 35 0 right 5049
object 36 0 left 5048
object 36 0 right 5049
object 37 0 left 5048
object 37 0 right 5049
object 38 0 left 5048
object 38 0 right 5049
object 39 0 left 5048
object 39 0 right 5049
object 40 0 left 5048
object 40 0 right 5049
object 41 0 left 5048
object 41 0 right 5049
object 42 0 left 5048
object 42 0 right 5049
object 43 0 left 5048
object 43 0 right 5049
object 44 0 left 5048
object 44 0 right 5049
object 45 0 left 5048
object 45 0 right 5049
object 46 0 left 5048
object 46 0 right 5049
object 47 0 left 5048
object 47 0 right 5049
object 48 0 left 5048
object 48 0 right 5049
object 49 0 left 5048
object 49 0 right 5049
object 50 0 left 5048
object 50 0 right 5049
object 51 0 left 5048
object 51 0 right 5049
object 52 0 left 5048
object 52 0 right 5049
object 53 0 left 5048
object 53 0 right 5049
object 54 0 left 5048
object 54 0 right 5049
object 55 0 left 5048
object 55 0 right 5049
object 56 0 left 5048
object 56 0 right 5049
object 57 0 left 5048
object 57 0 right 5049
object 58 0 left 5048
object 58 0 right 5049
object 59 0 left 5048
object 59 0 right 5049
object 60 0 left 5048
object 60 0 right 5049
object 61 0 left 5048
object 61 0 right 5049
object 62 0 left 5048
object 62 0 right 5049
object 63 0 left 5048
object 63 0 right 5049
object 64 0 left 5048
object 64 0 right 5049
object 65 0 left 5048
object 65 0 right 5049
object 66 0 left 5048
object 66 0 right 5049
object 67 0 left 5048
object 67 0 right 5049
object 68 0 left 5048
object 68 0 right 5049
object 69 0 left 5048
object 69 0 right 5049
object 70 0 left 5048
object 70 0 right 5049
object 71 0 left 5048
object 71 0 right 5049
object 72 0 left 5048
object 72 0 right 5049
object 73 0 left 5048
object 73 0 right 5049
object 74 0 left 5048
object 74 0 right 5049
object 75 0 left 5048
object 75 0 right 5049
object 76 0 left 5048
object 76 0 right 5049
object 77 0 left 5048
object 77 0 right 5049
object 78 0 left 5048
object 78 0 right 5049
object 79 0 left 5048
object 79 0 right 5049
object 80 0 left 5048
object 80 0 right 5049
object 81 0 left 5048
object 81 0 right 5049
object 82 0 left 5048
object 82 0 right 5049
object 83 0 left 5048
object 83 0 right 5049
object 84 0 left 5048
object 84 0 right 5049
object 85 0 left 5048
object 85 0 right 5049
object 86 0 left 5048
object 86 0 right 5049
object 87 0 left 5048
object 87 0 right 5049
object 88 0 left 5048
object 88 0 right 5049
object 89 0 left 5048
object 89 0 right 5049
object 90 0 left 5048
object 90 0 right 5049
object 91 0 left 5048
object 91 0 right 5049
object 92 0 left 5048
object 92 0 right 5049
object 93 0 left 5048
object 93 0 right 5049
object 94 0 left 5048
object 94 0 right 5049
object 95 0 left 5048
object 95 0 right 5049
object 96 0 left 5048
object 96 0 right 5049
object 97 0 left 5048
object 97 0 right 5049
object 98 0 left 5048
object 98 0 right 5049
object 99 0 left 5048
object 99 0 right 5049
object 0 1 left 5048
object 0 1 right 5049
object 1 1 left 5048
object 1 1 right 5049
object 2 1 left 5048
object 2 1 right 5049
object 3 1 left 5048
object 3 1 right 5049
object 4 1 left 5048
object 4 1 right 5049
object 5 1 left 5048
object 5 1 right 5049
object 6 1 left 5048
object 6 1 right 5049
object 7 1 left 5048
object 7 1 right 5049
object 8 1 left 5048
object 8 1 right 5049
object 9 1 left 5048
object 9 1 right 5049
object 10 1 left 5048
object 10 1 right 5049
object 11 1 left 5048
object 11 1 right 5049
object 12 1 left 5048
object 12 1 right 5049
object 13 1 left 5048
object 13 1 right 5049
object 14 1 left 5048
object 14 1 right 5049
object 15 1 left 5048
object 15 1 right 5049
object 16 1 left 5048
object 16 1 right 5049
object 17 1 left 5048
object 17 1 right 5049
object 18 1 left 5048
object 18 1 right 5049
object 19 1 left 5048
object 19 1 right 5049
object 20 1 left 5048
object 20 1 right 5049
object 21 1 left 5048
object 21 1 right 5049
object 22 1 left 5048
object 22 1 right 5049
object 23 1 left 5048
object 23 1 right 5049
object 24 1 left 5048
object 24 1 right 5049
object 25 1 left 5048
object 25 1 right 5049
object 26 1 left 5048
object 26 1 right 5049
object 27 1 left 5048
object 27 1 right 5049
object 28 1 left 5048
object 28 1 right 5049
object 29 1 left 5048
object 29 1 right 5049
object 30 1 left 5048
object 30 1 right 5049
object 31 1 left 5048
object 31 1 right 5049
object 32 1 left 5048
object 32 1 right 5049
object 33 1 left 5048
object 33 1 right 5049
object 34 1 left 5048
object 34 1 right 5049
object 35 1 left 5048
object 35 1 right 5049
object 36 1 left 5048
object 36 1 right 5049
object 37 1 left 5048
object 37 1 right 5049
object 38 1 left 5048
object 38 1 right 5049
object 39 1 left 5048
object 39 1 right 5049
object 40 1 left 5048
object 40 1 right 5049
object 41 1 left 5048
object 41 1 right 5049
object 42 1 left 5048
object 42 1 right 5049
object 43 1 left 5048
object 43 1 right 5049
object 44 1 left 5048
object 44 1 right 5049
object 45 1 left 5048
object 45 1 right 5049
object 46 1 left 5048
object 46 1 right 5049
object 47 1 left 5048
object 47 1 right 5049
object 48 1 left 5048
object 48 1 right 5049
object 49 1 left 5048
object 49 1 right 5049
object 50 1 left 5048
object 50 1 right 5049
object 51 1 left 5048
object 51 1 right 5049
object 52 1 left 5048
object 52 1 right 5049
object 53 1 left 5048
object 53 1 right 5049
object 54 1 left 5048
object 54 1 right 5049
object 55 1 left 5048
object 55 1 right 5049
object 56 1 left 5048
object 56 1 right 5049
object 57 1 left 5048
object 57 1 right 5049
object 58 1 left 5048
object 58 1 right 5049
object 59 1 left 5048
object 59 1 right 5049
object 60 1 left 5048
object 60 1 right 5049
object 61 1 left 5048
object 61 1 right 5049
object 62 1 left 5048
object 62 1 right 5049
object 63 1 left 5048
object 63 1 right 5049
object 64 1 left 5048
object 64 1 right 5049
object 65 1 left 5048
object 65 1 right 5049
object 66 1 left 5048
object 66 1 right 5049
object 67 1 left 5048
object 67 1 right 5049
object 68 1 left 5048
object 68 1 right 5049
object 69 1 left 5048
object 69 1 right 5049
object 70 1 left 5048
object 70 1 right 5049
object 71 1 left 5048
object 71 1 right 5049
object 72 1 left 5048
object 72 1 right 5049
object 73 1 left 5048
object 73 1 right 5049
object 74 1 left 5048
object 74 1 right 5049
object 75 1 left 5048
object 75 1 right 5049
object 76 1 left 5048
object 76 1 right 5049
object 77 1 left 5048
object 77 1 right 5049
object 78 1 left 5048
object 78 1 right 5049
object 79 1 left 5048
object 79 1 right 5049
object 80 1 left 5048
object 80 1 right 5049
object 81 1 left 5048
object 81 1 right 5049
object 82 1 left 5048
object 82 1 right 5049
object 83 1 left 5048
object 83 1 right 5049
object 84 1 left 5028
object 84 1 right 5029
object 85 1 left 4944
object 85 1 right 4945
object 86 1 left 4958
object 86 1 right 4959
object 87 1 left 4940
object 87 1 right 4941
object 88 1 left 4946
object 88 1 right 4947
object 89 1 left 4960
object 89 1 right 4961
object 90 1 left 5178
object 90 1 right 4939
object 91 1 left 5179
object 91 1 right 4949
object 92 1 left 5180
object 92 1 right 5181
object 93 1 left 4942
object 93 1 right 4943
object 94 1 left 5008
object 94 1 right 5009
object 95 1 left 5048
object 95 1 right 5049
object 96 1 left 5048
object 96 1 right 5049
object 97 1 left 5048
object 97 1 right 5049
object 98 1 left 5048
object 98 1 right 5049
object 99 1 left 5048
object 99 1 right 5049
object 0 2 left 5048
object 0 2 right 5049
object 1 2 left 5048
object 1 2 right 5049
object 2 2 left 5048
object 2 2 right 5049
object 3 2 left 5048
object 3 2 right 5049
object 4 2 left 5048
object 4 2 right 5049
object 5 2 left 5048
object 5 2 right 5049
object 6 2 left 5048
object 6 2 right 5049
object 7 2 left 5048
object 7 2 right 5049
object 8 2 left 5048
object 8 2 right 5049
object 9 2 left 5048
object 9 2 right 5049
object 10 2 left 5048
object 10 2 right 5049
object 11 2 left 5048
object 11 2 right 5049
object 12 2 left 5048
object 12 2 right 5049
object 13 2 left 5048
object 13 2 right 5049
object 14 2 left 5048
object 14 2 right 5049
object 15 2 left 5048
object 15 2 right 5049
object 16 2 left 5048
object 16 2 right 5049
object 17 2 left 5048
object 17 2 right 5049
object 18 2 left 5048
object 18 2 right 5049
object 19 2 left 5048
object 19 2 right 5049
object 20 2 left 5048
object 20 2 right 5049
object 21 2 left 5048
object 21 2 right 5049
object 22 2 left 5048
object 22 2 right 5049
object 23 2 left 5030
object 23 2 right 5031
object 24 2 left 4944
object 24 2 right 4945
object 25 2 left 4958
object 25 2 right 4959
object 26 2 left 5186
object 26 2 right 4941
object 27 2 left 5187
object 27 2 right 4947
object 28 2 left 5188
object 28 2 right 5189
object 29 2 left 4940
object 29 2 right 4941
object 30 2 left 5008
object 30 2 right 5009
object 31 2 left 5048
object 31 2 right 5049
object 32 2 left 5048
object 32 2 right 5049
object 33 2 left 5048
object 33 2 right 5049
object 34 2 left 5048
object 34 2 right 5049
object 35 2 left 5048
object 35 2 right 5049
object 36 2 left 5048
object 36 2 right 5049
object 37 2 left 5048
object 37 2 right 5049
object 38 2 left 5048
object 38 2 right 5049
object 39 2 left 5048
object 39 2 right 5049
object 40 2 left 5048
object 40 2 right 5049
object 41 2 left 5048
object 41 2 right 5049
object 42 2 left 5048
object 42 2 right 5049
object 43 2 left 5048
object 43 2 right 5049
object 44 2 left 5048
object 44 2 right 5049
object 45 2 left 5048
object 45 2 right 5049
object 46 2 left 5048
object 46 2 right 5049
object 47 2 left 5048
object 47 2 right 5049
object 48 2 left 5048
object 48 2 right 5049
object 49 2 left 5048
object 49 2 right 5049
object 50 2 left 5048
object 50 2 right 5049
object 51 2 left 5048
object 51 2 right 5049
object 52 2 left 5048
object 52 2 right 5049
object 53 2 left 5048
object 53 2 right 5049
object 54 2 left 5028
object 54 2 right 5029
object 55 2 left 4944
object 55 2 right 4945
object 56 2 left 4958
object 56 2 right 4959
object 57 2 left 5218
object 57 2 right 4941
object 58 2 left 5219
object 59 2 left 5220
object 59 2 right 5221
object 60 2 left 4936
object 60 2 right 4937
object 61 2 left 5008
object 61 2 right 5009
object 62 2 left 5048
object 62 2 right 5049
object 63 2 left 5048
object 63 2 right 5049
object 64 2 left 5048
object 64 2 right 5049
object 65 2 left 5048
object 65 2 right 5049
object 66 2 left 5048
object 66 2 right 5049
object 67 2 left 5048
object 67 2 right 5049
object 68 2 left 5048
object 68 2 right 5049
object 69 2 left 5048
object 69 2 right 5049
object 70 2 left 5048
object 70 2 right 5049
object 71 2 left 5048
object 71 2 right 5049
object 72 2 left 5048
object 72 2 right 5049
object 73 2 left 5048
object 73 2 right 5049
object 74 2 left 5048
object 74 2 right 5049
object 75 2 left 5048
object 75 2 right 5049
object 76 2 left 5048
object 76 2 right 5049
object 77 2 left 5048
object 77 2 right 5049
object 78 2 left 5048
object 78 2 right 5049
object 79 2 left 5048
object 79 2 right 5049
object 80 2 left 5048
object 80 2 right 5049
object 81 2 left 5048
object 81 2 right 5049
object 82 2 left 5048
object 82 2 right 5049
object 83 2 left 5032
object 83 2 right 5033
object 84 2 left 5042
object 84 2 right 5043
object 94 2 left 5000
object 94 2 right 5001
object 95 2 left 5010
object 95 2 right 5011
object 96 2 left 5048
object 96 2 right 5049
object 97 2 left 5048
object 97 2 right 5049
object 98 2 left 5048
object 98 2 right 5049
object 99 2 left 5048
object 99 2 right 5049
object 0 3 left 5048
object 0 3 right 5049
object 1 3 left 5048
object 1 3 right 5049
object 2 3 left 5048
object 2 3 right 5049
object 3 3 left 5048
object 3 3 right 5049
object 4 3 left 5048
object 4 3 right 5049
object 5 3 left 5048
object 5 3 right 5049
object 6 3 left 5048
object 6 3 right 5049
object 7 3 left 5048
object 7 3 right 5049
object 8 3 left 5048
object 8 3 right 5049
object 9 3 left 5048
object 9 3 right 5049
object 10 3 left 5048
object 10 3 right 5049
object 11 3 left 5048
object 11 3 right 5049
object 12 3 left 5048
object 12 3 right 5049
object 13 3 left 5048
object 13 3 right 5049
object 14 3 left 5048
object 14 3 right 5049
object 15 3 left 5048
object 15 3 right 5049
object 16 3 left 5048
object 16 3 right 5049
object 17 3 left 5048
object 17 3 right 5049
object 18 3 left 5048
object 18 3 right 5049
object 19 3 left 5048
object 19 3 right 5049
object 20 3 left 5048
object 20 3 right 5049
object 21 3 left 5048
object 21 3 right 5049
object 22 3 left 5028
object 22 3 right 5029
object 23 3 left 5042
object 23 3 right 5043
object 24 3 left 5050
object 24 3 right 5051
object 25 3 left 5052
object 25 3 right 5053
object 26 3 left 5054
object 26 3 right 5055
object 27 3 left 5056
object 27 3 right 5057
object 29 3 right 5065
object 30 3 left 5000
object 30 3 right 5001
object 31 3 left 5010
object 31 3 right 5011
object 32 3 left 5048
object 32 3 right 5049
object 33 3 left 5048
object 33 3 right 5049
object 34 3 left 5048
object 34 3 right 5049
object 35 3 left 5048
object 35 3 right 5049
object 36 3 left 5048
object 36 3 right 5049
object 37 3 left 5048
object 37 3 right 5049
object 38 3 left 5048
object 38 3 right 5049
object 39 3 left 5048
object 39 3 right 5049
object 40 3 left 5048
object 40 3 right 5049
object 41 3 left 5048
object 41 3 right 5049
object 42 3 left 5048
object 42 3 right 5049
object 43 3 left 5048
object 43 3 right 5049
object 44 3 left 5048
object 44 3 right 5049
object 45 3 left 5048
object 45 3 right 5049
object 46 3 left 5048
object 46 3 right 5049
object 47 3 left 5048
object 47 3 right 5049
object 48 3 left 5048
object 48 3 right 5049
object 49 3 left 5048
object 49 3 right 5049
object 50 3 left 5048
object 50 3 right 5049
object 51 3 left 5048
object 51 3 right 5049
object 52 3 left 5048
object 52 3 right 5049
object 53 3 left 5032
object 53 3 right 5033
object 54 3 left 5042
object 54 3 right 5043
object 61 3 left 5000
object 61 3 right 5001
object 62 3 left 5010
object 62 3 right 5011
object 63 3 left 5048
object 63 3 right 5049
object 64 3 left 5048
object 64 3 right 5049
object 65 3 left 5048
object 65 3 right 5049
object 66 3 left 5048
object 66 3 right 5049
object 67 3 left 5048
object 67 3 right 5049
object 68 3 left 5048
object 68 3 right 5049
object 69 3 left 5048
object 69 3 right 5049
object 70 3 left 5048
object 70 3 right 5049
object 71 3 left 5048
object 71 3 right 5049
object 72 3 left 5048
object 72 3 right 5049
object 73 3 left 5048
object 73 3 right 5049
object 74 3 left 5048
object 74 3 right 5049
object 75 3 left 5048
object 75 3 right 5049
object 76 3 left 5048
object 76 3 right 5049
object 77 3 left 5048
object 77 3 right 5049
object 78 3 left 5048
object 78 3 right 5049
object 79 3 left 5048
object 79 3 right 5049
object 80 3 left 5048
object 80 3 right 5049
object 81 3 left 5048
object 81 3 right 5049
object 82 3 left 5030
object 82 3 right 5031
object 83 3 left 5040
object 83 3 right 5041
object 95 3 left 5002
object 95 3 right 5003
object 96 3 left 5014
object 96 3 right 5015
object 97 3 left 5048
object 97 3 right 5049
object 98 3 left 5048
object 98 3 right 5049
object 99 3 left 5048
object 99 3 right 5049
object 0 4 left 5048
object 0 4 right 5049
object 1 4 left 5048
object 1 4 right 5049
object 2 4 left 5048
object 2 4 right 5049
object 3 4 left 5048
object 3 4 right 5049
object 4 4 left 5048
object 4 4 right 5049
object 5 4 left 5048
object 5 4 right 5049
object 6 4 left 5048
object 6 4 right 5049
object 7 4 left 5048
object 7 4 right 5049
object 8 4 left 5048
object 8 4 right 5049
object 9 4 left 5048
object 9 4 right 5049
object 10 4 left 5048
object 10 4 right 5049
object 11 4 left 5048
object 11 4 right 5049
object 12 4 left 5032
object 12 4 right 5033
object 13 4 left 4944
object 13 4 right 4945
object 14 4 left 4958
object 14 4 right 4959
object 15 4 left 5178
object 15 4 right 4941
object 16 4 left 5179
object 16 4 right 4947
object 17 4 left 5180
object 17 4 right 5181
object 18 4 left 4940
object 18 4 right 4941
object 19 4 left 4944
object 19 4 right 4945
object 20 4 left 4958
object 20 4 right 4959
object 21 4 left 4942
object 21 4 right 4943
object 22 4 left 5040
object 22 4 right 5041
object 26 4 right 5142
object 28 4 left 5062
object 29 4 left 5063
object 29 4 right 5064
object 30 4 left 5056
object 30 4 right 5057
object 31 4 left 5002
object 31 4 right 5003
object 32 4 left 5012
object 32 4 right 5013
object 33 4 left 5048
object 33 4 right 5049
object 34 4 left 5048
object 34 4 right 5049
object 35 4 left 5048
object 35 4 right 5049
object 36 4 left 5048
object 36 4 right 5049
object 37 4 left 5048
object 37 4 right 5049
object 38 4 left 5048
object 38 4 right 5049
object 39 4 left 5048
object 39 4 right 5049
object 40 4 left 5048
object 40 4 right 5049
object 41 4 left 5048
object 41 4 right 5049
object 42 4 left 5048
object 42 4 right 5049
object 43 4 left 5048
object 43 4 right 5049
object 44 4 left 5048
object 44 4 right 5049
object 45 4 left 5048
object 45 4 right 5049
object 46 4 left 5048
object 46 4 right 5049
object 47 4 left 5048
object 47 4 right 5049
object 48 4 left 5048
object 48 4 right 5049
object 49 4 left 5048
object 49 4 right 5049
object 50 4 left 5048
object 50 4 right 5049
object 51 4 left 5048
object 51 4 right 5049
object 52 4 left 5030
object 52 4 right 5031
object 53 4 left 5040
object 53 4 right 5041
object 62 4 left 5002
object 62 4 right 5003
object 63 4 left 5012
object 63 4 right 5013
object 64 4 left 5048
object 64 4 right 5049
object 65 4 left 5048
object 65 4 right 5049
object 66 4 left 5048
object 66 4 right 5049
object 67 4 left 5048
object 67 4 right 5049
object 68 4 left 5048
object 68 4 right 5049
object 69 4 left 5048
object 69 4 right 5049
object 70 4 left 5048
object 70 4 right 5049
object 71 4 left 5048
object 71 4 right 5049
object 72 4 left 5048
object 72 4 right 5049
object 73 4 left 5048
object 73 4 right 5049
object 74 4 left 5048
object 74 4 right 5049
object 75 4 left 5048
object 75 4 right 5049
object 76 4 left 5048
object 76 4 right 5049
object 77 4 left 5048
object 77 4 right 5049
object 78 4 left 5048
object 78 4 right 5049
object 79 4 left 5048
object 79 4 right 5049
object 80 4 left 5048
object 80 4 right 5049
object 81 4 left 5048
object 81 4 right 5049
object 82 4 left 4912
object 82 4 right 4913
object 96 4 left 5004
object 96 4 right 5005
object 97 4 left 5012
object 97 4 right 5013
object 98 4 left 5048
object 98 4 right 5049
object 99 4 left 5048
object 99 4 right 5049
object 0 5 left 5048
object 0 5 right 5049
object 1 5 left 5048
object 1 5 right 5049
object 2 5 left 5048
object 2 5 right 5049
object 3 5 left 5048
object 3 5 right 5049
object 4 5 left 5048
object 4 5 right 5049
object 5 5 left 5048
object 5 5 right 5049
object 6 5 left 5048
object 6 5 right 5049
object 7 5 left 5048
object 7 5 right 5049
object 8 5 left 5048
object 8 5 right 5049
object 9 5 left 5048
object 9 5 right 5049
object 10 5 left 5048
object 10 5 right 5049
object 11 5 left 5030
object 11 5 right 5031
object 12 5 left 5042
object 12 5 right 5043
object 18 5 left 5056
object 18 5 right 5057
object 19 5 left 5056
object 19 5 right 5057
object 22 5 right 5083
object 26 5 right 5141
object 29 5 right 5065
object 32 5 left 5004
object 32 5 right 5005
object 33 5 left 5014
object 33 5 right 5015
object 34 5 left 5048
object 34 5 right 5049
object 35 5 left 5048
object 35 5 right 5049
object 36 5 left 5048
object 36 5 right 5049
object 37 5 left 5048
object 37 5 right 5049
object 38 5 left 5048
object 38 5 right 5049
object 39 5 left 5048
object 39 5 right 5049
object 40 5 left 5048
object 40 5 right 5049
object 41 5 left 5048
object 41 5 right 5049
object 42 5 left 5048
object 42 5 right 5049
object 43 5 left 5048
object 43 5 right 5049
object 44 5 left 5048
object 44 5 right 5049
object 45 5 left 5048
object 45 5 right 5049
object 46 5 left 5048
object 46 5 right 5049
object 47 5 left 5048
object 47 5 right 5049
object 48 5 left 5048
object 48 5 right 5049
object 49 5 left 5048
object 49 5 right 5049
object 50 5 left 5048
object 50 5 right 5049
object 51 5 left 5048
object 51 5 right 5049
object 52 5 left 4930
object 52 5 right 4931
object 63 5 left 5004
object 63 5 right 5005
object 64 5 left 5014
object 64 5 right 5015
object 65 5 left 5048
object 65 5 right 5049
object 66 5 left 5048
object 66 5 right 5049
object 67 5 left 5048
object 67 5 right 5049
object 68 5 left 5048
object 68 5 right 5049
object 69 5 left 5048
object 69 5 right 5049
object 70 5 left 5048
object 70 5 right 5049
object 71 5 left 5048
object 71 5 right 5049
object 72 5 left 5048
object 72 5 right 5049
object 73 5 left 5048
object 73 5 right 5049
object 74 5 left 5048
object 74 5 right 5049
object 75 5 left 5048
object 75 5 right 5049
object 76 5 left 5048
object 76 5 right 5049
object 77 5 left 5048
object 77 5 right 5049
object 78 5 left 5048
object 78 5 right 5049
object 79 5 left 5048
object 79 5 right 5049
object 80 5 left 5048
object 80 5 right 5049
object 81 5 left 5048
object 81 5 right 5049
object 82 5 left 4918
object 82 5 right 4919
object 97 5 left 5006
object 97 5 right 5007
object 98 5 left 5010
object 98 5 right 5011
object 99 5 left 5048
object 99 5 right 5049
object 0 6 left 5048
object 0 6 right 5049
object 1 6 left 5048
object 1 6 right 5049
object 2 6 left 5048
object 2 6 right 5049
object 3 6 left 5048
object 3 6 right 5049
object 4 6 left 5048
object 4 6 right 5049
object 5 6 left 5048
object 5 6 right 5049
object 6 6 left 5048
object 6 6 right 5049
object 7 6 left 5048
object 7 6 right 5049
object 8 6 left 5048
object 8 6 right 5049
object 9 6 left 5048
object 9 6 right 5049
object 10 6 left 5028
object 10 6 right 5029
object 11 6 left 5044
object 11 6 right 5045
object 19 6 right 5065
object 22 6 right 5082
object 23 6 left 5136
object 24 6 left 5137
object 25 6 left 5138
object 26 6 left 5139
object 26 6 right 5140
object 28 6 left 5062
object 29 6 left 5063
object 29 6 right 5064
object 33 6 left 5006
object 33 6 right 5007
object 34 6 left 5008
object 34 6 right 5009
object 35 6 left 5048
object 35 6 right 5049
object 36 6 left 5048
object 36 6 right 5049
object 37 6 left 5048
object 37 6 right 5049
object 38 6 left 5048
object 38 6 right 5049
object 39 6 left 5048
object 39 6 right 5049
object 40 6 left 5048
object 40 6 right 5049
object 41 6 left 5048
object 41 6 right 5049
object 42 6 left 5048
object 42 6 right 5049
object 43 6 left 5048
object 43 6 right 5049
object 44 6 left 5048
object 44 6 right 5049
object 45 6 left 5048
object 45 6 right 5049
object 46 6 left 5048
object 46 6 right 5049
object 47 6 left 5048
object 47 6 right 5049
object 48 6 left 5048
object 48 6 right 5049
object 49 6 left 5048
object 49 6 right 5049
object 50 6 left 5048
object 50 6 right 5049
object 51 6 left 5048
object 51 6 right 5049
object 52 6 left 4928
object 52 6 right 4929
object 64 6 left 5006
object 64 6 right 5007
object 65 6 left 5010
object 65 6 right 5011
object 66 6 left 5048
object 66 6 right 5049
object 67 6 left 5048
object 67 6 right 5049
object 68 6 left 5048
object 68 6 right 5049
object 69 6 left 5048
object 69 6 right 5049
object 70 6 left 5048
object 70 6 right 5049
object 71 6 left 5048
object 71 6 right 5049
object 72 6 left 5048
object 72 6 right 5049
object 73 6 left 5048
object 73 6 right 5049
object 74 6 left 5048
object 74 6 right 5049
object 75 6 left 5048
object 75 6 right 5049
object 76 6 left 5048
object 76 6 right 5049
object 77 6 left 5048
object 77 6 right 5049
object 78 6 left 5048
object 78 6 right 5049
object 79 6 left 5048
object 79 6 right 5049
object 80 6 left 5048
object 80 6 right 5049
object 81 6 left 5048
object 81 6 right 5049
object 82 6 left 4932
object 82 6 right 4933
object 98 6 left 5000
object 98 6 right 5001
object 99 6 left 5010
object 99 6 right 5011
object 0 7 left 5048
object 0 7 right 5049
object 1 7 left 5048
object 1 7 right 5049
object 2 7 left 5048
object 2 7 right 5049
object 3 7 left 5048
object 3 7 right 5049
object 4 7 left 5048
object 4 7 right 5049
object 5 7 left 5048
object 5 7 right 5049
object 6 7 left 5048
object 6 7 right 5049
object 7 7 left 5048
object 7 7 right 5049
object 8 7 left 5048
object 8 7 right 5049
object 9 7 left 5048
object 9 7 right 5049
object 10 7 left 4930
object 10 7 right 4931
object 18 7 left 5062
object 19 7 left 5063
object 19 7 right 5064
object 20 7 left 5078
object 21 7 left 5079
object 22 7 left 5080
object 22 7 right 5081
object 25 7 right 5071
object 29 7 right 5065
object 34 7 left 4972
object 34 7 right 4973
object 35 7 left 5048
object 35 7 right 5049
object 36 7 left 5048
object 36 7 right 5049
object 37 7 left 5048
object 37 7 right 5049
object 38 7 left 5048
object 38 7 right 5049
object 39 7 left 5048
object 39 7 right 5049
object 40 7 left 5048
object 40 7 right 5049
object 41 7 left 5048
object 41 7 right 5049
object 42 7 left 5048
object 42 7 right 5049
object 43 7 left 5048
object 43 7 right 5049
object 44 7 left 5048
object 44 7 right 5049
object 45 7 left 5048
object 45 7 right 5049
object 46 7 left 5048
object 46 7 right 5049
object 47 7 left 5048
object 47 7 right 5049
object 48 7 left 5048
object 48 7 right 5049
object 49 7 left 5048
object 49 7 right 5049
object 50 7 left 5048
object 50 7 right 5049
object 51 7 left 5032
object 51 7 right 5033
object 52 7 left 5044
object 52 7 right 5045
object 65 7 left 4978
object 65 7 right 4979
object 66 7 left 5048
object 66 7 right 5049
object 67 7 left 5048
object 67 7 right 5049
object 68 7 left 5048
object 68 7 right 5049
object 69 7 left 5048
object 69 7 right 5049
object 70 7 left 5048
object 70 7 right 5049
object 71 7 left 5048
object 71 7 right 5049
object 72 7 left 5048
object 72 7 right 5049
object 73 7 left 5048
object 73 7 right 5049
object 74 7 left 5048
object 74 7 right 5049
object 75 7 left 5048
object 75 7 right 5049
object 76 7 left 5048
object 76 7 right 5049
object 77 7 left 5048
object 77 7 right 5049
object 78 7 left 5048
object 78 7 right 5049
object 79 7 left 5048
object 79 7 right 5049
object 80 7 left 5048
object 80 7 right 5049
object 81 7 left 5030
object 81 7 right 5031
object 82 7 left 5040
object 82 7 right 5041
object 99 7 left 4972
object 99 7 right 4973
object 0 8 left 5048
object 0 8 right 5049
object 1 8 left 5048
object 1 8 right 5049
object 2 8 left 5048
object 2 8 right 5049
object 3 8 left 5048
object 3 8 right 5049
object 4 8 left 5048
object 4 8 right 5049
object 5 8 left 5048
object 5 8 right 5049
object 6 8 left 5048
object 6 8 right 5049
object 7 8 left 5048
object 7 8 right 5049
object 8 8 left 5048
object 8 8 right 5049
object 9 8 left 5048
object 9 8 right 5049
object 10 8 left 4912
object 10 8 right 5205
object 18 8 right 5065
object 22 8 right 5114
object 25 8 right 5070
object 27 8 right 5065
object 28 8 left 5062
object 29 8 left 5063
object 29 8 right 5064
object 34 8 left 4974
object 34 8 right 4975
object 35 8 left 5048
object 35 8 right 5049
object 36 8 left 5048
object 36 8 right 5049
object 37 8 left 5048
object 37 8 right 5049
object 38 8 left 5048
object 38 8 right 5049
object 39 8 left 5048
object 39 8 right 5049
object 40 8 left 5048
object 40 8 right 5049
object 41 8 left 5048
object 41 8 right 5049
object 42 8 left 5048
object 42 8 right 5049
object 43 8 left 5048
object 43 8 right 5049
object 44 8 left 5048
object 44 8 right 5049
object 45 8 left 5048
object 45 8 right 5049
object 46 8 left 5048
object 46 8 right 5049
object 47 8 left 5048
object 47 8 right 5049
object 48 8 left 5048
object 48 8 right 5049
object 49 8 left 5048
object 49 8 right 5049
object 50 8 left 5030
object 50 8 right 5031
object 51 8 left 5042
object 51 8 right 5043
object 65 8 left 4976
object 65 8 right 4977
object 66 8 left 5048
object 66 8 right 5049
object 67 8 left 5048
object 67 8 right 5049
object 68 8 left 5048
object 68 8 right 5049
object 69 8 left 5048
object 69 8 right 5049
object 70 8 left 5048
object 70 8 right 5049
object 71 8 left 5048
object 71 8 right 5049
object 72 8 left 5048
object 72 8 right 5049
object 73 8 left 5048
object 73 8 right 5049
object 74 8 left 5048
object 74 8 right 5049
object 75 8 left 5048
object 75 8 right 5049
object 76 8 left 5048
object 76 8 right 5049
object 77 8 left 5048
object 77 8 right 5049
object 78 8 left 5048
object 78 8 right 5049
object 79 8 left 5048
object 79 8 right 5049
object 80 8 left 5028
object 80 8 right 5029
object 81 8 left 5044
object 81 8 right 5045
object 99 8 left 4974
object 99 8 right 4975
object 0 9 left 5048
object 0 9 right 5049
object 1 9 left 5048
object 1 9 right 5049
object 2 9 left 5048
object 2 9 right 5049
object 3 9 left 5048
object 3 9 right 5049
object 4 9 left 5048
object 4 9 right 5049
object 5 9 left 5048
object 5 9 right 5049
object 6 9 left 5048
object 6 9 right 5049
object 7 9 left 5048
object 7 9 right 5049
object 8 9 left 5048
object 8 9 right 5049
object 9 9 left 5048
object 9 9 right 5049
object 10 9 right 5204
object 17 9 left 5062
object 18 9 left 5063
object 18 9 right 5064
object 22 9 right 5113
object 23 9 left 5066
object 24 9 left 5067
object 25 9 left 5068
object 25 9 right 5069
object 26 9 left 5062
object 27 9 left 5063
object 27 9 right 5064
object 34 9 left 4976
object 34 9 right 4977
object 35 9 left 5048
object 35 9 right 5049
object 36 9 left 5048
object 36 9 right 5049
object 37 9 left 5048
object 37 9 right 5049
object 38 9 left 5048
object 38 9 right 5049
object 39 9 left 5048
object 39 9 right 5049
object 40 9 left 5048
object 40 9 right 5049
object 41 9 left 5048
object 41 9 right 5049
object 42 9 left 5048
object 42 9 right 5049
object 43 9 left 5048
object 43 9 right 5049
object 44 9 left 5048
object 44 9 right 5049
object 45 9 left 5048
object 45 9 right 5049
object 46 9 left 5030
object 46 9 right 5031
object 47 9 left 4944
object 47 9 right 4945
object 48 9 left 4958
object 48 9 right 4959
object 49 9 left 4940
object 49 9 right 4941
object 50 9 left 5040
object 50 9 right 5041
object 65 9 left 4978
object 65 9 right 4979
object 66 9 left 5048
object 66 9 right 5049
object 67 9 left 5048
object 67 9 right 5049
object 68 9 left 5048
object 68 9 right 5049
object 69 9 left 5048
object 69 9 right 5049
object 70 9 left 5048
object 70 9 right 5049
object 71 9 left 5048
object 71 9 right 5049
object 72 9 left 5048
object 72 9 right 5049
object 73 9 left 5048
object 73 9 right 5049
object 74 9 left 5048
object 74 9 right 5049
object 75 9 left 5048
object 75 9 right 5049
object 76 9 left 5048
object 76 9 right 5049
object 77 9 left 5048
object 77 9 right 5049
object 78 9 left 5048
object 78 9 right 5049
object 79 9 left 5032
object 79 9 right 5033
object 80 9 left 5040
object 80 9 right 5041
object 91 9 right 5065
object 99 9 left 4976
object 99 9 right 4977
object 0 10 left 5048
object 0 10 right 5049
object 1 10 left 5048
object 1 10 right 5049
object 2 10 left 5048
object 2 10 right 5049
object 3 10 left 5048
object 3 10 right 5049
object 4 10 left 5048
object 4 10 right 5049
object 5 10 left 5048
object 5 10 right 5049
object 6 10 left 5048
object 6 10 right 5049
object 7 10 left 5048
object 7 10 right 5049
object 8 10 left 5048
object 8 10 right 5049
object 9 10 left 5048
object 9 10 right 5049
object 10 10 left 5202
object 10 10 right 5203
object 19 10 left 5108
object 20 10 left 5109
object 21 10 left 5110
object 22 10 left 5111
object 22 10 right 5112
object 24 10 right 5065
object 25 10 left 5056
object 25 10 right 5057
object 34 10 left 4978
object 34 10 right 4979
object 35 10 left 5048
object 35 10 right 5049
object 36 10 left 5048
object 36 10 right 5049
object 37 10 left 5048
object 37 10 right 5049
object 38 10 left 5048
object 38 10 right 5049
object 39 10 left 5048
object 39 10 right 5049
object 40 10 left 5048
object 40 10 right 5049
object 41 10 left 5048
object 41 10 right 5049
object 42 10 left 5048
object 42 10 right 5049
object 43 10 left 5048
object 43 10 right 5049
object 44 10 left 5048
object 44 10 right 5049
object 45 10 left 5028
object 45 10 right 5029
object 46 10 left 5044
object 46 10 right 5045
object 58 10 right 5065
object 65 10 left 4980
object 65 10 right 4981
object 66 10 left 5048
object 66 10 right 5049
object 67 10 left 5048
object 67 10 right 5049
object 68 10 left 5048
object 68 10 right 5049
object 69 10 left 5048
object 69 10 right 5049
object 70 10 left 5048
object 70 10 right 5049
object 71 10 left 5048
object 71 10 right 5049
object 72 10 left 5048
object 72 10 right 5049
object 73 10 left 5048
object 73 10 right 5049
object 74 10 left 5048
object 74 10 right 5049
object 75 10 left 5048
object 75 10 right 5049
object 76 10 left 5048
object 76 10 right 5049
object 77 10 left 5048
object 77 10 right 5049
object 78 10 left 5030
object 78 10 right 5031
object 79 10 left 5044
object 79 10 right 5045
object 87 10 right 5065
object 89 10 right 5065
object 90 10 left 5062
object 91 10 left 5063
object 91 10 right 5064
object 99 10 left 4978
object 99 10 right 4979
object 0 11 left 5048
object 0 11 right 5049
object 1 11 left 5048
object 1 11 right 5049
object 2 11 left 5048
object 2 11 right 5049
object 3 11 left 5048
object 3 11 right 5049
object 4 11 left 5048
object 4 11 right 5049
object 5 11 left 5048
object 5 11 right 5049
object 6 11 left 5048
object 6 11 right 5049
object 7 11 left 5048
object 7 11 right 5049
object 8 11 left 5048
object 8 11 right 5049
object 9 11 left 5048
object 9 11 right 5049
object 10 11 left 4916
object 10 11 right 4917
object 20 11 right 5065
object 22 11 right 5065
object 23 11 left 5062
object 24 11 left 5063
object 24 11 right 5064
object 34 11 left 4980
object 34 11 right 4981
object 35 11 left 5048
object 35 11 right 5049
object 36 11 left 5048
object 36 11 right 5049
object 37 11 left 5048
object 37 11 right 5049
object 38 11 left 5048
object 38 11 right 5049
object 39 11 left 5048
object 39 11 right 5049
object 40 11 left 5048
object 40 11 right 5049
object 41 11 left 5048
object 41 11 right 5049
object 42 11 left 5048
object 42 11 right 5049
object 43 11 left 5048
object 43 11 right 5049
object 44 11 left 5048
object 44 11 right 5049
object 45 11 left 4928
object 45 11 right 4929
object 57 11 left 5062
object 58 11 left 5063
object 58 11 right 5064
object 65 11 left 4978
object 65 11 right 4979
object 66 11 left 5048
object 66 11 right 5049
object 67 11 left 5048
object 67 11 right 5049
object 68 11 left 5048
object 68 11 right 5049
object 69 11 left 5048
object 69 11 right 5049
object 70 11 left 5048
object 70 11 right 5049
object 71 11 left 5048
object 71 11 right 5049
object 72 11 left 5048
object 72 11 right 5049
object 73 11 left 5048
object 73 11 right 5049
object 74 11 left 5048
object 74 11 right 5049
object 75 11 left 5048
object 75 11 right 5049
object 76 11 left 5048
object 76 11 right 5049
object 77 11 left 5028
object 77 11 right 5029
object 78 11 left 5044
object 78 11 right 5045
object 86 11 left 5062
object 87 11 left 5063
object 87 11 right 5064
object 88 11 left 5062
object 89 11 left 5063
object 89 11 right 5064
object 99 11 left 4980
object 99 11 right 4981
object 0 12 left 5048
object 0 12 right 5049
object 1 12 left 5048
object 1 12 right 5049
object 2 12 left 5048
object 2 12 right 5049
object 3 12 left 5048
object 3 12 right 5049
object 4 12 left 5048
object 4 12 right 5049
object 5 12 left 5048
object 5 12 right 5049
object 6 12 left 5048
object 6 12 right 5049
object 7 12 left 5048
object 7 12 right 5049
object 8 12 left 5048
object 8 12 right 5049
object 9 12 left 5048
object 9 12 right 5049
object 10 12 left 4998
object 10 12 right 4999
object 11 12 left 4986
object 11 12 right 4987
object 19 12 left 5062
object 20 12 left 5063
object 20 12 right 5064
object 21 12 left 5062
object 22 12 left 5063
object 22 12 right 5064
object 34 12 left 4952
object 34 12 right 4953
object 35 12 left 5008
object 35 12 right 5009
object 36 12 left 5048
object 36 12 right 5049
object 37 12 left 5048
object 37 12 right 5049
object 38 12 left 5048
object 38 12 right 5049
object 39 12 left 5048
object 39 12 right 5049
object 40 12 left 5048
object 40 12 right 5049
object 41 12 left 5048
object 41 12 right 5049
object 42 12 left 5048
object 42 12 right 5049
object 43 12 left 5048
object 43 12 right 5049
object 44 12 left 5048
object 44 12 right 5049
object 45 12 left 4914
object 45 12 right 5213
object 57 12 right 5065
object 59 12 right 5065
object 65 12 left 4952
object 65 12 right 4953
object 66 12 left 5010
object 66 12 right 5011
object 67 12 left 5048
object 67 12 right 5049
object 68 12 left 5048
object 68 12 right 5049
object 69 12 left 5048
object 69 12 right 5049
object 70 12 left 5048
object 70 12 right 5049
object 71 12 left 5048
object 71 12 right 5049
object 72 12 left 5048
object 72 12 right 5049
object 73 12 left 5048
object 73 12 right 5049
object 74 12 left 5048
object 74 12 right 5049
object 75 12 left 5048
object 75 12 right 5049
object 76 12 left 5048
object 76 12 right 5049
object 77 12 left 4928
object 77 12 right 4929
object 89 12 right 5065
object 99 12 left 4974
object 99 12 right 4975
object 0 13 left 5048
object 0 13 right 5049
object 1 13 left 5048
object 1 13 right 5049
object 2 13 left 5048
object 2 13 right 5049
object 3 13 left 5048
object 3 13 right 5049
object 4 13 left 5048
object 4 13 right 5049
object 5 13 left 5048
object 5 13 right 5049
object 6 13 left 5048
object 6 13 right 5049
object 7 13 left 5048
object 7 13 right 5049
object 8 13 left 5048
object 8 13 right 5049
object 9 13 left 5048
object 9 13 right 5049
object 10 13 left 5048
object 10 13 right 5049
object 11 13 left 4996
object 11 13 right 4997
object 12 13 left 4986
object 12 13 right 4987
object 35 13 left 5000
object 35 13 right 5001
object 36 13 left 5010
object 36 13 right 5011
object 37 13 left 5048
object 37 13 right 5049
object 38 13 left 5048
object 38 13 right 5049
object 39 13 left 5048
object 39 13 right 5049
object 40 13 left 5048
object 40 13 right 5049
object 41 13 left 5048
object 41 13 right 5049
object 42 13 left 5048
object 42 13 right 5049
object 43 13 left 5048
object 43 13 right 5049
object 44 13 left 5048
object 44 13 right 5049
object 45 13 left 4920
object 45 13 right 5212
object 56 13 left 5062
object 57 13 left 5063
object 57 13 right 5064
object 58 13 left 5062
object 59 13 left 5063
object 59 13 right 5064
object 66 13 left 5004
object 66 13 right 5005
object 67 13 left 5008
object 67 13 right 5009
object 68 13 left 5048
object 68 13 right 5049
object 69 13 left 5048
object 69 13 right 5049
object 70 13 left 5048
object 70 13 right 5049
object 71 13 left 5048
object 71 13 right 5049
object 72 13 left 5048
object 72 13 right 5049
object 73 13 left 5048
object 73 13 right 5049
object 74 13 left 5048
object 74 13 right 5049
object 75 13 left 5048
object 75 13 right 5049
object 76 13 left 5048
object 76 13 right 5049
object 77 13 left 4914
object 77 13 right 5213
object 88 13 left 5062
object 89 13 left 5063
object 89 13 right 5064
object 99 13 left 4976
object 99 13 right 4977
object 0 14 left 5048
object 0 14 right 5049
object 1 14 left 5048
object 1 14 right 5049
object 2 14 left 5048
object 2 14 right 5049
object 3 14 left 5048
object 3 14 right 5049
object 4 14 left 5048
object 4 14 right 5049
object 5 14 left 5048
object 5 14 right 5049
object 6 14 left 5048
object 6 14 right 5049
object 7 14 left 5048
object 7 14 right 5049
object 8 14 left 5048
object 8 14 right 5049
object 9 14 left 5048
object 9 14 right 5049
object 10 14 left 5048
object 10 14 right 5049
object 11 14 left 5048
object 11 14 right 5049
object 12 14 left 4994
object 12 14 right 4995
object 13 14 left 4984
object 13 14 right 4985
object 36 14 left 5002
object 36 14 right 5003
object 37 14 left 5012
object 37 14 right 5013
object 38 14 left 5048
object 38 14 right 5049
object 39 14 left 5048
object 39 14 right 5049
object 40 14 left 5048
object 40 14 right 5049
object 41 14 left 5048
object 41 14 right 5049
object 42 14 left 5048
object 42 14 right 5049
object 43 14 left 5048
object 43 14 right 5049
object 44 14 left 5048
object 44 14 right 5049
object 45 14 left 5210
object 45 14 right 5211
object 58 14 right 5065
object 67 14 left 5000
object 67 14 right 5001
object 68 14 left 5010
object 68 14 right 5011
object 69 14 left 5048
object 69 14 right 5049
object 70 14 left 5048
object 70 14 right 5049
object 71 14 left 5048
object 71 14 right 5049
object 72 14 left 5048
object 72 14 right 5049
object 73 14 left 5048
object 73 14 right 5049
object 74 14 left 5048
object 74 14 right 5049
object 75 14 left 5048
object 75 14 right 5049
object 76 14 left 5048
object 76 14 right 5049
object 77 14 left 4920
object 77 14 right 5212
object 88 14 right 5065
object 99 14 left 4978
object 99 14 right 4979
object 0 15 left 5048
object 0 15 right 5049
object 1 15 left 5048
object 1 15 right 5049
object 2 15 left 5048
object 2 15 right 5049
object 3 15 left 5048
object 3 15 right 5049
object 4 15 left 5048
object 4 15 right 5049
object 5 15 left 5048
object 5 15 right 5049
object 6 15 left 5048
object 6 15 right 5049
object 7 15 left 5048
object 7 15 right 5049
object 8 15 left 5048
object 8 15 right 5049
object 9 15 left 5048
object 9 15 right 5049
object 10 15 left 5048
object 10 15 right 5049
object 11 15 left 5048
object 11 15 right 5049
object 12 15 left 5048
object 12 15 right 5049
object 13 15 left 4992
object 13 15 right 4993
object 14 15 left 4982
object 14 15 right 4983
object 37 15 left 5004
object 37 15 right 5005
object 38 15 left 5012
object 38 15 right 5013
object 39 15 left 5048
object 39 15 right 5049
object 40 15 left 5048
object 40 15 right 5049
object 41 15 left 5048
object 41 15 right 5049
object 42 15 left 5048
object 42 15 right 5049
object 43 15 left 5048
object 43 15 right 5049
object 44 15 left 5030
object 44 15 right 5031
object 45 15 left 5040
object 45 15 right 5041
object 57 15 left 5062
object 58 15 left 5063
object 58 15 right 5064
object 68 15 left 5002
object 68 15 right 5003
object 69 15 left 5012
object 69 15 right 5013
object 70 15 left 5048
object 70 15 right 5049
object 71 15 left 5048
object 71 15 right 5049
object 72 15 left 5048
object 72 15 right 5049
object 73 15 left 5048
object 73 15 right 5049
object 74 15 left 5048
object 74 15 right 5049
object 75 15 left 5048
object 75 15 right 5049
object 76 15 left 5048
object 76 15 right 5049
object 77 15 left 5210
object 77 15 right 5211
object 86 15 right 5065
object 87 15 left 5062
object 88 15 left 5063
object 88 15 right 5064
object 99 15 left 4980
object 99 15 right 4981
object 0 16 left 5048
object 0 16 right 5049
object 1 16 left 5048
object 1 16 right 5049
object 2 16 left 5048
object 2 16 right 5049
object 3 16 left 5048
object 3 16 right 5049
object 4 16 left 5048
object 4 16 right 5049
object 5 16 left 5048
object 5 16 right 5049
object 6 16 left 5048
object 6 16 right 5049
object 7 16 left 5048
object 7 16 right 5049
object 8 16 left 5048
object 8 16 right 5049
object 9 16 left 5048
object 9 16 right 5049
object 10 16 left 5048
object 10 16 right 5049
object 11 16 left 5048
object 11 16 right 5049
object 12 16 left 5048
object 12 16 right 5049
object 13 16 left 5048
object 13 16 right 5049
object 14 16 left 4922
object 14 16 right 4923
object 38 16 left 4974
object 38 16 right 4975
object 39 16 left 5048
object 39 16 right 5049
object 40 16 left 5048
object 40 16 right 5049
object 41 16 left 5048
object 41 16 right 5049
object 42 16 left 5048
object 42 16 right 5049
object 43 16 left 5032
object 43 16 right 5033
object 44 16 left 5044
object 44 16 right 5045
object 69 16 left 5004
object 69 16 right 5005
object 70 16 left 5012
object 70 16 right 5013
object 71 16 left 5048
object 71 16 right 5049
object 72 16 left 5048
object 72 16 right 5049
object 73 16 left 5048
object 73 16 right 5049
object 74 16 left 5048
object 74 16 right 5049
object 75 16 left 5048
object 75 16 right 5049
object 76 16 left 5030
object 76 16 right 5031
object 77 16 left 5040
object 77 16 right 5041
object 85 16 left 5062
object 86 16 left 5063
object 86 16 right 5064
object 99 16 left 4972
object 99 16 right 4973
object 0 17 left 5048
object 0 17 right 5049
object 1 17 left 5048
object 1 17 right 5049
object 2 17 left 5048
object 2 17 right 5049
object 3 17 left 5048
object 3 17 right 5049
object 4 17 left 5048
object 4 17 right 5049
object 5 17 left 5048
object 5 17 right 5049
object 6 17 left 5048
object 6 17 right 5049
object 7 17 left 5048
object 7 17 right 5049
object 8 17 left 5048
object 8 17 right 5049
object 9 17 left 5048
object 9 17 right 5049
object 10 17 left 5048
object 10 17 right 5049
object 11 17 left 5048
object 11 17 right 5049
object 12 17 left 5048
object 12 17 right 5049
object 13 17 left 5048
object 13 17 right 5049
object 14 17 left 4912
object 14 17 right 4913
object 38 17 left 4976
object 38 17 right 4977
object 39 17 left 5048
object 39 17 right 5049
object 40 17 left 5048
object 40 17 right 5049
object 41 17 left 5048
object 41 17 right 5049
object 42 17 left 5028
object 42 17 right 5029
object 43 17 left 5040
object 43 17 right 5041
object 70 17 left 4974
object 70 17 right 4975
object 71 17 left 5048
object 71 17 right 5049
object 72 17 left 5048
object 72 17 right 5049
object 73 17 left 5048
object 73 17 right 5049
object 74 17 left 5048
object 74 17 right 5049
object 75 17 left 5032
object 75 17 right 5033
object 76 17 left 5044
object 76 17 right 5045
object 85 17 right 5065
object 99 17 left 4976
object 99 17 right 4977
object 0 18 left 5048
object 0 18 right 5049
object 1 18 left 5048
object 1 18 right 5049
object 2 18 left 5048
object 2 18 right 5049
object 3 18 left 5048
object 3 18 right 5049
object 4 18 left 5048
object 4 18 right 5049
object 5 18 left 5048
object 5 18 right 5049
object 6 18 left 5048
object 6 18 right 5049
object 7 18 left 5048
object 7 18 right 5049
object 8 18 left 5048
object 8 18 right 5049
object 9 18 left 5048
object 9 18 right 5049
object 10 18 left 5048
object 10 18 right 5049
object 11 18 left 5048
object 11 18 right 5049
object 12 18 left 5048
object 12 18 right 5049
object 13 18 left 5048
object 13 18 right 5049
object 14 18 left 4992
object 14 18 right 4993
object 15 18 left 4990
object 15 18 right 4991
object 38 18 left 4978
object 38 18 right 4979
object 39 18 left 5048
object 39 18 right 5049
object 40 18 left 5048
object 40 18 right 5049
object 41 18 left 5048
object 41 18 right 5049
object 42 18 left 4930
object 42 18 right 4931
object 70 18 left 4976
object 70 18 right 4977
object 71 18 left 5048
object 71 18 right 5049
object 72 18 left 5048
object 72 18 right 5049
object 73 18 left 5048
object 73 18 right 5049
object 74 18 left 5030
object 74 18 right 5031
object 75 18 left 5040
object 75 18 right 5041
object 84 18 left 5062
object 85 18 left 5063
object 85 18 right 5064
object 99 18 left 4978
object 99 18 right 4979
object 0 19 left 5048
object 0 19 right 5049
object 1 19 left 5048
object 1 19 right 5049
object 2 19 left 5048
object 2 19 right 5049
object 3 19 left 5048
object 3 19 right 5049
object 4 19 left 5048
object 4 19 right 5049
object 5 19 left 5048
object 5 19 right 5049
object 6 19 left 5048
object 6 19 right 5049
object 7 19 left 5048
object 7 19 right 5049
object 8 19 left 5048
object 8 19 right 5049
object 9 19 left 5048
object 9 19 right 5049
object 10 19 left 5048
object 10 19 right 5049
object 11 19 left 5048
object 11 19 right 5049
object 12 19 left 5048
object 12 19 right 5049
object 13 19 left 5048
object 13 19 right 5049
object 14 19 left 5032
object 14 19 right 5033
object 15 19 left 5042
object 15 19 right 5043
object 38 19 left 4980
object 38 19 right 4981
object 39 19 left 5048
object 39 19 right 5049
object 40 19 left 5048
object 40 19 right 5049
object 41 19 left 5048
object 41 19 right 5049
object 42 19 left 4912
object 42 19 right 4913
object 70 19 left 4952
object 70 19 right 4953
object 71 19 left 4944
object 71 19 right 4945
object 72 19 left 4958
object 72 19 right 4959
object 73 19 left 4940
object 73 19 right 4941
object 74 19 left 5044
object 74 19 right 5045
object 99 19 left 4980
object 99 19 right 4981
object 0 20 left 5048
object 0 20 right 5049
object 1 20 left 5048
object 1 20 right 5049
object 2 20 left 5048
object 2 20 right 5049
object 3 20 left 5048
object 3 20 right 5049
object 4 20 left 5048
object 4 20 right 5049
object 5 20 left 5048
object 5 20 right 5049
object 6 20 left 5048
object 6 20 right 5049
object 7 20 left 5048
object 7 20 right 5049
object 8 20 left 5048
object 8 20 right 5049
object 9 20 left 5048
object 9 20 right 5049
object 10 20 left 5048
object 10 20 right 5049
object 11 20 left 5048
object 11 20 right 5049
object 12 20 left 5048
object 12 20 right 5049
object 13 20 left 5028
object 13 20 right 5029
object 14 20 left 5044
object 14 20 right 5045
object 21 20 right 5065
object 38 20 left 4976
object 38 20 right 4977
object 39 20 left 5048
object 39 20 right 5049
object 40 20 left 5048
object 40 20 right 5049
object 41 20 left 5048
object 41 20 right 5049
object 42 20 left 4922
object 42 20 right 4923
object 56 20 left 5020
object 56 20 right 5021
object 57 20 left 4962
object 57 20 right 4963
object 58 20 left 4966
object 58 20 right 4967
object 59 20 left 4964
object 59 20 right 4965
object 60 20 left 4962
object 60 20 right 4963
object 61 20 left 4934
object 61 20 right 4935
object 99 20 left 4974
object 99 20 right 4975
object 0 21 left 5048
object 0 21 right 5049
object 1 21 left 5048
object 1 21 right 5049
object 2 21 left 5048
object 2 21 right 5049
object 3 21 left 5048
object 3 21 right 5049
object 4 21 left 5048
object 4 21 right 5049
object 5 21 left 5048
object 5 21 right 5049
object 6 21 left 5048
object 6 21 right 5049
object 7 21 left 5048
object 7 21 right 5049
object 8 21 left 5048
object 8 21 right 5049
object 9 21 left 5048
object 9 21 right 5049
object 10 21 left 5048
object 10 21 right 5049
object 11 21 left 5048
object 11 21 right 5049
object 12 21 left 5030
object 12 21 right 5031
object 13 21 left 5042
object 13 21 right 5043
object 20 21 left 5062
object 21 21 left 5063
object 21 21 right 5064
object 37 21 left 5020
object 37 21 right 5021
object 38 21 left 5026
object 38 21 right 5027
object 39 21 left 5048
object 39 21 right 5049
object 40 21 left 5048
object 40 21 right 5049
object 41 21 left 5048
object 41 21 right 5049
object 42 21 left 4932
object 42 21 right 4933
object 56 21 left 4978
object 56 21 right 4979
object 57 21 left 5048
object 57 21 right 5049
object 58 21 left 5048
object 58 21 right 5049
object 59 21 left 5048
object 59 21 right 5049
object 60 21 left 5048
object 60 21 right 5049
object 61 21 left 4998
object 61 21 right 4999
object 62 21 left 4988
object 62 21 right 4989
object 98 21 left 5016
object 98 21 right 5017
object 99 21 left 5022
object 99 21 right 5023
object 0 22 left 5048
object 0 22 right 5049
object 1 22 left 5048
object 1 22 right 5049
object 2 22 left 5048
object 2 22 right 5049
object 3 22 left 5048
object 3 22 right 5049
object 4 22 left 5048
object 4 22 right 5049
object 5 22 left 5048
object 5 22 right 5049
object 6 22 left 5048
object 6 22 right 5049
object 7 22 left 5048
object 7 22 right 5049
object 8 22 left 5048
object 8 22 right 5049
object 9 22 left 5048
object 9 22 right 5049
object 10 22 left 5048
object 10 22 right 5049
object 11 22 left 5028
object 11 22 right 5029
object 12 22 left 5040
object 12 22 right 5041
object 20 22 right 5065
object 22 22 right 5065
object 36 22 left 5018
object 36 22 right 5019
object 37 22 left 5024
object 37 22 right 5025
object 38 22 left 5048
object 38 22 right 5049
object 39 22 left 5048
object 39 22 right 5049
object 40 22 left 5048
object 40 22 right 5049
object 41 22 left 5028
object 41 22 right 5029
object 42 22 left 5044
object 42 22 right 5045
object 56 22 left 4976
object 56 22 right 4977
object 57 22 left 5048
object 57 22 right 5049
object 58 22 left 5048
object 58 22 right 5049
object 59 22 left 5048
object 59 22 right 5049
object 60 22 left 5048
object 60 22 right 5049
object 61 22 left 5048
object 61 22 right 5049
object 62 22 left 4996
object 62 22 right 4997
object 63 22 left 4986
object 63 22 right 4987
object 97 22 left 5018
object 97 22 right 5019
object 98 22 left 5024
object 98 22 right 5025
object 99 22 left 5048
object 99 22 right 5049
object 0 23 left 5048
object 0 23 right 5049
object 1 23 left 5048
object 1 23 right 5049
object 2 23 left 5048
object 2 23 right 5049
object 3 23 left 5048
object 3 23 right 5049
object 4 23 left 5048
object 4 23 right 5049
object 5 23 left 5048
object 5 23 right 5049
object 6 23 left 5048
object 6 23 right 5049
object 7 23 left 5048
object 7 23 right 5049
object 8 23 left 5048
object 8 23 right 5049
object 9 23 left 5048
object 9 23 right 5049
object 10 23 left 5028
object 10 23 right 5029
object 11 23 left 5044
object 11 23 right 5045
object 19 23 left 5062
object 20 23 left 5063
object 20 23 right 5064
object 21 23 left 5062
object 22 23 left 5063
object 22 23 right 5064
object 35 23 left 5016
object 35 23 right 5017
object 36 23 left 5022
object 36 23 right 5023
object 37 23 left 5048
object 37 23 right 5049
object 38 23 left 5048
object 38 23 right 5049
object 39 23 left 5048
object 39 23 right 5049
object 40 23 left 5032
object 40 23 right 5033
object 41 23 left 5042
object 41 23 right 5043
object 56 23 left 4974
object 56 23 right 4975
object 57 23 left 5048
object 57 23 right 5049
object 58 23 left 5048
object 58 23 right 5049
object 59 23 left 5048
object 59 23 right 5049
object 60 23 left 5048
object 60 23 right 5049
object 61 23 left 5048
object 61 23 right 5049
object 62 23 left 5048
object 62 23 right 5049
object 63 23 left 4996
object 63 23 right 4997
object 64 23 left 4988
object 64 23 right 4989
object 97 23 left 4976
object 97 23 right 4977
object 98 23 left 5048
object 98 23 right 5049
object 99 23 left 5048
object 99 23 right 5049
object 0 24 left 5048
object 0 24 right 5049
object 1 24 left 5048
object 1 24 right 5049
object 2 24 left 5048
object 2 24 right 5049
object 3 24 left 5048
object 3 24 right 5049
object 4 24 left 5048
object 4 24 right 5049
object 5 24 left 5048
object 5 24 right 5049
object 6 24 left 5048
object 6 24 right 5049
object 7 24 left 5048
object 7 24 right 5049
object 8 24 left 5048
object 8 24 right 5049
object 9 24 left 5048
object 9 24 right 5049
object 10 24 left 4928
object 10 24 right 4929
object 21 24 right 5065
object 35 24 left 4974
object 35 24 right 4975
object 36 24 left 5048
object 36 24 right 5049
object 37 24 left 5048
object 37 24 right 5049
object 38 24 left 5048
object 38 24 right 5049
object 39 24 left 5030
object 39 24 right 5031
object 40 24 left 5040
object 40 24 right 5041
object 56 24 left 4952
object 56 24 right 4953
object 57 24 left 5008
object 57 24 right 5009
object 58 24 left 5048
object 58 24 right 5049
object 59 24 left 5048
object 59 24 right 5049
object 60 24 left 5048
object 60 24 right 5049
object 61 24 left 5048
object 61 24 right 5049
object 62 24 left 5048
object 62 24 right 5049
object 63 24 left 5048
object 63 24 right 5049
object 64 24 left 4998
object 64 24 right 4999
object 65 24 left 4934
object 65 24 right 4935
object 97 24 left 4978
object 97 24 right 4979
object 98 24 left 5048
object 98 24 right 5049
object 99 24 left 5048
object 99 24 right 5049
object 0 25 left 5048
object 0 25 right 5049
object 1 25 left 5048
object 1 25 right 5049
object 2 25 left 5048
object 2 25 right 5049
object 3 25 left 5048
object 3 25 right 5049
object 4 25 left 5048
object 4 25 right 5049
object 5 25 left 5048
object 5 25 right 5049
object 6 25 left 5048
object 6 25 right 5049
object 7 25 left 5048
object 7 25 right 5049
object 8 25 left 5048
object 8 25 right 5049
object 9 25 left 5048
object 9 25 right 5049
object 10 25 left 4912
object 10 25 right 5213
object 20 25 left 5062
object 21 25 left 5063
object 21 25 right 5064
object 35 25 left 4972
object 35 25 right 4973
object 36 25 left 5048
object 36 25 right 5049
object 37 25 left 5048
object 37 25 right 5049
object 38 25 left 5048
object 38 25 right 5049
object 39 25 left 4910
object 39 25 right 4911
object 57 25 left 5000
object 57 25 right 5001
object 58 25 left 5010
object 58 25 right 5011
object 59 25 left 5048
object 59 25 right 5049
object 60 25 left 5048
object 60 25 right 5049
object 61 25 left 5048
object 61 25 right 5049
object 62 25 left 5048
object 62 25 right 5049
object 63 25 left 5048
object 63 25 right 5049
object 64 25 left 5048
object 64 25 right 5049
object 65 25 left 4928
object 65 25 right 4929
object 74 25 right 5065
object 76 25 right 5065
object 78 25 right 5065
object 97 25 left 4980
object 97 25 right 4981
object 98 25 left 5048
object 98 25 right 5049
object 99 25 left 5048
object 99 25 right 5049
object 0 26 left 5048
object 0 26 right 5049
object 1 26 left 5048
object 1 26 right 5049
object 2 26 left 5048
object 2 26 right 5049
object 3 26 left 5048
object 3 26 right 5049
object 4 26 left 5048
object 4 26 right 5049
object 5 26 left 5048
object 5 26 right 5049
object 6 26 left 5048
object 6 26 right 5049
object 7 26 left 5048
object 7 26 right 5049
object 8 26 left 5048
object 8 26 right 5049
object 9 26 left 5048
object 9 26 right 5049
object 10 26 left 4920
object 10 26 right 5212
object 22 26 right 5065
object 35 26 left 4976
object 35 26 right 4977
object 36 26 left 5048
object 36 26 right 5049
object 37 26 left 5048
object 37 26 right 5049
object 38 26 left 5048
object 38 26 right 5049
object 39 26 left 4920
object 39 26 right 4921
object 58 26 left 5002
object 58 26 right 5003
object 59 26 left 5012
object 59 26 right 5013
object 60 26 left 5048
object 60 26 right 5049
object 61 26 left 5048
object 61 26 right 5049
object 62 26 left 5048
object 62 26 right 5049
object 63 26 left 5048
object 63 26 right 5049
object 64 26 left 5048
object 64 26 right 5049
object 65 26 left 4914
object 65 26 right 4915
object 73 26 left 5062
object 74 26 left 5063
object 74 26 right 5064
object 75 26 left 5062
object 76 26 left 5063
object 76 26 right 5064
object 77 26 left 5062
object 78 26 left 5063
object 78 26 right 5064
object 97 26 left 4972
object 97 26 right 4973
object 98 26 left 5048
object 98 26 right 5049
object 99 26 left 5048
object 99 26 right 5049
object 0 27 left 5048
object 0 27 right 5049
object 1 27 left 5048
object 1 27 right 5049
object 2 27 left 5048
object 2 27 right 5049
object 3 27 left 5048
object 3 27 right 5049
object 4 27 left 5048
object 4 27 right 5049
object 5 27 left 5048
object 5 27 right 5049
object 6 27 left 5048
object 6 27 right 5049
object 7 27 left 5048
object 7 27 right 5049
object 8 27 left 5048
object 8 27 right 5049
object 9 27 left 5048
object 9 27 right 5049
object 10 27 left 5210
object 10 27 right 5211
object 21 27 left 5062
object 22 27 left 5063
object 22 27 right 5064
object 35 27 left 4978
object 35 27 right 4979
object 36 27 left 5048
object 36 27 right 5049
object 37 27 left 5048
object 37 27 right 5049
object 38 27 left 5048
object 38 27 right 5049
object 39 27 left 4930
object 39 27 right 4931
object 59 27 left 5004
object 59 27 right 5005
object 60 27 left 5014
object 60 27 right 5015
object 61 27 left 5048
object 61 27 right 5049
object 62 27 left 5048
object 62 27 right 5049
object 63 27 left 5048
object 63 27 right 5049
object 64 27 left 5048
object 64 27 right 5049
object 65 27 left 4920
object 65 27 right 4921
object 72 27 left 5052
object 72 27 right 5053
object 75 27 right 5095
object 78 27 right 5121
object 80 27 right 5065
object 97 27 left 4976
object 97 27 right 4977
object 98 27 left 5048
object 98 27 right 5049
object 99 27 left 5048
object 99 27 right 5049
object 0 28 left 5048
object 0 28 right 5049
object 1 28 left 5048
object 1 28 right 5049
object 2 28 left 5048
object 2 28 right 5049
object 3 28 left 5048
object 3 28 right 5049
object 4 28 left 5048
object 4 28 right 5049
object 5 28 left 5048
object 5 28 right 5049
object 6 28 left 5048
object 6 28 right 5049
object 7 28 left 5048
object 7 28 right 5049
object 8 28 left 5048
object 8 28 right 5049
object 9 28 left 5048
object 9 28 right 5049
object 10 28 left 4912
object 10 28 right 4913
object 21 28 right 5065
object 35 28 left 4976
object 35 28 right 4977
object 36 28 left 5048
object 36 28 right 5049
object 37 28 left 5048
object 37 28 right 5049
object 38 28 left 5048
object 38 28 right 5049
object 39 28 left 4912
object 39 28 right 5205
object 60 28 left 4974
object 60 28 right 4975
object 61 28 left 5048
object 61 28 right 5049
object 62 28 left 5048
object 62 28 right 5049
object 63 28 left 5048
object 63 28 right 5049
object 64 28 left 5028
object 64 28 right 5029
object 65 28 left 5044
object 65 28 right 5045
object 72 28 right 5065
object 75 28 right 5094
object 78 28 right 5120
object 79 28 left 5062
object 80 28 left 5063
object 80 28 right 5064
object 96 28 left 5016
object 96 28 right 5017
object 97 28 left 5022
object 97 28 right 5023
object 98 28 left 5048
object 98 28 right 5049
object 99 28 left 5048
object 99 28 right 5049
object 0 29 left 5048
object 0 29 right 5049
object 1 29 left 5048
object 1 29 right 5049
object 2 29 left 5048
object 2 29 right 5049
object 3 29 left 5048
object 3 29 right 5049
object 4 29 left 5048
object 4 29 right 5049
object 5 29 left 5048
object 5 29 right 5049
object 6 29 left 5048
object 6 29 right 5049
object 7 29 left 5048
object 7 29 right 5049
object 8 29 left 5048
object 8 29 right 5049
object 9 29 left 5048
object 9 29 right 5049
object 10 29 left 4998
object 10 29 right 4999
object 11 29 left 4970
object 11 29 right 4971
object 12 29 left 4962
object 12 29 right 4963
object 13 29 left 4934
object 13 29 right 4935
object 20 29 left 5062
object 21 29 left 5063
object 21 29 right 5064
object 34 29 left 5020
object 34 29 right 5021
object 35 29 left 5026
object 35 29 right 5027
object 36 29 left 5048
object 36 29 right 5049
object 37 29 left 5048
object 37 29 right 5049
object 38 29 left 5048
object 38 29 right 5049
object 39 29 left 4922
object 39 29 right 5204
object 60 29 left 4972
object 60 29 right 4973
object 61 29 left 5048
object 61 29 right 5049
object 62 29 left 5048
object 62 29 right 5049
object 63 29 left 5032
object 63 29 right 5033
object 64 29 left 5042
object 64 29 right 5043
object 71 29 left 5062
object 72 29 left 5063
object 72 29 right 5064
object 73 29 left 5090
object 74 29 left 5091
object 75 29 left 5092
object 75 29 right 5093
object 78 29 right 5119
object 80 29 right 5065
object 95 29 left 5018
object 95 29 right 5019
object 96 29 left 5024
object 96 29 right 5025
object 97 29 left 5048
object 97 29 right 5049
object 98 29 left 5048
object 98 29 right 5049
object 99 29 left 5048
object 99 29 right 5049
object 0 30 left 5048
object 0 30 right 5049
object 1 30 left 5048
object 1 30 right 5049
object 2 30 left 5048
object 2 30 right 5049
object 3 30 left 5048
object 3 30 right 5049
object 4 30 left 5048
object 4 30 right 5049
object 5 30 left 5048
object 5 30 right 5049
object 6 30 left 5048
object 6 30 right 5049
object 7 30 left 5048
object 7 30 right 5049
object 8 30 left 5048
object 8 30 right 5049
object 9 30 left 5048
object 9 30 right 5049
object 10 30 left 5048
object 10 30 right 5049
object 11 30 left 5048
object 11 30 right 5049
object 12 30 left 5048
object 12 30 right 5049
object 13 30 left 4932
object 13 30 right 4933
object 22 30 right 5065
object 33 30 left 5018
object 33 30 right 5019
object 34 30 left 5024
object 34 30 right 5025
object 35 30 left 5048
object 35 30 right 5049
object 36 30 left 5048
object 36 30 right 5049
object 37 30 left 5048
object 37 30 right 5049
object 38 30 left 5048
object 38 30 right 5049
object 39 30 left 5202
object 39 30 right 5203
object 60 30 left 4976
object 60 30 right 4977
object 61 30 left 5048
object 61 30 right 5049
object 62 30 left 5030
object 62 30 right 5031
object 63 30 left 5040
object 63 30 right 5041
object 71 30 right 5065
object 75 30 right 5142
object 76 30 left 5115
object 77 30 left 5116
object 78 30 left 5117
object 78 30 right 5118
object 79 30 left 5062
object 80 30 left 5063
object 80 30 right 5064
object 94 30 left 5020
object 94 30 right 5021
object 95 30 left 5026
object 95 30 right 5027
object 96 30 left 5048
object 96 30 right 5049
object 97 30 left 5048
object 97 30 right 5049
object 98 30 left 5048
object 98 30 right 5049
object 99 30 left 5048
object 99 30 right 5049
object 0 31 left 5048
object 0 31 right 5049
object 1 31 left 5048
object 1 31 right 5049
object 2 31 left 5048
object 2 31 right 5049
object 3 31 left 5048
object 3 31 right 5049
object 4 31 left 5048
object 4 31 right 5049
object 5 31 left 5048
object 5 31 right 5049
object 6 31 left 5048
object 6 31 right 5049
object 7 31 left 5048
object 7 31 right 5049
object 8 31 left 5048
object 8 31 right 5049
object 9 31 left 5048
object 9 31 right 5049
object 10 31 left 5048
object 10 31 right 5049
object 11 31 left 5048
object 11 31 right 5049
object 12 31 left 5048
object 12 31 right 5049
object 13 31 left 4914
object 13 31 right 5205
object 21 31 left 5062
object 22 31 left 5063
object 22 31 right 5064
object 32 31 left 5016
object 32 31 right 5017
object 33 31 left 5022
object 33 31 right 5023
object 34 31 left 5048
object 34 31 right 5049
object 35 31 left 5048
object 35 31 right 5049
object 36 31 left 5048
object 36 31 right 5049
object 37 31 left 5048
object 37 31 right 5049
object 38 31 left 5048
object 38 31 right 5049
object 39 31 left 4992
object 39 31 right 4993
object 40 31 left 4982
object 40 31 right 4983
object 60 31 left 4978
object 60 31 right 4979
object 61 31 left 5048
object 61 31 right 5049
object 62 31 left 4916
object 62 31 right 5205
object 70 31 left 5062
object 71 31 left 5063
object 71 31 right 5064
object 75 31 right 5141
object 78 31 right 5095
object 81 31 right 5065
object 93 31 left 5020
object 93 31 right 5021
object 94 31 left 5024
object 94 31 right 5025
object 95 31 left 5048
object 95 31 right 5049
object 96 31 left 5048
object 96 31 right 5049
object 97 31 left 5048
object 97 31 right 5049
object 98 31 left 5048
object 98 31 right 5049
object 99 31 left 5048
object 99 31 right 5049
object 0 32 left 5048
object 0 32 right 5049
object 1 32 left 5048
object 1 32 right 5049
object 2 32 left 5048
object 2 32 right 5049
object 3 32 left 5048
object 3 32 right 5049
object 4 32 left 5048
object 4 32 right 5049
object 5 32 left 5048
object 5 32 right 5049
object 6 32 left 5048
object 6 32 right 5049
object 7 32 left 5048
object 7 32 right 5049
object 8 32 left 5048
object 8 32 right 5049
object 9 32 left 5048
object 9 32 right 5049
object 10 32 left 5048
object 10 32 right 5049
object 11 32 left 5048
object 11 32 right 5049
object 12 32 left 5048
object 12 32 right 5049
object 13 32 left 4924
object 13 32 right 5204
object 21 32 right 5065
object 32 32 left 4980
object 32 32 right 4981
object 33 32 left 5048
object 33 32 right 5049
object 34 32 left 5048
object 34 32 right 5049
object 35 32 left 5048
object 35 32 right 5049
object 36 32 left 5048
object 36 32 right 5049
object 37 32 left 5048
object 37 32 right 5049
object 38 32 left 5048
object 38 32 right 5049
object 39 32 left 5048
object 39 32 right 5049
object 40 32 left 4998
object 40 32 right 4999
object 41 32 left 4984
object 41 32 right 4985
object 60 32 left 4974
object 60 32 right 4975
object 61 32 left 5048
object 61 32 right 5049
object 62 32 left 4922
object 62 32 right 5204
object 72 32 left 5136
object 73 32 left 5137
object 74 32 left 5138
object 75 32 left 5139
object 75 32 right 5140
object 78 32 right 5094
object 80 32 left 5062
object 81 32 left 5063
object 81 32 right 5064
object 93 32 left 4980
object 93 32 right 4981
object 94 32 left 5048
object 94 32 right 5049
object 95 32 left 5048
object 95 32 right 5049
object 96 32 left 5048
object 96 32 right 5049
object 97 32 left 5048
object 97 32 right 5049
object 98 32 left 5048
object 98 32 right 5049
object 99 32 left 5048
object 99 32 right 5049
object 0 33 left 5048
object 0 33 right 5049
object 1 33 left 5048
object 1 33 right 5049
object 2 33 left 5048
object 2 33 right 5049
object 3 33 left 5048
object 3 33 right 5049
object 4 33 left 5048
object 4 33 right 5049
object 5 33 left 5048
object 5 33 right 5049
object 6 33 left 5048
object 6 33 right 5049
object 7 33 left 5048
object 7 33 right 5049
object 8 33 left 5048
object 8 33 right 5049
object 9 33 left 5048
object 9 33 right 5049
object 10 33 left 5048
object 10 33 right 5049
object 11 33 left 5048
object 11 33 right 5049
object 12 33 left 5048
object 12 33 right 5049
object 13 33 left 5202
object 13 33 right 5203
object 20 33 left 5062
object 21 33 left 5063
object 21 33 right 5064
object 32 33 left 4978
object 32 33 right 4979
object 33 33 left 5048
object 33 33 right 5049
object 34 33 left 5048
object 34 33 right 5049
object 35 33 left 5048
object 35 33 right 5049
object 36 33 left 5048
object 36 33 right 5049
object 37 33 left 5048
object 37 33 right 5049
object 38 33 left 5048
object 38 33 right 5049
object 39 33 left 5048
object 39 33 right 5049
object 40 33 left 5048
object 40 33 right 5049
object 41 33 left 4994
object 41 33 right 4995
object 42 33 left 4988
object 42 33 right 4989
object 60 33 left 4976
object 60 33 right 4977
object 61 33 left 5048
object 61 33 right 5049
object 62 33 left 5202
object 62 33 right 5203
object 72 33 left 5052
object 72 33 right 5053
object 76 33 left 5090
object 77 33 left 5091
object 78 33 left 5092
object 78 33 right 5093
object 80 33 left 5052
object 80 33 right 5053
object 81 33 left 5052
object 81 33 right 5053
object 93 33 left 4974
object 93 33 right 4975
object 94 33 left 5048
object 94 33 right 5049
object 95 33 left 5048
object 95 33 right 5049
object 96 33 left 5048
object 96 33 right 5049
object 97 33 left 5048
object 97 33 right 5049
object 98 33 left 5048
object 98 33 right 5049
object 99 33 left 5048
object 99 33 right 5049
object 0 34 left 5048
object 0 34 right 5049
object 1 34 left 5048
object 1 34 right 5049
object 2 34 left 5048
object 2 34 right 5049
object 3 34 left 5048
object 3 34 right 5049
object 4 34 left 5048
object 4 34 right 5049
object 5 34 left 5048
object 5 34 right 5049
object 6 34 left 5048
object 6 34 right 5049
object 7 34 left 5048
object 7 34 right 5049
object 8 34 left 5048
object 8 34 right 5049
object 9 34 left 5048
object 9 34 right 5049
object 10 34 left 5048
object 10 34 right 5049
object 11 34 left 5048
object 11 34 right 5049
object 12 34 left 5048
object 12 34 right 5049
object 13 34 left 4914
object 13 34 right 4915
object 22 34 right 5065
object 32 34 left 4976
object 32 34 right 4977
object 33 34 left 5048
object 33 34 right 5049
object 34 34 left 5048
object 34 34 right 5049
object 35 34 left 5048
object 35 34 right 5049
object 36 34 left 5048
object 36 34 right 5049
object 37 34 left 5048
object 37 34 right 5049
object 38 34 left 5048
object 38 34 right 5049
object 39 34 left 5048
object 39 34 right 5049
object 40 34 left 5048
object 40 34 right 5049
object 41 34 left 5048
object 41 34 right 5049
object 42 34 left 4996
object 42 34 right 4997
object 43 34 left 4990
object 43 34 right 4991
object 60 34 left 4978
object 60 34 right 4979
object 61 34 left 5048
object 61 34 right 5049
object 62 34 left 4914
object 62 34 right 4915
object 74 34 right 5065
object 81 34 right 5065
object 93 34 left 4976
object 93 34 right 4977
object 94 34 left 5048
object 94 34 right 5049
object 95 34 left 5048
object 95 34 right 5049
object 96 34 left 5048
object 96 34 right 5049
object 97 34 left 5048
object 97 34 right 5049
object 98 34 left 5048
object 98 34 right 5049
object 99 34 left 5048
object 99 34 right 5049
object 0 35 left 5048
object 0 35 right 5049
object 1 35 left 5048
object 1 35 right 5049
object 2 35 left 5048
object 2 35 right 5049
object 3 35 left 5048
object 3 35 right 5049
object 4 35 left 5048
object 4 35 right 5049
object 5 35 left 5048
object 5 35 right 5049
object 6 35 left 5048
object 6 35 right 5049
object 7 35 left 5048
object 7 35 right 5049
object 8 35 left 5048
object 8 35 right 5049
object 9 35 left 5048
object 9 35 right 5049
object 10 35 left 5048
object 10 35 right 5049
object 11 35 left 5048
object 11 35 right 5049
object 12 35 left 5048
object 12 35 right 5049
object 13 35 left 4924
object 13 35 right 4925
object 21 35 left 5062
object 22 35 left 5063
object 22 35 right 5064
object 32 35 left 4974
object 32 35 right 4975
object 33 35 left 5048
object 33 35 right 5049
object 34 35 left 5048
object 34 35 right 5049
object 35 35 left 5048
object 35 35 right 5049
object 36 35 left 5048
object 36 35 right 5049
object 37 35 left 5048
object 37 35 right 5049
object 38 35 left 5048
object 38 35 right 5049
object 39 35 left 5048
object 39 35 right 5049
object 40 35 left 5048
object 40 35 right 5049
object 41 35 left 5048
object 41 35 right 5049
object 42 35 left 5048
object 42 35 right 5049
object 43 35 left 4918
object 43 35 right 4919
object 60 35 left 4980
object 60 35 right 4981
object 61 35 left 5048
object 61 35 right 5049
object 62 35 left 4920
object 62 35 right 4921
object 73 35 left 5062
object 74 35 left 5063
object 74 35 right 5064
object 76 35 right 5065
object 77 35 left 5052
object 77 35 right 5053
object 79 35 right 5065
object 80 35 left 5062
object 81 35 left 5063
object 81 35 right 5064
object 93 35 left 4978
object 93 35 right 4979
object 94 35 left 5048
object 94 35 right 5049
object 95 35 left 5048
object 95 35 right 5049
object 96 35 left 5048
object 96 35 right 5049
object 97 35 left 5048
object 97 35 right 5049
object 98 35 left 5048
object 98 35 right 5049
object 99 35 left 5048
object 99 35 right 5049
object 0 36 left 5048
object 0 36 right 5049
object 1 36 left 5048
object 1 36 right 5049
object 2 36 left 5048
object 2 36 right 5049
object 3 36 left 5048
object 3 36 right 5049
object 4 36 left 5048
object 4 36 right 5049
object 5 36 left 5048
object 5 36 right 5049
object 6 36 left 5048
object 6 36 right 5049
object 7 36 left 5048
object 7 36 right 5049
object 8 36 left 5048
object 8 36 right 5049
object 9 36 left 5048
object 9 36 right 5049
object 10 36 left 5048
object 10 36 right 5049
object 11 36 left 5048
object 11 36 right 5049
object 12 36 left 5028
object 12 36 right 5029
object 13 36 left 5042
object 13 36 right 5043
object 21 36 right 5065
object 23 36 right 5065
object 31 36 left 5018
object 31 36 right 5019
object 32 36 left 5026
object 32 36 right 5027
object 33 36 left 5048
object 33 36 right 5049
object 34 36 left 5048
object 34 36 right 5049
object 35 36 left 5048
object 35 36 right 5049
object 36 36 left 5048
object 36 36 right 5049
object 37 36 left 5048
object 37 36 right 5049
object 38 36 left 5048
object 38 36 right 5049
object 39 36 left 5048
object 39 36 right 5049
object 40 36 left 5048
object 40 36 right 5049
object 41 36 left 5048
object 41 36 right 5049
object 42 36 left 5048
object 42 36 right 5049
object 43 36 left 4930
object 43 36 right 4931
object 60 36 left 4974
object 60 36 right 4975
object 61 36 left 5048
object 61 36 right 5049
object 62 36 left 4926
object 62 36 right 4927
object 75 36 left 5062
object 76 36 left 5063
object 76 36 right 5064
object 77 36 left 5052
object 77 36 right 5053
object 78 36 left 5062
object 79 36 left 5063
object 79 36 right 5064
object 93 36 left 4972
object 93 36 right 4973
object 94 36 left 5048
object 94 36 right 5049
object 95 36 left 5048
object 95 36 right 5049
object 96 36 left 5048
object 96 36 right 5049
object 97 36 left 5048
object 97 36 right 5049
object 98 36 left 5048
object 98 36 right 5049
object 99 36 left 5048
object 99 36 right 5049
object 0 37 left 5048
object 0 37 right 5049
object 1 37 left 5048
object 1 37 right 5049
object 2 37 left 5048
object 2 37 right 5049
object 3 37 left 5048
object 3 37 right 5049
object 4 37 left 5048
object 4 37 right 5049
object 5 37 left 5048
object 5 37 right 5049
object 6 37 left 5048
object 6 37 right 5049
object 7 37 left 5048
object 7 37 right 5049
object 8 37 left 5048
object 8 37 right 5049
object 9 37 left 5048
object 9 37 right 5049
object 10 37 left 5048
object 10 37 right 5049
object 11 37 left 5030
object 11 37 right 5031
object 12 37 left 5044
object 12 37 right 5045
object 20 37 left 5062
object 21 37 left 5063
object 21 37 right 5064
object 22 37 left 5062
object 23 37 left 5063
object 23 37 right 5064
object 30 37 left 5016
object 30 37 right 5017
object 31 37 left 5022
object 31 37 right 5023
object 32 37 left 5048
object 32 37 right 5049
object 33 37 left 5048
object 33 37 right 5049
object 34 37 left 5048
object 34 37 right 5049
object 35 37 left 5048
object 35 37 right 5049
object 36 37 left 5048
object 36 37 right 5049
object 37 37 left 5048
object 37 37 right 5049
object 38 37 left 5048
object 38 37 right 5049
object 39 37 left 5048
object 39 37 right 5049
object 40 37 left 5048
object 40 37 right 5049
object 41 37 left 5048
object 41 37 right 5049
object 42 37 left 5048
object 42 37 right 5049
object 43 37 left 4916
object 43 37 right 5213
object 59 37 left 5020
object 59 37 right 5021
object 60 37 left 5026
object 60 37 right 5027
object 61 37 left 5048
object 61 37 right 5049
object 62 37 left 4996
object 62 37 right 4997
object 63 37 left 4986
object 63 37 right 4987
object 93 37 left 4974
object 93 37 right 4975
object 94 37 left 5048
object 94 37 right 5049
object 95 37 left 5048
object 95 37 right 5049
object 96 37 left 5048
object 96 37 right 5049
object 97 37 left 5048
object 97 37 right 5049
object 98 37 left 5048
object 98 37 right 5049
object 99 37 left 5048
object 99 37 right 5049
object 0 38 left 5048
object 0 38 right 5049
object 1 38 left 5048
object 1 38 right 5049
object 2 38 left 5048
object 2 38 right 5049
object 3 38 left 5048
object 3 38 right 5049
object 4 38 left 5048
object 4 38 right 5049
object 5 38 left 5048
object 5 38 right 5049
object 6 38 left 5048
object 6 38 right 5049
object 7 38 left 5048
object 7 38 right 5049
object 8 38 left 5048
object 8 38 right 5049
object 9 38 left 5048
object 9 38 right 5049
object 10 38 left 5032
object 10 38 right 5033
object 11 38 left 5040
object 11 38 right 5041
object 22 38 right 5065
object 30 38 left 4974
object 30 38 right 4975
object 31 38 left 5048
object 31 38 right 5049
object 32 38 left 5048
object 32 38 right 5049
object 33 38 left 5048
object 33 38 right 5049
object 34 38 left 5048
object 34 38 right 5049
object 35 38 left 5048
object 35 38 right 5049
object 36 38 left 5048
object 36 38 right 5049
object 37 38 left 5048
object 37 38 right 5049
object 38 38 left 5048
object 38 38 right 5049
object 39 38 left 5048
object 39 38 right 5049
object 40 38 left 5048
object 40 38 right 5049
object 41 38 left 5048
object 41 38 right 5049
object 42 38 left 5048
object 42 38 right 5049
object 43 38 left 4922
object 43 38 right 5212
object 50 38 right 5065
object 58 38 left 5016
object 58 38 right 5017
object 59 38 left 5024
object 59 38 right 5025
object 60 38 left 5048
object 60 38 right 5049
object 61 38 left 5048
object 61 38 right 5049
object 62 38 left 5048
object 62 38 right 5049
object 63 38 left 4996
object 63 38 right 4997
object 64 38 left 4988
object 64 38 right 4989
object 93 38 left 4976
object 93 38 right 4977
object 94 38 left 5048
object 94 38 right 5049
object 95 38 left 5048
object 95 38 right 5049
object 96 38 left 5048
object 96 38 right 5049
object 97 38 left 5048
object 97 38 right 5049
object 98 38 left 5048
object 98 38 right 5049
object 99 38 left 5048
object 99 38 right 5049
object 0 39 left 5048
object 0 39 right 5049
object 1 39 left 5048
object 1 39 right 5049
object 2 39 left 5048
object 2 39 right 5049
object 3 39 left 5048
object 3 39 right 5049
object 4 39 left 5048
object 4 39 right 5049
object 5 39 left 5048
object 5 39 right 5049
object 6 39 left 5048
object 6 39 right 5049
object 7 39 left 5048
object 7 39 right 5049
object 8 39 left 5048
object 8 39 right 5049
object 9 39 left 5032
object 9 39 right 5033
object 10 39 left 5040
object 10 39 right 5041
object 21 39 left 5062
object 22 39 left 5063
object 22 39 right 5064
object 30 39 left 4976
object 30 39 right 4977
object 31 39 left 5048
object 31 39 right 5049
object 32 39 left 5048
object 32 39 right 5049
object 33 39 left 5048
object 33 39 right 5049
object 34 39 left 5048
object 34 39 right 5049
object 35 39 left 5048
object 35 39 right 5049
object 36 39 left 5048
object 36 39 right 5049
object 37 39 left 5048
object 37 39 right 5049
object 38 39 left 5048
object 38 39 right 5049
object 39 39 left 5048
object 39 39 right 5049
object 40 39 left 5048
object 40 39 right 5049
object 41 39 left 5048
object 41 39 right 5049
object 42 39 left 5048
object 42 39 right 5049
object 43 39 left 5210
object 43 39 right 5211
object 49 39 left 5062
object 50 39 left 5063
object 50 39 right 5064
object 58 39 left 4974
object 58 39 right 4975
object 59 39 left 5048
object 59 39 right 5049
object 60 39 left 5048
object 60 39 right 5049
object 61 39 left 5048
object 61 39 right 5049
object 62 39 left 5048
object 62 39 right 5049
object 63 39 left 5048
object 63 39 right 5049
object 64 39 left 4998
object 64 39 right 4999
object 65 39 left 4962
object 65 39 right 4963
object 66 39 left 4964
object 66 39 right 4965
object 67 39 left 4970
object 67 39 right 4971
object 68 39 left 4966
object 68 39 right 4967
object 69 39 left 4934
object 69 39 right 4935
object 93 39 left 4952
object 93 39 right 4953
object 94 39 left 5010
object 94 39 right 5011
object 95 39 left 5048
object 95 39 right 5049
object 96 39 left 5048
object 96 39 right 5049
object 97 39 left 5048
object 97 39 right 5049
object 98 39 left 5048
object 98 39 right 5049
object 99 39 left 5048
object 99 39 right 5049
object 0 40 left 5048
object 0 40 right 5049
object 1 40 left 5048
object 1 40 right 5049
object 2 40 left 5048
object 2 40 right 5049
object 3 40 left 5048
object 3 40 right 5049
object 4 40 left 5048
object 4 40 right 5049
object 5 40 left 5048
object 5 40 right 5049
object 6 40 left 5048
object 6 40 right 5049
object 7 40 left 5048
object 7 40 right 5049
object 8 40 left 5048
object 8 40 right 5049
object 9 40 left 4916
object 9 40 right 4917
object 30 40 left 4952
object 30 40 right 4953
object 31 40 left 5008
object 31 40 right 5009
object 32 40 left 5048
object 32 40 right 5049
object 33 40 left 5048
object 33 40 right 5049
object 34 40 left 5048
object 34 40 right 5049
object 35 40 left 5048
object 35 40 right 5049
object 36 40 left 5048
object 36 40 right 5049
object 37 40 left 5048
object 37 40 right 5049
object 38 40 left 5048
object 38 40 right 5049
object 39 40 left 5048
object 39 40 right 5049
object 40 40 left 5048
object 40 40 right 5049
object 41 40 left 5048
object 41 40 right 5049
object 42 40 left 5048
object 42 40 right 5049
object 43 40 left 4914
object 43 40 right 4915
object 51 40 right 5065
object 58 40 left 4976
object 58 40 right 4977
object 59 40 left 5048
object 59 40 right 5049
object 60 40 left 5048
object 60 40 right 5049
object 61 40 left 5048
object 61 40 right 5049
object 62 40 left 5048
object 62 40 right 5049
object 63 40 left 5048
object 63 40 right 5049
object 64 40 left 5048
object 64 40 right 5049
object 65 40 left 5048
object 65 40 right 5049
object 66 40 left 5048
object 66 40 right 5049
object 67 40 left 5048
object 67 40 right 5049
object 68 40 left 5048
object 68 40 right 5049
object 69 40 left 4998
object 69 40 right 4999
object 70 40 left 4988
object 70 40 right 4989
object 94 40 left 5006
object 94 40 right 5007
object 95 40 left 5010
object 95 40 right 5011
object 96 40 left 5048
object 96 40 right 5049
object 97 40 left 5048
object 97 40 right 5049
object 98 40 left 5048
object 98 40 right 5049
object 99 40 left 5048
object 99 40 right 5049
object 0 41 left 5048
object 0 41 right 5049
object 1 41 left 5048
object 1 41 right 5049
object 2 41 left 5048
object 2 41 right 5049
object 3 41 left 5048
object 3 41 right 5049
object 4 41 left 5048
object 4 41 right 5049
object 5 41 left 5048
object 5 41 right 5049
object 6 41 left 5048
object 6 41 right 5049
object 7 41 left 5048
object 7 41 right 5049
object 8 41 left 5048
object 8 41 right 5049
object 9 41 left 4918
object 9 41 right 4919
object 31 41 left 5000
object 31 41 right 5001
object 32 41 left 5010
object 32 41 right 5011
object 33 41 left 5048
object 33 41 right 5049
object 34 41 left 5048
object 34 41 right 5049
object 35 41 left 5048
object 35 41 right 5049
object 36 41 left 5048
object 36 41 right 5049
object 37 41 left 5048
object 37 41 right 5049
object 38 41 left 5048
object 38 41 right 5049
object 39 41 left 5048
object 39 41 right 5049
object 40 41 left 5048
object 40 41 right 5049
object 41 41 left 5048
object 41 41 right 5049
object 42 41 left 5048
object 42 41 right 5049
object 43 41 left 4920
object 43 41 right 4921
object 50 41 left 5062
object 51 41 left 5063
object 51 41 right 5064
object 58 41 left 4952
object 58 41 right 4953
object 59 41 left 5008
object 59 41 right 5009
object 60 41 left 5048
object 60 41 right 5049
object 61 41 left 5048
object 61 41 right 5049
object 62 41 left 5048
object 62 41 right 5049
object 63 41 left 5048
object 63 41 right 5049
object 64 41 left 5048
object 64 41 right 5049
object 65 41 left 5048
object 65 41 right 5049
object 66 41 left 5048
object 66 41 right 5049
object 67 41 left 5048
object 67 41 right 5049
object 68 41 left 5048
object 68 41 right 5049
object 69 41 left 5048
object 69 41 right 5049
object 70 41 left 4994
object 70 41 right 4995
object 71 41 left 4988
object 71 41 right 4989
object 95 41 left 5000
object 95 41 right 5001
object 96 41 left 5012
object 96 41 right 5013
object 97 41 left 5048
object 97 41 right 5049
object 98 41 left 5048
object 98 41 right 5049
object 99 41 left 5048
object 99 41 right 5049
object 0 42 left 5048
object 0 42 right 5049
object 1 42 left 5048
object 1 42 right 5049
object 2 42 left 5048
object 2 42 right 5049
object 3 42 left 5048
object 3 42 right 5049
object 4 42 left 5048
object 4 42 right 5049
object 5 42 left 5048
object 5 42 right 5049
object 6 42 left 5048
object 6 42 right 5049
object 7 42 left 5048
object 7 42 right 5049
object 8 42 left 5048
object 8 42 right 5049
object 9 42 left 4930
object 9 42 right 4931
object 32 42 left 5002
object 32 42 right 5003
object 33 42 left 5012
object 33 42 right 5013
object 34 42 left 5048
object 34 42 right 5049
object 35 42 left 5048
object 35 42 right 5049
object 36 42 left 5048
object 36 42 right 5049
object 37 42 left 5048
object 37 42 right 5049
object 38 42 left 5048
object 38 42 right 5049
object 39 42 left 5048
object 39 42 right 5049
object 40 42 left 5048
object 40 42 right 5049
object 41 42 left 5048
object 41 42 right 5049
object 42 42 left 5048
object 42 42 right 5049
object 43 42 left 4926
object 43 42 right 4927
object 52 42 right 5065
object 59 42 left 5000
object 59 42 right 5001
object 60 42 left 5010
object 60 42 right 5011
object 61 42 left 5048
object 61 42 right 5049
object 62 42 left 5048
object 62 42 right 5049
object 63 42 left 5048
object 63 42 right 5049
object 64 42 left 5048
object 64 42 right 5049
object 65 42 left 5048
object 65 42 right 5049
object 66 42 left 5048
object 66 42 right 5049
object 67 42 left 5048
object 67 42 right 5049
object 68 42 left 5048
object 68 42 right 5049
object 69 42 left 5048
object 69 42 right 5049
object 70 42 left 5048
object 70 42 right 5049
object 71 42 left 4996
object 71 42 right 4997
object 72 42 left 4990
object 72 42 right 4991
object 96 42 left 5006
object 96 42 right 5007
object 97 42 left 5008
object 97 42 right 5009
object 98 42 left 5048
object 98 42 right 5049
object 99 42 left 5048
object 99 42 right 5049
object 0 43 left 5048
object 0 43 right 5049
object 1 43 left 5048
object 1 43 right 5049
object 2 43 left 5048
object 2 43 right 5049
object 3 43 left 5048
object 3 43 right 5049
object 4 43 left 5048
object 4 43 right 5049
object 5 43 left 5048
object 5 43 right 5049
object 6 43 left 5048
object 6 43 right 5049
object 7 43 left 5048
object 7 43 right 5049
object 8 43 left 5048
object 8 43 right 5049
object 9 43 left 4916
object 9 43 right 4917
object 33 43 left 5004
object 33 43 right 5005
object 34 43 left 5014
object 34 43 right 5015
object 35 43 left 5048
object 35 43 right 5049
object 36 43 left 5048
object 36 43 right 5049
object 37 43 left 5048
object 37 43 right 5049
object 38 43 left 5048
object 38 43 right 5049
object 39 43 left 5048
object 39 43 right 5049
object 40 43 left 5048
object 40 43 right 5049
object 41 43 left 5048
object 41 43 right 5049
object 42 43 left 5048
object 42 43 right 5049
object 43 43 left 4996
object 43 43 right 4997
object 44 43 left 4986
object 44 43 right 4987
object 51 43 left 5062
object 52 43 left 5063
object 52 43 right 5064
object 60 43 left 5002
object 60 43 right 5003
object 61 43 left 5012
object 61 43 right 5013
object 62 43 left 5048
object 62 43 right 5049
object 63 43 left 5048
object 63 43 right 5049
object 64 43 left 5048
object 64 43 right 5049
object 65 43 left 5048
object 65 43 right 5049
object 66 43 left 5048
object 66 43 right 5049
object 67 43 left 5048
object 67 43 right 5049
object 68 43 left 5048
object 68 43 right 5049
object 69 43 left 5048
object 69 43 right 5049
object 70 43 left 5048
object 70 43 right 5049
object 71 43 left 5048
object 71 43 right 5049
object 72 43 left 4998
object 72 43 right 4999
object 73 43 left 4934
object 73 43 right 4935
object 97 43 left 5000
object 97 43 right 5001
object 98 43 left 5010
object 98 43 right 5011
object 99 43 left 5048
object 99 43 right 5049
object 0 44 left 5048
object 0 44 right 5049
object 1 44 left 5048
object 1 44 right 5049
object 2 44 left 5048
object 2 44 right 5049
object 3 44 left 5048
object 3 44 right 5049
object 4 44 left 5048
object 4 44 right 5049
object 5 44 left 5048
object 5 44 right 5049
object 6 44 left 5048
object 6 44 right 5049
object 7 44 left 5048
object 7 44 right 5049
object 8 44 left 5048
object 8 44 right 5049
object 9 44 left 4920
object 9 44 right 4921
object 34 44 left 4974
object 34 44 right 4975
object 35 44 left 5048
object 35 44 right 5049
object 36 44 left 5048
object 36 44 right 5049
object 37 44 left 5048
object 37 44 right 5049
object 38 44 left 5048
object 38 44 right 5049
object 39 44 left 5048
object 39 44 right 5049
object 40 44 left 5048
object 40 44 right 5049
object 41 44 left 5048
object 41 44 right 5049
object 42 44 left 5048
object 42 44 right 5049
object 43 44 left 5048
object 43 44 right 5049
object 44 44 left 4996
object 44 44 right 4997
object 45 44 left 4988
object 45 44 right 4989
object 52 44 right 5065
object 61 44 left 5004
object 61 44 right 5005
object 62 44 left 5014
object 62 44 right 5015
object 63 44 left 5048
object 63 44 right 5049
object 64 44 left 5048
object 64 44 right 5049
object 65 44 left 5048
object 65 44 right 5049
object 66 44 left 5048
object 66 44 right 5049
object 67 44 left 5048
object 67 44 right 5049
object 68 44 left 5048
object 68 44 right 5049
object 69 44 left 5048
object 69 44 right 5049
object 70 44 left 5048
object 70 44 right 5049
object 71 44 left 5048
object 71 44 right 5049
object 72 44 left 5048
object 72 44 right 5049
object 73 44 left 4930
object 73 44 right 4931
object 98 44 left 5002
object 98 44 right 5003
object 99 44 left 5014
object 99 44 right 5015
object 0 45 left 5048
object 0 45 right 5049
object 1 45 left 5048
object 1 45 right 5049
object 2 45 left 5048
object 2 45 right 5049
object 3 45 left 5048
object 3 45 right 5049
object 4 45 left 5048
object 4 45 right 5049
object 5 45 left 5048
object 5 45 right 5049
object 6 45 left 5048
object 6 45 right 5049
object 7 45 left 5048
object 7 45 right 5049
object 8 45 left 5028
object 8 45 right 5029
object 9 45 left 5044
object 9 45 right 5045
object 34 45 left 4976
object 34 45 right 4977
object 35 45 left 5048
object 35 45 right 5049
object 36 45 left 5048
object 36 45 right 5049
object 37 45 left 5048
object 37 45 right 5049
object 38 45 left 5048
object 38 45 right 5049
object 39 45 left 5048
object 39 45 right 5049
object 40 45 left 5048
object 40 45 right 5049
object 41 45 left 5048
object 41 45 right 5049
object 42 45 left 5048
object 42 45 right 5049
object 43 45 left 5048
object 43 45 right 5049
object 44 45 left 5048
object 44 45 right 5049
object 45 45 left 4998
object 45 45 right 4999
object 46 45 left 4990
object 46 45 right 4991
object 51 45 left 5062
object 52 45 left 5063
object 52 45 right 5064
object 54 45 right 5065
object 62 45 left 5006
object 62 45 right 5007
object 63 45 left 4944
object 63 45 right 4945
object 64 45 left 4958
object 64 45 right 4959
object 65 45 left 4940
object 65 45 right 4941
object 66 45 left 5010
object 66 45 right 5011
object 67 45 left 5048
object 67 45 right 5049
object 68 45 left 5048
object 68 45 right 5049
object 69 45 left 5048
object 69 45 right 5049
object 70 45 left 5048
object 70 45 right 5049
object 71 45 left 5048
object 71 45 right 5049
object 72 45 left 5048
object 72 45 right 5049
object 73 45 left 4912
object 73 45 right 5213
object 99 45 left 4974
object 99 45 right 4975
object 0 46 left 5048
object 0 46 right 5049
object 1 46 left 5048
object 1 46 right 5049
object 2 46 left 5048
object 2 46 right 5049
object 3 46 left 5048
object 3 46 right 5049
object 4 46 left 5048
object 4 46 right 5049
object 5 46 left 5048
object 5 46 right 5049
object 6 46 left 5048
object 6 46 right 5049
object 7 46 left 5030
object 7 46 right 5031
object 8 46 left 5042
object 8 46 right 5043
object 34 46 left 4978
object 34 46 right 4979
object 35 46 left 5048
object 35 46 right 5049
object 36 46 left 5048
object 36 46 right 5049
object 37 46 left 5048
object 37 46 right 5049
object 38 46 left 5048
object 38 46 right 5049
object 39 46 left 5048
object 39 46 right 5049
object 40 46 left 5048
object 40 46 right 5049
object 41 46 left 5048
object 41 46 right 5049
object 42 46 left 5048
object 42 46 right 5049
object 43 46 left 5048
object 43 46 right 5049
object 44 46 left 5048
object 44 46 right 5049
object 45 46 left 5048
object 45 46 right 5049
object 46 46 left 4920
object 46 46 right 4921
object 53 46 left 5062
object 54 46 left 5063
object 54 46 right 5064
object 66 46 left 5004
object 66 46 right 5005
object 67 46 left 5012
object 67 46 right 5013
object 68 46 left 5048
object 68 46 right 5049
object 69 46 left 5048
object 69 46 right 5049
object 70 46 left 5048
object 70 46 right 5049
object 71 46 left 5048
object 71 46 right 5049
object 72 46 left 5048
object 72 46 right 5049
object 73 46 left 4922
object 73 46 right 5212
object 99 46 left 4976
object 99 46 right 4977
object 0 47 left 5048
object 0 47 right 5049
object 1 47 left 5048
object 1 47 right 5049
object 2 47 left 5048
object 2 47 right 5049
object 3 47 left 5028
object 3 47 right 5029
object 4 47 left 4948
object 4 47 right 4949
object 5 47 left 4956
object 5 47 right 4957
object 6 47 left 4942
object 6 47 right 4943
object 7 47 left 5040
object 7 47 right 5041
object 34 47 left 4974
object 34 47 right 4975
object 35 47 left 5048
object 35 47 right 5049
object 36 47 left 5048
object 36 47 right 5049
object 37 47 left 5048
object 37 47 right 5049
object 38 47 left 5048
object 38 47 right 5049
object 39 47 left 5048
object 39 47 right 5049
object 40 47 left 5048
object 40 47 right 5049
object 41 47 left 5048
object 41 47 right 5049
object 42 47 left 5048
object 42 47 right 5049
object 43 47 left 5048
object 43 47 right 5049
object 44 47 left 5048
object 44 47 right 5049
object 45 47 left 5048
object 45 47 right 5049
object 46 47 left 4922
object 46 47 right 4923
object 55 47 right 5065
object 67 47 left 5006
object 67 47 right 5007
object 68 47 left 5014
object 68 47 right 5015
object 69 47 left 5048
object 69 47 right 5049
object 70 47 left 5048
object 70 47 right 5049
object 71 47 left 5048
object 71 47 right 5049
object 72 47 left 5048
object 72 47 right 5049
object 73 47 left 5210
object 73 47 right 5211
object 99 47 left 4978
object 99 47 right 4979
object 0 48 left 5048
object 0 48 right 5049
object 1 48 left 5048
object 1 48 right 5049
object 2 48 left 5032
object 2 48 right 5033
object 3 48 left 5044
object 3 48 right 5045
object 4 48 left 5050
object 4 48 right 5051
object 5 48 left 5052
object 5 48 right 5053
object 6 48 left 5054
object 6 48 right 5055
object 7 48 left 5056
object 7 48 right 5057
object 33 48 left 5018
object 33 48 right 5019
object 34 48 left 5022
object 34 48 right 5023
object 35 48 left 5048
object 35 48 right 5049
object 36 48 left 5048
object 36 48 right 5049
object 37 48 left 5048
object 37 48 right 5049
object 38 48 left 5048
object 38 48 right 5049
object 39 48 left 5048
object 39 48 right 5049
object 40 48 left 5048
object 40 48 right 5049
object 41 48 left 5048
object 41 48 right 5049
object 42 48 left 5048
object 42 48 right 5049
object 43 48 left 5048
object 43 48 right 5049
object 44 48 left 5048
object 44 48 right 5049
object 45 48 left 5048
object 45 48 right 5049
object 46 48 left 4932
object 46 48 right 4933
object 54 48 left 5062
object 55 48 left 5063
object 55 48 right 5064
object 68 48 left 5000
object 68 48 right 5001
object 69 48 left 5008
object 69 48 right 5009
object 70 48 left 5048
object 70 48 right 5049
object 71 48 left 5048
object 71 48 right 5049
object 72 48 left 5048
object 72 48 right 5049
object 73 48 left 4998
object 73 48 right 4999
object 74 48 left 4986
object 74 48 right 4987
object 99 48 left 4980
object 99 48 right 4981
object 0 49 left 5048
object 0 49 right 5049
object 1 49 left 5030
object 1 49 right 5031
object 2 49 left 5042
object 2 49 right 5043
object 3 49 left 5050
object 3 49 right 5051
object 4 49 left 5052
object 4 49 right 5053
object 7 49 right 5077
object 8 49 left 5050
object 8 49 right 5051
object 32 49 left 5020
object 32 49 right 5021
object 33 49 left 5024
object 33 49 right 5025
object 34 49 left 5048
object 34 49 right 5049
object 35 49 left 5048
object 35 49 right 5049
object 36 49 left 5048
object 36 49 right 5049
object 37 49 left 5048
object 37 49 right 5049
object 38 49 left 5048
object 38 49 right 5049
object 39 49 left 5048
object 39 49 right 5049
object 40 49 left 5048
object 40 49 right 5049
object 41 49 left 5048
object 41 49 right 5049
object 42 49 left 5048
object 42 49 right 5049
object 43 49 left 5048
object 43 49 right 5049
object 44 49 left 5048
object 44 49 right 5049
object 45 49 left 5048
object 45 49 right 5049
object 46 49 left 4992
object 46 49 right 4993
object 47 49 left 4982
object 47 49 right 4983
object 56 49 right 5065
object 69 49 left 5000
object 69 49 right 5001
object 70 49 left 5012
object 70 49 right 5013
object 71 49 left 5048
object 71 49 right 5049
object 72 49 left 5048
object 72 49 right 5049
object 73 49 left 5048
object 73 49 right 5049
object 74 49 left 4996
object 74 49 right 4997
object 75 49 left 4984
object 75 49 right 4985
object 83 49 left 5020
object 83 49 right 5021
object 84 49 left 4966
object 84 49 right 4967
object 85 49 left 4968
object 85 49 right 4969
object 86 49 left 4966
object 86 49 right 4967
object 87 49 left 4964
object 87 49 right 4965
object 88 49 left 4962
object 88 49 right 4963
object 89 49 left 4934
object 89 49 right 4935
object 99 49 left 4974
object 99 49 right 4975
object 0 50 left 5048
object 0 50 right 5049
object 1 50 left 4928
object 1 50 right 4929
object 4 50 right 5095
object 7 50 right 5076
object 9 50 right 5065
object 29 50 left 5020
object 29 50 right 5021
object 30 50 left 4964
object 30 50 right 4965
object 31 50 left 4966
object 31 50 right 4967
object 32 50 left 5022
object 32 50 right 5023
object 33 50 left 5048
object 33 50 right 5049
object 34 50 left 5048
object 34 50 right 5049
object 35 50 left 5048
object 35 50 right 5049
object 36 50 left 5048
object 36 50 right 5049
object 37 50 left 5048
object 37 50 right 5049
object 38 50 left 5048
object 38 50 right 5049
object 39 50 left 5048
object 39 50 right 5049
object 40 50 left 5048
object 40 50 right 5049
object 41 50 left 5048
object 41 50 right 5049
object 42 50 left 5048
object 42 50 right 5049
object 43 50 left 5048
object 43 50 right 5049
object 44 50 left 5048
object 44 50 right 5049
object 45 50 left 5048
object 45 50 right 5049
object 46 50 left 5048
object 46 50 right 5049
object 47 50 left 4998
object 47 50 right 4999
object 48 50 left 4984
object 48 50 right 4985
object 55 50 left 5062
object 56 50 left 5063
object 56 50 right 5064
object 58 50 right 5065
object 70 50 left 5006
object 70 50 right 5007
object 71 50 left 5010
object 71 50 right 5011
object 72 50 left 5048
object 72 50 right 5049
object 73 50 left 5048
object 73 50 right 5049
object 74 50 left 5048
object 74 50 right 5049
object 75 50 left 4994
object 75 50 right 4995
object 76 50 left 4982
object 76 50 right 4983
object 82 50 left 5016
object 82 50 right 5017
object 83 50 left 5026
object 83 50 right 5027
object 84 50 left 5048
object 84 50 right 5049
object 85 50 left 5048
object 85 50 right 5049
object 86 50 left 5048
object 86 50 right 5049
object 87 50 left 5048
object 87 50 right 5049
object 88 50 left 5048
object 88 50 right 5049
object 89 50 left 4992
object 89 50 right 4993
object 90 50 left 4986
object 90 50 right 4987
object 99 50 left 4976
object 99 50 right 4977
object 0 51 left 5048
object 0 51 right 5049
object 1 51 left 4910
object 1 51 right 4911
object 4 51 right 5094
object 5 51 left 5072
object 6 51 left 5073
object 7 51 left 5074
object 7 51 right 5075
object 8 51 left 5062
object 9 51 left 5063
object 9 51 right 5064
object 28 51 left 5018
object 28 51 right 5019
object 29 51 left 5024
object 29 51 right 5025
object 30 51 left 5048
object 30 51 right 5049
object 31 51 left 5048
object 31 51 right 5049
object 32 51 left 5048
object 32 51 right 5049
object 33 51 left 5048
object 33 51 right 5049
object 34 51 left 5048
object 34 51 right 5049
object 35 51 left 5048
object 35 51 right 5049
object 36 51 left 5048
object 36 51 right 5049
object 37 51 left 5048
object 37 51 right 5049
object 38 51 left 5048
object 38 51 right 5049
object 39 51 left 5048
object 39 51 right 5049
object 40 51 left 5048
object 40 51 right 5049
object 41 51 left 5048
object 41 51 right 5049
object 42 51 left 5048
object 42 51 right 5049
object 43 51 left 5048
object 43 51 right 5049
object 44 51 left 5048
object 44 51 right 5049
object 45 51 left 5048
object 45 51 right 5049
object 46 51 left 5048
object 46 51 right 5049
object 47 51 left 5048
object 47 51 right 5049
object 48 51 left 4994
object 48 51 right 4995
object 49 51 left 4988
object 49 51 right 4989
object 57 51 left 5062
object 58 51 left 5063
object 58 51 right 5064
object 71 51 left 4974
object 71 51 right 4975
object 72 51 left 5048
object 72 51 right 5049
object 73 51 left 5048
object 73 51 right 5049
object 74 51 left 5048
object 74 51 right 5049
object 75 51 left 5048
object 75 51 right 5049
object 76 51 left 4992
object 76 51 right 4993
object 77 51 left 4966
object 77 51 right 4967
object 78 51 left 4968
object 78 51 right 4969
object 79 51 left 4966
object 79 51 right 4967
object 80 51 left 4964
object 80 51 right 4965
object 81 51 left 4962
object 81 51 right 4963
object 82 51 left 5022
object 82 51 right 5023
object 83 51 left 5048
object 83 51 right 5049
object 84 51 left 5048
object 84 51 right 5049
object 85 51 left 5048
object 85 51 right 5049
object 86 51 left 5048
object 86 51 right 5049
object 87 51 left 5048
object 87 51 right 5049
object 88 51 left 5048
object 88 51 right 5049
object 89 51 left 5048
object 89 51 right 5049
object 90 51 left 4994
object 90 51 right 4995
object 91 51 left 4988
object 91 51 right 4989
object 99 51 left 4978
object 99 51 right 4979
object 0 52 left 5048
object 0 52 right 5049
object 1 52 left 4924
object 1 52 right 4925
object 2 52 left 5090
object 3 52 left 5091
object 4 52 left 5092
object 4 52 right 5093
object 8 52 right 5121
object 10 52 right 5065
object 27 52 left 5016
object 27 52 right 5017
object 28 52 left 5022
object 28 52 right 5023
object 29 52 left 5048
object 29 52 right 5049
object 30 52 left 5048
object 30 52 right 5049
object 31 52 left 5048
object 31 52 right 5049
object 32 52 left 5048
object 32 52 right 5049
object 33 52 left 5048
object 33 52 right 5049
object 34 52 left 5048
object 34 52 right 5049
object 35 52 left 5048
object 35 52 right 5049
object 36 52 left 5048
object 36 52 right 5049
object 37 52 left 5048
object 37 52 right 5049
object 38 52 left 5048
object 38 52 right 5049
object 39 52 left 5048
object 39 52 right 5049
object 40 52 left 5048
object 40 52 right 5049
object 41 52 left 5048
object 41 52 right 5049
object 42 52 left 5048
object 42 52 right 5049
object 43 52 left 5048
object 43 52 right 5049
object 44 52 left 5048
object 44 52 right 5049
object 45 52 left 5048
object 45 52 right 5049
object 46 52 left 5048
object 46 52 right 5049
object 47 52 left 5048
object 47 52 right 5049
object 48 52 left 5048
object 48 52 right 5049
object 49 52 left 4996
object 49 52 right 4997
object 50 52 left 4990
object 50 52 right 4991
object 60 52 right 5065
object 71 52 left 4976
object 71 52 right 4977
object 72 52 left 5048
object 72 52 right 5049
object 73 52 left 5048
object 73 52 right 5049
object 74 52 left 5048
object 74 52 right 5049
object 75 52 left 5048
object 75 52 right 5049
object 76 52 left 5048
object 76 52 right 5049
object 77 52 left 5048
object 77 52 right 5049
object 78 52 left 5048
object 78 52 right 5049
object 79 52 left 5048
object 79 52 right 5049
object 80 52 left 5048
object 80 52 right 5049
object 81 52 left 5048
object 81 52 right 5049
object 82 52 left 5048
object 82 52 right 5049
object 83 52 left 5048
object 83 52 right 5049
object 84 52 left 5048
object 84 52 right 5049
object 85 52 left 5048
object 85 52 right 5049
object 86 52 left 5048
object 86 52 right 5049
object 87 52 left 5048
object 87 52 right 5049
object 88 52 left 5048
object 88 52 right 5049
object 89 52 left 5048
object 89 52 right 5049
object 90 52 left 5048
object 90 52 right 5049
object 91 52 left 4996
object 91 52 right 4997
object 92 52 left 4990
object 92 52 right 4991
object 98 52 left 5020
object 98 52 right 5021
object 99 52 left 5026
object 99 52 right 5027
object 0 53 left 5048
object 0 53 right 5049
object 1 53 left 4930
object 1 53 right 4931
object 5 53 right 5142
object 8 53 right 5120
object 9 53 left 5062
object 10 53 left 5063
object 10 53 right 5064
object 27 53 left 4976
object 27 53 right 4977
object 28 53 left 5048
object 28 53 right 5049
object 29 53 left 5048
object 29 53 right 5049
object 30 53 left 5048
object 30 53 right 5049
object 31 53 left 5048
object 31 53 right 5049
object 32 53 left 5048
object 32 53 right 5049
object 33 53 left 5048
object 33 53 right 5049
object 34 53 left 5048
object 34 53 right 5049
object 35 53 left 5048
object 35 53 right 5049
object 36 53 left 5048
object 36 53 right 5049
object 37 53 left 5048
object 37 53 right 5049
object 38 53 left 5048
object 38 53 right 5049
object 39 53 left 5048
object 39 53 right 5049
object 40 53 left 5048
object 40 53 right 5049
object 41 53 left 5048
object 41 53 right 5049
object 42 53 left 5048
object 42 53 right 5049
object 43 53 left 5048
object 43 53 right 5049
object 44 53 left 5048
object 44 53 right 5049
object 45 53 left 5048
object 45 53 right 5049
object 46 53 left 5048
object 46 53 right 5049
object 47 53 left 5048
object 47 53 right 5049
object 48 53 left 5048
object 48 53 right 5049
object 49 53 left 5048
object 49 53 right 5049
object 50 53 left 4918
object 50 53 right 4919
object 59 53 left 5062
object 60 53 left 5063
object 60 53 right 5064
object 71 53 left 4978
object 71 53 right 4979
object 72 53 left 5048
object 72 53 right 5049
object 73 53 left 5048
object 73 53 right 5049
object 74 53 left 5048
object 74 53 right 5049
object 75 53 left 5048
object 75 53 right 5049
object 76 53 left 5048
object 76 53 right 5049
object 77 53 left 5048
object 77 53 right 5049
object 78 53 left 5048
object 78 53 right 5049
object 79 53 left 5048
object 79 53 right 5049
object 80 53 left 5048
object 80 53 right 5049
object 81 53 left 5048
object 81 53 right 5049
object 82 53 left 5048
object 82 53 right 5049
object 83 53 left 5048
object 83 53 right 5049
object 84 53 left 5048
object 84 53 right 5049
object 85 53 left 5048
object 85 53 right 5049
object 86 53 left 5048
object 86 53 right 5049
object 87 53 left 5048
object 87 53 right 5049
object 88 53 left 5048
object 88 53 right 5049
object 89 53 left 5048
object 89 53 right 5049
object 90 53 left 5048
object 90 53 right 5049
object 91 53 left 5048
object 91 53 right 5049
object 92 53 left 4998
object 92 53 right 4999
object 93 53 left 4966
object 93 53 right 4967
object 94 53 left 4968
object 94 53 right 4969
object 95 53 left 4966
object 95 53 right 4967
object 96 53 left 4964
object 96 53 right 4965
object 97 53 left 4962
object 97 53 right 4963
object 98 53 left 5022
object 98 53 right 5023
object 99 53 left 5048
object 99 53 right 5049
object 0 54 left 5048
object 0 54 right 5049
object 1 54 left 4910
object 1 54 right 5213
object 5 54 right 5141
object 8 54 right 5119
object 10 54 right 5065
object 27 54 left 4974
object 27 54 right 4975
object 28 54 left 5048
object 28 54 right 5049
object 29 54 left 5048
object 29 54 right 5049
object 30 54 left 5048
object 30 54 right 5049
object 31 54 left 5048
object 31 54 right 5049
object 32 54 left 5048
object 32 54 right 5049
object 33 54 left 5048
object 33 54 right 5049
object 34 54 left 5048
object 34 54 right 5049
object 35 54 left 5048
object 35 54 right 5049
object 36 54 left 5048
object 36 54 right 5049
object 37 54 left 5048
object 37 54 right 5049
object 38 54 left 5048
object 38 54 right 5049
object 39 54 left 5048
object 39 54 right 5049
object 40 54 left 5048
object 40 54 right 5049
object 41 54 left 5048
object 41 54 right 5049
object 42 54 left 5048
object 42 54 right 5049
object 43 54 left 5048
object 43 54 right 5049
object 44 54 left 5048
object 44 54 right 5049
object 45 54 left 5048
object 45 54 right 5049
object 46 54 left 5048
object 46 54 right 5049
object 47 54 left 5048
object 47 54 right 5049
object 48 54 left 5048
object 48 54 right 5049
object 49 54 left 5048
object 49 54 right 5049
object 50 54 left 4930
object 50 54 right 4931
object 61 54 right 5065
object 71 54 left 4974
object 71 54 right 4975
object 72 54 left 5048
object 72 54 right 5049
object 73 54 left 5048
object 73 54 right 5049
object 74 54 left 5048
object 74 54 right 5049
object 75 54 left 5048
object 75 54 right 5049
object 76 54 left 5048
object 76 54 right 5049
object 77 54 left 5048
object 77 54 right 5049
object 78 54 left 5048
object 78 54 right 5049
object 79 54 left 5048
object 79 54 right 5049
object 80 54 left 5030
object 80 54 right 5031
object 81 54 left 4944
object 81 54 right 4945
object 82 54 left 4958
object 82 54 right 4959
object 83 54 left 5186
object 83 54 right 4941
object 84 54 left 5187
object 84 54 right 4947
object 85 54 left 5188
object 85 54 right 5189
object 86 54 left 4940
object 86 54 right 4941
object 87 54 left 5010
object 87 54 right 5011
object 88 54 left 5048
object 88 54 right 5049
object 89 54 left 5048
object 89 54 right 5049
object 90 54 left 5048
object 90 54 right 5049
object 91 54 left 5048
object 91 54 right 5049
object 92 54 left 5048
object 92 54 right 5049
object 93 54 left 5048
object 93 54 right 5049
object 94 54 left 5048
object 94 54 right 5049
object 95 54 left 5048
object 95 54 right 5049
object 96 54 left 5048
object 96 54 right 5049
object 97 54 left 5048
object 97 54 right 5049
object 98 54 left 5048
object 98 54 right 5049
object 99 54 left 5048
object 99 54 right 5049
object 0 55 left 5048
object 0 55 right 5049
object 1 55 left 4924
object 1 55 right 5212
object 2 55 left 5136
object 3 55 left 5137
object 4 55 left 5138
object 5 55 left 5139
object 5 55 right 5140
object 6 55 left 5115
object 7 55 left 5116
object 8 55 left 5117
object 8 55 right 5118
object 9 55 left 5062
object 10 55 left 5063
object 10 55 right 5064
object 27 55 left 4972
object 27 55 right 4973
object 28 55 left 5048
object 28 55 right 5049
object 29 55 left 5048
object 29 55 right 5049
object 30 55 left 5048
object 30 55 right 5049
object 31 55 left 5048
object 31 55 right 5049
object 32 55 left 5048
object 32 55 right 5049
object 33 55 left 5048
object 33 55 right 5049
object 34 55 left 5048
object 34 55 right 5049
object 35 55 left 5048
object 35 55 right 5049
object 36 55 left 5048
object 36 55 right 5049
object 37 55 left 5048
object 37 55 right 5049
object 38 55 left 5048
object 38 55 right 5049
object 39 55 left 5048
object 39 55 right 5049
object 40 55 left 5048
object 40 55 right 5049
object 41 55 left 5048
object 41 55 right 5049
object 42 55 left 5048
object 42 55 right 5049
object 43 55 left 5048
object 43 55 right 5049
object 44 55 left 5048
object 44 55 right 5049
object 45 55 left 5048
object 45 55 right 5049
object 46 55 left 5048
object 46 55 right 5049
object 47 55 left 5048
object 47 55 right 5049
object 48 55 left 5048
object 48 55 right 5049
object 49 55 left 5048
object 49 55 right 5049
object 50 55 left 4916
object 50 55 right 5205
object 60 55 left 5062
object 61 55 left 5063
object 61 55 right 5064
object 71 55 left 4976
object 71 55 right 4977
object 72 55 left 5048
object 72 55 right 5049
object 73 55 left 5048
object 73 55 right 5049
object 74 55 left 5048
object 74 55 right 5049
object 75 55 left 5048
object 75 55 right 5049
object 76 55 left 5048
object 76 55 right 5049
object 77 55 left 5048
object 77 55 right 5049
object 78 55 left 5048
object 78 55 right 5049
object 79 55 left 5028
object 79 55 right 5029
object 80 55 left 5044
object 80 55 right 5045
object 87 55 left 5002
object 87 55 right 5003
object 88 55 left 5012
object 88 55 right 5013
object 89 55 left 5048
object 89 55 right 5049
object 90 55 left 5048
object 90 55 right 5049
object 91 55 left 5048
object 91 55 right 5049
object 92 55 left 5048
object 92 55 right 5049
object 93 55 left 5048
object 93 55 right 5049
object 94 55 left 5048
object 94 55 right 5049
object 95 55 left 5048
object 95 55 right 5049
object 96 55 left 5048
object 96 55 right 5049
object 97 55 left 5048
object 97 55 right 5049
object 98 55 left 5048
object 98 55 right 5049
object 99 55 left 5048
object 99 55 right 5049
object 0 56 left 5048
object 0 56 right 5049
object 1 56 left 5210
object 1 56 right 5211
object 2 56 left 5052
object 2 56 right 5053
object 5 56 right 5071
object 9 56 right 5065
object 26 56 left 5018
object 26 56 right 5019
object 27 56 left 5024
object 27 56 right 5025
object 28 56 left 5048
object 28 56 right 5049
object 29 56 left 5048
object 29 56 right 5049
object 30 56 left 5048
object 30 56 right 5049
object 31 56 left 5048
object 31 56 right 5049
object 32 56 left 5048
object 32 56 right 5049
object 33 56 left 5048
object 33 56 right 5049
object 34 56 left 5048
object 34 56 right 5049
object 35 56 left 5048
object 35 56 right 5049
object 36 56 left 5048
object 36 56 right 5049
object 37 56 left 5048
object 37 56 right 5049
object 38 56 left 5048
object 38 56 right 5049
object 39 56 left 5048
object 39 56 right 5049
object 40 56 left 5048
object 40 56 right 5049
object 41 56 left 5048
object 41 56 right 5049
object 42 56 left 5048
object 42 56 right 5049
object 43 56 left 5048
object 43 56 right 5049
object 44 56 left 5048
object 44 56 right 5049
object 45 56 left 5048
object 45 56 right 5049
object 46 56 left 5048
object 46 56 right 5049
object 47 56 left 5048
object 47 56 right 5049
object 48 56 left 5048
object 48 56 right 5049
object 49 56 left 5048
object 49 56 right 5049
object 50 56 right 5204
object 60 56 right 5065
object 71 56 left 4978
object 71 56 right 4979
object 72 56 left 5048
object 72 56 right 5049
object 73 56 left 5048
object 73 56 right 5049
object 74 56 left 5048
object 74 56 right 5049
object 75 56 left 5048
object 75 56 right 5049
object 76 56 left 5048
object 76 56 right 5049
object 77 56 left 5048
object 77 56 right 5049
object 78 56 left 5030
object 78 56 right 5031
object 79 56 left 5042
object 79 56 right 5043
object 88 56 left 5004
object 88 56 right 5005
object 89 56 left 5014
object 89 56 right 5015
object 90 56 left 5048
object 90 56 right 5049
object 91 56 left 5048
object 91 56 right 5049
object 92 56 left 5048
object 92 56 right 5049
object 93 56 left 5048
object 93 56 right 5049
object 94 56 left 5048
object 94 56 right 5049
object 95 56 left 5048
object 95 56 right 5049
object 96 56 left 5048
object 96 56 right 5049
object 97 56 left 5048
object 97 56 right 5049
object 98 56 left 5048
object 98 56 right 5049
object 99 56 left 5048
object 99 56 right 5049
object 0 57 left 5048
object 0 57 right 5049
object 1 57 left 4916
object 1 57 right 4917
object 2 57 left 5054
object 2 57 right 5055
object 5 57 right 5070
object 7 57 right 5065
object 8 57 left 5062
object 9 57 left 5063
object 9 57 right 5064
object 25 57 left 5016
object 25 57 right 5017
object 26 57 left 5022
object 26 57 right 5023
object 27 57 left 5048
object 27 57 right 5049
object 28 57 left 5048
object 28 57 right 5049
object 29 57 left 5048
object 29 57 right 5049
object 30 57 left 5048
object 30 57 right 5049
object 31 57 left 5048
object 31 57 right 5049
object 32 57 left 5048
object 32 57 right 5049
object 33 57 left 5048
object 33 57 right 5049
object 34 57 left 5048
object 34 57 right 5049
object 35 57 left 5048
object 35 57 right 5049
object 36 57 left 5048
object 36 57 right 5049
object 37 57 left 5048
object 37 57 right 5049
object 38 57 left 5048
object 38 57 right 5049
object 39 57 left 5048
object 39 57 right 5049
object 40 57 left 5048
object 40 57 right 5049
object 41 57 left 5048
object 41 57 right 5049
object 42 57 left 5048
object 42 57 right 5049
object 43 57 left 5048
object 43 57 right 5049
object 44 57 left 5048
object 44 57 right 5049
object 45 57 left 5048
object 45 57 right 5049
object 46 57 left 5048
object 46 57 right 5049
object 47 57 left 5048
object 47 57 right 5049
object 48 57 left 5048
object 48 57 right 5049
object 49 57 left 5048
object 49 57 right 5049
object 50 57 left 5202
object 50 57 right 5203
object 59 57 left 5062
object 60 57 left 5063
object 60 57 right 5064
object 70 57 left 5018
object 70 57 right 5019
object 71 57 left 5026
object 71 57 right 5027
object 72 57 left 5048
object 72 57 right 5049
object 73 57 left 5048
object 73 57 right 5049
object 74 57 left 5048
object 74 57 right 5049
object 75 57 left 5048
object 75 57 right 5049
object 76 57 left 5048
object 76 57 right 5049
object 77 57 left 5048
object 77 57 right 5049
object 78 57 left 4916
object 78 57 right 4917
object 89 57 left 5006
object 89 57 right 5007
object 90 57 left 4944
object 90 57 right 4945
object 91 57 left 4958
object 91 57 right 4959
object 92 57 left 5178
object 92 57 right 4941
object 93 57 left 5179
object 93 57 right 4947
object 94 57 left 5180
object 94 57 right 5181
object 95 57 left 5014
object 95 57 right 5015
object 96 57 left 5048
object 96 57 right 5049
object 97 57 left 5048
object 97 57 right 5049
object 98 57 left 5048
object 98 57 right 5049
object 99 57 left 5048
object 99 57 right 5049
object 0 58 left 5048
object 0 58 right 5049
object 1 58 left 4996
object 1 58 right 4997
object 2 58 left 4988
object 2 58 right 4989
object 3 58 left 5066
object 4 58 left 5067
object 5 58 left 5068
object 5 58 right 5069
object 6 58 left 5062
object 7 58 left 5063
object 7 58 right 5064
object 25 58 left 4978
object 25 58 right 4979
object 26 58 left 5048
object 26 58 right 5049
object 27 58 left 5048
object 27 58 right 5049
object 28 58 left 5048
object 28 58 right 5049
object 29 58 left 5048
object 29 58 right 5049
object 30 58 left 5048
object 30 58 right 5049
object 31 58 left 5048
object 31 58 right 5049
object 32 58 left 5048
object 32 58 right 5049
object 33 58 left 5048
object 33 58 right 5049
object 34 58 left 5048
object 34 58 right 5049
object 35 58 left 5030
object 35 58 right 5031
object 36 58 left 4946
object 36 58 right 4947
object 37 58 left 4936
object 37 58 right 4937
object 38 58 left 5008
object 38 58 right 5009
object 39 58 left 5048
object 39 58 right 5049
object 40 58 left 5048
object 40 58 right 5049
object 41 58 left 5048
object 41 58 right 5049
object 42 58 left 5048
object 42 58 right 5049
object 43 58 left 5048
object 43 58 right 5049
object 44 58 left 5048
object 44 58 right 5049
object 45 58 left 5048
object 45 58 right 5049
object 46 58 left 5048
object 46 58 right 5049
object 47 58 left 5048
object 47 58 right 5049
object 48 58 left 5048
object 48 58 right 5049
object 49 58 left 5048
object 49 58 right 5049
object 50 58 left 4914
object 50 58 right 4915
object 61 58 right 5065
object 69 58 left 5016
object 69 58 right 5017
object 70 58 left 5024
object 70 58 right 5025
object 71 58 left 5048
object 71 58 right 5049
object 72 58 left 5048
object 72 58 right 5049
object 73 58 left 5048
object 73 58 right 5049
object 74 58 left 5048
object 74 58 right 5049
object 75 58 left 5048
object 75 58 right 5049
object 76 58 left 5048
object 76 58 right 5049
object 77 58 left 5048
object 77 58 right 5049
object 78 58 left 4918
object 78 58 right 4919
object 95 58 left 5006
object 95 58 right 5007
object 96 58 left 5012
object 96 58 right 5013
object 97 58 left 5048
object 97 58 right 5049
object 98 58 left 5048
object 98 58 right 5049
object 99 58 left 5048
object 99 58 right 5049
object 0 59 left 5048
object 0 59 right 5049
object 1 59 left 5048
object 1 59 right 5049
object 2 59 left 4998
object 2 59 right 4999
object 3 59 left 4934
object 3 59 right 4935
object 5 59 right 5065
object 6 59 left 5050
object 6 59 right 5051
object 25 59 left 4976
object 25 59 right 4977
object 26 59 left 5048
object 26 59 right 5049
object 27 59 left 5048
object 27 59 right 5049
object 28 59 left 5048
object 28 59 right 5049
object 29 59 left 5048
object 29 59 right 5049
object 30 59 left 5048
object 30 59 right 5049
object 31 59 left 5048
object 31 59 right 5049
object 32 59 left 5048
object 32 59 right 5049
object 33 59 left 5048
object 33 59 right 5049
object 34 59 left 5032
object 34 59 right 5033
object 35 59 left 5040
object 35 59 right 5041
object 38 59 left 5000
object 38 59 right 5001
object 39 59 left 5010
object 39 59 right 5011
object 40 59 left 5048
object 40 59 right 5049
object 41 59 left 5048
object 41 59 right 5049
object 42 59 left 5048
object 42 59 right 5049
object 43 59 left 5048
object 43 59 right 5049
object 44 59 left 5048
object 44 59 right 5049
object 45 59 left 5048
object 45 59 right 5049
object 46 59 left 5048
object 46 59 right 5049
object 47 59 left 5048
object 47 59 right 5049
object 48 59 left 5048
object 48 59 right 5049
object 49 59 left 5048
object 49 59 right 5049
object 50 59 left 4920
object 50 59 right 4921
object 60 59 left 5062
object 61 59 left 5063
object 61 59 right 5064
object 69 59 left 4974
object 69 59 right 4975
object 70 59 left 5048
object 70 59 right 5049
object 71 59 left 5048
object 71 59 right 5049
object 72 59 left 5048
object 72 59 right 5049
object 73 59 left 5048
object 73 59 right 5049
object 74 59 left 5048
object 74 59 right 5049
object 75 59 left 5048
object 75 59 right 5049
object 76 59 left 5048
object 76 59 right 5049
object 77 59 left 5048
object 77 59 right 5049
object 78 59 left 4928
object 78 59 right 4929
object 96 59 left 5004
object 96 59 right 5005
object 97 59 left 5010
object 97 59 right 5011
object 98 59 left 5048
object 98 59 right 5049
object 99 59 left 5048
object 99 59 right 5049
object 0 60 left 5048
object 0 60 right 5049
object 1 60 left 5048
object 1 60 right 5049
object 2 60 left 5048
object 2 60 right 5049
object 3 60 left 4920
object 3 60 right 4921
object 4 60 left 5062
object 5 60 left 5063
object 5 60 right 5064
object 25 60 left 4974
object 25 60 right 4975
object 26 60 left 5048
object 26 60 right 5049
object 27 60 left 5048
object 27 60 right 5049
object 28 60 left 5048
object 28 60 right 5049
object 29 60 left 5048
object 29 60 right 5049
object 30 60 left 5048
object 30 60 right 5049
object 31 60 left 5048
object 31 60 right 5049
object 32 60 left 5048
object 32 60 right 5049
object 33 60 left 5028
object 33 60 right 5029
object 34 60 left 5042
object 34 60 right 5043
object 39 60 left 5002
object 39 60 right 5003
object 40 60 left 5012
object 40 60 right 5013
object 41 60 left 5048
object 41 60 right 5049
object 42 60 left 5048
object 42 60 right 5049
object 43 60 left 5048
object 43 60 right 5049
object 44 60 left 5048
object 44 60 right 5049
object 45 60 left 5048
object 45 60 right 5049
object 46 60 left 5048
object 46 60 right 5049
object 47 60 left 5048
object 47 60 right 5049
object 48 60 left 5048
object 48 60 right 5049
object 49 60 left 5048
object 49 60 right 5049
object 50 60 left 4926
object 50 60 right 4927
object 69 60 left 4980
object 69 60 right 4981
object 70 60 left 5048
object 70 60 right 5049
object 71 60 left 5048
object 71 60 right 5049
object 72 60 left 5048
object 72 60 right 5049
object 73 60 left 5048
object 73 60 right 5049
object 74 60 left 5048
object 74 60 right 5049
object 75 60 left 5048
object 75 60 right 5049
object 76 60 left 5048
object 76 60 right 5049
object 77 60 left 5048
object 77 60 right 5049
object 78 60 left 4914
object 78 60 right 5205
object 97 60 left 5002
object 97 60 right 5003
object 98 60 left 5008
object 98 60 right 5009
object 99 60 left 5048
object 99 60 right 5049
object 0 61 left 5048
object 0 61 right 5049
object 1 61 left 5048
object 1 61 right 5049
object 2 61 left 5048
object 2 61 right 5049
object 3 61 left 4928
object 3 61 right 4929
object 24 61 left 5018
object 24 61 right 5019
object 25 61 left 5026
object 25 61 right 5027
object 26 61 left 5048
object 26 61 right 5049
object 27 61 left 5048
object 27 61 right 5049
object 28 61 left 5048
object 28 61 right 5049
object 29 61 left 5048
object 29 61 right 5049
object 30 61 left 5048
object 30 61 right 5049
object 31 61 left 5048
object 31 61 right 5049
object 32 61 left 5030
object 32 61 right 5031
object 33 61 left 5044
object 33 61 right 5045
object 40 61 left 5004
object 40 61 right 5005
object 41 61 left 5014
object 41 61 right 5015
object 42 61 left 5048
object 42 61 right 5049
object 43 61 left 5048
object 43 61 right 5049
object 44 61 left 5048
object 44 61 right 5049
object 45 61 left 5048
object 45 61 right 5049
object 46 61 left 5048
object 46 61 right 5049
object 47 61 left 5048
object 47 61 right 5049
object 48 61 left 5048
object 48 61 right 5049
object 49 61 left 5048
object 49 61 right 5049
object 50 61 left 4996
object 50 61 right 4997
object 51 61 left 4986
object 51 61 right 4987
object 69 61 left 4978
object 69 61 right 4979
object 70 61 left 5048
object 70 61 right 5049
object 71 61 left 5048
object 71 61 right 5049
object 72 61 left 5048
object 72 61 right 5049
object 73 61 left 5048
object 73 61 right 5049
object 74 61 left 5048
object 74 61 right 5049
object 75 61 left 5048
object 75 61 right 5049
object 76 61 left 5048
object 76 61 right 5049
object 77 61 left 5048
object 77 61 right 5049
object 78 61 left 4922
object 78 61 right 5204
object 88 61 right 5065
object 98 61 left 5000
object 98 61 right 5001
object 99 61 left 5010
object 99 61 right 5011
object 0 62 left 5048
object 0 62 right 5049
object 1 62 left 5048
object 1 62 right 5049
object 2 62 left 5048
object 2 62 right 5049
object 3 62 left 4910
object 3 62 right 5205
object 23 62 left 5016
object 23 62 right 5017
object 24 62 left 5024
object 24 62 right 5025
object 25 62 left 5048
object 25 62 right 5049
object 26 62 left 5048
object 26 62 right 5049
object 27 62 left 5048
object 27 62 right 5049
object 28 62 left 5048
object 28 62 right 5049
object 29 62 left 5048
object 29 62 right 5049
object 30 62 left 5048
object 30 62 right 5049
object 31 62 left 5048
object 31 62 right 5049
object 32 62 left 4928
object 32 62 right 4929
object 41 62 left 4974
object 41 62 right 4975
object 42 62 left 5048
object 42 62 right 5049
object 43 62 left 5048
object 43 62 right 5049
object 44 62 left 5048
object 44 62 right 5049
object 45 62 left 5048
object 45 62 right 5049
object 46 62 left 5048
object 46 62 right 5049
object 47 62 left 5048
object 47 62 right 5049
object 48 62 left 5048
object 48 62 right 5049
object 49 62 left 5048
object 49 62 right 5049
object 50 62 left 5048
object 50 62 right 5049
object 51 62 left 4996
object 51 62 right 4997
object 52 62 left 4988
object 52 62 right 4989
object 69 62 left 4952
object 69 62 right 4953
object 70 62 left 5014
object 70 62 right 5015
object 71 62 left 5048
object 71 62 right 5049
object 72 62 left 5048
object 72 62 right 5049
object 73 62 left 5048
object 73 62 right 5049
object 74 62 left 5048
object 74 62 right 5049
object 75 62 left 5048
object 75 62 right 5049
object 76 62 left 5048
object 76 62 right 5049
object 77 62 left 5048
object 77 62 right 5049
object 78 62 left 5202
object 78 62 right 5203
object 87 62 left 5062
object 88 62 left 5063
object 88 62 right 5064
object 99 62 left 4972
object 99 62 right 4973
object 0 63 left 5048
object 0 63 right 5049
object 1 63 left 5048
object 1 63 right 5049
object 2 63 left 5048
object 2 63 right 5049
object 3 63 left 4924
object 3 63 right 5204
object 19 63 left 5020
object 19 63 right 5021
object 20 63 left 4962
object 20 63 right 4963
object 21 63 left 4964
object 21 63 right 4965
object 22 63 left 4966
object 22 63 right 4967
object 23 63 left 5022
object 23 63 right 5023
object 24 63 left 5048
object 24 63 right 5049
object 25 63 left 5048
object 25 63 right 5049
object 26 63 left 5048
object 26 63 right 5049
object 27 63 left 5048
object 27 63 right 5049
object 28 63 left 5048
object 28 63 right 5049
object 29 63 left 5048
object 29 63 right 5049
object 30 63 left 5048
object 30 63 right 5049
object 31 63 left 5048
object 31 63 right 5049
object 32 63 left 4916
object 32 63 right 4917
object 41 63 left 4976
object 41 63 right 4977
object 42 63 left 5048
object 42 63 right 5049
object 43 63 left 5048
object 43 63 right 5049
object 44 63 left 5048
object 44 63 right 5049
object 45 63 left 5048
object 45 63 right 5049
object 46 63 left 5048
object 46 63 right 5049
object 47 63 left 5048
object 47 63 right 5049
object 48 63 left 5048
object 48 63 right 5049
object 49 63 left 5048
object 49 63 right 5049
object 50 63 left 5048
object 50 63 right 5049
object 51 63 left 5048
object 51 63 right 5049
object 52 63 left 4998
object 52 63 right 4999
object 53 63 left 4990
object 53 63 right 4991
object 70 63 left 5006
object 70 63 right 5007
object 71 63 left 5012
object 71 63 right 5013
object 72 63 left 5048
object 72 63 right 5049
object 73 63 left 5048
object 73 63 right 5049
object 74 63 left 5048
object 74 63 right 5049
object 75 63 left 5048
object 75 63 right 5049
object 76 63 left 5048
object 76 63 right 5049
object 77 63 left 5032
object 77 63 right 5033
object 78 63 left 5042
object 78 63 right 5043
object 87 63 right 5065
object 89 63 right 5065
object 99 63 left 4976
object 99 63 right 4977
object 0 64 left 5048
object 0 64 right 5049
object 1 64 left 5048
object 1 64 right 5049
object 2 64 left 5048
object 2 64 right 5049
object 3 64 left 5202
object 3 64 right 5203
object 18 64 left 5018
object 18 64 right 5019
object 19 64 left 5024
object 19 64 right 5025
object 20 64 left 5048
object 20 64 right 5049
object 21 64 left 5048
object 21 64 right 5049
object 22 64 left 5048
object 22 64 right 5049
object 23 64 left 5048
object 23 64 right 5049
object 24 64 left 5048
object 24 64 right 5049
object 25 64 left 5048
object 25 64 right 5049
object 26 64 left 5048
object 26 64 right 5049
object 27 64 left 5048
object 27 64 right 5049
object 28 64 left 5048
object 28 64 right 5049
object 29 64 left 5048
object 29 64 right 5049
object 30 64 left 5048
object 30 64 right 5049
object 31 64 left 5048
object 31 64 right 5049
object 32 64 left 4922
object 32 64 right 4923
object 41 64 left 4978
object 41 64 right 4979
object 42 64 left 5048
object 42 64 right 5049
object 43 64 left 5048
object 43 64 right 5049
object 44 64 left 5048
object 44 64 right 5049
object 45 64 left 5048
object 45 64 right 5049
object 46 64 left 5048
object 46 64 right 5049
object 47 64 left 5048
object 47 64 right 5049
object 48 64 left 5048
object 48 64 right 5049
object 49 64 left 5048
object 49 64 right 5049
object 50 64 left 5048
object 50 64 right 5049
object 51 64 left 5048
object 51 64 right 5049
object 52 64 left 5048
object 52 64 right 5049
object 53 64 left 4920
object 53 64 right 4921
object 71 64 left 5004
object 71 64 right 5005
object 72 64 left 5010
object 72 64 right 5011
object 73 64 left 5048
object 73 64 right 5049
object 74 64 left 5048
object 74 64 right 5049
object 75 64 left 5048
object 75 64 right 5049
object 76 64 left 5030
object 76 64 right 5031
object 77 64 left 5042
object 77 64 right 5043
object 86 64 left 5062
object 87 64 left 5063
object 87 64 right 5064
object 88 64 left 5062
object 89 64 left 5063
object 89 64 right 5064
object 99 64 left 4978
object 99 64 right 4979
object 0 65 left 5048
object 0 65 right 5049
object 1 65 left 5048
object 1 65 right 5049
object 2 65 left 5030
object 2 65 right 5031
object 3 65 left 5040
object 3 65 right 5041
object 5 65 right 5065
object 17 65 left 5016
object 17 65 right 5017
object 18 65 left 5022
object 18 65 right 5023
object 19 65 left 5048
object 19 65 right 5049
object 20 65 left 5048
object 20 65 right 5049
object 21 65 left 5048
object 21 65 right 5049
object 22 65 left 5048
object 22 65 right 5049
object 23 65 left 5048
object 23 65 right 5049
object 24 65 left 5048
object 24 65 right 5049
object 25 65 left 5048
object 25 65 right 5049
object 26 65 left 5048
object 26 65 right 5049
object 27 65 left 5048
object 27 65 right 5049
object 28 65 left 5048
object 28 65 right 5049
object 29 65 left 5048
object 29 65 right 5049
object 30 65 left 5048
object 30 65 right 5049
object 31 65 left 5030
object 31 65 right 5031
object 32 65 left 5040
object 32 65 right 5041
object 41 65 left 4952
object 41 65 right 4953
object 42 65 left 4946
object 42 65 right 4947
object 43 65 left 4954
object 43 65 right 4957
object 44 65 left 4940
object 44 65 right 4941
object 45 65 left 5008
object 45 65 right 5009
object 46 65 left 5048
object 46 65 right 5049
object 47 65 left 5048
object 47 65 right 5049
object 48 65 left 5048
object 48 65 right 5049
object 49 65 left 5048
object 49 65 right 5049
object 50 65 left 5048
object 50 65 right 5049
object 51 65 left 5048
object 51 65 right 5049
object 52 65 left 5048
object 52 65 right 5049
object 53 65 left 4998
object 53 65 right 4999
object 54 65 left 4966
object 54 65 right 4967
object 55 65 left 4964
object 55 65 right 4965
object 56 65 left 4962
object 56 65 right 4963
object 57 65 left 4934
object 57 65 right 4935
object 72 65 left 5002
object 72 65 right 5003
object 73 65 left 4944
object 73 65 right 4945
object 74 65 left 4958
object 74 65 right 4959
object 75 65 left 4940
object 75 65 right 4941
object 76 65 left 5040
object 76 65 right 5041
object 86 65 right 5065
object 99 65 left 4980
object 99 65 right 4981
object 0 66 left 5048
object 0 66 right 5049
object 1 66 left 5032
object 1 66 right 5033
object 2 66 left 5042
object 2 66 right 5043
object 3 66 left 5052
object 3 66 right 5053
object 4 66 left 5062
object 5 66 left 5063
object 5 66 right 5064
object 6 66 left 5052
object 6 66 right 5053
object 17 66 left 4974
object 17 66 right 4975
object 18 66 left 5048
object 18 66 right 5049
object 19 66 left 5048
object 19 66 right 5049
object 20 66 left 5048
object 20 66 right 5049
object 21 66 left 5048
object 21 66 right 5049
object 22 66 left 5048
object 22 66 right 5049
object 23 66 left 5048
object 23 66 right 5049
object 24 66 left 5048
object 24 66 right 5049
object 25 66 left 5048
object 25 66 right 5049
object 26 66 left 5048
object 26 66 right 5049
object 27 66 left 5048
object 27 66 right 5049
object 28 66 left 5048
object 28 66 right 5049
object 29 66 left 5048
object 29 66 right 5049
object 30 66 left 5032
object 30 66 right 5033
object 31 66 left 5042
object 31 66 right 5043
object 45 66 left 5000
object 45 66 right 5001
object 46 66 left 5010
object 46 66 right 5011
object 47 66 left 5048
object 47 66 right 5049
object 48 66 left 5048
object 48 66 right 5049
object 49 66 left 5048
object 49 66 right 5049
object 50 66 left 5048
object 50 66 right 5049
object 51 66 left 5048
object 51 66 right 5049
object 52 66 left 5048
object 52 66 right 5049
object 53 66 left 5048
object 53 66 right 5049
object 54 66 left 5048
object 54 66 right 5049
object 55 66 left 5048
object 55 66 right 5049
object 56 66 left 5048
object 56 66 right 5049
object 57 66 left 4926
object 57 66 right 4927
object 85 66 left 5062
object 86 66 left 5063
object 86 66 right 5064
object 99 66 left 4976
object 99 66 right 4977
object 0 67 left 5028
object 0 67 right 5029
object 1 67 left 5044
object 1 67 right 5045
object 2 67 left 5050
object 2 67 right 5051
object 3 67 left 5054
object 3 67 right 5055
object 6 67 right 5121
object 17 67 left 4976
object 17 67 right 4977
object 18 67 left 5048
object 18 67 right 5049
object 19 67 left 5048
object 19 67 right 5049
object 20 67 left 5048
object 20 67 right 5049
object 21 67 left 5048
object 21 67 right 5049
object 22 67 left 5048
object 22 67 right 5049
object 23 67 left 5048
object 23 67 right 5049
object 24 67 left 5048
object 24 67 right 5049
object 25 67 left 5048
object 25 67 right 5049
object 26 67 left 5048
object 26 67 right 5049
object 27 67 left 5048
object 27 67 right 5049
object 28 67 left 5048
object 28 67 right 5049
object 29 67 left 5028
object 29 67 right 5029
object 30 67 left 5044
object 30 67 right 5045
object 46 67 left 5002
object 46 67 right 5003
object 47 67 left 5012
object 47 67 right 5013
object 48 67 left 5048
object 48 67 right 5049
object 49 67 left 5048
object 49 67 right 5049
object 50 67 left 5048
object 50 67 right 5049
object 51 67 left 5048
object 51 67 right 5049
object 52 67 left 5048
object 52 67 right 5049
object 53 67 left 5048
object 53 67 right 5049
object 54 67 left 5048
object 54 67 right 5049
object 55 67 left 5048
object 55 67 right 5049
object 56 67 left 5048
object 56 67 right 5049
object 57 67 left 4916
object 57 67 right 4917
object 86 67 right 5065
object 98 67 left 5016
object 98 67 right 5017
object 99 67 left 5022
object 99 67 right 5023
object 0 68 left 4910
object 0 68 right 4911
object 3 68 right 5095
object 6 68 right 5120
object 7 68 left 5052
object 7 68 right 5053
object 17 68 left 4978
object 17 68 right 4979
object 18 68 left 5048
object 18 68 right 5049
object 19 68 left 5048
object 19 68 right 5049
object 20 68 left 5048
object 20 68 right 5049
object 21 68 left 5048
object 21 68 right 5049
object 22 68 left 5048
object 22 68 right 5049
object 23 68 left 5048
object 23 68 right 5049
object 24 68 left 5028
object 24 68 right 5029
object 25 68 left 4948
object 25 68 right 4949
object 26 68 left 4936
object 26 68 right 4937
object 27 68 left 4946
object 27 68 right 4947
object 28 68 left 4936
object 28 68 right 4937
object 29 68 left 5040
object 29 68 right 5041
object 47 68 left 5006
object 47 68 right 5007
object 48 68 left 5048
object 48 68 right 5049
object 49 68 left 5048
object 49 68 right 5049
object 50 68 left 5048
object 50 68 right 5049
object 51 68 left 5048
object 51 68 right 5049
object 52 68 left 5048
object 52 68 right 5049
object 53 68 left 5048
object 53 68 right 5049
object 54 68 left 5048
object 54 68 right 5049
object 55 68 left 5048
object 55 68 right 5049
object 56 68 left 5048
object 56 68 right 5049
object 57 68 left 4922
object 57 68 right 4923
object 84 68 right 5065
object 85 68 left 5062
object 86 68 left 5063
object 86 68 right 5064
object 88 68 right 5065
object 97 68 left 5018
object 97 68 right 5019
object 98 68 left 5024
object 98 68 right 5025
object 99 68 left 5048
object 99 68 right 5049
object 0 69 left 4920
object 0 69 right 4921
object 3 69 right 5094
object 6 69 right 5119
object 8 69 right 5065
object 17 69 left 4952
object 17 69 right 4953
object 18 69 left 5012
object 18 69 right 5013
object 19 69 left 5048
object 19 69 right 5049
object 20 69 left 5048
object 20 69 right 5049
object 21 69 left 5048
object 21 69 right 5049
object 22 69 left 5048
object 22 69 right 5049
object 23 69 left 5032
object 23 69 right 5033
object 24 69 left 5044
object 24 69 right 5045
object 38 69 right 5065
object 48 69 left 4972
object 48 69 right 4973
object 49 69 left 5048
object 49 69 right 5049
object 50 69 left 5048
object 50 69 right 5049
object 51 69 left 5048
object 51 69 right 5049
object 52 69 left 5048
object 52 69 right 5049
object 53 69 left 5048
object 53 69 right 5049
object 54 69 left 5048
object 54 69 right 5049
object 55 69 left 5048
object 55 69 right 5049
object 56 69 left 5048
object 56 69 right 5049
object 57 69 left 4996
object 57 69 right 4997
object 58 69 left 4984
object 58 69 right 4985
object 83 69 left 5062
object 84 69 left 5063
object 84 69 right 5064
object 87 69 left 5062
object 88 69 left 5063
object 88 69 right 5064
object 96 69 left 5020
object 96 69 right 5021
object 97 69 left 5026
object 97 69 right 5027
object 98 69 left 5048
object 98 69 right 5049
object 99 69 left 5048
object 99 69 right 5049
object 0 70 left 4928
object 0 70 right 4929
object 1 70 left 5090
object 2 70 left 5091
object 3 70 left 5092
object 3 70 right 5093
object 4 70 left 5115
object 5 70 left 5116
object 6 70 left 5117
object 6 70 right 5118
object 7 70 left 5062
object 8 70 left 5063
object 8 70 right 5064
object 18 70 left 5006
object 18 70 right 5007
object 19 70 left 5014
object 19 70 right 5015
object 20 70 left 5048
object 20 70 right 5049
object 21 70 left 5048
object 21 70 right 5049
object 22 70 left 5030
object 22 70 right 5031
object 23 70 left 5042
object 23 70 right 5043
object 37 70 left 5062
object 38 70 left 5063
object 38 70 right 5064
object 40 70 left 5050
object 40 70 right 5051
object 48 70 left 4976
object 48 70 right 4977
object 49 70 left 5048
object 49 70 right 5049
object 50 70 left 5048
object 50 70 right 5049
object 51 70 left 5048
object 51 70 right 5049
object 52 70 left 5048
object 52 70 right 5049
object 53 70 left 5048
object 53 70 right 5049
object 54 70 left 5048
object 54 70 right 5049
object 55 70 left 5048
object 55 70 right 5049
object 56 70 left 5048
object 56 70 right 5049
object 57 70 left 5048
object 57 70 right 5049
object 58 70 left 4996
object 58 70 right 4997
object 59 70 left 4990
object 59 70 right 4991
object 78 70 right 5065
object 82 70 right 5065
object 84 70 right 5065
object 95 70 left 5020
object 95 70 right 5021
object 96 70 left 5024
object 96 70 right 5025
object 97 70 left 5048
object 97 70 right 5049
object 98 70 left 5048
object 98 70 right 5049
object 99 70 left 5048
object 99 70 right 5049
object 0 71 left 4910
object 0 71 right 5213
object 4 71 right 5142
object 7 71 right 5065
object 19 71 left 4952
object 19 71 right 4953
object 20 71 left 4946
object 20 71 right 4947
object 21 71 left 4936
object 21 71 right 4937
object 22 71 left 5040
object 22 71 right 5041
object 34 71 right 5065
object 36 71 right 5065
object 39 71 right 5095
object 40 71 left 5052
object 40 71 right 5053
object 48 71 left 4978
object 48 71 right 4979
object 49 71 left 5048
object 49 71 right 5049
object 50 71 left 5048
object 50 71 right 5049
object 51 71 left 5048
object 51 71 right 5049
object 52 71 left 5048
object 52 71 right 5049
object 53 71 left 5048
object 53 71 right 5049
object 54 71 left 5048
object 54 71 right 5049
object 55 71 left 5048
object 55 71 right 5049
object 56 71 left 5048
object 56 71 right 5049
object 57 71 left 5048
object 57 71 right 5049
object 58 71 left 5048
object 58 71 right 5049
object 59 71 left 4998
object 59 71 right 4999
object 60 71 left 4964
object 60 71 right 4965
object 61 71 left 4934
object 61 71 right 4935
object 76 71 right 5065
object 77 71 left 5062
object 78 71 left 5063
object 78 71 right 5064
object 80 71 right 5065
object 81 71 left 5062
object 82 71 left 5063
object 82 71 right 5064
object 83 71 left 5062
object 84 71 left 5063
object 84 71 right 5064
object 95 71 left 4980
object 95 71 right 4981
object 96 71 left 5048
object 96 71 right 5049
object 97 71 left 5048
object 97 71 right 5049
object 98 71 left 5048
object 98 71 right 5049
object 99 71 left 5048
object 99 71 right 5049
object 0 72 left 4924
object 0 72 right 5212
object 4 72 right 5141
object 6 72 left 5062
object 7 72 left 5063
object 7 72 right 5064
object 32 72 right 5065
object 33 72 left 5062
object 34 72 left 5063
object 34 72 right 5064
object 35 72 left 5062
object 36 72 left 5063
object 36 72 right 5064
object 39 72 right 5094
object 48 72 left 4952
object 48 72 right 4953
object 49 72 left 5008
object 49 72 right 5009
object 50 72 left 5048
object 50 72 right 5049
object 51 72 left 5048
object 51 72 right 5049
object 52 72 left 5048
object 52 72 right 5049
object 53 72 left 5048
object 53 72 right 5049
object 54 72 left 5048
object 54 72 right 5049
object 55 72 left 5048
object 55 72 right 5049
object 56 72 left 5048
object 56 72 right 5049
object 57 72 left 5048
object 57 72 right 5049
object 58 72 left 5048
object 58 72 right 5049
object 59 72 left 5048
object 59 72 right 5049
object 60 72 left 5048
object 60 72 right 5049
object 61 72 left 4992
object 61 72 right 4993
object 62 72 left 4982
object 62 72 right 4983
object 75 72 left 5062
object 76 72 left 5063
object 76 72 right 5064
object 79 72 left 5062
object 80 72 left 5063
object 80 72 right 5064
object 95 72 left 4976
object 95 72 right 4977
object 96 72 left 5048
object 96 72 right 5049
object 97 72 left 5048
object 97 72 right 5049
object 98 72 left 5048
object 98 72 right 5049
object 99 72 left 5048
object 99 72 right 5049
object 0 73 left 5210
object 0 73 right 5211
object 1 73 left 5136
object 2 73 left 5137
object 3 73 left 5138
object 4 73 left 5139
object 4 73 right 5140
object 7 73 right 5065
object 31 73 left 5062
object 32 73 left 5063
object 32 73 right 5064
object 36 73 right 5128
object 37 73 left 5090
object 38 73 left 5091
object 39 73 left 5092
object 39 73 right 5093
object 42 73 right 5065
object 49 73 left 5002
object 49 73 right 5003
object 50 73 left 5010
object 50 73 right 5011
object 51 73 left 5048
object 51 73 right 5049
object 52 73 left 5048
object 52 73 right 5049
object 53 73 left 5048
object 53 73 right 5049
object 54 73 left 5048
object 54 73 right 5049
object 55 73 left 5048
object 55 73 right 5049
object 56 73 left 5048
object 56 73 right 5049
object 57 73 left 5048
object 57 73 right 5049
object 58 73 left 5048
object 58 73 right 5049
object 59 73 left 5048
object 59 73 right 5049
object 60 73 left 5048
object 60 73 right 5049
object 61 73 left 5048
object 61 73 right 5049
object 62 73 left 4992
object 62 73 right 4993
object 63 73 left 4986
object 63 73 right 4987
object 95 73 left 4974
object 95 73 right 4975
object 96 73 left 5048
object 96 73 right 5049
object 97 73 left 5048
object 97 73 right 5049
object 98 73 left 5048
object 98 73 right 5049
object 99 73 left 5048
object 99 73 right 5049
object 0 74 left 4916
object 0 74 right 4917
object 1 74 left 5050
object 1 74 right 5051
object 5 74 right 5071
object 6 74 left 5062
object 7 74 left 5063
object 7 74 right 5064
object 32 74 right 5065
object 36 74 right 5127
object 39 74 right 5071
object 41 74 left 5062
object 42 74 left 5063
object 42 74 right 5064
object 50 74 left 5004
object 50 74 right 5005
object 51 74 left 5012
object 51 74 right 5013
object 52 74 left 5048
object 52 74 right 5049
object 53 74 left 5048
object 53 74 right 5049
object 54 74 left 5048
object 54 74 right 5049
object 55 74 left 5048
object 55 74 right 5049
object 56 74 left 5048
object 56 74 right 5049
object 57 74 left 5048
object 57 74 right 5049
object 58 74 left 5048
object 58 74 right 5049
object 59 74 left 5048
object 59 74 right 5049
object 60 74 left 5048
object 60 74 right 5049
object 61 74 left 5048
object 61 74 right 5049
object 62 74 left 5048
object 62 74 right 5049
object 63 74 left 4994
object 63 74 right 4995
object 64 74 left 4988
object 64 74 right 4989
object 95 74 left 4976
object 95 74 right 4977
object 96 74 left 5048
object 96 74 right 5049
object 97 74 left 5048
object 97 74 right 5049
object 98 74 left 5048
object 98 74 right 5049
object 99 74 left 5048
object 99 74 right 5049
object 0 75 left 4996
object 0 75 right 4997
object 1 75 left 4988
object 1 75 right 4989
object 2 75 left 5050
object 2 75 right 5051
object 5 75 right 5070
object 7 75 right 5065
object 31 75 left 5062
object 32 75 left 5063
object 32 75 right 5064
object 33 75 left 5122
object 34 75 left 5123
object 35 75 left 5124
object 36 75 left 5125
object 36 75 right 5126
object 39 75 right 5070
object 41 75 right 5065
object 51 75 left 5006
object 51 75 right 5007
object 52 75 left 5012
object 52 75 right 5013
object 53 75 left 5048
object 53 75 right 5049
object 54 75 left 5048
object 54 75 right 5049
object 55 75 left 5048
object 55 75 right 5049
object 56 75 left 5048
object 56 75 right 5049
object 57 75 left 5048
object 57 75 right 5049
object 58 75 left 5048
object 58 75 right 5049
object 59 75 left 5048
object 59 75 right 5049
object 60 75 left 5048
object 60 75 right 5049
object 61 75 left 5048
object 61 75 right 5049
object 62 75 left 5048
object 62 75 right 5049
object 63 75 left 5048
object 63 75 right 5049
object 64 75 left 4996
object 64 75 right 4997
object 65 75 left 4934
object 65 75 right 4935
object 95 75 left 4978
object 95 75 right 4979
object 96 75 left 5048
object 96 75 right 5049
object 97 75 left 5048
object 97 75 right 5049
object 98 75 left 5048
object 98 75 right 5049
object 99 75 left 5048
object 99 75 right 5049
object 0 76 left 5048
object 0 76 right 5049
object 1 76 left 4998
object 1 76 right 4999
object 2 76 left 4934
object 2 76 right 4935
object 3 76 left 5066
object 4 76 left 5067
object 5 76 left 5068
object 5 76 right 5069
object 6 76 left 5062
object 7 76 left 5063
object 7 76 right 5064
object 31 76 right 5065
object 34 76 right 5083
object 37 76 left 5066
object 38 76 left 5067
object 39 76 left 5068
object 39 76 right 5069
object 40 76 left 5062
object 41 76 left 5063
object 41 76 right 5064
object 52 76 left 5000
object 52 76 right 5001
object 53 76 left 5014
object 53 76 right 5015
object 54 76 left 5048
object 54 76 right 5049
object 55 76 left 5048
object 55 76 right 5049
object 56 76 left 5048
object 56 76 right 5049
object 57 76 left 5048
object 57 76 right 5049
object 58 76 left 5048
object 58 76 right 5049
object 59 76 left 5048
object 59 76 right 5049
object 60 76 left 5048
object 60 76 right 5049
object 61 76 left 5048
object 61 76 right 5049
object 62 76 left 5048
object 62 76 right 5049
object 63 76 left 5048
object 63 76 right 5049
object 64 76 left 5032
object 64 76 right 5033
object 65 76 left 5042
object 65 76 right 5043
object 95 76 left 4980
object 95 76 right 4981
object 96 76 left 5048
object 96 76 right 5049
object 97 76 left 5048
object 97 76 right 5049
object 98 76 left 5048
object 98 76 right 5049
object 99 76 left 5048
object 99 76 right 5049
object 0 77 left 5048
object 0 77 right 5049
object 1 77 left 5048
object 1 77 right 5049
object 2 77 left 4920
object 2 77 right 4921
object 4 77 right 5065
object 6 77 right 5065
object 30 77 left 5062
object 31 77 left 5063
object 31 77 right 5064
object 34 77 right 5082
object 37 77 right 5065
object 39 77 right 5065
object 53 77 left 4976
object 53 77 right 4977
object 54 77 left 5048
object 54 77 right 5049
object 55 77 left 5048
object 55 77 right 5049
object 56 77 left 5048
object 56 77 right 5049
object 57 77 left 5048
object 57 77 right 5049
object 58 77 left 5048
object 58 77 right 5049
object 59 77 left 5048
object 59 77 right 5049
object 60 77 left 5048
object 60 77 right 5049
object 61 77 left 5048
object 61 77 right 5049
object 62 77 left 5048
object 62 77 right 5049
object 63 77 left 5030
object 63 77 right 5031
object 64 77 left 5040
object 64 77 right 5041
object 95 77 left 4974
object 95 77 right 4975
object 96 77 left 5048
object 96 77 right 5049
object 97 77 left 5048
object 97 77 right 5049
object 98 77 left 5048
object 98 77 right 5049
object 99 77 left 5048
object 99 77 right 5049
object 0 78 left 5048
object 0 78 right 5049
object 1 78 left 5048
object 1 78 right 5049
object 2 78 left 4928
object 2 78 right 4929
object 3 78 left 5062
object 4 78 left 5063
object 4 78 right 5064
object 5 78 left 5062
object 6 78 left 5063
object 6 78 right 5064
object 31 78 left 5050
object 31 78 right 5051
object 32 78 left 5078
object 33 78 left 5079
object 34 78 left 5080
object 34 78 right 5081
object 36 78 left 5062
object 37 78 left 5063
object 37 78 right 5064
object 38 78 left 5062
object 39 78 left 5063
object 39 78 right 5064
object 53 78 left 4952
object 53 78 right 4953
object 54 78 left 5178
object 54 78 right 4937
object 55 78 left 5179
object 55 78 right 4947
object 56 78 left 5180
object 56 78 right 5181
object 57 78 left 5008
object 57 78 right 5009
object 58 78 left 5048
object 58 78 right 5049
object 59 78 left 5048
object 59 78 right 5049
object 60 78 left 5048
object 60 78 right 5049
object 61 78 left 5048
object 61 78 right 5049
object 62 78 left 5048
object 62 78 right 5049
object 63 78 left 4932
object 63 78 right 4933
object 95 78 left 4976
object 95 78 right 4977
object 96 78 left 5048
object 96 78 right 5049
object 97 78 left 5048
object 97 78 right 5049
object 98 78 left 5048
object 98 78 right 5049
object 99 78 left 5048
object 99 78 right 5049
object 0 79 left 5048
object 0 79 right 5049
object 1 79 left 5048
object 1 79 right 5049
object 2 79 left 4910
object 2 79 right 5205
object 31 79 left 5052
object 31 79 right 5053
object 37 79 right 5065
object 57 79 left 5000
object 57 79 right 5001
object 58 79 left 5010
object 58 79 right 5011
object 59 79 left 5048
object 59 79 right 5049
object 60 79 left 5048
object 60 79 right 5049
object 61 79 left 5048
object 61 79 right 5049
object 62 79 left 5030
object 62 79 right 5031
object 63 79 left 5042
object 63 79 right 5043
object 94 79 left 5016
object 94 79 right 5017
object 95 79 left 5022
object 95 79 right 5023
object 96 79 left 5048
object 96 79 right 5049
object 97 79 left 5048
object 97 79 right 5049
object 98 79 left 5048
object 98 79 right 5049
object 99 79 left 5048
object 99 79 right 5049
object 0 80 left 5048
object 0 80 right 5049
object 1 80 left 5048
object 1 80 right 5049
object 2 80 left 4924
object 2 80 right 5204
object 35 80 right 5065
object 36 80 left 5062
object 37 80 left 5063
object 37 80 right 5064
object 58 80 left 5002
object 58 80 right 5003
object 59 80 left 4944
object 59 80 right 4945
object 60 80 left 4958
object 60 80 right 4959
object 61 80 left 4940
object 61 80 right 4941
object 62 80 left 5040
object 62 80 right 5041
object 93 80 left 5018
object 93 80 right 5019
object 94 80 left 5024
object 94 80 right 5025
object 95 80 left 5048
object 95 80 right 5049
object 96 80 left 5048
object 96 80 right 5049
object 97 80 left 5048
object 97 80 right 5049
object 98 80 left 5048
object 98 80 right 5049
object 99 80 left 5048
object 99 80 right 5049
object 0 81 left 5048
object 0 81 right 5049
object 1 81 left 5048
object 1 81 right 5049
object 2 81 left 5202
object 2 81 right 5203
object 34 81 left 5062
object 35 81 left 5063
object 35 81 right 5064
object 92 81 left 5020
object 92 81 right 5021
object 93 81 left 5026
object 93 81 right 5027
object 94 81 left 5048
object 94 81 right 5049
object 95 81 left 5048
object 95 81 right 5049
object 96 81 left 5048
object 96 81 right 5049
object 97 81 left 5048
object 97 81 right 5049
object 98 81 left 5048
object 98 81 right 5049
object 99 81 left 5048
object 99 81 right 5049
object 0 82 left 5048
object 0 82 right 5049
object 1 82 left 5048
object 1 82 right 5049
object 2 82 left 4916
object 2 82 right 4917
object 21 82 left 5020
object 21 82 right 5021
object 22 82 left 4964
object 22 82 right 4965
object 23 82 left 4966
object 23 82 right 4967
object 24 82 left 4934
object 24 82 right 4935
object 54 82 right 5065
object 86 82 left 5020
object 86 82 right 5021
object 87 82 left 4966
object 87 82 right 4967
object 88 82 left 4968
object 88 82 right 4969
object 89 82 left 4966
object 89 82 right 4967
object 90 82 left 4964
object 90 82 right 4965
object 91 82 left 4962
object 91 82 right 4963
object 92 82 left 5024
object 92 82 right 5025
object 93 82 left 5048
object 93 82 right 5049
object 94 82 left 5048
object 94 82 right 5049
object 95 82 left 5048
object 95 82 right 5049
object 96 82 left 5048
object 96 82 right 5049
object 97 82 left 5048
object 97 82 right 5049
object 98 82 left 5048
object 98 82 right 5049
object 99 82 left 5048
object 99 82 right 5049
object 0 83 left 5048
object 0 83 right 5049
object 1 83 left 5048
object 1 83 right 5049
object 2 83 left 4922
object 2 83 right 4923
object 20 83 left 5018
object 20 83 right 5019
object 21 83 left 5026
object 21 83 right 5027
object 22 83 left 5048
object 22 83 right 5049
object 23 83 left 5048
object 23 83 right 5049
object 24 83 left 4994
object 24 83 right 4995
object 25 83 left 4986
object 25 83 right 4987
object 52 83 right 5065
object 53 83 left 5062
object 54 83 left 5063
object 54 83 right 5064
object 85 83 left 5018
object 85 83 right 5019
object 86 83 left 5026
object 86 83 right 5027
object 87 83 left 5048
object 87 83 right 5049
object 88 83 left 5048
object 88 83 right 5049
object 89 83 left 5048
object 89 83 right 5049
object 90 83 left 5048
object 90 83 right 5049
object 91 83 left 5048
object 91 83 right 5049
object 92 83 left 5048
object 92 83 right 5049
object 93 83 left 5048
object 93 83 right 5049
object 94 83 left 5048
object 94 83 right 5049
object 95 83 left 5048
object 95 83 right 5049
object 96 83 left 5048
object 96 83 right 5049
object 97 83 left 5048
object 97 83 right 5049
object 98 83 left 5048
object 98 83 right 5049
object 99 83 left 5048
object 99 83 right 5049
object 0 84 left 5048
object 0 84 right 5049
object 1 84 left 5048
object 1 84 right 5049
object 2 84 left 4928
object 2 84 right 4929
object 19 84 left 5016
object 19 84 right 5017
object 20 84 left 5024
object 20 84 right 5025
object 21 84 left 5048
object 21 84 right 5049
object 22 84 left 5048
object 22 84 right 5049
object 23 84 left 5048
object 23 84 right 5049
object 24 84 left 5048
object 24 84 right 5049
object 25 84 left 4998
object 25 84 right 4999
object 26 84 left 4990
object 26 84 right 4991
object 51 84 left 5062
object 52 84 left 5063
object 52 84 right 5064
object 54 84 right 5065
object 84 84 left 5016
object 84 84 right 5017
object 85 84 left 5024
object 85 84 right 5025
object 86 84 left 5048
object 86 84 right 5049
object 87 84 left 5048
object 87 84 right 5049
object 88 84 left 5048
object 88 84 right 5049
object 89 84 left 5048
object 89 84 right 5049
object 90 84 left 5048
object 90 84 right 5049
object 91 84 left 5048
object 91 84 right 5049
object 92 84 left 5048
object 92 84 right 5049
object 93 84 left 5048
object 93 84 right 5049
object 94 84 left 5048
object 94 84 right 5049
object 95 84 left 5048
object 95 84 right 5049
object 96 84 left 5048
object 96 84 right 5049
object 97 84 left 5048
object 97 84 right 5049
object 98 84 left 5048
object 98 84 right 5049
object 99 84 left 5048
object 99 84 right 5049
object 0 85 left 5048
object 0 85 right 5049
object 1 85 left 5032
object 1 85 right 5033
object 2 85 left 5042
object 2 85 right 5043
object 19 85 left 4974
object 19 85 right 4975
object 20 85 left 5048
object 20 85 right 5049
object 21 85 left 5048
object 21 85 right 5049
object 22 85 left 5048
object 22 85 right 5049
object 23 85 left 5048
object 23 85 right 5049
object 24 85 left 5048
object 24 85 right 5049
object 25 85 left 5048
object 25 85 right 5049
object 26 85 left 4924
object 26 85 right 4925
object 53 85 left 5062
object 54 85 left 5063
object 54 85 right 5064
object 56 85 right 5065
object 64 85 right 5065
object 84 85 left 4980
object 84 85 right 4981
object 85 85 left 5048
object 85 85 right 5049
object 86 85 left 5048
object 86 85 right 5049
object 87 85 left 5048
object 87 85 right 5049
object 88 85 left 5048
object 88 85 right 5049
object 89 85 left 5048
object 89 85 right 5049
object 90 85 left 5048
object 90 85 right 5049
object 91 85 left 5048
object 91 85 right 5049
object 92 85 left 5048
object 92 85 right 5049
object 93 85 left 5048
object 93 85 right 5049
object 94 85 left 5048
object 94 85 right 5049
object 95 85 left 5048
object 95 85 right 5049
object 96 85 left 5048
object 96 85 right 5049
object 97 85 left 5048
object 97 85 right 5049
object 98 85 left 5048
object 98 85 right 5049
object 99 85 left 5048
object 99 85 right 5049
object 0 86 left 5028
object 0 86 right 5029
object 1 86 left 5044
object 1 86 right 5045
object 19 86 left 4972
object 19 86 right 4973
object 20 86 left 5048
object 20 86 right 5049
object 21 86 left 5048
object 21 86 right 5049
object 22 86 left 5048
object 22 86 right 5049
object 23 86 left 5048
object 23 86 right 5049
object 24 86 left 5048
object 24 86 right 5049
object 25 86 left 5048
object 25 86 right 5049
object 26 86 left 4928
object 26 86 right 4929
object 55 86 left 5062
object 56 86 left 5063
object 56 86 right 5064
object 58 86 right 5065
object 60 86 right 5065
object 62 86 right 5065
object 63 86 left 5062
object 64 86 left 5063
object 64 86 right 5064
object 66 86 right 5065
object 84 86 left 4972
object 84 86 right 4973
object 85 86 left 5048
object 85 86 right 5049
object 86 86 left 5048
object 86 86 right 5049
object 87 86 left 5048
object 87 86 right 5049
object 88 86 left 5048
object 88 86 right 5049
object 89 86 left 5048
object 89 86 right 5049
object 90 86 left 5048
object 90 86 right 5049
object 91 86 left 5048
object 91 86 right 5049
object 92 86 left 5048
object 92 86 right 5049
object 93 86 left 5048
object 93 86 right 5049
object 94 86 left 5048
object 94 86 right 5049
object 95 86 left 5048
object 95 86 right 5049
object 96 86 left 5048
object 96 86 right 5049
object 97 86 left 5048
object 97 86 right 5049
object 98 86 left 5048
object 98 86 right 5049
object 99 86 left 5048
object 99 86 right 5049
object 0 87 left 4910
object 0 87 right 4911
object 19 87 left 4976
object 19 87 right 4977
object 20 87 left 5048
object 20 87 right 5049
object 21 87 left 5048
object 21 87 right 5049
object 22 87 left 5048
object 22 87 right 5049
object 23 87 left 5048
object 23 87 right 5049
object 24 87 left 5048
object 24 87 right 5049
object 25 87 left 5032
object 25 87 right 5033
object 26 87 left 5042
object 26 87 right 5043
object 57 87 left 5062
object 58 87 left 5063
object 58 87 right 5064
object 59 87 left 5062
object 60 87 left 5063
object 60 87 right 5064
object 61 87 left 5062
object 62 87 left 5063
object 62 87 right 5064
object 65 87 left 5062
object 66 87 left 5063
object 66 87 right 5064
object 84 87 left 4974
object 84 87 right 4975
object 85 87 left 5048
object 85 87 right 5049
object 86 87 left 5048
object 86 87 right 5049
object 87 87 left 5048
object 87 87 right 5049
object 88 87 left 5048
object 88 87 right 5049
object 89 87 left 5048
object 89 87 right 5049
object 90 87 left 5048
object 90 87 right 5049
object 91 87 left 5048
object 91 87 right 5049
object 92 87 left 5048
object 92 87 right 5049
object 93 87 left 5048
object 93 87 right 5049
object 94 87 left 5048
object 94 87 right 5049
object 95 87 left 5048
object 95 87 right 5049
object 96 87 left 5048
object 96 87 right 5049
object 97 87 left 5048
object 97 87 right 5049
object 98 87 left 5048
object 98 87 right 5049
object 99 87 left 5048
object 99 87 right 5049
object 0 88 left 4920
object 0 88 right 4921
object 19 88 left 4980
object 19 88 right 4981
object 20 88 left 5048
object 20 88 right 5049
object 21 88 left 5048
object 21 88 right 5049
object 22 88 left 5048
object 22 88 right 5049
object 23 88 left 5048
object 23 88 right 5049
object 24 88 left 5030
object 24 88 right 5031
object 25 88 left 5040
object 25 88 right 5041
object 60 88 right 5065
object 84 88 left 4976
object 84 88 right 4977
object 85 88 left 5048
object 85 88 right 5049
object 86 88 left 5048
object 86 88 right 5049
object 87 88 left 5048
object 87 88 right 5049
object 88 88 left 5048
object 88 88 right 5049
object 89 88 left 5048
object 89 88 right 5049
object 90 88 left 5048
object 90 88 right 5049
object 91 88 left 5048
object 91 88 right 5049
object 92 88 left 5048
object 92 88 right 5049
object 93 88 left 5048
object 93 88 right 5049
object 94 88 left 5048
object 94 88 right 5049
object 95 88 left 5048
object 95 88 right 5049
object 96 88 left 5048
object 96 88 right 5049
object 97 88 left 5048
object 97 88 right 5049
object 98 88 left 5048
object 98 88 right 5049
object 99 88 left 5048
object 99 88 right 5049
object 0 89 left 4928
object 0 89 right 4929
object 19 89 left 4978
object 19 89 right 4979
object 20 89 left 5048
object 20 89 right 5049
object 21 89 left 5048
object 21 89 right 5049
object 22 89 left 5048
object 22 89 right 5049
object 23 89 left 5048
object 23 89 right 5049
object 24 89 left 4914
object 24 89 right 4915
object 59 89 left 5062
object 60 89 left 5063
object 60 89 right 5064
object 84 89 left 4978
object 84 89 right 4979
object 85 89 left 5048
object 85 89 right 5049
object 86 89 left 5048
object 86 89 right 5049
object 87 89 left 5048
object 87 89 right 5049
object 88 89 left 5048
object 88 89 right 5049
object 89 89 left 5048
object 89 89 right 5049
object 90 89 left 5048
object 90 89 right 5049
object 91 89 left 5048
object 91 89 right 5049
object 92 89 left 5048
object 92 89 right 5049
object 93 89 left 5048
object 93 89 right 5049
object 94 89 left 5048
object 94 89 right 5049
object 95 89 left 5048
object 95 89 right 5049
object 96 89 left 5048
object 96 89 right 5049
object 97 89 left 5048
object 97 89 right 5049
object 98 89 left 5048
object 98 89 right 5049
object 99 89 left 5048
object 99 89 right 5049
object 0 90 left 4910
object 0 90 right 5213
object 19 90 left 4952
object 19 90 right 4953
object 20 90 left 5010
object 20 90 right 5011
object 21 90 left 5048
object 21 90 right 5049
object 22 90 left 5048
object 22 90 right 5049
object 23 90 left 5048
object 23 90 right 5049
object 24 90 left 4922
object 24 90 right 4923
object 84 90 left 4980
object 84 90 right 4981
object 85 90 left 5048
object 85 90 right 5049
object 86 90 left 5048
object 86 90 right 5049
object 87 90 left 5048
object 87 90 right 5049
object 88 90 left 5048
object 88 90 right 5049
object 89 90 left 5048
object 89 90 right 5049
object 90 90 left 5048
object 90 90 right 5049
object 91 90 left 5048
object 91 90 right 5049
object 92 90 left 5048
object 92 90 right 5049
object 93 90 left 5048
object 93 90 right 5049
object 94 90 left 5048
object 94 90 right 5049
object 95 90 left 5048
object 95 90 right 5049
object 96 90 left 5048
object 96 90 right 5049
object 97 90 left 5048
object 97 90 right 5049
object 98 90 left 5048
object 98 90 right 5049
object 99 90 left 5048
object 99 90 right 5049
object 0 91 left 4924
object 0 91 right 5212
object 20 91 left 5000
object 20 91 right 5001
object 21 91 left 5012
object 21 91 right 5013
object 22 91 left 5048
object 22 91 right 5049
object 23 91 left 5048
object 23 91 right 5049
object 24 91 left 4928
object 24 91 right 4929
object 84 91 left 4974
object 84 91 right 4975
object 85 91 left 5048
object 85 91 right 5049
object 86 91 left 5048
object 86 91 right 5049
object 87 91 left 5048
object 87 91 right 5049
object 88 91 left 5048
object 88 91 right 5049
object 89 91 left 5048
object 89 91 right 5049
object 90 91 left 5048
object 90 91 right 5049
object 91 91 left 5048
object 91 91 right 5049
object 92 91 left 5048
object 92 91 right 5049
object 93 91 left 5048
object 93 91 right 5049
object 94 91 left 5048
object 94 91 right 5049
object 95 91 left 5048
object 95 91 right 5049
object 96 91 left 5048
object 96 91 right 5049
object 97 91 left 5048
object 97 91 right 5049
object 98 91 left 5048
object 98 91 right 5049
object 99 91 left 5048
object 99 91 right 5049
object 0 92 left 5210
object 0 92 right 5211
object 21 92 left 4974
object 21 92 right 4975
object 22 92 left 5048
object 22 92 right 5049
object 23 92 left 5048
object 23 92 right 5049
object 24 92 left 4912
object 24 92 right 5225
object 84 92 left 4976
object 84 92 right 4977
object 85 92 left 5048
object 85 92 right 5049
object 86 92 left 5048
object 86 92 right 5049
object 87 92 left 5048
object 87 92 right 5049
object 88 92 left 5048
object 88 92 right 5049
object 89 92 left 5048
object 89 92 right 5049
object 90 92 left 5048
object 90 92 right 5049
object 91 92 left 5048
object 91 92 right 5049
object 92 92 left 5048
object 92 92 right 5049
object 93 92 left 5048
object 93 92 right 5049
object 94 92 left 5048
object 94 92 right 5049
object 95 92 left 5048
object 95 92 right 5049
object 96 92 left 5048
object 96 92 right 5049
object 97 92 left 5048
object 97 92 right 5049
object 98 92 left 5048
object 98 92 right 5049
object 99 92 left 5048
object 99 92 right 5049
object 0 93 left 4916
object 0 93 right 4917
object 21 93 left 4976
object 21 93 right 4977
object 22 93 left 5048
object 22 93 right 5049
object 23 93 left 5048
object 23 93 right 5049
object 24 93 right 5224
object 45 93 left 5018
object 45 93 right 5019
object 46 93 left 4964
object 46 93 right 4965
object 47 93 left 4966
object 47 93 right 4967
object 48 93 left 4962
object 48 93 right 4963
object 49 93 left 4934
object 49 93 right 4935
object 84 93 left 4978
object 84 93 right 4979
object 85 93 left 5048
object 85 93 right 5049
object 86 93 left 5048
object 86 93 right 5049
object 87 93 left 5048
object 87 93 right 5049
object 88 93 left 5048
object 88 93 right 5049
object 89 93 left 5048
object 89 93 right 5049
object 90 93 left 5048
object 90 93 right 5049
object 91 93 left 5048
object 91 93 right 5049
object 92 93 left 5048
object 92 93 right 5049
object 93 93 left 5048
object 93 93 right 5049
object 94 93 left 5048
object 94 93 right 5049
object 95 93 left 5048
object 95 93 right 5049
object 96 93 left 5048
object 96 93 right 5049
object 97 93 left 5048
object 97 93 right 5049
object 98 93 left 5048
object 98 93 right 5049
object 99 93 left 5048
object 99 93 right 5049
object 0 94 left 4922
object 0 94 right 4923
object 21 94 left 4978
object 21 94 right 4979
object 22 94 left 5048
object 22 94 right 5049
object 23 94 left 5048
object 23 94 right 5049
object 24 94 left 5222
object 24 94 right 5223
object 44 94 left 5016
object 44 94 right 5017
object 45 94 left 5022
object 45 94 right 5023
object 46 94 left 5048
object 46 94 right 5049
object 47 94 left 5048
object 47 94 right 5049
object 48 94 left 5048
object 48 94 right 5049
object 49 94 left 4992
object 49 94 right 4993
object 50 94 left 4982
object 50 94 right 4983
object 84 94 left 4980
object 84 94 right 4981
object 85 94 left 5048
object 85 94 right 5049
object 86 94 left 5048
object 86 94 right 5049
object 87 94 left 5048
object 87 94 right 5049
object 88 94 left 5048
object 88 94 right 5049
object 89 94 left 5048
object 89 94 right 5049
object 90 94 left 5048
object 90 94 right 5049
object 91 94 left 5048
object 91 94 right 5049
object 92 94 left 5048
object 92 94 right 5049
object 93 94 left 5048
object 93 94 right 5049
object 94 94 left 5048
object 94 94 right 5049
object 95 94 left 5048
object 95 94 right 5049
object 96 94 left 5048
object 96 94 right 5049
object 97 94 left 5048
object 97 94 right 5049
object 98 94 left 5048
object 98 94 right 5049
object 99 94 left 5048
object 99 94 right 5049
object 0 95 left 4928
object 0 95 right 4929
object 20 95 left 5020
object 20 95 right 5021
object 21 95 left 5026
object 21 95 right 5027
object 22 95 left 5048
object 22 95 right 5049
object 23 95 left 5048
object 23 95 right 5049
object 24 95 left 4998
object 24 95 right 4999
object 25 95 left 4984
object 25 95 right 4985
object 40 95 left 5020
object 40 95 right 5021
object 41 95 left 4964
object 41 95 right 4965
object 42 95 left 4966
object 42 95 right 4967
object 43 95 left 4968
object 43 95 right 4969
object 44 95 left 5024
object 44 95 right 5025
object 45 95 left 5048
object 45 95 right 5049
object 46 95 left 5048
object 46 95 right 5049
object 47 95 left 5048
object 47 95 right 5049
object 48 95 left 5048
object 48 95 right 5049
object 49 95 left 5048
object 49 95 right 5049
object 50 95 left 4994
object 50 95 right 4995
object 51 95 left 4984
object 51 95 right 4985
object 84 95 left 4972
object 84 95 right 4973
object 85 95 left 5048
object 85 95 right 5049
object 86 95 left 5048
object 86 95 right 5049
object 87 95 left 5048
object 87 95 right 5049
object 88 95 left 5048
object 88 95 right 5049
object 89 95 left 5048
object 89 95 right 5049
object 90 95 left 5048
object 90 95 right 5049
object 91 95 left 5048
object 91 95 right 5049
object 92 95 left 5048
object 92 95 right 5049
object 93 95 left 5048
object 93 95 right 5049
object 94 95 left 5048
object 94 95 right 5049
object 95 95 left 5048
object 95 95 right 5049
object 96 95 left 5048
object 96 95 right 5049
object 97 95 left 5048
object 97 95 right 5049
object 98 95 left 5048
object 98 95 right 5049
object 99 95 left 5048
object 99 95 right 5049
object 0 96 left 4996
object 0 96 right 4997
object 1 96 left 4990
object 1 96 right 4991
object 19 96 left 5018
object 19 96 right 5019
object 20 96 left 5024
object 20 96 right 5025
object 21 96 left 5048
object 21 96 right 5049
object 22 96 left 5048
object 22 96 right 5049
object 23 96 left 5048
object 23 96 right 5049
object 24 96 left 5048
object 24 96 right 5049
object 25 96 left 4992
object 25 96 right 4993
object 26 96 left 4986
object 26 96 right 4987
object 39 96 left 5018
object 39 96 right 5019
object 40 96 left 5026
object 40 96 right 5027
object 41 96 left 5048
object 41 96 right 5049
object 42 96 left 5048
object 42 96 right 5049
object 43 96 left 5048
object 43 96 right 5049
object 44 96 left 5048
object 44 96 right 5049
object 45 96 left 5048
object 45 96 right 5049
object 46 96 left 5048
object 46 96 right 5049
object 47 96 left 5048
object 47 96 right 5049
object 48 96 left 5048
object 48 96 right 5049
object 49 96 left 5048
object 49 96 right 5049
object 50 96 left 5048
object 50 96 right 5049
object 51 96 left 4996
object 51 96 right 4997
object 52 96 left 4968
object 52 96 right 4969
object 53 96 left 4962
object 53 96 right 4963
object 54 96 left 4966
object 54 96 right 4967
object 55 96 left 4964
object 55 96 right 4965
object 56 96 left 4934
object 56 96 right 4935
object 67 96 left 5020
object 67 96 right 5021
object 68 96 left 4964
object 68 96 right 4965
object 69 96 left 4966
object 69 96 right 4967
object 70 96 left 4962
object 70 96 right 4963
object 71 96 left 4964
object 71 96 right 4965
object 72 96 left 4968
object 72 96 right 4969
object 73 96 left 4934
object 73 96 right 4935
object 83 96 left 5018
object 83 96 right 5019
object 84 96 left 5026
object 84 96 right 5027
object 85 96 left 5048
object 85 96 right 5049
object 86 96 left 5048
object 86 96 right 5049
object 87 96 left 5048
object 87 96 right 5049
object 88 96 left 5048
object 88 96 right 5049
object 89 96 left 5048
object 89 96 right 5049
object 90 96 left 5048
object 90 96 right 5049
object 91 96 left 5048
object 91 96 right 5049
object 92 96 left 5048
object 92 96 right 5049
object 93 96 left 5048
object 93 96 right 5049
object 94 96 left 5048
object 94 96 right 5049
object 95 96 left 5048
object 95 96 right 5049
object 96 96 left 5048
object 96 96 right 5049
object 97 96 left 5048
object 97 96 right 5049
object 98 96 left 5048
object 98 96 right 5049
object 99 96 left 5048
object 99 96 right 5049
object 0 97 left 5048
object 0 97 right 5049
object 1 97 left 4996
object 1 97 right 4997
object 2 97 left 4962
object 2 97 right 4963
object 3 97 left 4964
object 3 97 right 4965
object 4 97 left 4966
object 4 97 right 4967
object 5 97 left 4968
object 5 97 right 4969
object 6 97 left 4934
object 6 97 right 4935
object 19 97 left 4974
object 19 97 right 4975
object 20 97 left 5048
object 20 97 right 5049
object 21 97 left 5048
object 21 97 right 5049
object 22 97 left 5048
object 22 97 right 5049
object 23 97 left 5048
object 23 97 right 5049
object 24 97 left 5048
object 24 97 right 5049
object 25 97 left 5048
object 25 97 right 5049
object 26 97 left 4994
object 26 97 right 4995
object 27 97 left 4988
object 27 97 right 4989
object 38 97 left 5016
object 38 97 right 5017
object 39 97 left 5024
object 39 97 right 5025
object 40 97 left 5048
object 40 97 right 5049
object 41 97 left 5048
object 41 97 right 5049
object 42 97 left 5048
object 42 97 right 5049
object 43 97 left 5048
object 43 97 right 5049
object 44 97 left 5048
object 44 97 right 5049
object 45 97 left 5048
object 45 97 right 5049
object 46 97 left 5048
object 46 97 right 5049
object 47 97 left 5048
object 47 97 right 5049
object 48 97 left 5048
object 48 97 right 5049
object 49 97 left 5048
object 49 97 right 5049
object 50 97 left 5048
object 50 97 right 5049
object 51 97 left 5048
object 51 97 right 5049
object 52 97 left 5048
object 52 97 right 5049
object 53 97 left 5048
object 53 97 right 5049
object 54 97 left 5048
object 54 97 right 5049
object 55 97 left 5048
object 55 97 right 5049
object 56 97 left 4998
object 56 97 right 4999
object 57 97 left 4990
object 57 97 right 4991
object 66 97 left 5018
object 66 97 right 5019
object 67 97 left 5026
object 67 97 right 5027
object 68 97 left 5048
object 68 97 right 5049
object 69 97 left 5048
object 69 97 right 5049
object 70 97 left 5048
object 70 97 right 5049
object 71 97 left 5048
object 71 97 right 5049
object 72 97 left 5048
object 72 97 right 5049
object 73 97 left 4992
object 73 97 right 4993
object 74 97 left 4988
object 74 97 right 4989
object 82 97 left 5016
object 82 97 right 5017
object 83 97 left 5024
object 83 97 right 5025
object 84 97 left 5048
object 84 97 right 5049
object 85 97 left 5048
object 85 97 right 5049
object 86 97 left 5048
object 86 97 right 5049
object 87 97 left 5048
object 87 97 right 5049
object 88 97 left 5048
object 88 97 right 5049
object 89 97 left 5048
object 89 97 right 5049
object 90 97 left 5048
object 90 97 right 5049
object 91 97 left 5048
object 91 97 right 5049
object 92 97 left 5048
object 92 97 right 5049
object 93 97 left 5048
object 93 97 right 5049
object 94 97 left 5048
object 94 97 right 5049
object 95 97 left 5048
object 95 97 right 5049
object 96 97 left 5048
object 96 97 right 5049
object 97 97 left 5048
object 97 97 right 5049
object 98 97 left 5048
object 98 97 right 5049
object 99 97 left 5048
object 99 97 right 5049
object 0 98 left 5048
object 0 98 right 5049
object 1 98 left 5048
object 1 98 right 5049
object 2 98 left 5048
object 2 98 right 5049
object 3 98 left 5048
object 3 98 right 5049
object 4 98 left 5048
object 4 98 right 5049
object 5 98 left 5048
object 5 98 right 5049
object 6 98 left 4992
object 6 98 right 4993
object 7 98 left 4990
object 7 98 right 4991
object 18 98 left 5016
object 18 98 right 5017
object 19 98 left 5022
object 19 98 right 5023
object 20 98 left 5048
object 20 98 right 5049
object 21 98 left 5048
object 21 98 right 5049
object 22 98 left 5048
object 22 98 right 5049
object 23 98 left 5048
object 23 98 right 5049
object 24 98 left 5048
object 24 98 right 5049
object 25 98 left 5048
object 25 98 right 5049
object 26 98 left 5048
object 26 98 right 5049
object 27 98 left 4996
object 27 98 right 4997
object 28 98 left 4990
object 28 98 right 4991
object 37 98 left 5020
object 37 98 right 5021
object 38 98 left 5022
object 38 98 right 5023
object 39 98 left 5048
object 39 98 right 5049
object 40 98 left 5048
object 40 98 right 5049
object 41 98 left 5048
object 41 98 right 5049
object 42 98 left 5048
object 42 98 right 5049
object 43 98 left 5048
object 43 98 right 5049
object 44 98 left 5048
object 44 98 right 5049
object 45 98 left 5048
object 45 98 right 5049
object 46 98 left 5048
object 46 98 right 5049
object 47 98 left 5048
object 47 98 right 5049
object 48 98 left 5048
object 48 98 right 5049
object 49 98 left 5048
object 49 98 right 5049
object 50 98 left 5048
object 50 98 right 5049
object 51 98 left 5048
object 51 98 right 5049
object 52 98 left 5048
object 52 98 right 5049
object 53 98 left 5048
object 53 98 right 5049
object 54 98 left 5048
object 54 98 right 5049
object 55 98 left 5048
object 55 98 right 5049
object 56 98 left 5048
object 56 98 right 5049
object 57 98 left 4996
object 57 98 right 4997
object 58 98 left 4988
object 58 98 right 4989
object 65 98 left 5016
object 65 98 right 5017
object 66 98 left 5024
object 66 98 right 5025
object 67 98 left 5048
object 67 98 right 5049
object 68 98 left 5048
object 68 98 right 5049
object 69 98 left 5048
object 69 98 right 5049
object 70 98 left 5048
object 70 98 right 5049
object 71 98 left 5048
object 71 98 right 5049
object 72 98 left 5048
object 72 98 right 5049
object 73 98 left 5048
object 73 98 right 5049
object 74 98 left 4996
object 74 98 right 4997
object 75 98 left 4990
object 75 98 right 4991
object 81 98 left 5020
object 81 98 right 5021
object 82 98 left 5022
object 82 98 right 5023
object 83 98 left 5048
object 83 98 right 5049
object 84 98 left 5048
object 84 98 right 5049
object 85 98 left 5048
object 85 98 right 5049
object 86 98 left 5048
object 86 98 right 5049
object 87 98 left 5048
object 87 98 right 5049
object 88 98 left 5048
object 88 98 right 5049
object 89 98 left 5048
object 89 98 right 5049
object 90 98 left 5048
object 90 98 right 5049
object 91 98 left 5048
object 91 98 right 5049
object 92 98 left 5048
object 92 98 right 5049
object 93 98 left 5048
object 93 98 right 5049
object 94 98 left 5048
object 94 98 right 5049
object 95 98 left 5048
object 95 98 right 5049
object 96 98 left 5048
object 96 98 right 5049
object 97 98 left 5048
object 97 98 right 5049
object 98 98 left 5048
object 98 98 right 5049
object 99 98 left 5048
object 99 98 right 5049
object 0 99 left 5048
object 0 99 right 5049
object 1 99 left 5048
object 1 99 right 5049
object 2 99 left 5048
object 2 99 right 5049
object 3 99 left 5048
object 3 99 right 5049
object 4 99 left 5048
object 4 99 right 5049
object 5 99 left 5048
object 5 99 right 5049
object 6 99 left 5048
object 6 99 right 5049
object 7 99 left 4992
object 7 99 right 4993
object 8 99 left 4962
object 8 99 right 4963
object 9 99 left 4964
object 9 99 right 4965
object 10 99 left 4966
object 10 99 right 4967
object 11 99 left 4962
object 11 99 right 4963
object 12 99 left 4964
object 12 99 right 4965
object 13 99 left 4966
object 13 99 right 4967
object 14 99 left 4962
object 14 99 right 4963
object 15 99 left 4968
object 15 99 right 4969
object 16 99 left 4966
object 16 99 right 4967
object 17 99 left 4964
object 17 99 right 4965
object 18 99 left 5024
object 18 99 right 5025
object 19 99 left 5048
object 19 99 right 5049
object 20 99 left 5048
object 20 99 right 5049
object 21 99 left 5048
object 21 99 right 5049
object 22 99 left 5048
object 22 99 right 5049
object 23 99 left 5048
object 23 99 right 5049
object 24 99 left 5048
object 24 99 right 5049
object 25 99 left 5048
object 25 99 right 5049
object 26 99 left 5048
object 26 99 right 5049
object 27 99 left 5048
object 27 99 right 5049
object 28 99 left 4998
object 28 99 right 4999
object 29 99 left 4964
object 29 99 right 4965
object 30 99 left 4962
object 30 99 right 4963
object 31 99 left 4968
object 31 99 right 4969
object 32 99 left 4970
object 32 99 right 4971
object 33 99 left 4966
object 33 99 right 4967
object 34 99 left 4968
object 34 99 right 4969
object 35 99 left 4964
object 35 99 right 4965
object 36 99 left 4962
object 36 99 right 4963
object 37 99 left 5026
object 37 99 right 5027
object 38 99 left 5048
object 38 99 right 5049
object 39 99 left 5048
object 39 99 right 5049
object 40 99 left 5048
object 40 99 right 5049
object 41 99 left 5048
object 41 99 right 5049
object 42 99 left 5048
object 42 99 right 5049
object 43 99 left 5048
object 43 99 right 5049
object 44 99 left 5048
object 44 99 right 5049
object 45 99 left 5048
object 45 99 right 5049
object 46 99 left 5048
object 46 99 right 5049
object 47 99 left 5048
object 47 99 right 5049
object 48 99 left 5048
object 48 99 right 5049
object 49 99 left 5048
object 49 99 right 5049
object 50 99 left 5048
object 50 99 right 5049
object 51 99 left 5048
object 51 99 right 5049
object 52 99 left 5048
object 52 99 right 5049
object 53 99 left 5048
object 53 99 right 5049
object 54 99 left 5048
object 54 99 right 5049
object 55 99 left 5048
object 55 99 right 5049
object 56 99 left 5048
object 56 99 right 5049
object 57 99 left 5048
object 57 99 right 5049
object 58 99 left 4992
object 58 99 right 4993
object 59 99 left 4962
object 59 99 right 4963
object 60 99 left 4964
object 60 99 right 4965
object 61 99 left 4966
object 61 99 right 4967
object 62 99 left 4970
object 62 99 right 4971
object 63 99 left 4966
object 63 99 right 4967
object 64 99 left 4964
object 64 99 right 4965
object 65 99 left 5022
object 65 99 right 5023
object 66 99 left 5048
object 66 99 right 5049
object 67 99 left 5048
object 67 99 right 5049
object 68 99 left 5048
object 68 99 right 5049
object 69 99 left 5048
object 69 99 right 5049
object 70 99 left 5048
object 70 99 right 5049
object 71 99 left 5048
object 71 99 right 5049
object 72 99 left 5048
object 72 99 right 5049
object 73 99 left 5048
object 73 99 right 5049
object 74 99 left 5048
object 74 99 right 5049
object 75 99 left 4998
object 75 99 right 4999
object 76 99 left 4962
object 76 99 right 4963
object 77 99 left 4964
object 77 99 right 4965
object 78 99 left 4968
object 78 99 right 4969
object 79 99 left 4966
object 79 99 right 4967
object 80 99 left 4970
object 80 99 right 4971
object 81 99 left 5026
object 81 99 right 5027
object 82 99 left 5048
object 82 99 right 5049
object 83 99 left 5048
object 83 99 right 5049
object 84 99 left 5048
object 84 99 right 5049
object 85 99 left 5048
object 85 99 right 5049
object 86 99 left 5048
object 86 99 right 5049
object 87 99 left 5048
object 87 99 right 5049
object 88 99 left 5048
object 88 99 right 5049
object 89 99 left 5048
object 89 99 right 5049
object 90 99 left 5048
object 90 99 right 5049
object 91 99 left 5048
object 91 99 right 5049
object 92 99 left 5048
object 92 99 right 5049
object 93 99 left 5048
object 93 99 right 5049
object 94 99 left 5048
object 94 99 right 5049
object 95 99 left 5048
object 95 99 right 5049
object 96 99 left 5048
object 96 99 right 5049
object 97 99 left 5048
object 97 99 right 5049
object 98 99 left 5048
object 98 99 right 5049
object 99 99 left 5048
object 99 99 right 5049
