# lod20030 — tools/dat-extract layout 이 만든다. 손으로 고치지 말 것.
size 70 78
blocked
.......................#...#....#...............#.....................
...######.#####.###...####.#....##...###.###...####..#####..##....#...
.###########################....######################################
..##########...#.#####..##.#........................................#.
.###..##...#####.#...#.###.........................................###
.#####.#.#.#####.#...#.###................####......................##
.###......######.#.#.#.###................####......................##
..##......######.#..##.###................####.....................##.
.###..#....###.#.#######.#................####......................##
..##.#....##.....#####....................####......#########.#.....#.
.###...##..#..............................####......#.....###......###
.####.#...##........................................#.....##........##
.############.......................................#.....##.......###
..#.#.......#.......................................#.....###.......#.
.##.#.....###.......................................#.....###.......##
..#.#.....###.......................................######....#....##.
..#.#.....###......................#................######.####.....#.
###.#.....###..........#.......#...#..#.............######.#..#.....##
.##.#########..........###########.#..###########.........#####....##.
#.#.######.............##.......##.#..#..#......#..........####.....##
..#.######.####.........#...#....#.#..#......#.##..................###
###.######.#..#.........##.####.##.#..##.#......#...................##
...........####.........#...######.#..######.#..#.....................
...........####........###.##......#.......#....#.....................
.......................##..#################....#.....................
.......................######.#..........#.######.....................
.................#......#####.#..........#.######......#............##
###...#########..#####..#######......#...########......##.......###.#.
..#...........................#......#...#.........................###
.##...######...........#####..#.....##...#.#######.................###
.##...######...........##..##.#..........#.#..#..##.................#.
..#...######.....#......#..##.############.#.#.#.##.................#.
.##...######............#.#.##.....#......##.....#.................###
.##...######............##..######.#..######.....##.....######......##
..##########............#.......##.#..##.......###......######......#.
..##.##.......#.........#........#.#..#..#......##......######.....##.
.####.#######...........#.......##.#..#.......#.##......######......##
.###........#..........##..#.#...#.#..#..........##.....######......#.
..####.###.##..........######...##.#..####....#..##.....######......#.
#############....#......##########.#..############..................##
..#.....................##.....##.....##.......##.#.................#.
..#.....................................#.....#....................##.
###.#########.#....................#................................##
#.#.#.....###........######..#.....#...............................##.
.##.#.....##.........######........#......####.#................#...##
.##.#.....##.........######.....#..#......####.................#######
.##.#.....###....#...#####................####.................#....##
..#.#.....###........######...............####.................#.#....
..#.######....#......######........#......####................##......
###.######.####....#########.#.....#......####.................##....#
..#.######.#.##....#.#.....#.......#...........................##..#..
.##........####....#####.###.......#...........................#.....#
.##.#.....#####..#.#########.......#.....#.....#...............##..#.#
.##.............................#..#...............#.#..#...##.#.....#
..#................................#..............###############.....
.##................................#..............#....##.......#....#
.##.#.....#........................#..............#.#........#......##
.##....############...###########..#..###########.##.###....#........#
.##....#.........#....#.........#..#..#.........#.#############..#...#
#.#....########.##....##.########.....##.#.#.#.##.............####...#
.##....###########....###########.....###########.............########
..#...................................................................
###...................................................................
#..........................................#..........................
##....................................................................
##############..############################..########################
##.#.#.#.#.#.#..##.#.#.#.#.#.#.#.#.#.#.#.#.#..##.#.#.#.#.#.#.#.#.#.#.#
..############..############################..########################
.#.#..........##.#..........................##.#......................
####..........####..........................####......................
......................................................................
......................................................................
.......................#.............................#................
.......................#.............................#................
.......................#.............................#................
.......................#.............................#................
...............#########.....................#########................
......................................................................
floor
21 55 55 26 57 21 53 54 55 26 57 21 53 53 54 55 26 57 21 53 54 55 26 57 21 53 54 779 774 774 774 779 21 54 55 26 57 21 53 54 55 26 57 21 53 54 55 26 57 21 53 54 55 26 57 21 53 54 55 26 57 21 53 54 55 26 21 53 54 55
89 87 87 30 61 89 90 53 87 30 61 89 90 90 53 87 30 61 89 90 53 87 30 61 89 90 53 779 774 774 774 779 89 53 87 30 61 89 90 53 87 30 61 89 90 53 87 30 61 89 90 53 87 30 61 89 90 53 87 30 61 89 90 53 87 30 89 90 53 87
91 61 779 779 779 779 779 779 779 779 779 779 779 779 779 779 779 779 779 779 779 779 779 779 779 779 779 779 774 774 774 779 779 752 753 752 753 753 779 779 779 779 779 779 779 779 779 779 779 779 779 779 779 779 779 779 779 779 779 779 779 779 779 779 779 779 779 779 91 61
95 65 779 779 779 779 779 779 779 779 779 779 779 779 779 783 782 779 41 42 40 779 779 779 779 783 782 779 774 774 774 779 779 754 755 755 755 755 779 779 779 779 779 779 779 779 779 779 779 779 779 779 779 779 779 779 779 779 779 779 779 779 779 779 779 779 779 779 95 65
90 53 779 779 36 37 38 36 37 38 39 779 779 779 779 779 781 779 45 46 44 779 779 779 779 779 781 779 774 774 774 779 779 752 753 753 752 753 779 779 779 779 779 779 779 779 779 779 774 774 774 774 774 774 774 774 774 774 774 774 774 774 774 774 774 779 779 779 21 53
94 90 779 779 40 41 42 40 41 42 43 779 779 779 779 779 781 779 49 50 48 779 779 779 779 779 781 779 774 774 774 779 779 754 755 755 754 755 779 779 779 779 779 779 779 783 782 779 774 774 774 774 774 774 774 774 774 774 774 774 774 774 774 774 774 779 779 779 89 90
98 91 779 779 44 45 46 44 45 46 47 779 779 779 779 779 781 779 37 38 39 779 779 779 779 779 781 779 774 774 774 779 779 752 753 755 752 753 779 779 779 779 779 779 779 779 781 779 774 774 779 779 779 779 779 779 779 779 779 779 779 779 779 774 774 779 779 779 91 91
48 95 779 779 48 49 50 48 49 50 51 779 779 779 779 779 781 779 41 42 43 779 779 779 779 779 781 779 774 774 774 774 774 774 774 774 774 774 774 774 774 779 779 779 779 779 781 779 774 774 779 779 779 779 779 779 779 779 779 779 779 779 779 774 774 779 779 779 95 95
48 25 779 779 36 37 38 39 37 38 39 779 779 779 779 779 780 779 41 42 43 779 779 779 779 779 780 779 774 774 774 774 774 774 774 774 774 774 774 774 774 779 779 779 779 779 781 779 774 774 779 779 779 779 779 779 779 779 779 779 779 779 779 774 774 779 779 779 90 25
62 29 779 779 40 41 42 43 41 42 43 779 779 779 774 779 779 779 779 779 779 779 779 779 774 779 779 779 774 774 774 779 779 754 753 755 755 755 779 774 774 779 779 779 779 779 781 779 774 774 779 779 779 779 779 779 779 779 779 779 783 782 779 774 774 779 779 779 94 29
66 33 779 779 44 45 46 47 45 46 47 779 779 779 774 779 779 779 779 779 779 779 779 779 774 779 779 779 774 774 774 779 779 752 755 755 754 753 779 774 774 779 779 779 779 779 780 779 774 774 779 779 779 779 779 779 779 779 779 779 779 781 779 774 774 779 779 779 98 33
93 49 779 779 48 49 50 51 49 50 51 779 779 779 774 774 774 774 774 774 774 774 774 774 774 774 774 774 774 774 774 779 779 754 755 753 754 755 779 774 774 779 779 779 774 779 779 779 774 774 779 779 779 779 779 779 779 779 779 779 779 781 779 774 774 779 779 779 48 49
97 49 779 779 779 779 779 779 779 779 779 779 779 779 774 774 774 774 774 774 774 774 774 774 774 774 774 774 774 774 774 779 779 752 753 755 752 753 779 774 774 774 774 774 774 774 774 774 774 774 774 774 779 779 779 779 779 779 779 779 779 776 774 774 774 779 779 779 48 49
101 33 779 779 779 779 779 779 779 779 779 779 783 782 774 774 779 779 779 779 779 779 779 779 779 779 779 779 779 779 779 779 779 754 755 753 754 755 779 774 774 774 774 774 774 774 774 774 774 774 774 774 779 779 779 779 779 779 779 779 779 781 779 774 774 779 779 779 62 33
61 89 779 779 779 779 779 779 779 779 779 779 779 781 774 774 779 779 779 779 779 779 779 779 779 779 779 779 779 779 779 779 779 752 753 755 752 753 779 779 779 779 779 779 779 779 779 779 779 779 774 774 779 779 779 779 779 779 779 779 779 780 779 774 774 779 779 779 66 89
65 94 779 779 779 779 779 779 779 779 779 779 779 781 774 774 779 779 779 779 779 779 779 779 779 779 779 779 779 779 779 779 779 754 755 755 754 755 779 779 779 779 779 779 779 779 779 779 779 779 774 774 779 779 779 779 779 779 781 779 779 779 779 774 774 779 779 779 93 94
53 98 779 779 779 779 779 779 779 779 779 779 779 776 774 774 774 999 779 779 779 1003 752 753 752 752 753 752 753 752 753 752 753 752 753 779 752 753 752 753 752 753 752 753 752 753 752 753 752 753 774 774 779 779 779 779 779 779 779 779 779 779 779 774 774 779 779 779 97 98
91 102 779 779 779 779 779 779 779 779 779 779 779 781 779 774 774 779 779 779 779 1008 754 755 754 754 755 754 755 754 755 754 755 754 755 779 754 755 754 755 754 755 754 755 754 755 754 755 754 755 774 774 779 779 779 779 779 779 779 779 55 56 779 774 774 779 779 779 101 102
101 51 752 779 779 779 779 779 779 779 779 779 779 780 779 774 774 779 779 779 779 779 752 753 779 65 31 32 33 65 31 32 33 752 753 779 752 753 779 65 31 32 33 65 31 32 33 33 752 753 774 774 779 779 779 774 779 779 779 779 59 60 779 774 774 779 779 779 61 62
61 51 754 779 779 779 779 779 779 779 781 779 779 779 779 774 774 779 779 779 779 779 754 755 779 53 87 88 89 53 87 88 89 754 755 779 754 755 779 53 87 88 89 53 87 88 89 62 754 753 774 774 779 779 779 774 779 779 779 779 779 779 779 774 774 779 779 779 65 66
53 54 754 779 779 779 779 779 779 779 781 779 779 779 779 774 774 779 779 779 779 779 752 753 779 58 59 28 62 58 59 28 62 752 753 779 752 753 779 58 59 28 62 58 59 28 62 31 752 755 774 774 774 774 774 774 774 774 774 774 774 774 774 774 774 779 779 779 53 54
779 779 779 779 779 779 779 779 779 779 780 779 55 56 779 774 774 779 779 779 779 1028 754 755 779 62 63 32 33 62 63 32 33 754 755 779 754 755 779 62 63 32 33 62 63 58 33 87 754 755 774 774 774 774 774 774 774 774 774 774 774 774 774 774 774 779 779 779 779 779
779 779 779 779 779 779 779 774 779 779 779 779 59 60 779 774 774 779 779 779 779 779 752 753 65 31 32 33 752 753 752 753 752 753 752 753 752 753 752 752 753 752 753 779 31 62 32 62 752 753 779 779 779 779 779 779 779 774 774 779 779 779 779 774 774 774 774 774 774 774
779 779 779 779 779 779 779 774 774 774 774 774 774 774 774 774 774 779 779 779 779 779 754 755 53 87 88 89 754 755 754 755 754 755 754 755 754 755 754 754 755 754 755 779 58 32 32 31 754 755 779 779 779 779 779 779 779 774 774 779 779 779 779 774 774 774 774 774 774 774
779 779 779 779 779 779 779 774 774 774 774 774 774 774 774 774 774 779 779 779 779 779 754 755 58 59 28 62 752 753 779 756 757 758 759 765 766 757 758 758 759 752 753 779 62 88 88 87 752 753 779 779 779 779 779 779 779 774 774 779 779 779 779 774 774 774 774 774 774 774
779 779 779 779 779 779 779 779 779 779 779 779 779 779 779 779 779 779 779 779 779 779 752 752 62 63 32 33 753 755 765 766 761 762 763 767 768 761 762 762 763 754 755 753 59 28 28 59 754 754 752 753 752 753 752 753 752 753 752 753 752 753 752 753 752 753 752 779 779 779
66 779 779 754 752 752 752 754 754 755 752 754 752 754 752 752 754 752 754 754 755 754 754 754 755 754 755 754 755 753 767 768 766 765 766 756 757 758 759 759 766 752 753 755 754 755 754 754 752 754 754 755 754 755 754 755 754 755 754 755 754 755 754 755 754 755 752 753 33 34
779 34 752 779 779 779 755 755 755 755 755 755 755 755 755 754 755 754 755 755 755 755 752 753 752 755 755 755 755 755 765 766 756 757 758 759 761 762 763 763 768 754 755 779 779 755 755 755 755 754 754 753 752 753 755 779 779 755 755 754 755 754 754 754 779 779 754 755 48 49
97 49 754 754 753 752 753 755 752 753 752 753 753 753 752 753 752 752 753 752 753 752 753 752 752 753 752 753 752 753 767 768 760 761 762 763 765 766 765 765 766 752 753 753 752 753 752 753 752 753 752 753 752 753 752 753 752 753 752 753 752 753 752 753 752 753 752 753 62 33
101 33 752 755 753 752 753 755 752 753 755 783 782 779 779 779 779 779 779 779 779 779 752 753 87 88 89 90 754 755 760 761 762 763 767 768 767 768 767 767 768 754 755 755 754 755 754 755 754 752 753 755 754 755 754 755 754 755 754 755 754 755 754 755 754 755 754 755 66 89
65 94 779 779 779 779 779 779 779 779 779 779 781 779 779 774 774 779 779 779 779 779 754 755 91 92 93 94 754 755 760 761 762 763 767 768 767 768 767 767 768 754 755 779 87 88 89 90 62 754 755 779 779 774 774 774 774 774 774 774 774 774 774 774 774 779 779 779 93 94
53 98 779 779 779 779 779 779 779 779 779 779 781 779 779 774 774 779 779 779 779 779 752 753 95 96 97 98 752 753 752 753 752 753 752 753 752 753 752 752 753 752 753 779 91 92 93 92 93 752 753 779 779 774 774 774 774 774 774 774 774 774 774 774 774 779 779 779 97 98
91 102 779 779 779 779 779 779 779 779 779 779 776 774 774 774 774 1030 779 779 779 1034 754 755 99 100 101 102 754 755 754 755 754 752 753 755 754 755 754 754 755 754 755 779 95 96 93 94 97 754 755 779 779 774 774 779 779 779 779 779 779 779 779 774 774 779 779 779 101 102
95 62 779 779 779 779 779 779 779 779 779 779 781 779 779 774 774 779 779 779 779 1039 752 753 779 58 59 60 779 779 779 779 779 752 753 779 754 755 779 779 779 779 779 62 99 100 97 98 60 752 753 779 779 774 774 779 779 779 779 779 779 783 782 774 774 779 779 779 61 62
90 66 779 779 779 779 779 779 779 779 779 779 780 779 779 774 774 779 779 779 779 779 754 755 779 62 63 64 97 98 58 59 60 754 755 779 752 753 779 87 88 89 90 97 98 62 62 63 64 754 755 779 779 774 774 779 779 779 779 779 779 779 781 774 774 779 779 779 65 66
94 54 779 779 55 56 779 779 779 779 779 779 779 779 779 774 774 779 779 779 779 779 752 753 779 87 88 89 90 87 62 63 64 754 755 779 754 755 779 91 92 93 94 58 62 60 88 89 90 752 753 779 779 774 774 779 779 779 779 779 779 779 781 774 774 779 779 779 53 54
98 91 779 779 59 60 42 43 40 41 42 43 779 779 779 774 774 1050 779 779 779 779 754 755 779 91 92 93 94 91 92 93 94 752 753 779 752 753 779 95 62 97 98 62 63 64 92 93 94 754 755 779 779 774 774 779 779 779 779 779 779 779 781 774 774 779 779 779 91 91
48 95 779 779 44 45 46 47 44 45 46 47 779 779 779 774 774 1055 779 779 779 779 752 753 779 95 96 97 98 95 96 97 98 754 755 779 753 755 779 58 59 60 102 92 93 95 62 97 98 752 753 779 779 774 774 779 779 779 779 779 779 779 781 774 774 779 779 779 95 95
48 25 779 779 48 49 50 51 48 49 50 51 779 779 779 774 774 779 779 779 779 779 754 755 779 99 100 101 102 99 100 101 102 752 753 779 755 753 779 62 63 64 62 96 97 99 100 101 102 754 755 779 779 774 774 779 779 779 779 779 779 779 780 774 774 779 779 779 90 25
62 29 779 779 779 779 779 779 779 779 779 779 779 779 779 774 774 779 779 779 779 779 752 753 753 752 753 752 753 752 753 752 753 754 755 779 754 755 752 753 752 753 752 753 752 753 752 752 753 752 753 779 779 774 774 779 779 779 779 774 779 779 779 774 774 779 779 779 94 29
66 33 779 779 779 779 779 779 779 779 779 779 779 779 779 774 774 779 779 779 779 779 754 755 755 754 755 754 755 754 755 754 755 752 753 753 752 753 754 755 754 755 754 755 754 755 754 754 755 754 755 779 779 774 774 774 774 774 774 774 774 774 774 774 774 779 779 779 98 33
93 49 779 779 779 779 779 779 779 779 779 779 779 779 779 774 774 779 779 779 779 779 779 779 779 779 779 779 779 779 779 779 779 754 755 755 754 755 779 779 779 779 779 779 779 779 779 779 779 779 779 779 779 774 774 774 774 774 774 774 774 774 774 774 774 779 779 779 48 49
97 49 779 779 779 779 779 779 779 779 779 779 783 782 779 774 774 779 779 779 779 779 779 779 779 779 779 779 779 779 774 774 779 752 753 779 752 753 779 779 779 779 779 779 779 779 779 779 779 779 779 779 779 779 779 779 779 779 774 774 779 779 779 779 779 779 779 779 48 49
101 33 779 779 779 779 779 779 779 779 779 779 779 781 779 774 774 779 779 779 779 779 779 779 779 779 783 782 779 779 774 774 779 754 755 779 754 755 779 779 779 779 779 779 779 779 779 779 779 779 779 779 779 779 779 779 779 779 774 774 779 779 779 779 779 779 779 779 62 33
61 89 779 779 779 779 779 779 779 779 779 779 779 781 779 774 774 779 779 779 779 779 779 779 779 779 779 781 779 779 774 774 779 752 753 779 752 753 779 779 779 779 779 779 779 783 782 779 774 774 774 774 774 774 774 774 774 774 774 774 779 779 779 779 779 779 779 779 66 89
65 94 779 779 779 779 779 779 779 779 779 779 779 776 774 774 774 779 779 779 779 779 779 779 779 779 779 781 779 779 774 774 779 754 755 779 754 755 779 779 779 779 779 779 779 779 781 779 774 774 774 774 774 774 774 774 774 774 774 774 779 779 779 62 33 34 65 31 93 94
53 98 779 779 779 779 779 779 779 779 779 779 779 781 779 774 774 779 779 779 779 779 779 779 779 779 779 776 774 774 774 774 774 752 753 752 753 753 774 774 774 779 779 779 779 779 781 779 774 774 779 779 779 1002 1003 779 779 779 779 779 779 779 779 66 89 90 53 87 97 98
91 102 779 779 779 779 779 779 779 779 779 779 779 780 779 774 774 779 779 779 779 779 779 779 779 779 779 781 779 779 774 774 774 754 755 754 755 755 774 774 774 779 779 779 779 779 781 779 774 774 779 779 779 779 1008 779 779 779 779 779 779 779 779 93 94 57 58 59 101 102
95 62 779 779 779 779 779 779 779 779 781 779 779 779 779 774 774 779 779 779 779 779 779 779 779 779 779 780 779 779 774 774 779 752 753 779 752 753 779 774 774 779 779 779 779 779 781 779 774 774 779 779 779 779 779 779 779 779 779 779 779 779 779 97 98 61 62 63 61 62
90 66 779 779 779 779 779 779 779 779 781 779 779 779 779 774 774 779 779 779 40 41 42 40 41 42 43 779 779 779 774 774 779 754 755 779 754 755 779 774 774 779 779 779 779 779 780 779 774 774 779 779 779 779 779 779 779 779 779 779 779 779 779 101 102 65 17 48 65 66
94 54 779 779 779 779 779 779 779 779 780 779 55 56 779 774 774 779 779 779 44 45 46 44 45 46 47 779 779 779 774 774 779 752 753 779 752 753 779 774 774 779 779 779 774 779 779 779 774 774 779 779 779 779 779 779 779 779 779 779 779 779 779 61 62 63 17 48 53 54
98 55 779 779 779 779 779 774 779 779 779 779 59 60 779 774 774 779 779 779 48 49 50 48 49 50 51 779 779 779 774 774 779 754 755 779 754 755 779 774 774 779 779 779 774 779 779 779 774 774 1024 779 779 779 779 779 779 779 779 779 779 779 779 65 66 67 22 53 54 55
48 67 779 779 779 779 779 774 779 779 779 779 779 779 779 774 774 779 779 779 779 779 779 779 779 779 779 779 779 779 774 774 779 752 753 779 752 753 779 774 774 779 779 779 774 779 779 779 774 774 779 779 779 779 779 779 779 779 779 779 779 779 779 53 54 55 26 57 58 67
48 67 779 779 779 774 774 774 774 774 774 774 774 774 774 774 774 774 774 774 774 774 774 774 774 774 774 774 774 774 774 774 779 754 755 779 754 755 779 774 774 774 774 774 774 774 774 774 774 774 779 779 779 779 779 779 779 779 779 779 779 779 779 53 54 55 26 57 58 67
62 34 779 779 779 774 774 774 774 774 774 774 774 774 774 774 774 774 774 774 774 774 774 774 774 774 774 774 774 774 774 774 779 752 753 779 752 753 779 774 774 774 774 774 774 774 774 774 774 774 91 61 62 91 61 62 63 17 48 62 63 17 48 33 34 65 31 32 33 34
66 90 779 779 779 779 779 779 779 779 779 779 779 779 779 779 779 779 779 779 779 779 779 779 779 779 779 779 779 779 779 779 779 754 755 779 754 755 779 779 779 779 779 779 779 779 779 779 779 779 95 65 66 95 65 66 67 22 53 66 67 22 53 89 90 53 87 88 89 90
93 30 779 779 779 779 779 779 779 779 779 779 779 779 779 779 779 779 779 779 779 779 779 779 779 779 779 779 779 779 779 779 779 752 753 779 752 753 779 779 779 779 779 779 779 779 779 779 779 779 21 53 54 21 53 54 55 26 57 54 55 26 57 94 57 58 59 28 29 30
97 34 779 779 779 779 779 779 40 41 42 43 41 40 41 42 43 779 779 779 779 779 779 40 40 41 42 43 40 41 42 43 779 754 755 779 754 755 779 40 41 42 40 41 42 43 42 43 779 779 89 90 53 89 90 53 87 30 61 53 87 30 61 98 61 62 63 32 33 34
101 51 752 753 752 753 752 753 44 45 46 47 45 44 45 46 47 753 752 753 752 753 753 44 44 45 46 47 44 45 46 47 753 753 752 753 752 753 753 44 45 46 44 45 46 47 46 47 753 753 752 753 752 753 752 753 752 753 752 753 752 753 101 102 65 17 48 49 50 51
61 51 754 755 754 755 754 755 48 49 50 51 49 48 49 50 51 755 754 755 754 755 755 48 48 49 50 51 48 49 50 51 755 755 754 755 754 755 755 48 49 50 48 49 50 51 50 51 755 755 754 752 753 752 753 755 754 755 754 755 754 755 53 54 55 26 57 58 67 20
65 56 752 753 752 752 753 753 752 753 752 752 753 753 752 753 752 752 753 753 752 753 753 752 753 752 752 753 753 752 753 752 752 753 752 752 753 753 753 752 753 752 752 753 753 752 753 752 752 753 752 754 752 753 752 753 752 752 753 753 752 753 753 753 752 753 753 753 752 753
53 54 754 755 752 754 755 755 754 755 752 754 755 755 754 755 752 754 755 755 754 755 752 754 755 755 754 755 752 754 755 755 754 755 752 754 755 755 754 755 752 754 755 755 754 755 752 754 755 755 754 755 754 755 752 753 754 754 755 753 754 755 755 753 754 755 755 753 754 755
779 779 779 779 779 779 779 779 779 779 779 779 779 779 779 779 779 779 779 779 779 779 779 779 779 779 779 779 779 779 779 779 779 779 779 779 779 779 779 779 779 779 779 779 779 779 779 779 779 779 779 779 779 779 779 779 779 779 779 779 779 779 779 779 779 779 779 779 779 779
779 779 779 779 779 779 779 779 779 779 779 779 779 779 779 779 779 779 779 779 779 779 779 779 779 779 779 779 779 779 779 779 779 779 779 779 779 779 779 779 779 779 779 779 779 779 779 779 779 779 779 779 779 779 779 779 779 779 779 779 779 779 779 779 779 779 779 779 779 779
770 771 770 771 770 771 770 771 770 771 770 771 770 771 770 771 770 771 770 771 770 771 770 771 770 771 770 771 770 771 770 771 770 771 770 771 770 771 770 771 770 771 770 771 770 771 770 771 770 771 770 771 770 771 770 771 770 771 770 771 770 771 770 771 770 771 770 771 770 771
772 773 772 773 772 773 772 773 772 773 772 773 772 773 772 773 772 773 772 773 772 773 772 773 772 773 772 773 772 773 772 773 772 773 772 773 772 773 772 773 772 773 772 773 772 773 772 773 772 773 772 773 772 773 772 773 772 773 772 773 772 773 772 773 772 773 772 773 772 773
770 771 779 779 779 779 766 756 757 758 759 765 779 779 770 771 759 765 766 756 757 758 765 766 756 757 758 759 765 766 756 757 758 759 765 766 756 757 758 765 766 756 757 758 770 771 766 756 757 758 759 765 766 756 757 758 765 766 759 765 766 756 757 758 757 758 766 766 766 756
772 773 779 761 762 767 768 760 761 762 763 767 779 779 772 773 763 767 768 760 761 762 767 768 760 761 762 763 767 768 760 761 762 763 767 768 760 761 762 767 768 760 761 762 772 773 768 760 761 762 763 767 768 760 761 762 767 763 763 767 768 760 761 762 760 761 762 763 767 768
756 757 758 759 765 766 765 766 765 766 757 758 759 765 766 765 766 765 766 756 757 758 759 765 766 765 766 765 766 756 757 758 759 765 766 765 766 757 758 759 765 766 766 765 766 765 766 756 757 758 759 765 766 765 766 765 766 765 759 765 766 765 766 765 757 758 759 765 766 765
760 761 762 763 767 768 767 768 767 768 761 762 763 767 768 767 768 767 768 760 761 762 763 767 768 767 768 767 768 760 761 762 763 767 768 767 768 761 762 763 767 768 768 767 768 767 768 760 761 762 763 767 768 767 768 767 768 767 768 760 761 767 768 760 761 762 763 767 768 767
998 997 998 997 998 997 998 997 998 997 998 998 997 998 997 998 997 998 997 998 997 998 997 998 997 998 997 997 998 997 998 997 998 997 998 997 998 997 998 997 998 997 997 998 997 998 997 998 997 998 997 998 997 998 997 998 997 997 998 997 998 997 998 997 998 997 998 997 998 997
998 995 992 993 994 998 998 997 995 992 993 994 990 991 988 989 990 991 988 983 984 991 988 983 998 997 998 997 998 997 988 983 984 991 988 983 984 988 983 984 991 988 983 984 988 989 990 991 988 988 983 984 991 988 983 984 997 997 998 997 988 997 998 997 988 983 984 991 988 983
983 984 991 988 989 990 991 988 989 990 991 991 994 995 992 983 984 995 992 985 986 995 992 985 988 989 990 988 983 984 991 988 983 984 991 988 989 990 991 988 989 990 994 995 992 983 984 995 992 985 986 995 992 985 988 989 990 988 983 984 991 988 983 984 991 988 983 984 991 988
985 986 995 992 983 984 991 992 993 994 995 995 984 991 988 985 986 991 988 989 990 991 988 989 992 993 994 992 985 986 995 992 985 986 995 992 983 984 991 992 993 994 984 991 988 985 986 991 988 989 990 991 988 989 992 993 994 992 985 986 995 992 985 986 995 992 985 986 995 992
989 990 991 988 985 986 995 988 983 984 991 991 986 995 992 993 994 995 992 993 994 995 992 993 988 983 984 988 983 984 991 988 989 990 991 988 985 986 995 988 983 984 986 995 992 993 994 995 992 993 994 995 992 993 988 983 984 988 983 984 991 988 983 984 991 988 989 990 991 988
993 994 995 992 985 986 995 992 983 984 991 995 990 991 988 983 984 991 988 989 990 991 988 983 992 985 986 992 985 986 995 992 993 994 995 992 985 986 995 992 985 986 990 991 988 983 984 991 988 989 990 991 988 983 992 985 986 992 985 986 995 992 985 986 995 992 993 994 995 992
984 990 991 988 989 990 991 988 983 984 991 991 994 995 992 985 983 984 991 993 994 995 992 985 988 989 990 988 983 984 991 983 983 984 991 988 989 990 991 988 989 983 984 983 984 991 986 995 992 993 983 984 991 985 988 989 990 988 983 984 991 988 983 984 991 983 983 984 991 988
986 994 995 992 993 994 995 992 985 986 995 995 992 993 994 995 985 986 995 995 985 986 994 995 992 993 994 992 985 986 995 985 985 986 995 992 993 994 995 992 993 985 986 985 986 995 992 993 994 995 985 986 995 995 992 993 994 992 985 986 995 992 985 986 995 985 985 986 995 992
tile 17 0 0
tile 20 56 0
tile 21 112 0
tile 22 168 0
tile 25 224 0
tile 26 280 0
tile 28 336 0
tile 29 392 0
tile 30 448 0
tile 31 504 0
tile 32 560 0
tile 33 0 27
tile 34 56 27
tile 36 112 27
tile 37 168 27
tile 38 224 27
tile 39 280 27
tile 40 336 27
tile 41 392 27
tile 42 448 27
tile 43 504 27
tile 44 560 27
tile 45 0 54
tile 46 56 54
tile 47 112 54
tile 48 168 54
tile 49 224 54
tile 50 280 54
tile 51 336 54
tile 53 392 54
tile 54 448 54
tile 55 504 54
tile 56 560 54
tile 57 0 81
tile 58 56 81
tile 59 112 81
tile 60 168 81
tile 61 224 81
tile 62 280 81
tile 63 336 81
tile 64 392 81
tile 65 448 81
tile 66 504 81
tile 67 560 81
tile 87 0 108
tile 88 56 108
tile 89 112 108
tile 90 168 108
tile 91 224 108
tile 92 280 108
tile 93 336 108
tile 94 392 108
tile 95 448 108
tile 96 504 108
tile 97 560 108
tile 98 0 135
tile 99 56 135
tile 100 112 135
tile 101 168 135
tile 102 224 135
tile 752 280 135
tile 753 336 135
tile 754 392 135
tile 755 448 135
tile 756 504 135
tile 757 560 135
tile 758 0 162
tile 759 56 162
tile 760 112 162
tile 761 168 162
tile 762 224 162
tile 763 280 162
tile 765 336 162
tile 766 392 162
tile 767 448 162
tile 768 504 162
tile 770 560 162
tile 771 0 189
tile 772 56 189
tile 773 112 189
tile 774 168 189
tile 776 224 189
tile 779 280 189
tile 780 336 189
tile 781 392 189
tile 782 448 189
tile 783 504 189
tile 983 560 189
tile 984 0 216
tile 985 56 216
tile 986 112 216
tile 988 168 216
tile 989 224 216
tile 990 280 216
tile 991 336 216
tile 992 392 216
tile 993 448 216
tile 994 504 216
tile 995 560 216
tile 997 0 243
tile 998 56 243
tile 999 112 243
tile 1002 168 243
tile 1003 224 243
tile 1008 280 243
tile 1024 336 243
tile 1028 392 243
tile 1030 448 243
tile 1034 504 243
tile 1039 560 243
tile 1050 0 270
tile 1055 56 270
picture 13 1260 875 19 0
picture 14 784 172 171 0
picture 15 504 603 199 0
picture 16 308 0 227 0
picture 17 196 258 255 0
picture 18 140 272 269 0
picture 19 140 541 269 0
picture 20 196 513 255 0
picture 21 308 227 227 0
picture 22 504 802 199 0
picture 23 784 343 171 0
picture 24 1260 970 18 0
picture 61 1260 894 19 0
picture 62 784 514 171 0
picture 63 532 0 199 0
picture 64 308 454 227 0
picture 65 196 768 255 0
picture 66 168 0 269 0
picture 67 168 269 269 0
picture 68 224 0 255 0
picture 69 308 681 227 0
picture 70 532 199 199 0
picture 71 784 685 171 0
picture 72 1260 988 18 0
picture 183 1176 834 54 0
picture 184 1176 888 54 0
picture 189 1176 942 54 0
picture 190 1204 0 54 0
picture 191 1204 54 54 0
picture 192 1204 108 54 0
picture 197 1204 162 54 0
picture 198 1204 216 54 0
picture 329 1204 733 48 0
picture 330 1204 781 48 0
picture 331 1232 188 46 0
picture 332 1232 234 46 0
picture 333 1232 0 47 0
picture 334 1204 829 48 0
picture 335 1232 47 47 0
picture 336 1204 877 48 0
picture 337 1232 94 47 0
picture 338 1232 141 47 0
picture 339 1232 280 45 0
picture 340 1232 325 45 0
picture 341 1204 634 50 0
picture 342 1148 892 58 0
picture 343 1148 706 62 0
picture 344 1148 950 56 0
picture 678 1260 371 28 0
picture 679 1260 399 28 0
picture 680 1260 427 28 0
picture 682 1260 455 28 0
picture 683 1260 483 28 0
picture 684 1260 511 28 0
picture 685 1260 539 28 0
picture 686 1176 504 55 0
picture 687 1176 559 55 0
picture 688 1176 614 55 0
picture 689 1176 669 55 0
picture 692 1176 724 55 0
picture 693 1176 779 55 0
picture 694 1120 939 65 0
picture 695 1148 390 64 0
picture 696 1232 502 43 0
picture 697 1232 545 43 0
picture 700 1260 114 37 0
picture 701 1260 151 37 0
picture 745 1232 674 41 0
picture 746 1232 370 44 0
picture 747 1232 414 44 0
picture 748 1232 715 41 0
picture 751 1232 756 38 0
picture 752 1232 794 38 0
picture 2029 1148 0 65 0
picture 2030 1092 943 77 0
picture 2031 1148 454 63 0
picture 2032 1148 517 63 0
picture 2033 1120 0 77 0
picture 2034 1148 65 65 0
picture 2035 1148 130 65 0
picture 2036 1120 77 77 0
picture 2037 1148 580 63 0
picture 2038 1148 643 63 0
picture 2039 1120 154 77 0
picture 2040 1148 195 65 0
picture 2047 924 139 137 0
picture 2048 924 413 136 0
picture 2049 1260 567 28 0
picture 2050 980 379 125 0
picture 2051 980 127 126 0
picture 2052 1064 435 106 0
picture 2053 924 685 135 0
picture 2054 952 401 132 0
picture 2055 1148 260 65 0
picture 2056 1148 325 65 0
picture 2057 924 549 136 0
picture 2058 952 268 133 0
picture 2059 1008 125 124 0
picture 2060 1008 249 124 0
picture 2061 1120 231 74 0
picture 2062 1064 753 103 0
picture 2063 1036 491 121 0
picture 2064 1064 0 109 0
picture 2065 1232 588 43 0
picture 2066 1148 768 62 0
picture 2067 1204 925 48 0
picture 2068 1204 973 48 0
picture 2069 1148 830 62 0
picture 2070 1232 631 43 0
picture 2119 1232 832 38 0
picture 2120 1204 324 52 0
picture 2121 1232 870 38 0
picture 2122 1232 908 38 0
picture 2123 1204 376 52 0
picture 2124 1232 946 38 0
picture 2125 1232 984 38 0
picture 2126 1204 428 52 0
picture 2127 1260 0 38 0
picture 2128 1260 38 38 0
picture 2129 1204 480 52 0
picture 2130 1260 76 38 0
picture 2467 1260 595 28 0
picture 2468 1176 0 56 0
picture 2469 1176 56 56 0
picture 2470 1260 623 28 0
picture 2471 1260 651 28 0
picture 2472 1176 112 56 0
picture 2473 1176 168 56 0
picture 2474 1260 679 28 0
picture 2475 1260 707 28 0
picture 2476 1176 224 56 0
picture 2477 1176 280 56 0
picture 2478 1260 735 28 0
picture 2479 1260 763 28 0
picture 2480 1176 336 56 0
picture 2481 1176 392 56 0
picture 2482 1260 791 28 0
picture 2483 1260 819 28 0
picture 2484 1120 873 66 0
picture 2485 1176 448 56 0
picture 2486 1260 847 28 0
picture 2595 1092 0 102 0
picture 2596 896 780 147 0
picture 2597 896 632 148 0
picture 2598 1092 102 102 0
picture 2599 1204 270 54 0
picture 2902 980 504 125 0
picture 2903 896 165 156 0
picture 2904 700 559 183 0
picture 2905 448 203 202 0
picture 2906 672 0 187 0
picture 2908 1288 257 13 0
picture 2909 1288 201 14 0
picture 2910 700 187 186 0
picture 2911 420 207 206 0
picture 2912 532 398 198 0
picture 2913 952 0 134 0
picture 2914 1288 270 13 0
picture 2915 1288 215 14 0
picture 2916 672 187 187 0
picture 2917 420 619 203 0
picture 2918 672 374 187 0
picture 2944 980 629 125 0
picture 2945 896 321 156 0
picture 2946 700 742 183 0
picture 2947 448 405 202 0
picture 2948 672 561 187 0
picture 2956 1288 283 13 0
picture 2957 1288 229 14 0
picture 2958 700 373 186 0
picture 2959 420 413 206 0
picture 2960 532 596 198 0
picture 2961 952 134 134 0
picture 2962 1288 243 14 0
picture 2963 1288 186 15 0
picture 2964 672 748 187 0
picture 2965 448 0 203 0
picture 2966 700 0 187 0
picture 2998 896 477 155 0
picture 2999 756 548 176 0
picture 3000 728 0 183 0
picture 3001 728 183 183 0
picture 3002 868 171 169 0
picture 3005 728 366 183 0
picture 3006 448 607 202 0
picture 3007 420 0 207 0
picture 3008 560 582 193 0
picture 3009 896 0 165 0
picture 3011 756 724 176 0
picture 3012 728 549 183 0
picture 3013 728 732 183 0
picture 3014 868 340 169 0
picture 3056 1036 843 111 0
picture 3057 924 0 139 0
picture 3058 812 0 171 0
picture 3059 616 382 188 0
picture 3060 476 0 201 0
picture 3061 560 775 191 0
picture 3062 1008 373 123 0
picture 3072 1288 106 16 0
picture 3073 812 171 171 0
picture 3074 532 794 194 0
picture 3075 392 426 208 0
picture 3076 392 0 213 0
picture 3077 756 0 183 0
picture 3079 1288 296 13 0
picture 3080 812 342 171 0
picture 3081 616 570 188 0
picture 3082 476 201 201 0
picture 3083 588 0 191 0
picture 3084 1008 496 123 0
picture 3095 1008 619 123 0
picture 3096 588 191 191 0
picture 3097 476 402 201 0
picture 3098 616 758 188 0
picture 3099 812 513 171 0
picture 3100 924 276 137 0
picture 3101 1064 109 109 0
picture 3103 1008 742 123 0
picture 3104 588 382 191 0
picture 3105 476 603 201 0
picture 3106 644 0 188 0
picture 3107 812 684 171 0
picture 3108 1288 122 16 0
picture 3116 840 0 171 0
picture 3117 756 366 182 0
picture 3118 560 0 194 0
picture 3119 336 450 224 0
picture 3120 224 751 242 0
picture 3121 252 726 230 0
picture 3122 868 847 168 0
picture 3139 1260 1006 18 0
picture 3140 1288 0 18 0
picture 3141 364 0 220 0
picture 3142 252 0 242 0
picture 3143 280 0 230 0
picture 3144 1064 327 108 0
picture 3155 1064 218 109 0
picture 3156 280 230 230 0
picture 3157 252 242 242 0
picture 3158 336 674 224 0
picture 3159 560 194 194 0
picture 3160 868 509 169 0
picture 3161 1036 612 116 0
picture 3163 1064 541 106 0
picture 3164 280 460 230 0
picture 3165 252 484 242 0
picture 3166 364 220 220 0
picture 3167 1260 913 19 0
picture 3168 1288 18 18 0
picture 3170 336 0 225 0
picture 3171 140 0 272 0
picture 3172 196 0 258 0
picture 3173 336 225 225 0
picture 3174 1260 932 19 0
picture 3175 1288 36 18 0
picture 3176 980 754 125 0
picture 3177 952 533 132 0
picture 3178 840 171 171 0
picture 3179 644 188 188 0
picture 3180 476 804 201 0
picture 3181 588 573 191 0
picture 3182 1008 865 123 0
picture 3199 1288 138 16 0
picture 3200 840 342 171 0
picture 3201 644 376 188 0
picture 3202 504 0 201 0
picture 3203 588 764 191 0
picture 3204 1036 0 123 0
picture 3207 1036 123 123 0
picture 3208 616 0 191 0
picture 3209 504 201 201 0
picture 3210 644 564 188 0
picture 3211 840 513 171 0
picture 3212 952 665 132 0
picture 3213 980 879 125 0
picture 3223 1036 246 123 0
picture 3224 616 191 191 0
picture 3225 504 402 201 0
picture 3226 644 752 188 0
picture 3227 840 684 171 0
picture 3228 1288 154 16 0
picture 3230 756 183 183 0
picture 3231 392 213 213 0
picture 3232 392 634 208 0
picture 3233 560 388 194 0
picture 3234 868 0 171 0
picture 3235 1288 170 16 0
picture 3268 980 0 127 0
picture 3269 952 797 131 0
picture 3270 1064 856 103 0
picture 3271 1008 0 125 0
picture 3272 980 253 126 0
picture 3273 1064 647 106 0
picture 3274 1036 728 115 0
picture 3275 1036 369 122 0
picture 3276 1092 204 99 0
picture 4003 1120 305 71 0
picture 4004 1092 303 80 0
picture 4005 1120 376 71 0
picture 4006 1092 383 80 0
picture 4009 1120 447 71 0
picture 4010 1092 463 80 0
picture 4011 1120 518 71 0
picture 4012 1092 543 80 0
picture 4013 1120 589 71 0
picture 4014 1092 623 80 0
picture 4019 1120 660 71 0
picture 4020 1092 703 80 0
picture 4027 1092 783 80 0
picture 4028 1120 731 71 0
picture 4039 1092 863 80 0
picture 4040 1120 802 71 0
picture 4059 1260 336 35 0
picture 4060 1204 684 49 0
picture 4061 1232 458 44 0
picture 4271 1260 188 37 0
picture 4272 1204 532 51 0
picture 4273 1260 225 37 0
picture 4274 1260 262 37 0
picture 4275 1204 583 51 0
picture 4276 1260 299 37 0
picture 4453 784 0 172 0
picture 4454 448 809 202 0
picture 4455 280 690 229 0
picture 4456 168 538 260 0
picture 4457 84 0 339 0
picture 4458 28 0 382 0
picture 4459 56 0 377 0
picture 4460 56 377 354 0
picture 4461 28 382 382 0
picture 4462 0 0 419 0
picture 4463 0 419 396 0
picture 4464 112 0 289 0
picture 4465 868 678 169 0
picture 4466 924 820 135 0
picture 4837 1288 72 17 0
picture 4838 1288 89 17 0
picture 4839 364 440 220 0
picture 4840 224 255 248 0
picture 4841 112 289 276 0
picture 4842 84 339 290 0
picture 4843 84 629 290 0
picture 4844 112 565 276 0
picture 4845 224 503 248 0
picture 4846 364 660 220 0
picture 4847 1260 951 19 0
picture 4848 1288 54 18 0
object 1 0 left 747
object 1 0 right 748
object 2 0 left 747
object 2 0 right 748
object 4 0 left 745
object 4 0 right 746
object 5 0 left 747
object 5 0 right 748
object 6 0 right 3273
object 7 0 left 745
object 7 0 right 3276
object 9 0 left 745
object 9 0 right 746
object 10 0 left 747
object 10 0 right 748
object 11 0 left 747
object 11 0 right 3273
object 12 0 left 747
object 12 0 right 748
object 14 0 left 745
object 14 0 right 746
object 15 0 left 747
object 15 0 right 748
object 16 0 left 745
object 16 0 right 3273
object 17 0 left 745
object 17 0 right 746
object 18 0 left 747
object 18 0 right 3276
object 20 0 left 747
object 20 0 right 748
object 21 0 left 745
object 21 0 right 746
object 22 0 left 747
object 22 0 right 3273
object 23 0 left 343
object 23 0 right 344
object 25 0 left 747
object 25 0 right 748
object 27 0 right 2034
object 32 0 right 2034
object 34 0 left 745
object 34 0 right 746
object 35 0 left 747
object 35 0 right 748
object 36 0 left 745
object 36 0 right 746
object 37 0 left 747
object 37 0 right 748
object 39 0 left 745
object 39 0 right 746
object 40 0 left 747
object 40 0 right 748
object 41 0 left 745
object 41 0 right 3273
object 42 0 left 745
object 42 0 right 746
object 43 0 left 747
object 43 0 right 3276
object 45 0 left 747
object 45 0 right 748
object 46 0 left 745
object 46 0 right 746
object 47 0 left 747
object 47 0 right 3273
object 48 0 left 343
object 48 0 right 344
object 50 0 left 747
object 50 0 right 748
object 52 0 left 747
object 52 0 right 748
object 54 0 left 745
object 54 0 right 746
object 55 0 left 747
object 55 0 right 748
object 56 0 right 3273
object 57 0 right 3276
object 59 0 left 745
object 59 0 right 746
object 61 0 left 747
object 61 0 right 3273
object 63 0 left 747
object 63 0 right 748
object 64 0 left 745
object 64 0 right 746
object 65 0 left 747
object 65 0 right 748
object 66 0 right 3276
object 67 0 left 747
object 67 0 right 748
object 68 0 left 747
object 68 0 right 748
object 69 0 left 747
object 69 0 right 748
object 1 1 right 3273
object 2 1 left 745
object 2 1 right 746
object 3 1 left 335
object 3 1 right 336
object 4 1 left 341
object 4 1 right 342
object 5 1 left 335
object 5 1 right 336
object 6 1 left 3271
object 6 1 right 3272
object 7 1 left 3274
object 7 1 right 3275
object 8 1 left 343
object 8 1 right 344
object 9 1 left 747
object 9 1 right 748
object 10 1 left 331
object 10 1 right 332
object 11 1 left 3271
object 11 1 right 3272
object 12 1 left 343
object 12 1 right 344
object 13 1 left 341
object 13 1 right 342
object 14 1 left 335
object 14 1 right 336
object 16 1 left 3271
object 16 1 right 3272
object 17 1 left 331
object 17 1 right 332
object 18 1 left 3274
object 18 1 right 3275
object 21 1 left 747
object 21 1 right 748
object 22 1 left 3271
object 22 1 right 3272
object 23 1 left 335
object 23 1 right 336
object 24 1 left 339
object 24 1 right 340
object 25 1 left 341
object 25 1 right 342
object 27 1 left 2032
object 27 1 right 2033
object 32 1 left 2032
object 32 1 right 2033
object 33 1 left 343
object 33 1 right 344
object 34 1 left 747
object 34 1 right 748
object 36 1 left 747
object 36 1 right 748
object 37 1 left 343
object 37 1 right 344
object 38 1 left 341
object 38 1 right 342
object 39 1 left 335
object 39 1 right 336
object 41 1 left 3271
object 41 1 right 3272
object 42 1 left 331
object 42 1 right 332
object 43 1 left 3274
object 43 1 right 3275
object 46 1 left 747
object 46 1 right 748
object 47 1 left 3271
object 47 1 right 3272
object 48 1 left 335
object 48 1 right 336
object 49 1 left 339
object 49 1 right 340
object 50 1 left 341
object 50 1 right 342
object 52 1 left 745
object 52 1 right 746
object 53 1 left 335
object 53 1 right 336
object 54 1 left 341
object 54 1 right 342
object 55 1 left 335
object 55 1 right 336
object 56 1 left 3271
object 56 1 right 3272
object 57 1 left 3274
object 57 1 right 3275
object 60 1 left 331
object 60 1 right 332
object 61 1 left 3271
object 61 1 right 3272
object 66 1 left 3274
object 66 1 right 3275
object 69 1 right 3273
object 1 2 left 3271
object 1 2 right 3272
object 2 2 left 694
object 2 2 right 695
object 3 2 left 2062
object 4 2 left 2063
object 4 2 right 2064
object 5 2 left 2029
object 6 2 left 2030
object 6 2 right 2031
object 7 2 left 2056
object 8 2 left 2057
object 8 2 right 2058
object 9 2 left 2062
object 10 2 left 2063
object 10 2 right 2064
object 11 2 left 2029
object 12 2 left 2030
object 12 2 right 2031
object 13 2 left 2062
object 14 2 left 2063
object 14 2 right 2064
object 15 2 left 2056
object 16 2 left 2057
object 16 2 right 2058
object 17 2 left 2062
object 18 2 left 2063
object 18 2 right 2064
object 19 2 left 2029
object 20 2 left 2030
object 20 2 right 2031
object 21 2 left 2029
object 22 2 left 2030
object 22 2 right 2031
object 23 2 left 2056
object 24 2 left 2057
object 24 2 right 2058
object 25 2 left 2062
object 26 2 left 2063
object 26 2 right 2064
object 27 2 left 696
object 27 2 right 697
object 32 2 left 2056
object 33 2 left 2030
object 33 2 right 2031
object 34 2 left 2057
object 34 2 right 2058
object 35 2 left 2062
object 36 2 left 2063
object 36 2 right 2064
object 37 2 left 2029
object 38 2 left 2030
object 38 2 right 2031
object 39 2 left 2029
object 40 2 left 2030
object 40 2 right 2031
object 41 2 left 2056
object 42 2 left 2057
object 42 2 right 2058
object 43 2 left 2029
object 44 2 left 2030
object 44 2 right 2031
object 45 2 left 2062
object 46 2 left 2063
object 46 2 right 2064
object 47 2 left 2029
object 48 2 left 2030
object 48 2 right 2031
object 49 2 left 2056
object 50 2 left 2057
object 50 2 right 2058
object 51 2 left 2062
object 52 2 left 2063
object 52 2 right 2064
object 53 2 left 2029
object 54 2 left 2030
object 54 2 right 2031
object 55 2 left 2029
object 56 2 left 2030
object 56 2 right 2031
object 57 2 left 2056
object 58 2 left 2057
object 58 2 right 2058
object 59 2 left 2062
object 60 2 left 2063
object 60 2 right 2064
object 61 2 left 2029
object 62 2 left 2030
object 62 2 right 2031
object 63 2 left 2062
object 64 2 left 2063
object 64 2 right 2064
object 65 2 left 2056
object 65 2 right 2031
object 66 2 left 2057
object 66 2 right 2058
object 67 2 left 2030
object 67 2 right 2031
object 68 2 right 2034
object 69 2 left 3271
object 69 2 right 3272
object 1 3 right 3273
object 2 3 left 2032
object 2 3 right 2055
object 3 3 left 751
object 3 3 right 752
object 4 3 left 2128
object 5 3 left 2129
object 5 3 right 2130
object 6 3 left 2128
object 7 3 left 2129
object 7 3 right 2130
object 8 3 left 2129
object 8 3 right 2130
object 9 3 left 2128
object 9 3 right 2130
object 10 3 left 2129
object 10 3 right 2130
object 11 3 right 2124
object 15 3 right 2913
object 17 3 left 751
object 17 3 right 752
object 18 3 left 2128
object 19 3 left 2129
object 19 3 right 2130
object 20 3 left 2129
object 20 3 right 2130
object 21 3 right 2124
object 24 3 right 3009
object 25 3 right 2913
object 27 3 left 189
object 27 3 right 190
object 67 3 right 2052
object 68 3 left 2032
object 68 3 right 2033
object 69 3 right 3273
object 0 4 left 747
object 0 4 right 748
object 1 4 left 3271
object 1 4 right 3272
object 2 4 left 2053
object 2 4 right 2054
object 3 4 right 2127
object 4 4 right 3273
object 5 4 right 3276
object 6 4 left 335
object 6 4 right 336
object 7 4 left 343
object 7 4 right 344
object 9 4 right 3273
object 11 4 left 2122
object 11 4 right 2123
object 12 4 left 2908
object 13 4 left 2909
object 14 4 left 2910
object 15 4 left 2911
object 15 4 right 2912
object 17 4 left 2125
object 17 4 right 2126
object 21 4 left 2122
object 21 4 right 2123
object 23 4 left 3005
object 24 4 left 3006
object 24 4 right 3008
object 25 4 left 3007
object 25 4 right 3008
object 67 4 left 2050
object 67 4 right 2051
object 68 4 left 2032
object 68 4 right 2033
object 69 4 left 3271
object 69 4 right 3272
object 0 5 left 745
object 0 5 right 746
object 1 5 left 341
object 1 5 right 342
object 2 5 left 2032
object 2 5 right 2033
object 3 5 left 2125
object 3 5 right 2126
object 4 5 left 3271
object 4 5 right 3272
object 5 5 left 3274
object 5 5 right 3275
object 7 5 left 337
object 7 5 right 338
object 9 5 left 3271
object 9 5 right 3272
object 11 5 left 2122
object 11 5 right 2123
object 12 5 left 2914
object 13 5 left 2915
object 14 5 left 2916
object 15 5 left 2917
object 15 5 right 2918
object 17 5 right 2127
object 19 5 right 3273
object 21 5 right 2124
object 23 5 left 3011
object 24 5 left 3012
object 24 5 right 3014
object 25 5 left 3013
object 25 5 right 3014
object 45 5 right 2961
object 68 5 right 2034
object 69 5 left 341
object 69 5 right 342
object 1 6 left 335
object 1 6 right 336
object 2 6 right 2034
object 3 6 left 2125
object 3 6 right 2126
object 5 6 left 747
object 5 6 right 748
object 6 6 left 747
object 6 6 right 748
object 8 6 left 747
object 8 6 right 748
object 10 6 left 343
object 10 6 right 344
object 11 6 right 2124
object 12 6 left 2914
object 13 6 left 2915
object 14 6 left 2916
object 15 6 left 2917
object 15 6 right 2918
object 17 6 left 2125
object 17 6 right 2126
object 18 6 left 747
object 18 6 right 748
object 19 6 left 3271
object 19 6 right 3272
object 21 6 left 2122
object 21 6 right 2123
object 23 6 left 3011
object 24 6 left 3012
object 24 6 right 3014
object 25 6 left 3013
object 25 6 right 3014
object 42 6 left 2956
object 43 6 left 2957
object 44 6 left 2958
object 45 6 left 2959
object 45 6 right 2960
object 67 6 right 2049
object 68 6 left 2032
object 68 6 right 2033
object 69 6 left 335
object 69 6 right 336
object 1 7 right 3270
object 2 7 left 2032
object 2 7 right 2033
object 3 7 right 2127
object 6 7 right 3276
object 10 7 left 335
object 10 7 right 336
object 11 7 left 2122
object 11 7 right 2123
object 12 7 left 2914
object 13 7 left 2915
object 14 7 left 2916
object 15 7 left 2917
object 15 7 right 2918
object 17 7 right 2127
object 18 7 right 3270
object 19 7 right 3276
object 20 7 left 335
object 20 7 right 336
object 21 7 right 2124
object 23 7 left 3011
object 24 7 left 3012
object 24 7 right 3014
object 25 7 left 3013
object 25 7 right 3014
object 42 7 left 2962
object 43 7 left 2963
object 44 7 left 2964
object 45 7 left 2965
object 45 7 right 2966
object 67 7 left 2047
object 67 7 right 2048
object 68 7 right 2034
object 69 7 right 3270
object 1 8 left 3268
object 1 8 right 3269
object 2 8 right 2061
object 3 8 left 2125
object 3 8 right 2126
object 5 8 right 3270
object 6 8 left 3274
object 6 8 right 3275
object 10 8 right 3276
object 11 8 right 2124
object 12 8 left 2902
object 12 8 right 2049
object 13 8 left 2903
object 14 8 left 2904
object 15 8 left 2905
object 15 8 right 2906
object 17 8 left 2125
object 17 8 right 2126
object 18 8 left 3268
object 18 8 right 3269
object 19 8 left 3274
object 19 8 right 3275
object 20 8 left 343
object 20 8 right 344
object 21 8 left 2122
object 21 8 right 2123
object 22 8 left 2998
object 23 8 left 2999
object 24 8 left 3000
object 25 8 left 3001
object 25 8 right 3002
object 42 8 left 2962
object 43 8 left 2963
object 44 8 left 2964
object 45 8 left 2965
object 45 8 right 2966
object 62 8 right 2049
object 68 8 left 2032
object 68 8 right 2033
object 69 8 left 3268
object 69 8 right 3269
object 1 9 right 3276
object 2 9 left 2059
object 2 9 right 2060
object 3 9 left 2125
object 3 9 right 2126
object 5 9 left 3268
object 5 9 right 3269
object 6 9 left 747
object 6 9 right 748
object 9 9 left 747
object 9 9 right 748
object 10 9 left 3274
object 10 9 right 3275
object 11 9 left 2122
object 11 9 right 2123
object 15 9 left 4011
object 15 9 right 4012
object 17 9 left 2119
object 18 9 left 2120
object 18 9 right 2121
object 19 9 left 2119
object 20 9 left 2120
object 20 9 right 2121
object 21 9 left 696
object 21 9 right 697
object 25 9 left 4009
object 25 9 right 4010
object 42 9 left 2962
object 43 9 left 2963
object 44 9 left 2964
object 45 9 left 2965
object 45 9 right 2966
object 60 9 right 3161
object 62 9 left 2047
object 62 9 right 2048
object 67 9 right 2052
object 68 9 right 2034
object 69 9 right 3276
object 0 10 left 747
object 0 10 right 748
object 1 10 left 3274
object 1 10 right 3275
object 2 10 right 2034
object 3 10 left 2125
object 3 10 right 2127
object 4 10 right 3273
object 6 10 left 747
object 6 10 right 3270
object 7 10 left 335
object 7 10 right 336
object 8 10 left 343
object 8 10 right 344
object 10 10 right 3273
object 11 10 right 2124
object 42 10 left 2944
object 43 10 left 2945
object 44 10 left 2946
object 45 10 left 2947
object 45 10 right 2948
object 58 10 right 4848
object 59 10 right 3168
object 60 10 right 3160
object 67 10 left 2050
object 67 10 right 2051
object 68 10 left 2032
object 68 10 right 2033
object 69 10 left 3274
object 69 10 right 3275
object 0 11 left 747
object 0 11 right 748
object 1 11 left 343
object 1 11 right 344
object 2 11 left 2032
object 2 11 right 2033
object 3 11 left 2125
object 3 11 right 2126
object 4 11 left 3271
object 4 11 right 3272
object 6 11 left 3268
object 6 11 right 3269
object 9 11 left 747
object 9 11 right 748
object 10 11 left 3271
object 10 11 right 3272
object 11 11 left 2122
object 11 11 right 2123
object 12 11 right 2049
object 45 11 left 4005
object 45 11 right 4006
object 58 11 right 4847
object 59 11 right 3167
object 60 11 right 3159
object 67 11 right 2049
object 68 11 right 2034
object 69 11 left 343
object 69 11 right 344
object 1 12 left 335
object 1 12 right 336
object 2 12 right 2055
object 3 12 left 2119
object 4 12 left 2120
object 4 12 right 2121
object 5 12 left 2119
object 6 12 left 2120
object 6 12 right 2121
object 7 12 left 2119
object 8 12 left 2120
object 8 12 right 2121
object 9 12 left 2119
object 10 12 left 2120
object 10 12 right 2121
object 11 12 left 696
object 11 12 right 697
object 12 12 left 2047
object 12 12 right 2048
object 58 12 right 4846
object 59 12 right 3166
object 60 12 right 3158
object 67 12 left 2047
object 67 12 right 2048
object 68 12 left 2032
object 68 12 right 2033
object 69 12 left 335
object 69 12 right 336
object 1 13 right 3273
object 2 13 left 2053
object 2 13 right 2054
object 12 13 right 3213
object 58 13 right 4845
object 59 13 right 3165
object 60 13 right 3157
object 61 13 left 4039
object 61 13 right 4040
object 68 13 right 2034
object 69 13 right 3273
object 1 14 left 3271
object 1 14 right 3272
object 2 14 right 2034
object 10 14 right 24
object 11 14 right 3228
object 12 14 right 3212
object 58 14 left 4843
object 58 14 right 4844
object 59 14 left 3163
object 59 14 right 3164
object 60 14 left 3155
object 60 14 right 3156
object 62 14 right 2049
object 67 14 right 2052
object 68 14 left 2032
object 68 14 right 2033
object 69 14 left 3271
object 69 14 right 3272
object 1 15 left 747
object 1 15 right 748
object 2 15 left 2032
object 2 15 right 2033
object 10 15 right 23
object 11 15 right 3227
object 12 15 right 3211
object 53 15 left 4837
object 54 15 left 4838
object 55 15 left 4839
object 56 15 left 4840
object 57 15 left 4841
object 57 15 right 4842
object 62 15 left 2047
object 62 15 right 2048
object 67 15 left 2050
object 67 15 right 2051
object 68 15 right 2034
object 69 15 left 747
object 69 15 right 748
object 1 16 right 3276
object 2 16 right 2061
object 10 16 right 22
object 11 16 right 3226
object 12 16 right 3210
object 23 16 right 2052
object 31 16 right 2052
object 35 16 left 684
object 35 16 right 685
object 38 16 right 2052
object 53 16 left 3139
object 54 16 left 3140
object 55 16 left 3141
object 56 16 left 3142
object 57 16 left 3143
object 57 16 right 3144
object 59 16 left 751
object 59 16 right 752
object 60 16 left 2128
object 61 16 left 2129
object 61 16 right 2130
object 62 16 right 2124
object 68 16 left 2032
object 68 16 right 2033
object 69 16 right 3276
object 0 17 left 341
object 0 17 right 342
object 1 17 left 3274
object 1 17 right 3275
object 2 17 left 2059
object 2 17 right 2060
object 10 17 right 21
object 11 17 right 3225
object 12 17 right 3209
object 23 17 left 2050
object 23 17 right 2051
object 31 17 left 2050
object 31 17 right 2051
object 35 17 left 682
object 35 17 right 683
object 38 17 left 2050
object 38 17 right 2051
object 52 17 left 3116
object 53 17 left 3117
object 54 17 left 3118
object 55 17 left 3119
object 56 17 left 3120
object 57 17 left 3121
object 57 17 right 3122
object 58 17 right 2049
object 59 17 right 2127
object 60 17 right 3273
object 61 17 right 3276
object 62 17 left 2122
object 62 17 right 2123
object 67 17 right 2049
object 68 17 right 2034
object 69 17 left 3274
object 69 17 right 3275
object 0 18 right 3273
object 1 18 left 341
object 1 18 right 342
object 2 18 right 2061
object 5 18 left 3199
object 6 18 left 3200
object 7 18 left 3201
object 8 18 left 3202
object 9 18 left 3203
object 9 18 right 3204
object 10 18 left 19
object 10 18 right 20
object 11 18 left 3223
object 11 18 right 3224
object 12 18 left 3207
object 12 18 right 3208
object 23 18 right 4061
object 24 18 left 751
object 24 18 right 752
object 25 18 left 2128
object 25 18 right 2130
object 26 18 left 2129
object 26 18 right 2130
object 27 18 left 2128
object 27 18 right 2130
object 28 18 left 2129
object 28 18 right 2130
object 29 18 left 2128
object 29 18 right 2130
object 30 18 left 2129
object 30 18 right 2130
object 31 18 left 2128
object 31 18 right 2130
object 32 18 left 2129
object 32 18 right 2130
object 33 18 right 2124
object 35 18 left 682
object 35 18 right 683
object 38 18 left 751
object 38 18 right 752
object 39 18 left 2128
object 39 18 right 2130
object 40 18 left 2129
object 40 18 right 2130
object 41 18 left 2128
object 41 18 right 2130
object 42 18 left 2129
object 42 18 right 2130
object 43 18 left 2128
object 43 18 right 2130
object 44 18 left 2129
object 44 18 right 2130
object 45 18 left 2128
object 45 18 right 2130
object 46 18 left 2129
object 46 18 right 2130
object 47 18 left 2129
object 47 18 right 2130
object 48 18 right 2124
object 56 18 left 4019
object 56 18 right 4020
object 58 18 left 2047
object 58 18 right 2048
object 59 18 left 2125
object 59 18 right 2126
object 60 18 left 3271
object 60 18 right 3272
object 61 18 left 3274
object 61 18 right 3275
object 62 18 left 2122
object 62 18 right 2123
object 67 18 left 2047
object 67 18 right 2048
object 68 18 left 2032
object 68 18 right 2033
object 69 18 right 3270
object 0 19 left 3271
object 0 19 right 3272
object 1 19 left 747
object 1 19 right 748
object 2 19 left 2059
object 2 19 right 2060
object 5 19 left 13
object 6 19 left 14
object 7 19 left 15
object 8 19 left 16
object 9 19 left 17
object 9 19 right 18
object 23 19 left 4059
object 23 19 right 4060
object 24 19 left 2125
object 24 19 right 2126
object 28 19 right 3273
object 29 19 left 745
object 29 19 right 746
object 32 19 left 335
object 32 19 right 336
object 33 19 left 2122
object 33 19 right 2123
object 35 19 left 682
object 35 19 right 683
object 38 19 left 2125
object 38 19 right 2126
object 41 19 left 343
object 41 19 right 344
object 45 19 right 3276
object 46 19 left 747
object 46 19 right 748
object 48 19 left 2122
object 48 19 right 2123
object 59 19 left 2119
object 60 19 left 2120
object 60 19 right 2121
object 61 19 left 2120
object 61 19 right 2121
object 62 19 left 696
object 62 19 right 697
object 67 19 right 2052
object 68 19 right 2034
object 69 19 left 3268
object 69 19 right 3269
object 2 20 left 2053
object 2 20 right 2054
object 5 20 left 3199
object 6 20 left 3200
object 7 20 left 3201
object 8 20 left 3202
object 9 20 left 3203
object 9 20 right 3204
object 11 20 left 751
object 11 20 right 752
object 12 20 left 2128
object 13 20 left 2129
object 13 20 right 2130
object 14 20 right 2124
object 24 20 right 2127
object 25 20 right 3276
object 27 20 right 3270
object 28 20 left 3271
object 28 20 right 3272
object 32 20 right 3273
object 33 20 right 2124
object 35 20 left 682
object 35 20 right 683
object 38 20 right 2127
object 39 20 right 3273
object 41 20 right 3276
object 42 20 left 745
object 42 20 right 746
object 45 20 left 3274
object 45 20 right 3275
object 46 20 left 745
object 46 20 right 746
object 47 20 left 343
object 47 20 right 344
object 48 20 left 2122
object 48 20 right 2123
object 67 20 left 2050
object 67 20 right 2051
object 68 20 left 2032
object 68 20 right 2033
object 69 20 left 333
object 69 20 right 334
object 0 21 left 2029
object 1 21 left 2030
object 1 21 right 2031
object 2 21 left 696
object 2 21 right 697
object 4 21 left 3176
object 5 21 left 3177
object 6 21 left 3178
object 7 21 left 3179
object 8 21 left 3180
object 9 21 left 3181
object 9 21 right 3182
object 11 21 right 2127
object 12 21 right 3270
object 13 21 right 3276
object 14 21 left 2122
object 14 21 right 2123
object 24 21 left 2125
object 24 21 right 2126
object 25 21 left 3274
object 25 21 right 3275
object 26 21 left 745
object 26 21 right 746
object 27 21 left 3268
object 27 21 right 3269
object 28 21 left 329
object 28 21 right 330
object 29 21 left 335
object 29 21 right 336
object 30 21 left 343
object 30 21 right 344
object 31 21 left 745
object 31 21 right 746
object 32 21 left 3271
object 32 21 right 3272
object 33 21 left 2122
object 33 21 right 2123
object 35 21 left 682
object 35 21 right 683
object 38 21 left 2125
object 38 21 right 2126
object 39 21 left 3271
object 39 21 right 3272
object 41 21 left 3274
object 41 21 right 3275
object 42 21 left 747
object 42 21 right 748
object 43 21 left 745
object 43 21 right 746
object 45 21 right 3273
object 48 21 right 2124
object 68 21 left 2029
object 69 21 left 2030
object 69 21 right 2031
object 11 22 left 2125
object 11 22 right 2126
object 12 22 left 3268
object 12 22 right 3269
object 13 22 left 3274
object 13 22 right 3275
object 14 22 left 2122
object 14 22 right 2123
object 23 22 right 2052
object 24 22 right 2127
object 25 22 right 3273
object 28 22 left 2119
object 28 22 right 2124
object 29 22 left 2120
object 29 22 right 2121
object 30 22 left 2119
object 31 22 left 2120
object 31 22 right 2121
object 32 22 left 2120
object 32 22 right 2121
object 33 22 left 696
object 33 22 right 697
object 35 22 left 682
object 35 22 right 683
object 38 22 left 2119
object 39 22 left 2120
object 39 22 right 2121
object 40 22 left 2119
object 41 22 left 2120
object 41 22 right 2121
object 42 22 left 2120
object 42 22 right 2121
object 43 22 right 2127
object 45 22 left 3271
object 45 22 right 3272
object 46 22 left 747
object 46 22 right 748
object 48 22 left 2122
object 48 22 right 2123
object 11 23 left 2119
object 12 23 left 2120
object 12 23 right 2121
object 13 23 left 2120
object 13 23 right 2121
object 14 23 left 696
object 14 23 right 697
object 23 23 left 2050
object 23 23 right 2051
object 24 23 left 2125
object 24 23 right 2126
object 25 23 left 3271
object 25 23 right 3272
object 27 23 left 331
object 27 23 right 332
object 28 23 left 2122
object 28 23 right 2123
object 29 23 right 2049
object 35 23 left 682
object 35 23 right 683
object 42 23 right 2049
object 43 23 left 2125
object 43 23 right 2126
object 47 23 left 745
object 47 23 right 746
object 48 23 left 2122
object 48 23 right 2123
object 23 24 right 4061
object 24 24 right 2127
object 26 24 right 3276
object 27 24 left 343
object 27 24 right 344
object 28 24 right 2124
object 29 24 left 2047
object 29 24 right 2048
object 30 24 left 700
object 30 24 right 701
object 31 24 left 4271
object 32 24 left 4272
object 32 24 right 4273
object 33 24 left 4271
object 34 24 left 4272
object 34 24 right 4273
object 35 24 left 4271
object 36 24 left 4272
object 36 24 right 4273
object 37 24 left 4271
object 38 24 left 4272
object 38 24 right 4273
object 39 24 left 4271
object 40 24 left 4272
object 40 24 right 4273
object 41 24 right 2124
object 42 24 left 2047
object 42 24 right 2048
object 43 24 left 2125
object 43 24 right 2127
object 44 24 right 3273
object 47 24 right 3276
object 48 24 left 2122
object 48 24 right 2124
object 23 25 left 4059
object 23 25 right 4060
object 24 25 left 2125
object 24 25 right 2126
object 25 25 left 341
object 25 25 right 342
object 26 25 left 3274
object 26 25 right 3275
object 27 25 left 335
object 27 25 right 336
object 28 25 left 2122
object 28 25 right 2123
object 30 25 right 4276
object 41 25 left 2122
object 41 25 right 2123
object 43 25 left 2125
object 43 25 right 2126
object 44 25 left 3271
object 44 25 right 3272
object 45 25 left 335
object 45 25 right 336
object 46 25 left 341
object 46 25 right 342
object 47 25 left 3274
object 47 25 right 3275
object 48 25 left 2122
object 48 25 right 2123
object 17 26 left 191
object 17 26 right 192
object 24 26 left 2119
object 25 26 left 2120
object 25 26 right 2121
object 26 26 left 2119
object 27 26 left 2120
object 27 26 right 2121
object 28 26 left 696
object 28 26 right 697
object 30 26 left 4274
object 30 26 right 4275
object 41 26 right 2124
object 43 26 left 2119
object 44 26 left 2120
object 44 26 right 2121
object 45 26 left 2119
object 46 26 left 2120
object 46 26 right 2121
object 47 26 left 2120
object 47 26 right 2121
object 48 26 left 696
object 48 26 right 697
object 55 26 left 183
object 55 26 right 184
object 68 26 left 2029
object 69 26 left 2030
object 69 26 right 2031
object 0 27 left 2029
object 0 27 right 2031
object 1 27 left 2030
object 1 27 right 2031
object 2 27 right 2061
object 6 27 left 678
object 6 27 right 679
object 7 27 left 678
object 7 27 right 679
object 8 27 left 678
object 8 27 right 679
object 9 27 left 678
object 9 27 right 679
object 10 27 left 678
object 10 27 right 679
object 11 27 left 678
object 11 27 right 679
object 12 27 left 678
object 12 27 right 679
object 13 27 left 678
object 13 27 right 679
object 14 27 left 678
object 14 27 right 679
object 17 27 left 680
object 17 27 right 679
object 18 27 left 678
object 18 27 right 679
object 19 27 left 678
object 19 27 right 679
object 20 27 left 678
object 20 27 right 679
object 21 27 left 678
object 21 27 right 679
object 24 27 left 680
object 24 27 right 679
object 25 27 left 678
object 25 27 right 679
object 26 27 left 678
object 26 27 right 679
object 27 27 left 678
object 27 27 right 679
object 28 27 left 678
object 28 27 right 679
object 29 27 left 678
object 29 27 right 679
object 30 27 right 4276
object 37 27 right 2599
object 41 27 left 2122
object 41 27 right 2123
object 42 27 left 678
object 42 27 right 679
object 43 27 left 678
object 43 27 right 679
object 44 27 left 678
object 44 27 right 679
object 45 27 left 678
object 45 27 right 679
object 46 27 left 678
object 46 27 right 679
object 47 27 left 678
object 47 27 right 679
object 48 27 left 678
object 48 27 right 679
object 55 27 left 678
object 55 27 right 679
object 56 27 left 678
object 56 27 right 679
object 64 27 left 680
object 64 27 right 679
object 65 27 left 678
object 65 27 right 679
object 66 27 left 678
object 66 27 right 679
object 67 27 right 2052
object 68 27 right 2034
object 69 27 right 3276
object 0 28 left 747
object 0 28 right 748
object 1 28 right 3276
object 2 28 left 2059
object 2 28 right 2060
object 30 28 left 4274
object 30 28 right 4275
object 37 28 right 2598
object 41 28 right 2124
object 67 28 left 2050
object 67 28 right 2051
object 68 28 left 2032
object 68 28 right 2033
object 69 28 left 3274
object 69 28 right 3275
object 1 29 left 3274
object 1 29 right 3275
object 2 29 right 2034
object 11 29 right 3213
object 23 29 right 4061
object 24 29 left 2128
object 24 29 right 2127
object 25 29 left 2129
object 25 29 right 2130
object 26 29 left 2128
object 27 29 left 2129
object 27 29 right 2130
object 30 29 right 4276
object 36 29 left 2595
object 37 29 left 2596
object 37 29 right 2597
object 41 29 left 2122
object 41 29 right 2123
object 43 29 left 2128
object 43 29 right 2127
object 44 29 left 2129
object 44 29 right 2130
object 45 29 left 2128
object 46 29 left 2129
object 46 29 right 2130
object 47 29 left 2128
object 48 29 left 2129
object 48 29 right 2130
object 49 29 right 2124
object 67 29 left 2047
object 67 29 right 2048
object 68 29 right 2034
object 69 29 left 343
object 69 29 right 344
object 0 30 left 747
object 0 30 right 748
object 1 30 left 341
object 1 30 right 342
object 2 30 left 2032
object 2 30 right 2033
object 7 30 right 3235
object 8 30 right 3228
object 9 30 right 3228
object 10 30 right 3228
object 11 30 right 3212
object 17 30 right 2049
object 23 30 left 4059
object 23 30 right 4060
object 24 30 left 2125
object 24 30 right 2126
object 27 30 left 343
object 27 30 right 344
object 28 30 left 2122
object 28 30 right 2123
object 30 30 left 4274
object 30 30 right 4275
object 41 30 left 2122
object 41 30 right 2123
object 43 30 left 2125
object 43 30 right 2126
object 45 30 right 3276
object 46 30 left 341
object 46 30 right 342
object 49 30 left 2122
object 49 30 right 2123
object 50 30 right 2070
object 68 30 left 2032
object 68 30 right 2033
object 69 30 left 747
object 69 30 right 748
object 1 31 right 3270
object 2 31 left 2032
object 2 31 right 2033
object 7 31 right 3234
object 8 31 right 3227
object 9 31 right 3227
object 10 31 right 3227
object 11 31 right 3211
object 17 31 left 2047
object 17 31 right 2048
object 24 31 right 2127
object 26 31 right 3276
object 27 31 left 335
object 27 31 right 336
object 28 31 left 2122
object 28 31 right 2123
object 29 31 right 2049
object 30 31 left 2119
object 31 31 left 2120
object 31 31 right 2121
object 32 31 left 2119
object 33 31 left 2120
object 33 31 right 2121
object 34 31 left 2119
object 35 31 left 2120
object 35 31 right 2121
object 36 31 left 2119
object 37 31 left 2120
object 37 31 right 2121
object 38 31 left 2119
object 39 31 left 2120
object 39 31 right 2121
object 40 31 left 2120
object 40 31 right 2121
object 41 31 left 696
object 41 31 right 697
object 42 31 right 2049
object 43 31 left 2125
object 43 31 right 2126
object 45 31 left 3274
object 45 31 right 3275
object 47 31 left 335
object 47 31 right 336
object 49 31 left 2122
object 49 31 right 2123
object 50 31 left 2068
object 50 31 right 2069
object 67 31 right 2052
object 68 31 right 2034
object 69 31 right 3270
object 1 32 left 3268
object 1 32 right 3269
object 2 32 right 2034
object 7 32 right 3233
object 8 32 right 3226
object 9 32 right 3226
object 10 32 right 3226
object 11 32 right 3210
object 24 32 left 2125
object 24 32 right 2126
object 25 32 right 3273
object 26 32 left 3274
object 26 32 right 3275
object 28 32 left 2122
object 28 32 right 2123
object 29 32 left 2047
object 29 32 right 2048
object 35 32 left 682
object 35 32 right 683
object 42 32 left 2047
object 42 32 right 2048
object 43 32 left 2125
object 43 32 right 2126
object 44 32 left 747
object 44 32 right 748
object 48 32 left 747
object 48 32 right 748
object 49 32 right 2124
object 50 32 right 2052
object 67 32 left 2050
object 67 32 right 2051
object 68 32 left 2032
object 68 32 right 2033
object 69 32 left 3268
object 69 32 right 3269
object 1 33 left 341
object 1 33 right 342
object 2 33 left 2032
object 2 33 right 2033
object 7 33 right 3232
object 8 33 right 3225
object 9 33 right 3225
object 10 33 right 3225
object 11 33 right 3209
object 24 33 right 2127
object 25 33 left 3271
object 25 33 right 3272
object 27 33 left 747
object 27 33 right 748
object 28 33 left 2128
object 29 33 left 2129
object 29 33 right 2130
object 30 33 left 2129
object 30 33 right 2130
object 31 33 left 2128
object 32 33 left 2129
object 32 33 right 2130
object 33 33 right 2124
object 35 33 left 682
object 35 33 right 683
object 38 33 left 2128
object 38 33 right 2127
object 39 33 left 2129
object 39 33 right 2130
object 40 33 left 2128
object 41 33 left 2129
object 41 33 right 2130
object 42 33 left 2129
object 42 33 right 2130
object 43 33 left 696
object 43 33 right 697
object 47 33 right 3273
object 48 33 left 745
object 48 33 right 746
object 49 33 left 2122
object 49 33 right 2123
object 50 33 left 2050
object 50 33 right 2051
object 68 33 right 2034
object 69 33 left 341
object 69 33 right 342
object 1 34 left 747
object 1 34 right 748
object 2 34 right 2061
object 3 34 left 751
object 3 34 right 752
object 4 34 left 2128
object 5 34 left 2129
object 5 34 right 2130
object 6 34 right 2124
object 7 34 left 3230
object 7 34 right 3231
object 8 34 left 3223
object 8 34 right 3224
object 9 34 left 3223
object 9 34 right 3224
object 10 34 left 3223
object 10 34 right 3224
object 11 34 left 3207
object 11 34 right 3208
object 14 34 right 2049
object 24 34 left 2125
object 24 34 right 2126
object 28 34 left 745
object 28 34 right 746
object 29 34 left 747
object 29 34 right 748
object 32 34 left 335
object 32 34 right 336
object 33 34 left 2122
object 33 34 right 2123
object 35 34 left 682
object 35 34 right 683
object 38 34 left 2125
object 38 34 right 2126
object 39 34 left 343
object 39 34 right 344
object 41 34 right 3273
object 47 34 left 3271
object 47 34 right 3272
object 48 34 left 329
object 48 34 right 330
object 49 34 right 2124
object 57 34 left 3072
object 58 34 left 3073
object 59 34 left 3074
object 60 34 left 3075
object 61 34 left 3076
object 61 34 right 3077
object 67 34 right 2049
object 68 34 left 2032
object 68 34 right 2033
object 69 34 left 747
object 69 34 right 748
object 1 35 right 3273
object 2 35 left 2059
object 2 35 right 2060
object 3 35 right 2127
object 4 35 right 3273
object 5 35 left 339
object 5 35 right 340
object 6 35 left 2122
object 6 35 right 2123
object 14 35 left 2047
object 14 35 right 2048
object 24 35 right 2127
object 32 35 right 3276
object 33 35 right 2124
object 35 35 left 682
object 35 35 right 683
object 38 35 left 2125
object 38 35 right 2126
object 41 35 left 3271
object 41 35 right 3272
object 46 35 right 3276
object 48 35 left 343
object 48 35 right 344
object 49 35 left 2122
object 49 35 right 2123
object 57 35 left 3079
object 58 35 left 3080
object 59 35 left 3081
object 60 35 left 3082
object 61 35 left 3083
object 61 35 right 3084
object 67 35 left 2047
object 67 35 right 2048
object 68 35 right 2034
object 69 35 right 3273
object 0 36 left 747
object 0 36 right 748
object 1 36 left 3271
object 1 36 right 3272
object 2 36 right 2055
object 3 36 left 2125
object 3 36 right 2126
object 4 36 left 3271
object 4 36 right 3272
object 6 36 left 2128
object 7 36 left 2129
object 7 36 right 2130
object 8 36 left 2128
object 9 36 left 2129
object 9 36 right 2130
object 10 36 left 2128
object 11 36 left 2129
object 11 36 right 2130
object 12 36 right 2124
object 24 36 left 2125
object 24 36 right 2126
object 25 36 left 745
object 25 36 right 746
object 27 36 right 3276
object 29 36 right 3270
object 32 36 left 3274
object 32 36 right 3275
object 33 36 left 2122
object 33 36 right 2123
object 35 36 left 682
object 35 36 right 683
object 38 36 left 2125
object 38 36 right 2126
object 42 36 left 745
object 42 36 right 746
object 43 36 left 745
object 43 36 right 746
object 46 36 left 3274
object 46 36 right 3275
object 48 36 left 335
object 48 36 right 336
object 49 36 left 2122
object 49 36 right 2123
object 57 36 left 3079
object 58 36 left 3080
object 59 36 left 3081
object 60 36 left 3082
object 61 36 left 3083
object 61 36 right 3084
object 68 36 left 2032
object 68 36 right 2033
object 69 36 left 3271
object 69 36 right 3272
object 1 37 left 343
object 1 37 right 344
object 2 37 left 2053
object 2 37 right 2054
object 3 37 right 2127
object 4 37 right 3270
object 5 37 left 747
object 5 37 right 748
object 7 37 right 3276
object 9 37 right 3270
object 11 37 right 3273
object 12 37 left 2122
object 12 37 right 2123
object 23 37 right 4061
object 24 37 right 2127
object 25 37 right 3273
object 27 37 left 3274
object 27 37 right 3275
object 29 37 left 3268
object 29 37 right 3269
object 30 37 left 747
object 30 37 right 748
object 31 37 left 747
object 31 37 right 748
object 32 37 right 3273
object 33 37 right 2124
object 35 37 left 682
object 35 37 right 683
object 38 37 right 2127
object 39 37 right 3273
object 41 37 right 3276
object 44 37 left 747
object 44 37 right 748
object 46 37 right 3273
object 48 37 left 747
object 48 37 right 748
object 49 37 left 2122
object 49 37 right 2124
object 50 37 right 2070
object 57 37 left 3079
object 58 37 left 3080
object 59 37 left 3081
object 60 37 left 3082
object 61 37 left 3083
object 61 37 right 3084
object 68 37 right 2034
object 69 37 left 747
object 69 37 right 748
object 0 38 left 745
object 0 38 right 746
object 1 38 right 3276
object 2 38 right 2034
object 3 38 left 2125
object 3 38 right 2126
object 4 38 left 3268
object 4 38 right 3269
object 5 38 left 343
object 5 38 right 344
object 6 38 left 747
object 6 38 right 748
object 7 38 left 3274
object 7 38 right 3275
object 8 38 left 329
object 8 38 right 330
object 9 38 left 3268
object 9 38 right 3269
object 10 38 left 747
object 10 38 right 748
object 11 38 left 3271
object 11 38 right 3272
object 12 38 left 2122
object 12 38 right 2123
object 17 38 right 2049
object 23 38 left 4059
object 23 38 right 4060
object 24 38 left 2125
object 24 38 right 2126
object 25 38 left 3271
object 25 38 right 3272
object 26 38 left 335
object 26 38 right 336
object 27 38 left 343
object 27 38 right 344
object 28 38 left 329
object 28 38 right 330
object 29 38 left 745
object 29 38 right 746
object 30 38 left 747
object 30 38 right 748
object 32 38 left 3271
object 32 38 right 3272
object 33 38 left 2122
object 33 38 right 2123
object 35 38 left 682
object 35 38 right 683
object 38 38 left 2125
object 38 38 right 2126
object 39 38 left 3271
object 39 38 right 3272
object 40 38 left 335
object 40 38 right 336
object 41 38 left 3274
object 41 38 right 3275
object 46 38 left 3271
object 46 38 right 3272
object 47 38 left 745
object 47 38 right 746
object 49 38 left 2122
object 49 38 right 2123
object 50 38 left 2068
object 50 38 right 2069
object 56 38 left 3056
object 57 38 left 3057
object 58 38 left 3058
object 59 38 left 3059
object 60 38 left 3060
object 61 38 left 3061
object 61 38 right 3062
object 68 38 left 2032
object 68 38 right 2033
object 69 38 right 3276
object 0 39 left 343
object 0 39 right 344
object 1 39 left 3274
object 1 39 right 3275
object 2 39 left 2032
object 2 39 right 2033
object 3 39 left 2119
object 4 39 left 2120
object 4 39 right 2121
object 5 39 left 2119
object 6 39 left 2120
object 6 39 right 2121
object 7 39 left 2119
object 8 39 left 2120
object 8 39 right 2121
object 9 39 left 2119
object 10 39 left 2120
object 10 39 right 2121
object 11 39 left 2120
object 11 39 right 2121
object 12 39 left 696
object 12 39 right 697
object 17 39 left 2047
object 17 39 right 2048
object 24 39 left 2119
object 25 39 left 2120
object 25 39 right 2121
object 26 39 left 2119
object 27 39 left 2120
object 27 39 right 2121
object 28 39 left 2119
object 29 39 left 2120
object 29 39 right 2121
object 30 39 left 2119
object 31 39 left 2120
object 31 39 right 2121
object 32 39 left 2120
object 32 39 right 2121
object 33 39 left 696
object 33 39 right 697
object 35 39 left 682
object 35 39 right 683
object 38 39 left 2119
object 39 39 left 2120
object 39 39 right 2121
object 40 39 left 2119
object 41 39 left 2120
object 41 39 right 2121
object 42 39 left 2119
object 43 39 left 2120
object 43 39 right 2121
object 44 39 left 2119
object 45 39 left 2120
object 45 39 right 2121
object 46 39 left 2119
object 47 39 left 2120
object 47 39 right 2121
object 48 39 left 2120
object 48 39 right 2121
object 49 39 left 696
object 49 39 right 697
object 50 39 right 2052
object 60 39 left 4013
object 60 39 right 4014
object 68 39 right 2034
object 69 39 left 3274
object 69 39 right 3275
object 1 40 left 747
object 1 40 right 748
object 2 40 right 2034
object 24 40 left 2065
object 25 40 left 2066
object 25 40 right 2067
object 31 40 left 2065
object 32 40 left 2066
object 32 40 right 2067
object 38 40 left 2065
object 39 40 left 2066
object 39 40 right 2067
object 40 40 right 2052
object 46 40 right 2052
object 47 40 left 2065
object 47 40 right 2067
object 48 40 left 2066
object 48 40 right 2067
object 50 40 left 2050
object 50 40 right 2051
object 67 40 right 2049
object 68 40 left 2032
object 68 40 right 2033
object 69 40 left 747
object 69 40 right 748
object 1 41 right 3273
object 2 41 left 2032
object 2 41 right 2033
object 14 41 right 2049
object 40 41 left 2050
object 40 41 right 2051
object 46 41 left 2050
object 46 41 right 2051
object 67 41 left 2047
object 67 41 right 2048
object 68 41 right 2034
object 69 41 right 3273
object 0 42 left 335
object 0 42 right 336
object 1 42 left 3271
object 1 42 right 3272
object 2 42 right 2061
object 12 42 right 3101
object 14 42 left 2047
object 14 42 right 2048
object 29 42 right 2049
object 35 42 left 684
object 35 42 right 685
object 67 42 right 2052
object 68 42 left 2032
object 68 42 right 2033
object 69 42 left 3271
object 69 42 right 3272
object 0 43 left 341
object 0 43 right 342
object 1 43 left 747
object 1 43 right 748
object 2 43 left 2059
object 2 43 right 2060
object 10 43 right 72
object 11 43 right 3108
object 12 43 right 3100
object 26 43 right 3161
object 29 43 left 2047
object 29 43 right 2048
object 35 43 left 682
object 35 43 right 683
object 47 43 right 2049
object 64 43 right 2049
object 67 43 left 2050
object 67 43 right 2051
object 68 43 right 2034
object 69 43 left 747
object 69 43 right 748
object 1 44 left 333
object 1 44 right 334
object 2 44 right 2034
object 10 44 right 71
object 11 44 right 3107
object 12 44 right 3099
object 22 44 right 3175
object 23 44 right 3168
object 24 44 right 3168
object 25 44 right 3168
object 26 44 right 3160
object 32 44 right 2049
object 35 44 left 682
object 35 44 right 683
object 45 44 right 2961
object 47 44 left 2047
object 47 44 right 2048
object 64 44 left 2047
object 64 44 right 2048
object 68 44 left 2032
object 68 44 right 2033
object 69 44 left 333
object 69 44 right 334
object 1 45 left 343
object 1 45 right 344
object 2 45 left 2032
object 2 45 right 2033
object 10 45 right 70
object 11 45 right 3106
object 12 45 right 3098
object 17 45 right 2049
object 22 45 right 3174
object 23 45 right 3167
object 24 45 right 3167
object 25 45 right 3167
object 26 45 right 3159
object 32 45 left 2047
object 32 45 right 2048
object 35 45 left 682
object 35 45 right 683
object 42 45 left 2956
object 43 45 left 2957
object 44 45 left 2958
object 45 45 left 2959
object 45 45 right 2960
object 63 45 left 694
object 63 45 right 695
object 64 45 left 2029
object 65 45 left 2030
object 65 45 right 2031
object 66 45 left 2029
object 67 45 left 2030
object 67 45 right 2031
object 68 45 left 696
object 68 45 right 3276
object 69 45 left 343
object 69 45 right 344
object 0 46 left 747
object 0 46 right 748
object 1 46 left 341
object 1 46 right 342
object 2 46 right 2061
object 10 46 right 69
object 11 46 right 3105
object 12 46 right 3097
object 13 46 left 4027
object 13 46 right 4028
object 17 46 left 2047
object 17 46 right 2048
object 22 46 right 3173
object 23 46 right 3166
object 24 46 right 3166
object 25 46 right 3166
object 26 46 right 3158
object 42 46 left 2962
object 43 46 left 2963
object 44 46 left 2964
object 45 46 left 2965
object 45 46 right 2966
object 63 46 right 2034
object 65 46 right 3273
object 67 46 left 747
object 67 46 right 748
object 68 46 left 3274
object 68 46 right 3275
object 69 46 left 341
object 69 46 right 342
object 1 47 left 747
object 1 47 right 748
object 2 47 left 2059
object 2 47 right 2060
object 10 47 left 67
object 10 47 right 68
object 11 47 left 3103
object 11 47 right 3104
object 12 47 left 3095
object 12 47 right 3096
object 14 47 right 2049
object 22 47 right 3172
object 23 47 right 3165
object 24 47 right 3165
object 25 47 right 3165
object 26 47 right 3157
object 42 47 left 2962
object 43 47 left 2963
object 44 47 left 2964
object 45 47 left 2965
object 45 47 right 2966
object 62 47 right 2049
object 63 47 left 2032
object 63 47 right 2033
object 64 47 left 747
object 64 47 right 748
object 65 47 left 3271
object 65 47 right 3272
object 66 47 left 747
object 66 47 right 748
object 69 47 left 747
object 69 47 right 748
object 1 48 right 3270
object 2 48 right 2055
object 5 48 left 61
object 6 48 left 62
object 7 48 left 63
object 8 48 left 64
object 9 48 left 65
object 9 48 right 66
object 14 48 left 2047
object 14 48 right 2048
object 22 48 left 3170
object 22 48 right 3171
object 23 48 left 3163
object 23 48 right 3164
object 24 48 left 3163
object 24 48 right 3164
object 25 48 left 3163
object 25 48 right 3164
object 26 48 left 3155
object 26 48 right 3156
object 29 48 right 2049
object 35 48 left 684
object 35 48 right 685
object 42 48 left 2962
object 43 48 left 2963
object 44 48 left 2964
object 45 48 left 2965
object 45 48 right 2966
object 62 48 left 2047
object 62 48 right 2048
object 63 48 right 2034
object 64 48 left 747
object 64 48 right 748
object 69 48 right 3270
object 0 49 left 343
object 0 49 right 344
object 1 49 left 3268
object 1 49 right 3269
object 2 49 left 2053
object 2 49 right 2054
object 5 49 left 3079
object 6 49 left 3080
object 7 49 left 3081
object 8 49 left 3082
object 9 49 left 3083
object 9 49 right 3084
object 11 49 left 751
object 11 49 right 752
object 12 49 left 2128
object 13 49 left 2129
object 13 49 right 2130
object 14 49 right 2124
object 19 49 left 751
object 19 49 right 752
object 20 49 left 2129
object 20 49 right 2130
object 21 49 left 2128
object 22 49 left 2129
object 22 49 right 2130
object 23 49 left 2128
object 24 49 left 2129
object 24 49 right 2130
object 25 49 left 2128
object 26 49 left 2129
object 26 49 right 2130
object 27 49 right 2124
object 29 49 left 2047
object 29 49 right 2048
object 35 49 left 682
object 35 49 right 683
object 42 49 left 2944
object 43 49 left 2945
object 44 49 left 2946
object 45 49 left 2947
object 45 49 right 2948
object 63 49 left 2032
object 63 49 right 2033
object 64 49 left 341
object 64 49 right 342
object 67 49 right 3276
object 68 49 left 745
object 68 49 right 746
object 69 49 left 3268
object 69 49 right 3269
object 1 50 left 747
object 1 50 right 748
object 2 50 right 2034
object 4 50 left 3056
object 5 50 left 3057
object 6 50 left 3058
object 7 50 left 3059
object 8 50 left 3060
object 9 50 left 3061
object 9 50 right 3062
object 11 50 right 2127
object 12 50 right 3273
object 13 50 left 335
object 13 50 right 336
object 14 50 left 2122
object 14 50 right 2123
object 19 50 right 2127
object 20 50 right 3270
object 21 50 left 335
object 21 50 right 336
object 23 50 right 3273
object 24 50 left 747
object 24 50 right 748
object 26 50 right 3276
object 27 50 left 2122
object 27 50 right 2123
object 35 50 left 682
object 35 50 right 683
object 63 50 right 2034
object 64 50 left 343
object 64 50 right 344
object 67 50 left 3274
object 67 50 right 3275
object 69 50 left 747
object 69 50 right 748
object 1 51 left 343
object 1 51 right 344
object 2 51 left 2032
object 2 51 right 2033
object 4 51 right 2049
object 8 51 left 4003
object 8 51 right 4004
object 10 51 right 2049
object 11 51 left 2125
object 11 51 right 2126
object 12 51 left 3271
object 12 51 right 3272
object 13 51 left 343
object 13 51 right 344
object 14 51 left 2122
object 14 51 right 2123
object 17 51 right 2049
object 19 51 left 2125
object 19 51 right 2126
object 20 51 left 3268
object 20 51 right 3269
object 21 51 left 343
object 21 51 right 344
object 22 51 left 331
object 22 51 right 332
object 23 51 left 3271
object 23 51 right 3272
object 24 51 left 747
object 24 51 right 748
object 25 51 left 343
object 25 51 right 344
object 26 51 left 3274
object 26 51 right 3275
object 27 51 left 2122
object 27 51 right 2123
object 35 51 left 682
object 35 51 right 683
object 41 51 right 2049
object 47 51 right 2049
object 63 51 left 2032
object 63 51 right 2033
object 64 51 right 3276
object 65 51 left 747
object 65 51 right 748
object 67 51 right 3273
object 68 51 left 745
object 68 51 right 746
object 69 51 left 343
object 69 51 right 344
object 0 52 left 747
object 0 52 right 748
object 1 52 left 335
object 1 52 right 336
object 2 52 right 2061
object 4 52 left 2047
object 4 52 right 2048
object 10 52 left 2047
object 10 52 right 2048
object 11 52 left 2119
object 12 52 left 2120
object 12 52 right 2121
object 13 52 left 2120
object 13 52 right 2121
object 14 52 left 696
object 14 52 right 697
object 17 52 left 2047
object 17 52 right 2048
object 19 52 left 2119
object 20 52 left 2120
object 20 52 right 2121
object 21 52 left 2119
object 22 52 left 2120
object 22 52 right 2121
object 23 52 left 2119
object 24 52 left 2120
object 24 52 right 2121
object 25 52 left 2119
object 26 52 left 2120
object 26 52 right 2121
object 27 52 left 696
object 27 52 right 697
object 32 52 right 2049
object 35 52 left 682
object 35 52 right 683
object 41 52 left 2047
object 41 52 right 2048
object 47 52 left 2047
object 47 52 right 2048
object 51 52 right 2052
object 56 52 right 2052
object 60 52 right 2049
object 61 52 right 2052
object 63 52 right 2034
object 64 52 left 3274
object 64 52 right 3275
object 65 52 left 747
object 65 52 right 748
object 67 52 left 3271
object 67 52 right 3272
object 69 52 left 335
object 69 52 right 336
object 1 53 left 341
object 1 53 right 342
object 2 53 left 2059
object 2 53 right 2060
object 32 53 left 2047
object 32 53 right 2048
object 35 53 left 682
object 35 53 right 683
object 51 53 left 2050
object 51 53 right 2051
object 53 53 left 2047
object 53 53 right 2048
object 56 53 left 2050
object 56 53 right 2051
object 60 53 left 2047
object 60 53 right 2048
object 61 53 left 2050
object 61 53 right 2051
object 63 53 left 2032
object 63 53 right 2033
object 64 53 right 3273
object 65 53 left 747
object 65 53 right 748
object 69 53 left 341
object 69 53 right 342
object 1 54 right 3270
object 2 54 right 2034
object 35 54 left 682
object 35 54 right 683
object 49 54 right 2049
object 50 54 left 694
object 50 54 right 695
object 51 54 left 2029
object 52 54 left 2030
object 52 54 right 2031
object 53 54 left 2029
object 54 54 left 2030
object 54 54 right 2031
object 55 54 left 2029
object 56 54 left 2030
object 56 54 right 2031
object 57 54 left 2029
object 58 54 left 2030
object 58 54 right 2031
object 59 54 left 2029
object 60 54 left 2030
object 60 54 right 2031
object 61 54 left 2029
object 62 54 left 2030
object 62 54 right 2031
object 63 54 left 343
object 63 54 right 344
object 64 54 left 3271
object 64 54 right 3272
object 69 54 right 3270
object 0 55 left 745
object 0 55 right 746
object 1 55 left 3268
object 1 55 right 3269
object 2 55 left 2032
object 2 55 right 2033
object 4 55 right 2049
object 10 55 right 2049
object 35 55 left 682
object 35 55 right 683
object 50 55 right 2034
object 51 55 left 747
object 51 55 right 748
object 52 55 right 3276
object 55 55 left 343
object 55 55 right 344
object 56 55 left 335
object 56 55 right 336
object 57 55 left 747
object 57 55 right 748
object 59 55 left 745
object 59 55 right 746
object 60 55 left 747
object 60 55 right 748
object 61 55 right 3276
object 64 55 left 335
object 64 55 right 336
object 66 55 left 747
object 66 55 right 748
object 68 55 right 3273
object 69 55 left 3268
object 69 55 right 3269
object 1 56 left 335
object 1 56 right 336
object 2 56 right 2040
object 4 56 left 2047
object 4 56 right 2048
object 10 56 left 2047
object 10 56 right 2048
object 18 56 right 2049
object 35 56 left 682
object 35 56 right 683
object 50 56 left 2032
object 50 56 right 2033
object 51 56 right 3273
object 52 56 left 3274
object 52 56 right 3275
object 55 56 right 3273
object 60 56 right 3270
object 61 56 left 3274
object 61 56 right 3275
object 62 56 left 747
object 62 56 right 748
object 67 56 left 745
object 67 56 right 746
object 68 56 left 3271
object 68 56 right 3272
object 69 56 left 335
object 69 56 right 336
object 1 57 left 343
object 1 57 right 344
object 2 57 left 2038
object 2 57 right 2039
object 7 57 left 751
object 7 57 right 752
object 8 57 left 2129
object 8 57 right 2130
object 9 57 left 2128
object 10 57 left 2129
object 10 57 right 2130
object 11 57 left 2128
object 12 57 left 2129
object 12 57 right 2130
object 13 57 left 2128
object 14 57 left 2129
object 14 57 right 2130
object 15 57 left 2128
object 16 57 left 2129
object 16 57 right 2130
object 17 57 right 2124
object 18 57 left 2047
object 18 57 right 2048
object 22 57 left 751
object 22 57 right 752
object 23 57 left 2129
object 23 57 right 2130
object 24 57 left 2128
object 25 57 left 2129
object 25 57 right 2130
object 26 57 left 2128
object 27 57 left 2129
object 27 57 right 2130
object 28 57 left 2128
object 29 57 left 2129
object 29 57 right 2130
object 30 57 left 2128
object 31 57 left 2129
object 31 57 right 2130
object 32 57 right 2124
object 35 57 left 682
object 35 57 right 683
object 38 57 left 751
object 38 57 right 752
object 39 57 left 2129
object 39 57 right 2130
object 40 57 left 2128
object 41 57 left 2129
object 41 57 right 2130
object 42 57 left 2128
object 43 57 left 2129
object 43 57 right 2130
object 44 57 left 2128
object 45 57 left 2129
object 45 57 right 2130
object 46 57 left 2128
object 47 57 left 2129
object 47 57 right 2130
object 48 57 right 2124
object 50 57 left 2032
object 50 57 right 2033
object 51 57 left 3271
object 51 57 right 3272
object 53 57 left 343
object 53 57 right 344
object 54 57 left 335
object 54 57 right 336
object 55 57 left 3271
object 55 57 right 3272
object 60 57 left 3268
object 60 57 right 3269
object 63 57 left 745
object 63 57 right 746
object 65 57 right 3273
object 68 57 left 747
object 68 57 right 748
object 69 57 left 343
object 69 57 right 344
object 0 58 right 3273
object 1 58 left 341
object 1 58 right 342
object 2 58 right 2061
object 7 58 right 2127
object 8 58 right 3273
object 10 58 right 3270
object 11 58 right 3276
object 12 58 left 747
object 12 58 right 748
object 14 58 right 3276
object 15 58 left 747
object 15 58 right 748
object 16 58 right 3270
object 17 58 left 2122
object 17 58 right 2123
object 22 58 right 2127
object 23 58 right 3276
object 25 58 right 3270
object 28 58 right 3273
object 31 58 right 3273
object 32 58 left 2122
object 32 58 right 2123
object 35 58 left 682
object 35 58 right 683
object 38 58 right 2127
object 39 58 right 3270
object 41 58 right 3273
object 43 58 right 3276
object 45 58 right 3276
object 47 58 right 3273
object 48 58 left 2122
object 48 58 right 2123
object 50 58 left 2029
object 51 58 left 2030
object 51 58 right 2031
object 52 58 left 2035
object 53 58 left 2036
object 53 58 right 2037
object 54 58 left 2056
object 55 58 left 2057
object 55 58 right 2058
object 56 58 left 2035
object 57 58 left 2036
object 57 58 right 2037
object 58 58 left 2062
object 59 58 left 2063
object 59 58 right 2064
object 60 58 left 2029
object 61 58 left 2030
object 61 58 right 2031
object 62 58 right 2034
object 64 58 left 747
object 64 58 right 748
object 65 58 left 3271
object 65 58 right 3272
object 66 58 left 747
object 66 58 right 748
object 69 58 left 341
object 69 58 right 342
object 0 59 left 3271
object 0 59 right 3272
object 1 59 left 747
object 1 59 right 748
object 2 59 left 2059
object 2 59 right 2060
object 7 59 left 2125
object 7 59 right 2126
object 8 59 left 3271
object 8 59 right 3272
object 9 59 left 343
object 9 59 right 344
object 10 59 left 3268
object 10 59 right 3269
object 11 59 left 3274
object 11 59 right 3275
object 12 59 left 333
object 12 59 right 334
object 13 59 left 341
object 13 59 right 342
object 14 59 left 3274
object 14 59 right 3275
object 15 59 left 747
object 15 59 right 748
object 16 59 left 3268
object 16 59 right 3269
object 17 59 left 2122
object 17 59 right 2123
object 22 59 left 2125
object 22 59 right 2126
object 23 59 left 3274
object 23 59 right 3275
object 24 59 left 747
object 24 59 right 748
object 25 59 left 3268
object 25 59 right 3269
object 26 59 left 333
object 26 59 right 334
object 27 59 left 343
object 27 59 right 344
object 28 59 left 3271
object 28 59 right 3272
object 29 59 left 331
object 29 59 right 332
object 30 59 left 341
object 30 59 right 342
object 31 59 left 3271
object 31 59 right 3272
object 32 59 left 2122
object 32 59 right 2123
object 38 59 left 2125
object 38 59 right 2126
object 39 59 left 3268
object 39 59 right 3269
object 40 59 left 747
object 40 59 right 748
object 41 59 left 3271
object 41 59 right 3272
object 42 59 left 747
object 42 59 right 748
object 43 59 left 3274
object 43 59 right 3275
object 44 59 left 747
object 44 59 right 748
object 45 59 left 3274
object 45 59 right 3275
object 47 59 left 3271
object 47 59 right 3272
object 48 59 left 2122
object 48 59 right 2123
object 62 59 left 2032
object 62 59 right 2033
object 63 59 left 3271
object 63 59 right 3272
object 64 59 left 343
object 64 59 right 344
object 65 59 left 335
object 65 59 right 336
object 69 59 left 343
object 69 59 right 344
object 0 60 left 747
object 0 60 right 748
object 1 60 left 343
object 1 60 right 344
object 2 60 right 2055
object 7 60 left 2119
object 8 60 left 2120
object 8 60 right 2121
object 9 60 left 2119
object 10 60 left 2120
object 10 60 right 2121
object 11 60 left 2119
object 12 60 left 2120
object 12 60 right 2121
object 13 60 left 2119
object 14 60 left 2120
object 14 60 right 2121
object 15 60 left 2119
object 16 60 left 2120
object 16 60 right 2121
object 17 60 left 696
object 17 60 right 697
object 22 60 left 2119
object 23 60 left 2120
object 23 60 right 2121
object 24 60 left 2119
object 25 60 left 2120
object 25 60 right 2121
object 26 60 left 2119
object 27 60 left 2120
object 27 60 right 2121
object 28 60 left 2119
object 29 60 left 2120
object 29 60 right 2121
object 30 60 left 2119
object 31 60 left 2120
object 31 60 right 2121
object 32 60 left 696
object 32 60 right 697
object 38 60 left 2119
object 39 60 left 2120
object 39 60 right 2121
object 40 60 left 2119
object 41 60 left 2120
object 41 60 right 2121
object 42 60 left 2119
object 43 60 left 2120
object 43 60 right 2121
object 44 60 left 2119
object 45 60 left 2120
object 45 60 right 2121
object 46 60 left 2119
object 47 60 left 2120
object 47 60 right 2121
object 48 60 left 696
object 48 60 right 697
object 62 60 left 2035
object 63 60 left 2036
object 63 60 right 2037
object 64 60 left 2056
object 65 60 left 2057
object 65 60 right 2058
object 66 60 left 2035
object 67 60 left 2036
object 67 60 right 2037
object 68 60 left 2062
object 69 60 left 2063
object 69 60 right 2064
object 2 61 left 2053
object 2 61 right 2054
object 0 62 left 2062
object 1 62 left 2063
object 1 62 right 2064
object 2 62 left 696
object 2 62 right 697
object 0 63 left 686
object 0 63 right 687
object 43 63 left 197
object 43 63 right 198
object 0 64 left 686
object 0 64 right 687
object 1 64 right 2070
object 0 65 left 686
object 0 65 right 687
object 1 65 left 2068
object 1 65 right 2069
object 2 65 left 688
object 2 65 right 689
object 3 65 left 688
object 3 65 right 689
object 4 65 left 688
object 4 65 right 689
object 5 65 left 688
object 5 65 right 689
object 6 65 left 688
object 6 65 right 689
object 7 65 left 688
object 7 65 right 689
object 8 65 left 688
object 8 65 right 689
object 9 65 left 688
object 9 65 right 689
object 10 65 left 688
object 10 65 right 689
object 11 65 left 688
object 11 65 right 689
object 12 65 left 688
object 12 65 right 689
object 13 65 left 688
object 13 65 right 689
object 16 65 left 688
object 16 65 right 689
object 17 65 left 688
object 17 65 right 689
object 18 65 left 688
object 18 65 right 689
object 19 65 left 688
object 19 65 right 689
object 20 65 left 688
object 20 65 right 689
object 21 65 left 688
object 21 65 right 689
object 22 65 left 688
object 22 65 right 689
object 23 65 left 688
object 23 65 right 689
object 24 65 left 688
object 24 65 right 689
object 25 65 left 688
object 25 65 right 689
object 26 65 left 688
object 26 65 right 689
object 27 65 left 688
object 27 65 right 689
object 28 65 left 688
object 28 65 right 689
object 29 65 left 688
object 29 65 right 689
object 30 65 left 688
object 30 65 right 689
object 31 65 left 688
object 31 65 right 689
object 32 65 left 688
object 32 65 right 689
object 33 65 left 688
object 33 65 right 689
object 34 65 left 688
object 34 65 right 689
object 35 65 left 688
object 35 65 right 689
object 36 65 left 688
object 36 65 right 689
object 37 65 left 688
object 37 65 right 689
object 38 65 left 688
object 38 65 right 689
object 39 65 left 688
object 39 65 right 689
object 40 65 left 688
object 40 65 right 689
object 41 65 left 688
object 41 65 right 689
object 42 65 left 688
object 42 65 right 689
object 43 65 left 688
object 43 65 right 689
object 46 65 left 688
object 46 65 right 689
object 47 65 left 688
object 47 65 right 689
object 48 65 left 688
object 48 65 right 689
object 49 65 left 688
object 49 65 right 689
object 50 65 left 688
object 50 65 right 689
object 51 65 left 688
object 51 65 right 689
object 52 65 left 688
object 52 65 right 689
object 53 65 left 688
object 53 65 right 689
object 54 65 left 688
object 54 65 right 689
object 55 65 left 688
object 55 65 right 689
object 56 65 left 688
object 56 65 right 689
object 57 65 left 688
object 57 65 right 689
object 58 65 left 688
object 58 65 right 689
object 59 65 left 688
object 59 65 right 689
object 60 65 left 688
object 60 65 right 689
object 61 65 left 688
object 61 65 right 689
object 62 65 left 688
object 62 65 right 689
object 63 65 left 688
object 63 65 right 689
object 64 65 left 688
object 64 65 right 689
object 65 65 left 688
object 65 65 right 689
object 66 65 left 688
object 66 65 right 689
object 67 65 left 688
object 67 65 right 689
object 68 65 left 688
object 68 65 right 689
object 69 65 left 688
object 69 65 right 689
object 0 66 left 692
object 0 66 right 693
object 1 66 left 688
object 1 66 right 689
object 3 66 right 2478
object 5 66 right 2474
object 7 66 right 2470
object 9 66 right 2474
object 11 66 right 2470
object 13 66 right 2474
object 17 66 right 2478
object 19 66 right 2470
object 21 66 right 2474
object 23 66 right 2470
object 25 66 right 2474
object 27 66 right 2470
object 29 66 right 2474
object 31 66 right 2470
object 33 66 right 2474
object 35 66 right 2470
object 37 66 right 2474
object 39 66 right 2470
object 41 66 right 2474
object 43 66 right 2470
object 47 66 right 2478
object 49 66 right 2474
object 51 66 right 2470
object 53 66 right 2474
object 55 66 right 2470
object 57 66 right 2474
object 59 66 right 2470
object 61 66 right 2474
object 63 66 right 2470
object 65 66 right 2474
object 67 66 right 2474
object 69 66 right 2474
object 2 67 left 2475
object 3 67 left 2476
object 3 67 right 2477
object 4 67 left 2471
object 5 67 left 2472
object 5 67 right 2473
object 6 67 left 2467
object 7 67 left 2468
object 7 67 right 2469
object 8 67 left 2471
object 9 67 left 2472
object 9 67 right 2473
object 10 67 left 2467
object 11 67 left 2468
object 11 67 right 2469
object 12 67 left 2471
object 13 67 left 2472
object 13 67 right 2473
object 16 67 left 2475
object 17 67 left 2476
object 17 67 right 2477
object 18 67 left 2467
object 19 67 left 2468
object 19 67 right 2469
object 20 67 left 2471
object 21 67 left 2472
object 21 67 right 2473
object 22 67 left 2467
object 23 67 left 2468
object 23 67 right 2469
object 24 67 left 2471
object 25 67 left 2472
object 25 67 right 2473
object 26 67 left 2467
object 27 67 left 2468
object 27 67 right 2469
object 28 67 left 2471
object 29 67 left 2472
object 29 67 right 2473
object 30 67 left 2467
object 31 67 left 2468
object 31 67 right 2469
object 32 67 left 2471
object 33 67 left 2472
object 33 67 right 2473
object 34 67 left 2467
object 35 67 left 2468
object 35 67 right 2469
object 36 67 left 2471
object 37 67 left 2472
object 37 67 right 2473
object 38 67 left 2467
object 39 67 left 2468
object 39 67 right 2469
object 40 67 left 2471
object 41 67 left 2472
object 41 67 right 2473
object 42 67 left 2467
object 43 67 left 2468
object 43 67 right 2469
object 46 67 left 2475
object 47 67 left 2476
object 47 67 right 2477
object 48 67 left 2471
object 49 67 left 2472
object 49 67 right 2473
object 50 67 left 2467
object 51 67 left 2468
object 51 67 right 2469
object 52 67 left 2471
object 53 67 left 2472
object 53 67 right 2473
object 54 67 left 2467
object 55 67 left 2468
object 55 67 right 2469
object 56 67 left 2471
object 57 67 left 2468
object 57 67 right 2469
object 58 67 left 2467
object 59 67 left 2468
object 59 67 right 2469
object 60 67 left 2471
object 61 67 left 2472
object 61 67 right 2473
object 62 67 left 2467
object 63 67 left 2468
object 63 67 right 2469
object 64 67 left 2467
object 65 67 left 2468
object 65 67 right 2469
object 66 67 left 2471
object 67 67 left 2472
object 67 67 right 2473
object 68 67 left 2467
object 69 67 left 2468
object 69 67 right 2469
object 1 68 right 2482
object 3 68 right 2486
object 15 68 right 2482
object 17 68 right 2486
object 45 68 right 2482
object 47 68 right 2486
object 0 69 left 2479
object 1 69 left 2480
object 1 69 right 2481
object 2 69 left 2483
object 3 69 left 2484
object 3 69 right 2485
object 14 69 left 2479
object 15 69 left 2480
object 15 69 right 2481
object 16 69 left 2483
object 17 69 left 2484
object 17 69 right 2485
object 44 69 left 2479
object 45 69 left 2480
object 45 69 right 2481
object 46 69 left 2483
object 47 69 left 2484
object 47 69 right 2485
object 23 72 right 4466
object 53 72 right 4466
object 23 73 right 4465
object 53 73 right 4465
object 23 74 right 4464
object 53 74 right 4464
object 23 75 right 4463
object 53 75 right 4463
object 15 76 left 4453
object 16 76 left 4454
object 17 76 left 4455
object 18 76 left 4456
object 19 76 left 4457
object 20 76 left 4458
object 21 76 left 4459
object 22 76 left 4460
object 23 76 left 4461
object 23 76 right 4462
object 45 76 left 4453
object 46 76 left 4454
object 47 76 left 4455
object 48 76 left 4456
object 49 76 left 4457
object 50 76 left 4458
object 51 76 left 4459
object 52 76 left 4460
object 53 76 left 4461
object 53 76 right 4462
