# lod20837 — tools/dat-extract layout 이 만든다. 손으로 고치지 말 것.
size 100 100
blocked
....................................................................................................
....................................................................................................
....................................................................................................
.................................................................................#..................
................................................#.......................................#...........
.......#.........................#.................................#....#.....................#.....
....#......................#............#...........................................................
.............................................................................#......................
...............#........................................#...........................................
................................................#........#.....#..............................#.....
.................................................#..............#....................#..............
.........................#..........................................................................
.....#....................#.........................................................................
.....................#......................#..............................#...............#........
..........#...........................#......#..............................#...................#...
.......................................#............................................................
....................................................................................#...............
..................#..................................................................#..............
...................#................................................................................
....................................................................................................
.....#..............................................................................................
...#............................................................#...................................
.............#...........................................#.......#...........................#....#.
..............#...........................................#..............#....................#.....
...................................#......................................#.........................
....................................#...............................................................
....................................................#...............................................
.....#...............................................#..............................................
...............................................#....................................................
...............................#................#...................................................
................................#................................................#.............#....
.........................#................................#.......................#.............#...
.............#............#....................................#....................................
..............#...............................#.....................................................
...............................................................................................#....
...#................................................................................................
..........................................#...................................#.....................
...............................................................................#....................
..........#.........................................................................................
...........#........................................#.........................................#.....
...............................#...............................................................#....
.........................#..................................#....#..................................
..........................#............#.....................#..............................#.......
......#.................................#......#....................................................
....................................................................................................
...............................#....................................................................
.............................................................................#......................
....#...............................##......#.................................#...........#.........
.....................................#.....................#...............................#........
..........#...........#...........#.................................................................
.......................#.........................................................................#..
................................#.#..#.#............................#...................#...........
...............................#........##.............#............................................
...............................#.....#...#..........................................................
.....................................#..#......................................................#....
...........#............................#...........................................................
............#....................#...................#.....................#........................
........................................#..#..........#.....................#...........#...........
..........................#..............................................................#..........
...#.......................#........................................................................
.....................................................................#..............................
...................................#...........................#....................................
.............#...................................#..................................................
..............#...........................#......................................................#..
....#..............................##.#....#........................................................
....................................................................................................
...........................#........................................................................
............................#....................................................#..................
...........#......................................................................#.................
.........................................................#..................................#....#..
....#........................................................................................#......
...................................................................#................................
..........#.........................................................................................
...........#........................................................................................
....................................................................................................
....................................................................................................
...#........................#.......#...........................................................#...
.............................#.......#.........#................................#...................
................................................#................................#..................
.............................................................................................#......
.........................................................#....................................#.....
..............#...........................................#.......#.....#....#......................
...............#...................................................#..........#.....................
...#................................................................................................
....................................................................................................
....................................................................................................
..............#...............#.....................................................................
...............#...............................................................................#....
.....................................#..........................................................#...
......................................#.............................................................
....................................................................................................
.........#...#......................................................................................
..............#...............#.................#..........#.....#....#.....................#.......
...............................#.................#..........#.....#..........................#......
.....#..............................................................................................
.....................................#............................................................#.
.........#...............................#.....#........#............................#..............
....#..............................................................#..........#.......#.....#.......
................#...............#..............................................#....................
.................#...............#..................................................................
floor
3 4 5 36 37 38 39 70 71 72 82 82 83 84 41 42 43 74 75 25 26 57 23 24 25 26 4 5 36 2 3 4 5 36 37 38 39 70 71 72 73 22 53 19 6 7 8 9 40 41 42 43 74 75 76 87 87 88 89 45 46 47 78 79 29 30 61 27 28 90 53 57 48 49 30 61 27 28 29 30 97 98 61 62 63 102 65 17 65 97 98 33 82 93 94 57 58 57 48 49
7 8 9 40 41 42 43 74 75 76 87 87 88 89 45 46 47 78 79 29 30 61 27 28 90 53 87 88 89 90 53 54 9 40 41 42 43 74 75 76 77 26 57 23 10 11 12 13 44 45 46 47 78 79 80 91 91 92 93 49 50 51 82 83 33 34 65 31 32 94 57 61 62 33 34 65 31 32 33 34 101 102 65 17 48 62 63 17 53 53 48 49 82 97 98 61 62 61 62 33
11 12 13 44 45 46 47 78 79 80 91 91 92 93 49 50 51 82 83 33 34 65 31 32 94 57 91 92 93 94 57 58 13 44 45 46 47 78 79 80 81 30 61 27 14 15 16 17 48 49 50 51 82 83 84 95 95 96 97 54 55 56 87 88 89 90 53 87 88 98 61 65 66 89 90 53 87 88 89 90 61 62 63 17 48 66 67 22 53 54 55 56 87 101 102 65 17 65 66 89
15 16 17 48 49 50 51 82 83 84 95 95 96 97 54 55 56 87 88 89 90 53 87 88 98 61 95 96 97 98 61 62 17 48 49 50 51 82 83 84 85 34 65 31 19 20 21 22 53 54 55 56 87 88 89 90 25 26 57 58 59 60 91 92 93 94 57 91 92 102 65 82 93 94 57 58 59 28 29 30 65 66 67 22 53 54 55 26 57 58 59 60 91 61 62 63 17 82 93 94
20 21 22 53 54 55 56 87 88 89 90 25 26 57 58 59 60 91 92 93 94 57 91 92 102 65 99 100 101 102 65 17 22 53 54 55 56 87 88 89 90 90 53 87 23 24 25 26 57 58 59 60 91 92 664 665 666 667 668 669 63 64 95 96 97 98 61 95 96 22 53 82 97 98 61 62 63 32 33 34 53 54 55 26 57 58 59 30 61 62 63 64 95 65 66 67 22 82 97 98
24 25 26 57 58 59 60 91 92 93 94 29 30 61 62 63 64 95 96 97 98 61 95 96 22 53 19 20 21 22 53 54 26 57 58 59 60 91 92 93 94 94 57 91 27 28 627 628 629 630 631 64 95 96 670 671 672 673 674 675 67 627 628 629 630 631 65 99 100 26 57 87 101 102 65 17 48 49 50 51 57 58 59 30 61 62 63 34 65 66 67 20 21 53 54 55 26 87 101 102
28 29 30 61 62 63 64 95 96 97 98 33 34 65 66 67 20 21 22 101 102 65 99 100 26 57 23 24 25 26 57 58 30 61 62 63 64 95 96 97 98 98 61 95 31 32 632 633 634 635 636 20 21 22 676 677 678 679 680 681 24 632 633 634 635 636 58 59 28 30 61 30 97 91 29 30 61 62 63 17 30 97 91 29 30 61 62 63 17 26 87 101 26 93 94 57 58 59 28 30
32 33 34 65 66 67 20 21 22 53 48 49 26 57 23 24 25 26 93 94 57 58 59 627 628 629 630 631 29 30 61 62 34 65 66 67 20 21 22 53 54 102 65 99 87 88 637 638 639 640 641 24 25 26 682 683 684 685 686 687 28 637 638 639 640 641 62 63 32 34 65 34 101 95 33 34 65 66 67 22 34 101 95 33 34 65 66 67 22 58 59 28 30 97 98 61 62 63 32 34
88 89 90 53 54 55 24 25 26 57 48 49 30 61 27 28 29 30 97 98 61 62 63 632 633 634 635 636 33 34 65 66 90 53 54 55 24 25 26 57 58 22 53 19 91 92 642 643 644 645 646 28 29 30 688 689 690 691 692 693 32 642 643 644 645 646 17 48 49 90 53 90 61 99 89 90 53 54 55 26 90 61 99 89 90 53 54 55 26 62 63 32 34 101 102 65 17 48 49 90
92 93 94 57 58 59 28 29 30 61 62 33 34 65 31 32 33 34 101 102 65 17 48 637 638 639 640 641 89 90 53 54 94 57 58 59 28 29 30 61 62 26 627 628 629 630 647 648 649 650 651 32 33 34 694 695 696 697 698 699 88 647 648 649 650 651 17 48 49 94 57 87 88 627 628 629 630 631 59 30 87 88 89 90 53 54 58 59 30 17 48 49 90 61 62 63 17 48 49 94
96 97 98 61 62 63 32 33 34 65 66 89 90 53 87 88 89 90 61 62 63 17 48 642 643 644 645 646 93 94 57 58 98 61 62 63 664 665 666 667 668 669 632 633 634 635 636 102 65 17 201 202 107 108 111 107 115 116 119 115 107 108 111 107 232 233 22 53 54 98 61 91 92 632 633 634 635 636 63 34 91 92 93 94 57 58 62 63 34 17 48 49 30 65 66 67 22 53 54 98
100 101 102 65 17 48 49 50 51 82 93 94 57 58 59 28 29 30 65 66 67 22 53 647 648 649 650 651 97 98 61 62 102 65 17 48 670 671 672 673 674 675 637 638 639 640 641 62 63 201 203 204 109 110 113 109 117 118 121 117 109 110 113 109 234 235 26 57 58 102 65 95 96 637 638 639 640 641 97 54 95 96 97 98 61 62 96 97 54 22 53 54 34 53 54 55 26 57 58 102
30 61 62 63 17 48 49 50 51 82 97 98 61 62 63 32 33 34 53 54 55 26 57 58 201 202 107 108 111 107 232 233 62 63 17 48 676 677 678 679 680 681 642 643 644 645 646 66 201 203 179 180 199 196 141 144 145 146 141 144 145 146 226 224 214 215 107 108 111 107 232 233 100 642 643 644 645 646 57 58 99 100 664 665 666 667 668 669 58 26 57 58 51 57 58 59 30 61 62 63
34 65 66 67 22 53 54 55 56 87 101 102 65 17 48 49 664 665 666 667 668 669 61 62 203 204 109 110 113 109 234 235 66 67 22 53 682 683 684 685 686 687 647 648 649 650 651 54 203 204 181 182 197 198 142 143 147 148 142 143 147 148 225 223 216 217 109 110 113 109 234 235 30 647 648 649 650 651 61 62 29 30 670 671 672 673 674 675 62 30 61 62 51 61 62 63 34 65 66 67
90 53 54 55 26 57 58 59 60 91 61 62 63 17 48 49 670 671 672 673 674 675 54 66 132 134 192 193 226 224 214 215 232 233 26 57 688 689 690 691 692 693 89 90 93 94 201 202 183 184 192 193 205 206 95 65 66 67 22 53 54 55 228 229 149 150 155 156 226 224 214 215 115 116 107 108 232 233 65 66 99 100 676 677 678 679 680 681 66 34 65 66 61 62 63 17 48 49 50 51
94 57 58 59 30 61 62 63 64 95 65 66 67 22 53 54 676 677 678 679 680 681 58 97 135 133 194 195 225 223 216 217 234 235 30 61 694 695 696 697 698 699 93 94 97 98 203 204 185 186 194 195 207 208 21 53 54 55 26 57 58 67 230 231 151 152 153 154 225 223 216 217 117 118 109 110 234 235 61 2 59 28 682 683 684 685 686 687 71 48 49 50 65 66 67 22 53 54 55 56
98 61 62 63 34 65 66 67 20 21 53 54 55 26 57 58 682 683 684 685 686 687 62 101 137 136 161 159 228 229 226 224 210 211 107 108 111 107 115 116 119 115 115 116 119 115 175 176 190 191 205 206 87 88 89 90 53 87 30 61 62 98 94 57 57 84 95 95 228 229 149 150 155 156 226 224 214 215 232 233 63 32 688 689 690 691 692 693 75 53 54 55 53 54 55 26 57 58 67 20
95 95 96 97 54 55 56 87 88 89 90 53 87 30 61 62 688 689 690 691 692 693 95 94 138 139 160 158 230 231 225 223 212 213 109 110 113 109 117 118 121 117 117 118 121 117 177 178 188 189 207 208 91 92 93 94 57 91 34 65 66 102 664 665 666 667 668 669 230 231 151 152 153 154 225 223 216 217 234 235 48 49 694 695 696 697 698 699 79 80 91 89 90 53 87 30 61 62 98 94
90 25 26 57 58 59 60 91 92 93 94 627 628 629 630 631 694 695 696 697 698 699 201 202 179 180 165 163 26 57 228 229 141 144 145 146 141 144 145 146 141 144 145 146 149 150 155 156 205 206 63 64 95 96 97 627 628 629 630 631 54 57 670 671 672 673 674 675 30 61 93 27 28 29 228 229 226 224 214 215 107 108 111 107 107 108 111 107 232 233 95 664 665 666 667 668 669 66 102 98
94 29 30 61 62 63 64 95 96 97 98 632 633 634 635 636 57 84 95 61 93 94 203 204 181 182 164 162 30 61 230 231 142 143 147 148 142 143 147 148 142 143 147 148 151 152 153 154 207 208 67 20 21 22 101 632 633 634 635 636 58 61 676 677 678 679 680 681 34 65 97 627 628 629 630 631 225 223 216 217 109 110 113 109 109 110 113 109 234 235 90 670 671 672 673 674 675 90 53 54
98 33 34 65 66 67 20 21 22 101 102 637 638 639 640 641 201 202 107 108 111 107 175 176 190 191 205 206 34 65 66 67 20 627 628 629 630 631 97 98 61 62 53 54 53 48 49 26 57 23 24 25 26 93 94 637 638 639 640 641 62 61 682 683 684 685 686 687 90 53 53 632 633 634 635 636 228 229 149 150 155 156 141 144 145 146 226 224 169 167 94 676 677 678 679 680 681 94 57 58
48 49 26 57 23 24 25 26 93 94 57 642 643 644 645 646 203 204 109 110 113 109 177 178 188 189 207 208 26 57 23 24 25 632 633 634 635 636 101 102 65 17 57 58 57 48 49 30 61 27 28 29 30 97 98 642 643 644 645 646 17 65 688 689 690 691 692 693 57 58 57 637 638 639 640 641 230 231 151 152 153 154 142 143 147 148 225 223 168 166 98 682 683 684 685 686 687 98 61 62
48 49 30 61 27 28 29 30 97 98 61 647 648 649 650 651 127 124 199 196 141 144 145 146 205 206 48 49 30 61 27 28 29 637 638 639 640 641 61 62 63 17 61 62 61 62 33 34 65 31 627 628 629 630 631 647 648 649 650 651 17 53 694 695 696 697 698 699 61 62 61 642 643 644 645 646 67 22 65 66 33 34 65 66 67 67 132 134 173 171 48 688 689 690 691 692 693 95 95 96
62 33 34 65 31 32 33 34 101 102 65 17 48 62 63 17 126 125 197 198 142 143 147 148 207 208 62 33 34 65 31 32 33 642 643 644 645 646 65 66 67 22 95 96 65 66 89 90 53 87 632 633 634 635 636 63 17 48 66 67 22 53 54 55 56 87 101 102 65 17 65 647 648 649 650 651 37 38 61 2 3 4 5 36 37 55 135 133 172 170 48 694 695 696 697 698 699 90 25 26
66 89 90 53 87 88 89 90 61 62 63 17 48 66 67 22 131 128 169 167 87 101 102 65 17 65 66 89 90 53 87 88 89 647 648 649 650 651 53 54 55 26 25 26 82 664 665 666 667 668 637 638 639 640 641 67 22 53 54 55 26 57 58 59 60 91 61 62 63 17 82 6 7 8 9 40 41 42 65 6 7 8 9 40 41 59 137 136 161 159 62 33 57 23 24 25 93 94 29 30
93 94 57 58 59 28 29 30 65 66 67 22 53 54 55 26 130 129 168 166 91 61 62 63 17 82 93 94 57 664 665 666 667 668 669 89 90 53 54 58 59 30 29 30 82 670 671 672 673 674 642 643 644 645 646 55 26 57 58 59 30 61 62 63 64 95 65 66 67 22 82 10 11 12 13 44 45 46 97 98 61 2 3 4 5 95 138 139 160 158 2 59 61 27 28 29 97 98 33 34
97 98 61 62 63 32 33 34 53 54 55 26 57 58 59 30 127 124 173 171 95 65 66 67 22 82 97 98 61 670 671 672 673 674 675 93 94 57 58 62 63 34 33 34 87 676 677 678 679 680 647 648 649 650 651 59 30 61 62 63 34 65 66 67 20 21 53 54 55 26 87 14 15 16 17 48 49 50 101 627 628 629 630 631 201 202 175 176 165 163 6 63 65 627 628 629 630 631 53 54
101 102 65 17 48 49 50 51 57 58 59 30 61 62 63 34 126 125 172 170 21 53 54 627 628 629 630 631 65 676 677 678 679 680 681 97 98 61 62 96 97 54 33 34 30 682 683 684 685 686 687 63 17 30 97 91 29 30 61 62 63 17 26 87 101 26 93 94 57 58 59 28 30 61 62 33 34 65 31 632 633 634 635 636 203 204 177 178 164 162 53 53 48 632 633 634 635 636 62 61
97 91 29 30 61 62 63 17 30 97 91 627 628 629 630 631 131 128 161 159 26 93 94 632 633 634 635 636 61 682 683 684 685 686 687 101 102 65 17 26 57 58 89 90 34 688 689 690 691 692 693 67 22 34 101 95 33 34 65 66 67 22 58 59 28 30 97 98 61 62 63 32 34 65 66 89 90 53 87 637 638 639 640 641 127 124 190 191 205 206 53 54 55 637 638 639 640 641 17 65
101 95 33 34 65 66 67 22 34 101 95 632 633 634 635 636 130 129 160 158 30 97 98 637 638 639 640 641 65 688 689 690 691 692 693 61 62 63 17 30 61 62 93 94 90 694 695 696 697 698 699 55 26 90 61 99 89 90 53 54 55 26 62 63 32 34 101 102 65 17 48 49 90 82 93 94 57 58 59 642 643 644 645 646 126 125 188 189 207 208 57 58 59 642 643 644 645 646 17 82
61 99 89 90 53 54 55 26 90 61 99 637 638 639 640 641 132 134 165 163 34 101 102 642 643 644 645 646 53 694 695 696 697 698 699 65 66 67 22 34 65 66 97 98 87 88 89 90 53 54 58 59 30 87 88 89 90 53 54 58 59 30 17 48 49 90 61 62 63 17 48 49 94 82 97 98 61 62 63 647 648 649 650 651 131 128 169 167 59 30 61 62 63 647 648 649 650 651 22 82
88 89 90 53 54 58 59 30 87 88 89 642 643 644 645 646 135 133 164 162 90 61 62 647 648 649 650 651 57 91 92 93 94 89 90 53 54 55 26 57 58 56 101 102 91 92 93 94 57 58 62 63 34 91 92 93 94 57 58 62 63 34 17 48 49 30 65 66 67 22 53 54 98 87 101 102 65 17 48 49 50 51 57 58 130 129 168 166 63 34 65 66 67 20 21 53 54 55 26 87
92 93 94 57 58 62 63 34 91 92 93 647 648 649 650 651 137 136 161 159 30 65 66 67 22 53 54 98 61 95 96 97 98 93 94 57 58 59 30 61 62 60 61 62 95 96 97 98 61 62 96 97 54 95 96 97 98 61 62 96 97 54 22 53 54 34 53 54 55 26 57 58 102 30 97 91 664 665 666 667 668 669 30 97 132 134 173 171 62 63 17 26 87 101 26 93 94 57 58 59
96 97 98 61 62 96 97 54 95 96 97 98 61 62 96 97 138 139 160 158 34 53 54 55 26 57 58 102 65 99 100 101 102 97 98 61 62 63 34 65 66 87 88 89 99 100 101 102 65 17 26 57 58 99 100 101 102 65 17 26 57 58 26 57 58 51 57 58 59 30 61 62 63 34 101 95 670 671 672 673 674 675 34 101 135 133 172 170 66 67 22 58 59 28 30 97 98 61 62 63
100 101 102 65 17 26 57 58 664 665 666 667 668 669 26 57 127 124 165 163 51 57 58 59 30 61 62 63 64 65 66 67 33 84 95 95 96 97 54 94 57 91 92 93 29 30 61 62 63 17 30 61 62 29 30 61 62 63 17 30 61 62 30 61 62 51 61 62 63 34 65 66 2 90 61 99 676 677 678 679 680 681 90 61 137 136 161 159 54 55 26 62 63 32 34 101 102 65 17 48
30 61 62 63 17 30 61 62 670 671 672 673 674 675 30 61 126 125 164 162 51 61 62 63 34 65 66 67 20 53 54 55 89 89 90 25 26 57 58 98 61 95 96 97 33 34 65 66 67 22 34 65 66 99 100 26 57 23 24 25 65 66 34 65 66 61 62 63 17 48 49 50 6 87 88 89 682 683 684 685 686 687 87 88 138 139 160 158 58 59 30 17 664 665 666 667 668 669 17 48
34 65 66 67 22 34 65 66 676 677 678 679 680 681 25 65 131 128 169 167 61 62 63 17 48 49 50 51 26 57 23 24 25 93 94 29 30 61 62 102 65 99 100 101 62 63 64 95 96 97 98 61 2 59 28 30 61 27 28 29 70 71 48 49 50 65 66 67 22 53 54 55 10 91 92 93 688 689 690 691 692 693 201 202 179 180 165 163 62 63 34 17 670 671 672 673 674 675 22 53
63 64 95 96 97 98 61 2 682 683 684 685 686 687 29 70 130 129 168 166 65 66 67 627 628 629 630 631 30 61 27 28 29 97 98 33 34 65 66 22 53 19 20 21 66 67 20 21 22 101 102 65 6 63 32 34 65 31 627 628 629 630 631 54 55 53 54 55 26 57 58 67 14 95 96 97 694 695 696 697 698 699 203 204 181 182 164 162 96 97 54 22 676 677 678 679 680 681 26 57
67 20 21 22 101 102 65 6 688 689 690 691 692 693 201 202 179 180 173 171 53 54 55 632 633 634 635 636 34 65 31 32 33 67 22 53 54 664 665 666 667 668 669 25 23 24 25 26 93 94 57 58 10 48 49 90 53 87 632 633 634 635 636 91 89 90 53 87 30 61 62 98 19 99 100 101 102 65 17 26 201 202 183 184 199 196 205 206 26 57 58 26 682 683 684 685 686 687 30 61
24 25 26 93 94 57 58 10 694 695 696 697 698 699 203 204 181 182 172 170 90 53 87 637 638 639 640 641 90 53 87 88 89 55 26 57 58 670 671 672 673 674 675 29 27 28 29 30 97 98 61 62 14 48 49 94 57 91 637 638 639 640 641 95 93 94 57 91 34 65 66 102 23 29 30 61 62 63 17 30 203 204 185 186 197 198 207 208 30 61 62 30 688 689 690 691 692 693 34 65
28 29 30 97 98 61 62 14 48 49 94 57 201 202 183 184 192 193 205 206 94 57 91 642 643 644 645 646 94 57 91 92 93 59 30 61 91 676 677 678 679 680 681 28 31 32 33 34 101 102 65 17 19 53 54 98 61 95 642 643 644 645 646 90 97 91 92 93 94 89 90 53 27 33 34 65 66 67 22 34 132 134 192 193 205 206 23 24 25 65 66 34 694 695 696 697 698 699 48 49
32 33 34 101 102 65 17 19 53 54 98 61 203 204 185 186 194 195 207 208 91 92 93 647 648 649 650 651 55 26 57 96 97 63 34 65 95 682 683 684 685 686 687 32 87 88 89 90 61 62 63 97 98 57 58 102 65 99 647 648 649 650 651 94 101 95 96 97 98 93 94 57 31 62 63 64 95 96 97 98 135 133 194 195 207 208 27 28 29 70 71 48 49 50 65 66 67 22 53 54
88 89 90 61 62 63 97 98 57 58 102 65 127 124 192 193 205 206 94 101 95 96 97 98 93 94 57 58 59 30 61 100 101 97 54 55 99 688 689 690 691 692 693 49 62 29 30 61 62 63 17 101 102 65 6 7 8 9 40 64 95 96 97 98 94 99 100 101 102 97 98 61 87 66 67 627 628 629 630 631 137 136 161 159 34 65 31 32 33 74 75 53 54 55 53 54 55 26 57 58
29 30 61 62 63 17 101 102 65 6 7 8 126 125 194 195 207 208 98 94 99 100 101 102 97 98 61 62 63 34 61 27 28 57 58 59 29 694 695 696 697 698 699 49 66 33 34 65 66 67 22 65 66 33 34 65 66 67 67 20 21 22 53 48 49 65 66 67 33 84 95 95 91 23 24 632 633 634 635 636 138 139 160 158 90 53 87 88 627 628 629 630 631 89 90 53 87 30 61 62
33 34 65 66 67 22 65 66 33 34 65 66 131 128 161 159 22 53 48 49 65 66 67 33 84 95 95 96 97 54 65 31 32 58 51 57 33 34 65 66 67 22 53 54 2 3 4 5 36 37 38 61 2 3 4 5 36 37 55 24 25 26 57 48 49 53 54 55 89 89 90 25 95 27 28 637 638 639 640 641 132 134 165 163 94 57 91 92 632 633 634 635 636 93 94 57 91 34 65 66
3 4 5 36 37 38 61 2 3 4 5 36 130 129 160 158 26 57 48 49 664 665 666 667 668 669 25 26 57 58 62 30 61 62 51 61 89 90 53 54 55 26 57 58 6 7 8 9 40 41 42 65 6 7 8 9 40 41 59 28 29 30 61 62 33 57 23 24 25 93 94 29 99 31 32 642 643 644 645 646 135 133 164 162 98 61 95 96 637 638 639 640 641 97 91 92 93 94 89 90
7 8 9 40 41 42 65 6 7 8 9 40 132 134 165 163 30 61 62 33 670 671 672 673 674 675 29 30 61 62 66 34 65 66 61 62 93 94 57 58 59 30 61 62 10 11 12 13 44 45 46 97 98 61 2 3 4 5 95 96 97 98 61 2 59 61 27 28 29 97 98 33 29 87 88 647 648 649 650 651 137 136 161 159 102 65 99 100 642 643 644 645 646 101 95 96 97 98 93 94
11 12 13 44 45 46 97 98 61 2 3 4 135 133 164 162 98 61 2 59 676 677 678 679 680 681 33 34 65 66 71 48 49 50 65 66 97 98 61 62 63 34 65 2 3 4 5 36 37 38 39 70 71 72 82 82 83 84 41 42 43 74 75 25 26 57 23 24 25 26 4 5 33 62 29 30 61 62 63 17 138 139 160 158 7 8 9 40 647 648 649 650 651 94 99 100 101 102 97 98
15 16 17 48 49 50 101 102 65 6 7 8 137 136 214 215 232 233 6 63 682 683 684 685 686 687 53 54 55 56 75 53 54 55 53 54 84 95 95 96 97 54 55 6 7 8 9 40 41 42 43 74 75 76 87 87 88 89 45 46 47 78 79 29 30 61 27 28 90 53 87 88 89 66 33 34 65 66 67 22 127 124 165 163 65 66 67 67 20 21 22 53 48 49 65 66 67 33 84 95
3 4 5 36 37 38 39 70 71 72 82 82 138 139 216 217 234 235 75 25 688 689 690 691 692 693 4 5 36 2 3 4 5 36 37 38 39 70 71 72 73 22 53 10 11 12 13 44 45 46 47 78 79 80 91 91 92 93 49 50 51 82 83 33 34 65 31 32 94 57 91 92 93 2 3 4 5 36 37 38 126 125 164 162 5 36 37 55 24 25 26 57 48 49 53 54 55 89 89 90
7 8 9 40 41 42 43 74 75 76 87 87 228 229 226 224 214 215 232 233 694 695 696 697 698 699 87 88 89 90 53 54 9 40 41 42 43 74 75 76 77 26 57 14 15 16 17 48 49 50 51 82 83 84 95 95 96 97 54 55 56 87 88 89 90 53 87 88 98 61 95 96 97 6 7 8 9 40 41 42 131 128 169 167 9 40 41 59 28 29 30 61 62 33 57 23 24 25 93 94
11 12 13 44 45 46 47 78 79 627 628 629 630 631 225 223 216 217 234 235 34 65 31 32 94 57 91 92 93 94 57 58 13 44 45 46 47 78 79 80 25 30 61 19 20 21 22 53 54 55 56 87 88 89 90 25 26 57 58 59 60 91 92 93 94 57 91 92 102 65 99 100 84 10 11 12 13 44 45 46 130 129 168 166 3 4 5 95 96 97 98 61 2 59 61 27 28 29 97 98
15 16 17 48 49 50 51 82 83 632 633 634 635 636 228 229 220 222 214 215 232 233 87 88 98 61 95 96 97 98 61 25 17 48 49 50 51 82 83 84 668 34 65 23 24 25 26 57 58 59 60 664 665 666 667 668 669 61 62 63 64 95 96 97 98 61 95 96 22 53 19 20 89 664 665 666 667 668 669 50 127 124 173 171 7 8 9 21 22 101 102 65 6 63 65 31 32 33 67 22
20 21 22 53 54 55 56 87 88 637 638 639 640 641 230 231 219 221 216 217 234 235 91 92 102 65 99 100 101 102 65 668 22 53 54 55 56 87 88 89 90 90 53 27 28 29 30 61 62 63 64 670 671 672 673 674 675 65 66 67 20 21 22 101 102 65 99 100 26 57 23 24 93 670 671 672 673 674 675 64 126 125 172 170 61 95 627 628 629 630 631 95 61 93 94 29 30 61 93 94
24 25 26 57 58 59 60 91 92 642 643 644 645 646 62 63 228 229 226 224 169 167 95 96 627 628 629 630 631 22 53 54 26 57 58 59 60 91 92 93 94 94 57 31 32 33 34 65 66 67 20 676 677 678 679 680 681 57 23 24 25 26 93 94 57 58 59 28 30 61 27 28 97 676 677 678 679 680 681 20 131 128 169 167 65 99 632 633 634 635 636 90 65 97 98 33 34 65 97 98
28 29 30 61 62 63 64 95 96 647 648 649 650 651 66 67 230 231 225 223 168 166 99 100 632 633 634 635 636 26 57 58 30 61 62 63 64 95 96 97 98 98 61 87 88 89 90 53 54 55 24 682 683 684 685 686 687 61 27 28 29 30 97 98 61 62 63 32 34 65 31 32 53 682 683 684 685 686 687 25 130 129 168 166 58 59 637 638 639 640 641 94 53 53 48 49 90 53 53 48
32 33 34 65 66 67 20 21 22 53 48 49 26 57 23 24 25 26 127 124 173 171 59 28 637 638 639 640 641 30 61 62 34 65 66 67 20 21 22 53 31 102 65 91 92 93 94 57 58 59 28 688 689 690 691 692 693 65 31 32 33 34 101 102 65 17 48 49 90 53 87 88 57 688 689 690 691 692 693 29 127 124 173 171 62 63 642 643 644 645 646 98 33 82 93 94 57 58 57 48
88 89 90 53 54 55 24 25 26 57 48 49 30 61 27 28 29 30 126 125 172 170 63 32 642 643 644 645 646 34 65 66 90 53 54 55 24 25 26 57 30 22 53 95 96 97 98 61 62 63 32 694 695 696 697 698 699 53 87 88 89 90 61 62 63 17 48 49 94 57 91 92 61 694 695 696 697 698 699 33 126 125 172 170 17 48 647 648 649 650 651 48 49 82 97 98 61 62 61 62
92 93 94 57 58 59 28 29 30 61 62 664 665 666 667 668 669 34 131 128 169 167 48 49 647 648 649 650 651 90 53 54 94 57 58 59 28 29 30 61 62 26 57 99 100 101 102 65 17 48 49 50 51 82 93 94 57 58 59 28 29 30 65 66 67 22 53 54 98 61 95 96 65 66 89 90 53 87 88 89 131 128 214 215 232 233 66 67 22 53 54 55 56 87 101 102 65 17 65 66
96 97 98 61 62 63 32 33 34 65 66 670 671 672 673 674 675 90 130 129 168 166 48 49 94 57 91 92 93 94 57 58 98 61 62 63 32 33 34 65 664 665 666 667 668 669 62 63 17 48 49 50 51 82 97 98 61 62 63 32 33 34 53 54 55 26 57 58 102 65 99 100 82 93 94 57 58 59 28 29 130 129 216 217 234 235 54 55 26 57 58 59 60 91 61 62 63 17 82 93
100 101 102 65 17 48 49 50 51 82 93 676 677 678 679 680 681 30 132 134 173 171 53 54 98 61 95 96 97 98 61 62 102 65 17 48 49 50 51 82 670 671 672 673 674 675 66 67 22 53 54 55 56 87 101 102 65 17 48 49 50 51 57 58 59 30 61 62 63 64 65 66 82 97 98 61 62 63 32 33 228 229 226 224 214 215 232 233 30 61 62 63 64 95 65 66 67 22 82 97
30 61 62 63 17 48 49 50 51 82 97 682 683 684 685 686 687 34 135 133 172 170 57 58 102 65 99 100 101 102 65 17 62 63 17 48 49 50 51 82 676 677 678 679 680 681 54 55 26 57 58 59 60 91 61 62 63 17 48 49 50 51 61 67 20 53 54 66 67 20 53 54 87 101 102 65 17 48 49 50 230 231 225 223 216 217 234 235 34 65 66 67 20 21 53 54 55 26 87 101
34 65 66 67 22 53 54 55 56 87 101 688 689 690 691 692 693 51 137 136 161 159 61 62 63 664 665 666 667 668 669 65 66 67 22 53 54 55 56 87 682 683 684 685 686 687 58 59 30 61 62 63 64 95 65 66 67 22 53 54 55 56 62 98 94 57 58 97 98 94 57 58 30 97 91 29 30 61 62 63 17 30 228 229 226 224 169 167 63 17 26 87 101 26 93 94 57 58 59 28
90 53 54 55 26 57 58 59 60 91 61 694 695 696 697 698 699 51 138 139 160 158 54 66 67 670 671 672 673 674 675 53 54 55 26 57 57 59 60 91 688 689 690 691 692 693 62 63 34 65 66 67 20 21 53 54 55 26 57 58 67 20 53 102 98 61 62 101 102 98 61 62 34 101 95 33 34 65 66 627 628 629 630 631 225 223 168 166 67 22 58 59 28 30 97 98 61 62 63 32
94 57 58 59 30 61 62 63 64 95 65 66 67 22 53 54 201 202 179 180 165 163 58 97 98 676 677 678 679 680 681 57 58 59 30 61 61 63 64 95 694 695 696 697 698 699 96 97 54 55 56 87 88 89 90 53 87 30 61 62 98 94 57 57 84 95 95 94 57 84 95 95 90 61 99 89 90 53 54 632 633 634 635 636 132 134 173 171 55 26 62 63 32 34 101 102 65 17 48 49
98 61 62 63 34 65 66 67 20 21 53 54 55 26 57 58 203 204 181 182 164 162 62 101 102 682 683 684 685 686 687 61 62 63 34 65 66 67 20 21 95 96 97 89 90 25 26 57 58 59 60 91 92 93 94 57 91 34 65 66 102 98 61 61 89 90 25 98 61 89 90 25 87 88 89 90 53 54 58 637 638 639 640 641 135 133 172 170 59 30 664 665 666 667 668 669 63 17 48 49
95 95 96 97 54 55 56 87 88 89 90 53 87 30 201 202 175 176 190 191 205 206 95 94 57 688 689 690 691 692 693 55 56 87 88 89 90 53 87 25 99 100 101 93 94 29 30 61 62 63 64 95 96 97 98 61 95 90 53 54 57 84 95 61 93 94 29 30 61 93 94 29 91 92 93 94 57 58 62 642 643 644 645 646 137 136 161 159 63 34 670 671 672 673 674 675 67 22 53 54
90 25 26 57 58 59 60 91 92 93 94 57 91 34 203 204 177 178 188 189 207 208 25 98 61 694 695 696 697 698 699 59 60 91 92 93 87 88 89 90 53 54 61 97 98 33 34 65 66 67 20 21 22 101 102 65 99 94 57 58 61 89 90 65 97 98 33 34 65 97 98 33 95 96 97 98 61 62 96 647 648 649 650 651 138 139 160 158 97 54 676 677 678 679 680 681 55 26 57 58
94 29 30 61 62 63 64 95 664 665 666 667 668 669 132 134 190 191 205 206 93 94 29 30 61 93 94 29 30 61 62 63 64 95 96 97 91 92 93 94 57 58 65 53 48 49 26 57 23 24 25 26 93 94 57 58 59 98 61 62 61 93 94 53 53 48 49 90 53 53 48 49 99 100 101 102 65 17 26 57 58 99 100 101 132 134 165 163 57 58 682 683 684 685 686 687 59 30 61 62
98 33 34 65 66 67 20 21 670 671 672 673 674 675 135 133 188 189 207 208 97 98 33 34 65 97 98 33 34 65 66 67 20 21 22 87 95 96 97 98 61 62 53 57 48 49 30 61 27 28 29 30 97 98 61 62 63 102 65 17 65 97 98 33 82 93 94 57 58 57 48 49 29 30 61 62 63 17 30 61 62 29 30 61 135 133 164 162 61 62 688 689 690 691 692 693 63 34 65 66
48 49 26 57 23 24 25 26 676 677 678 679 680 681 137 136 161 159 94 53 53 48 49 90 53 53 48 49 26 57 23 24 25 26 93 87 99 100 101 102 65 17 57 61 62 33 34 65 31 32 33 34 101 102 65 17 48 62 63 17 53 53 48 49 82 97 98 61 62 61 62 33 33 34 65 66 67 22 34 65 66 99 100 26 137 136 161 159 65 66 694 695 696 697 698 699 17 48 49 50
48 49 30 61 27 28 29 30 682 683 684 685 686 687 138 139 160 158 98 33 82 93 94 57 58 57 48 49 30 61 27 28 29 30 97 91 29 30 61 62 63 17 61 65 66 89 90 53 87 88 89 90 61 62 63 17 48 66 67 22 53 54 55 56 87 101 102 65 17 65 66 89 62 63 64 95 96 97 98 61 2 59 28 30 138 139 160 158 70 71 48 49 50 65 66 67 22 53 54 55
72 82 82 83 84 41 42 43 688 689 690 691 692 693 127 124 165 163 5 2 3 4 5 36 37 38 664 665 666 667 668 669 83 84 627 628 629 630 631 25 26 57 23 24 25 26 4 5 36 2 3 4 5 36 37 38 39 70 71 72 73 22 53 19 20 21 62 63 17 82 93 94 66 67 20 21 22 101 102 65 6 63 32 34 132 134 165 163 74 75 53 54 55 53 54 55 26 57 58 67
76 87 87 88 89 45 46 47 694 695 696 697 698 699 126 125 164 162 88 6 7 8 9 40 41 42 670 671 672 673 674 675 88 89 632 633 634 635 636 29 30 61 27 28 90 627 628 629 630 631 53 54 9 40 41 42 43 74 75 76 77 26 57 23 24 25 66 67 22 82 97 98 23 24 25 26 93 94 627 628 629 630 631 90 135 133 164 162 78 79 80 91 89 90 53 87 30 61 62 98
80 91 91 92 93 49 50 51 82 83 33 34 65 31 131 128 214 215 107 108 111 107 232 233 45 46 676 677 678 679 680 681 92 93 637 638 639 640 641 33 34 65 31 32 94 632 633 634 635 636 57 58 13 44 45 46 47 78 79 80 81 30 61 27 28 29 75 25 26 57 23 24 27 28 29 30 97 98 632 633 634 635 636 94 137 136 169 167 82 83 84 95 93 94 57 91 34 65 66 102
84 95 95 96 97 54 55 56 87 88 89 90 53 87 130 129 216 217 109 110 113 109 234 235 49 50 682 683 684 685 686 687 96 97 642 643 644 645 646 89 90 53 87 88 98 637 638 639 640 641 61 62 17 48 49 50 51 82 83 84 85 34 65 31 32 33 79 29 30 61 27 28 31 32 33 34 101 102 637 638 639 640 641 98 138 139 168 166 87 88 89 627 628 629 630 631 94 89 90 53
89 90 25 26 57 58 59 60 91 92 93 94 57 91 228 229 149 150 155 156 226 224 165 163 54 55 688 689 690 691 692 693 26 57 647 648 649 650 651 93 94 57 91 92 102 642 643 644 645 646 65 17 22 53 54 664 665 666 667 668 669 90 53 87 88 89 83 33 34 65 31 32 87 88 89 90 61 62 642 643 644 645 646 102 132 134 173 171 91 92 93 632 633 634 635 636 98 93 94 57
93 94 29 30 61 62 63 64 95 96 97 98 627 628 629 630 631 152 153 154 225 223 164 162 58 59 694 695 696 697 698 699 30 61 62 63 64 95 96 97 98 61 95 96 22 647 648 649 650 651 53 54 26 57 58 670 671 672 673 674 675 94 57 91 627 628 629 630 631 53 87 88 62 29 30 664 665 666 647 648 649 650 651 7 135 133 172 170 95 96 97 637 638 639 640 641 102 97 98 61
97 98 33 34 65 66 67 20 21 22 101 102 632 633 634 635 636 23 24 27 127 124 214 215 107 108 111 107 111 107 107 108 111 107 107 108 111 107 107 108 111 107 232 233 26 57 23 24 25 26 57 58 30 61 62 676 677 678 679 680 681 98 61 95 632 633 634 635 636 57 91 92 66 33 34 670 671 672 673 674 675 33 34 65 137 136 214 215 232 233 53 642 643 644 645 646 33 84 95 95
53 48 49 26 57 23 24 25 26 93 94 57 637 638 639 640 641 27 28 31 126 125 216 217 109 110 113 109 113 109 109 110 113 109 109 110 113 109 109 110 113 109 234 235 30 61 27 28 29 30 61 62 34 65 66 682 683 684 685 686 687 102 65 99 637 638 639 640 641 61 95 96 2 3 4 676 677 678 679 680 681 3 4 5 138 139 216 217 234 235 57 647 648 649 650 651 89 89 90 25
57 48 49 30 61 27 28 29 30 97 98 61 642 643 644 645 646 31 32 87 131 128 105 106 199 196 145 146 141 144 145 146 141 144 145 146 149 150 155 156 226 224 214 215 107 108 111 107 107 108 111 107 232 233 54 688 689 690 691 692 693 22 53 19 642 643 644 645 646 65 99 100 6 7 8 682 683 684 685 686 687 7 8 9 228 229 226 224 169 167 61 62 33 57 23 24 25 93 94 29
61 62 33 34 65 31 32 33 34 101 102 65 647 648 649 650 651 87 88 91 130 129 106 103 197 198 147 148 142 143 147 148 142 143 147 148 151 152 153 154 225 223 216 217 109 110 113 109 109 110 113 109 234 235 58 694 695 696 697 698 699 26 57 23 647 648 649 650 651 58 59 28 10 11 12 688 689 690 691 692 693 61 2 3 230 231 225 223 168 166 61 2 59 61 27 28 29 97 98 33
65 66 89 90 53 87 88 89 90 61 62 63 664 665 666 667 668 669 201 202 175 176 192 193 205 206 32 33 34 65 66 89 90 53 87 88 89 90 61 62 228 229 149 150 155 156 141 144 145 146 226 224 214 215 107 108 111 107 107 108 111 107 107 108 111 107 107 108 111 107 232 233 14 15 16 694 695 696 697 698 699 202 107 108 111 107 179 180 173 171 65 6 63 65 31 32 33 67 22 53
82 93 94 57 58 59 28 29 30 65 66 67 670 671 672 673 674 675 203 204 177 178 194 195 207 208 49 50 51 82 93 94 57 58 59 28 29 30 65 66 230 231 151 152 153 154 142 143 147 148 225 223 216 217 109 110 113 109 109 110 113 109 109 110 113 109 109 110 113 109 234 235 90 53 87 88 93 94 29 30 203 204 109 110 113 109 181 182 172 170 90 53 54 664 665 666 667 668 669 29
82 97 98 61 62 63 32 33 34 53 54 55 676 677 678 679 680 681 132 134 190 191 205 206 17 48 49 50 51 82 97 98 61 62 63 627 628 629 630 631 55 26 57 58 102 65 99 100 101 102 228 229 141 144 145 146 141 144 145 146 141 144 145 146 149 150 155 156 226 224 214 215 232 233 91 92 97 98 201 202 183 184 199 196 141 144 145 146 205 206 94 57 58 670 671 672 673 674 675 33
87 101 102 65 17 48 49 50 51 57 58 59 682 683 684 685 686 687 135 133 188 189 207 208 22 53 54 55 56 87 101 102 65 17 48 632 633 634 635 636 59 30 61 62 63 64 65 66 67 33 230 231 142 143 147 148 142 143 147 148 142 143 147 148 151 152 153 154 225 223 216 217 234 235 95 96 53 48 203 204 185 186 197 198 142 143 147 148 207 208 98 61 62 676 677 678 679 680 681 49
91 61 62 63 17 48 49 50 51 61 67 20 688 689 690 691 692 693 137 136 169 167 54 55 26 57 58 59 60 91 61 62 63 17 48 637 638 639 640 641 20 53 54 66 67 20 53 54 55 89 90 53 54 55 26 57 58 59 60 91 87 88 89 90 53 54 53 54 228 229 226 224 214 215 107 108 111 107 175 176 192 193 205 206 30 97 98 61 62 63 102 65 17 682 683 684 685 686 687 94
95 65 66 67 22 53 54 55 56 62 98 627 694 695 696 697 698 699 138 139 168 166 58 59 30 61 62 63 64 95 65 66 67 22 53 642 643 644 645 646 94 57 58 97 98 94 57 58 59 93 94 57 58 59 30 61 62 63 64 95 91 92 93 94 57 58 57 58 230 231 225 223 216 217 109 110 113 109 177 178 194 195 207 208 34 101 102 65 17 48 62 63 17 688 689 690 691 692 693 98
21 53 54 55 26 57 58 67 20 53 102 632 633 634 635 636 98 61 127 124 173 171 62 63 34 65 66 67 627 628 629 630 631 26 57 647 648 649 650 651 98 61 62 101 102 98 664 665 666 667 668 669 62 63 34 65 66 664 665 666 667 668 669 627 628 629 630 631 20 53 228 229 141 144 145 146 149 150 155 156 205 206 88 89 90 61 62 63 17 48 627 628 629 694 695 696 697 698 699 102
89 90 53 87 30 61 62 98 94 57 57 637 638 639 640 641 84 95 126 125 172 170 96 97 54 55 56 87 632 633 634 635 636 30 61 62 98 94 57 57 84 95 95 94 57 84 670 671 672 673 674 675 56 87 88 89 90 670 671 672 673 674 675 632 633 634 635 636 94 57 230 231 142 143 147 148 151 152 153 154 207 208 28 29 30 65 66 67 22 53 632 633 634 635 636 59 60 91 61 62
93 94 57 91 34 65 66 102 98 61 61 642 643 644 645 646 89 90 131 128 214 215 232 233 58 59 60 91 637 638 639 640 641 34 65 66 102 98 61 61 89 90 25 98 61 89 676 677 678 679 680 681 60 91 92 93 87 676 677 678 679 680 681 637 638 639 640 641 98 61 62 101 102 98 61 62 82 97 98 61 62 63 32 33 34 53 54 55 26 57 637 638 639 640 641 63 64 95 65 66
97 98 61 95 90 53 54 57 84 95 61 647 648 649 650 651 93 94 130 129 216 217 234 235 62 63 64 95 642 643 644 645 646 90 53 54 57 84 95 61 93 94 29 30 61 93 682 683 684 685 686 687 64 95 96 97 91 682 683 684 685 686 687 642 643 644 645 646 84 95 95 94 57 84 95 95 87 101 102 65 17 48 49 50 51 57 58 59 30 61 642 643 644 645 646 67 20 21 53 54
101 102 65 99 94 57 58 61 89 90 65 97 98 33 34 65 97 98 228 229 226 224 214 215 111 107 232 233 647 648 649 650 651 94 57 58 61 89 90 65 97 98 33 34 65 97 688 689 690 691 692 693 20 21 22 87 95 688 689 690 691 692 693 647 648 649 650 651 89 90 25 98 61 89 90 25 30 97 91 29 30 61 62 664 665 666 667 668 669 30 647 648 649 650 651 87 101 26 93 94
94 57 58 59 98 61 62 61 93 94 53 53 48 49 90 53 53 48 230 231 225 223 216 217 113 109 234 235 93 94 57 58 59 98 61 62 61 93 94 53 53 48 49 90 53 53 694 695 696 697 698 699 25 26 93 87 99 694 695 696 697 698 699 58 59 30 95 61 93 94 29 30 61 93 94 29 664 665 666 667 668 669 66 670 671 672 673 674 675 34 65 66 67 22 58 59 28 30 97 98
98 61 62 63 102 65 17 65 97 98 33 82 93 94 664 665 666 667 668 669 228 229 145 146 226 224 173 171 97 98 664 665 666 667 668 669 65 97 98 33 82 93 94 57 58 57 48 49 30 61 27 28 29 30 97 91 29 30 61 62 63 17 61 62 63 34 90 65 97 98 33 34 65 97 98 33 670 671 672 673 674 675 54 676 677 678 679 680 681 90 53 54 55 26 62 63 32 34 101 102
102 65 17 48 62 63 17 53 53 48 49 82 97 98 670 671 672 673 674 675 230 231 147 148 225 223 172 170 101 102 670 671 672 673 674 675 53 53 48 49 82 97 98 61 62 61 62 33 34 65 31 32 33 34 101 95 33 34 65 66 67 22 95 96 97 54 94 53 53 48 49 90 53 53 48 49 676 677 678 679 680 681 58 682 683 684 685 686 687 53 54 58 59 30 17 48 49 90 61 62
62 63 17 48 66 67 22 53 54 55 56 87 101 102 676 677 678 679 680 681 66 89 90 53 127 124 161 159 61 62 676 677 678 679 680 681 53 54 55 56 87 101 102 65 17 65 66 89 90 53 87 88 89 90 61 99 89 90 53 54 55 26 25 26 57 58 98 33 82 93 94 57 58 57 48 49 682 683 684 685 686 687 62 688 689 690 691 692 693 57 58 62 63 34 17 48 49 30 65 66
66 67 22 53 54 55 26 57 58 59 60 91 61 62 682 683 684 685 686 687 93 94 57 58 126 125 160 158 65 66 682 683 684 685 686 687 57 58 59 60 91 61 62 63 17 82 93 94 57 58 59 28 29 87 88 89 90 53 54 58 59 30 29 30 61 62 48 49 82 97 98 61 62 61 62 33 688 689 690 691 692 693 96 694 695 696 697 698 699 61 62 96 97 54 22 53 54 34 53 54
54 55 26 57 58 59 30 61 62 63 64 95 65 66 688 689 690 691 692 693 97 98 61 62 131 128 165 163 53 54 688 689 690 691 692 693 61 62 63 64 95 65 66 67 22 82 97 98 61 62 63 32 33 91 92 93 94 57 58 62 63 34 33 34 65 66 55 56 87 101 102 65 17 65 66 89 694 695 696 697 698 699 26 57 58 99 100 101 102 65 17 26 57 58 26 57 58 51 57 58
58 59 30 61 62 63 34 65 66 67 20 21 53 54 694 695 696 697 698 699 101 102 65 17 130 129 164 162 57 58 694 695 696 697 698 699 65 66 67 20 21 53 54 55 26 87 101 102 65 17 48 49 50 95 96 97 98 61 62 96 97 54 33 34 65 31 59 60 91 61 62 63 17 82 93 94 29 30 61 62 63 17 30 61 62 29 30 61 62 63 17 30 61 62 30 61 62 51 61 62
tile 2 0 0
tile 3 56 0
tile 4 112 0
tile 5 168 0
tile 6 224 0
tile 7 280 0
tile 8 336 0
tile 9 392 0
tile 10 448 0
tile 11 504 0
tile 12 560 0
tile 13 616 0
tile 14 672 0
tile 15 728 0
tile 16 784 0
tile 17 840 0
tile 19 896 0
tile 20 0 27
tile 21 56 27
tile 22 112 27
tile 23 168 27
tile 24 224 27
tile 25 280 27
tile 26 336 27
tile 27 392 27
tile 28 448 27
tile 29 504 27
tile 30 560 27
tile 31 616 27
tile 32 672 27
tile 33 728 27
tile 34 784 27
tile 36 840 27
tile 37 896 27
tile 38 0 54
tile 39 56 54
tile 40 112 54
tile 41 168 54
tile 42 224 54
tile 43 280 54
tile 44 336 54
tile 45 392 54
tile 46 448 54
tile 47 504 54
tile 48 560 54
tile 49 616 54
tile 50 672 54
tile 51 728 54
tile 53 784 54
tile 54 840 54
tile 55 896 54
tile 56 0 81
tile 57 56 81
tile 58 112 81
tile 59 168 81
tile 60 224 81
tile 61 280 81
tile 62 336 81
tile 63 392 81
tile 64 448 81
tile 65 504 81
tile 66 560 81
tile 67 616 81
tile 70 672 81
tile 71 728 81
tile 72 784 81
tile 73 840 81
tile 74 896 81
tile 75 0 108
tile 76 56 108
tile 77 112 108
tile 78 168 108
tile 79 224 108
tile 80 280 108
tile 81 336 108
tile 82 392 108
tile 83 448 108
tile 84 504 108
tile 85 560 108
tile 87 616 108
tile 88 672 108
tile 89 728 108
tile 90 784 108
tile 91 840 108
tile 92 896 108
tile 93 0 135
tile 94 56 135
tile 95 112 135
tile 96 168 135
tile 97 224 135
tile 98 280 135
tile 99 336 135
tile 100 392 135
tile 101 448 135
tile 102 504 135
tile 103 560 135
tile 105 616 135
tile 106 672 135
tile 107 728 135
tile 108 784 135
tile 109 840 135
tile 110 896 135
tile 111 0 162
tile 113 56 162
tile 115 112 162
tile 116 168 162
tile 117 224 162
tile 118 280 162
tile 119 336 162
tile 121 392 162
tile 124 448 162
tile 125 504 162
tile 126 560 162
tile 127 616 162
tile 128 672 162
tile 129 728 162
tile 130 784 162
tile 131 840 162
tile 132 896 162
tile 133 0 189
tile 134 56 189
tile 135 112 189
tile 136 168 189
tile 137 224 189
tile 138 280 189
tile 139 336 189
tile 141 392 189
tile 142 448 189
tile 143 504 189
tile 144 560 189
tile 145 616 189
tile 146 672 189
tile 147 728 189
tile 148 784 189
tile 149 840 189
tile 150 896 189
tile 151 0 216
tile 152 56 216
tile 153 112 216
tile 154 168 216
tile 155 224 216
tile 156 280 216
tile 158 336 216
tile 159 392 216
tile 160 448 216
tile 161 504 216
tile 162 560 216
tile 163 616 216
tile 164 672 216
tile 165 728 216
tile 166 784 216
tile 167 840 216
tile 168 896 216
tile 169 0 243
tile 170 56 243
tile 171 112 243
tile 172 168 243
tile 173 224 243
tile 175 280 243
tile 176 336 243
tile 177 392 243
tile 178 448 243
tile 179 504 243
tile 180 560 243
tile 181 616 243
tile 182 672 243
tile 183 728 243
tile 184 784 243
tile 185 840 243
tile 186 896 243
tile 188 0 270
tile 189 56 270
tile 190 112 270
tile 191 168 270
tile 192 224 270
tile 193 280 270
tile 194 336 270
tile 195 392 270
tile 196 448 270
tile 197 504 270
tile 198 560 270
tile 199 616 270
tile 201 672 270
tile 202 728 270
tile 203 784 270
tile 204 840 270
tile 205 896 270
tile 206 0 297
tile 207 56 297
tile 208 112 297
tile 210 168 297
tile 211 224 297
tile 212 280 297
tile 213 336 297
tile 214 392 297
tile 215 448 297
tile 216 504 297
tile 217 560 297
tile 219 616 297
tile 220 672 297
tile 221 728 297
tile 222 784 297
tile 223 840 297
tile 224 896 297
tile 225 0 324
tile 226 56 324
tile 228 112 324
tile 229 168 324
tile 230 224 324
tile 231 280 324
tile 232 336 324
tile 233 392 324
tile 234 448 324
tile 235 504 324
tile 627 560 324
tile 628 616 324
tile 629 672 324
tile 630 728 324
tile 631 784 324
tile 632 840 324
tile 633 896 324
tile 634 0 351
tile 635 56 351
tile 636 112 351
tile 637 168 351
tile 638 224 351
tile 639 280 351
tile 640 336 351
tile 641 392 351
tile 642 448 351
tile 643 504 351
tile 644 560 351
tile 645 616 351
tile 646 672 351
tile 647 728 351
tile 648 784 351
tile 649 840 351
tile 650 896 351
tile 651 0 378
tile 664 56 378
tile 665 112 378
tile 666 168 378
tile 667 224 378
tile 668 280 378
tile 669 336 378
tile 670 392 378
tile 671 448 378
tile 672 504 378
tile 673 560 378
tile 674 616 378
tile 675 672 378
tile 676 728 378
tile 677 784 378
tile 678 840 378
tile 679 896 378
tile 680 0 405
tile 681 56 405
tile 682 112 405
tile 683 168 405
tile 684 224 405
tile 685 280 405
tile 686 336 405
tile 687 392 405
tile 688 448 405
tile 689 504 405
tile 690 560 405
tile 691 616 405
tile 692 672 405
tile 693 728 405
tile 694 784 405
tile 695 840 405
tile 696 896 405
tile 697 0 432
tile 698 56 432
tile 699 112 432
picture 329 84 870 48 0
picture 330 84 918 48 0
picture 335 112 96 47 0
picture 336 84 966 48 0
picture 341 84 722 50 0
picture 342 84 607 58 0
picture 745 112 231 41 0
picture 746 112 143 44 0
picture 747 112 187 44 0
picture 748 112 272 41 0
picture 753 112 0 48 0
picture 754 112 48 48 0
picture 755 84 772 49 0
picture 756 84 821 49 0
picture 759 84 545 62 0
picture 760 84 665 57 0
picture 2659 28 415 184 0
picture 2660 0 457 211 0
picture 2661 0 229 228 0
picture 2662 0 0 229 0
picture 2663 0 668 210 0
picture 2664 28 599 184 0
picture 2665 56 179 161 0
picture 2666 28 783 184 0
picture 2667 28 0 208 0
picture 2668 28 208 207 0
picture 2669 56 0 179 0
picture 2670 56 340 158 0
picture 3268 56 629 127 0
picture 3269 56 498 131 0
picture 3270 84 343 103 0
picture 3271 56 882 125 0
picture 3272 56 756 126 0
picture 3273 84 237 106 0
picture 3274 84 122 115 0
picture 3275 84 0 122 0
picture 3276 84 446 99 0
object 36 0 left 745
object 36 0 right 746
object 47 0 left 747
object 47 0 right 748
object 2 1 left 747
object 2 1 right 748
object 12 1 left 745
object 12 1 right 746
object 15 1 left 747
object 15 1 right 748
object 18 1 left 745
object 18 1 right 746
object 32 1 left 747
object 32 1 right 748
object 40 1 left 745
object 40 1 right 746
object 42 1 left 747
object 42 1 right 748
object 43 1 left 745
object 43 1 right 746
object 48 1 left 747
object 48 1 right 748
object 49 1 left 747
object 49 1 right 748
object 52 1 left 747
object 52 1 right 748
object 54 1 left 747
object 54 1 right 748
object 60 1 left 745
object 60 1 right 746
object 61 1 left 747
object 61 1 right 748
object 64 1 left 747
object 64 1 right 748
object 67 1 left 747
object 67 1 right 748
object 74 1 left 747
object 74 1 right 748
object 75 1 left 745
object 75 1 right 746
object 88 1 left 745
object 88 1 right 746
object 96 1 left 747
object 96 1 right 748
object 7 2 left 747
object 7 2 right 748
object 9 2 left 747
object 9 2 right 748
object 14 2 left 745
object 14 2 right 746
object 16 2 left 747
object 16 2 right 748
object 19 2 left 747
object 19 2 right 748
object 21 2 left 745
object 21 2 right 746
object 22 2 left 747
object 22 2 right 748
object 27 2 left 747
object 27 2 right 748
object 28 2 left 745
object 28 2 right 746
object 29 2 left 747
object 29 2 right 748
object 38 2 left 747
object 38 2 right 748
object 41 2 left 747
object 41 2 right 748
object 42 2 left 747
object 42 2 right 748
object 54 2 left 745
object 54 2 right 746
object 59 2 left 747
object 59 2 right 748
object 60 2 left 745
object 60 2 right 746
object 67 2 left 747
object 67 2 right 748
object 72 2 left 745
object 72 2 right 746
object 81 2 right 3270
object 83 2 left 745
object 83 2 right 746
object 89 2 left 747
object 89 2 right 748
object 94 2 left 745
object 94 2 right 746
object 97 2 left 745
object 97 2 right 746
object 9 3 left 745
object 9 3 right 746
object 19 3 left 745
object 19 3 right 746
object 21 3 left 747
object 21 3 right 748
object 27 3 left 747
object 27 3 right 748
object 35 3 left 747
object 35 3 right 748
object 41 3 left 747
object 41 3 right 748
object 45 3 left 745
object 45 3 right 746
object 48 3 right 3273
object 62 3 left 745
object 62 3 right 746
object 78 3 left 747
object 78 3 right 748
object 81 3 left 3268
object 81 3 right 3269
object 85 3 left 747
object 85 3 right 748
object 88 3 right 3276
object 4 4 left 745
object 4 4 right 746
object 7 4 right 3276
object 15 4 left 745
object 15 4 right 746
object 23 4 left 745
object 23 4 right 746
object 29 4 left 745
object 29 4 right 746
object 33 4 right 3276
object 40 4 left 745
object 40 4 right 746
object 48 4 left 3271
object 48 4 right 3272
object 62 4 left 747
object 62 4 right 748
object 67 4 right 3270
object 69 4 left 747
object 69 4 right 748
object 72 4 right 3273
object 83 4 left 747
object 83 4 right 748
object 85 4 left 745
object 85 4 right 746
object 88 4 left 3274
object 88 4 right 3275
object 94 4 right 3270
object 4 5 right 3273
object 7 5 left 3274
object 7 5 right 3275
object 16 5 left 747
object 16 5 right 748
object 17 5 left 747
object 17 5 right 748
object 23 5 left 745
object 23 5 right 746
object 24 5 left 747
object 24 5 right 748
object 27 5 right 3270
object 33 5 left 3274
object 33 5 right 3275
object 35 5 left 747
object 35 5 right 748
object 37 5 left 745
object 37 5 right 746
object 40 5 right 3270
object 67 5 left 3268
object 67 5 right 3269
object 70 5 left 745
object 70 5 right 746
object 72 5 left 3271
object 72 5 right 3272
object 78 5 left 745
object 78 5 right 746
object 80 5 left 745
object 80 5 right 746
object 94 5 left 3268
object 94 5 right 3269
object 97 5 left 747
object 97 5 right 748
object 2 6 left 747
object 2 6 right 748
object 4 6 left 3271
object 4 6 right 3272
object 9 6 left 747
object 9 6 right 748
object 10 6 left 745
object 10 6 right 746
object 15 6 left 747
object 15 6 right 748
object 17 6 left 745
object 17 6 right 746
object 27 6 left 3268
object 27 6 right 3269
object 32 6 left 745
object 32 6 right 746
object 40 6 left 3268
object 40 6 right 3269
object 50 6 left 745
object 50 6 right 746
object 65 6 left 745
object 65 6 right 746
object 77 6 right 3276
object 86 6 left 745
object 86 6 right 746
object 88 6 left 747
object 88 6 right 748
object 3 7 left 745
object 3 7 right 746
object 7 7 left 747
object 7 7 right 748
object 15 7 right 3270
object 42 7 left 745
object 42 7 right 746
object 57 7 right 2664
object 72 7 left 747
object 72 7 right 748
object 73 7 left 745
object 73 7 right 746
object 75 7 left 747
object 75 7 right 748
object 77 7 left 3274
object 77 7 right 3275
object 87 7 left 745
object 87 7 right 746
object 95 7 left 745
object 95 7 right 746
object 96 7 left 747
object 96 7 right 748
object 5 8 left 747
object 5 8 right 748
object 7 8 left 745
object 7 8 right 746
object 10 8 left 745
object 10 8 right 746
object 11 8 left 747
object 11 8 right 748
object 13 8 left 747
object 13 8 right 748
object 15 8 left 3268
object 15 8 right 3269
object 18 8 left 745
object 18 8 right 746
object 35 8 left 745
object 35 8 right 746
object 49 8 right 2670
object 50 8 left 747
object 50 8 right 748
object 52 8 left 747
object 52 8 right 748
object 57 8 right 2663
object 64 8 right 2670
object 80 8 left 745
object 80 8 right 746
object 94 8 right 3273
object 97 8 left 745
object 97 8 right 746
object 8 9 left 747
object 8 9 right 748
object 29 9 left 747
object 29 9 right 748
object 31 9 left 745
object 31 9 right 746
object 49 9 right 2669
object 52 9 left 745
object 52 9 right 746
object 55 9 left 2659
object 56 9 left 2660
object 57 9 left 2661
object 57 9 right 2662
object 60 9 left 745
object 60 9 right 746
object 64 9 right 2669
object 67 9 left 745
object 67 9 right 746
object 68 9 left 747
object 68 9 right 748
object 75 9 left 745
object 75 9 right 746
object 76 9 left 747
object 76 9 right 748
object 85 9 right 3273
object 89 9 left 745
object 89 9 right 746
object 91 9 left 745
object 91 9 right 746
object 94 9 left 3271
object 94 9 right 3272
object 98 9 left 747
object 98 9 right 748
object 13 10 left 745
object 13 10 right 746
object 15 10 left 747
object 15 10 right 748
object 22 10 left 745
object 22 10 right 746
object 26 10 right 2670
object 28 10 left 745
object 28 10 right 746
object 31 10 left 745
object 31 10 right 746
object 47 10 left 2665
object 48 10 left 2666
object 49 10 left 2667
object 49 10 right 2668
object 62 10 left 2665
object 63 10 left 2666
object 64 10 left 2667
object 64 10 right 2668
object 82 10 left 745
object 82 10 right 746
object 85 10 left 3271
object 85 10 right 3272
object 97 10 left 747
object 97 10 right 748
object 1 11 left 747
object 1 11 right 748
object 5 11 right 3270
object 10 11 left 747
object 10 11 right 748
object 17 11 left 745
object 17 11 right 746
object 22 11 left 745
object 22 11 right 746
object 26 11 right 2669
object 30 11 left 747
object 30 11 right 748
object 31 11 left 747
object 31 11 right 748
object 46 11 left 747
object 46 11 right 748
object 47 11 left 745
object 47 11 right 746
object 67 11 left 745
object 67 11 right 746
object 68 11 left 747
object 68 11 right 748
object 69 11 left 745
object 69 11 right 746
object 3 12 left 745
object 3 12 right 746
object 5 12 left 3268
object 5 12 right 3269
object 17 12 left 747
object 17 12 right 748
object 21 12 right 3273
object 23 12 left 747
object 23 12 right 748
object 24 12 left 2665
object 25 12 left 2666
object 26 12 left 2667
object 26 12 right 2668
object 31 12 left 745
object 31 12 right 746
object 32 12 left 747
object 32 12 right 748
object 45 12 right 2670
object 70 12 left 747
object 70 12 right 748
object 76 12 right 2670
object 85 12 left 747
object 85 12 right 748
object 91 12 right 3270
object 98 12 left 745
object 98 12 right 746
object 2 13 left 745
object 2 13 right 746
object 3 13 left 747
object 3 13 right 748
object 6 13 left 745
object 6 13 right 746
object 10 13 right 3273
object 21 13 left 3271
object 21 13 right 3272
object 39 13 right 2664
object 45 13 right 2669
object 47 13 left 745
object 47 13 right 746
object 71 13 left 745
object 71 13 right 746
object 76 13 right 2669
object 78 13 left 747
object 78 13 right 748
object 86 13 left 745
object 86 13 right 746
object 88 13 left 745
object 88 13 right 746
object 89 13 left 745
object 89 13 right 746
object 91 13 left 3268
object 91 13 right 3269
object 93 13 left 745
object 93 13 right 746
object 96 13 right 3276
object 7 14 left 747
object 7 14 right 748
object 10 14 left 3271
object 10 14 right 3272
object 20 14 left 747
object 20 14 right 748
object 33 14 left 745
object 33 14 right 746
object 39 14 right 2663
object 43 14 left 2665
object 44 14 left 2666
object 45 14 left 2667
object 45 14 right 2668
object 60 14 left 745
object 60 14 right 746
object 74 14 left 2665
object 75 14 left 2666
object 76 14 left 2667
object 76 14 right 2668
object 78 14 left 747
object 78 14 right 748
object 79 14 left 745
object 79 14 right 746
object 93 14 left 745
object 93 14 right 746
object 96 14 left 3274
object 96 14 right 3275
object 2 15 left 747
object 2 15 right 748
object 4 15 left 747
object 4 15 right 748
object 20 15 left 745
object 20 15 right 746
object 22 15 left 745
object 22 15 right 746
object 36 15 left 745
object 36 15 right 746
object 37 15 left 2659
object 38 15 left 2660
object 39 15 left 2661
object 39 15 right 2662
object 42 15 left 747
object 42 15 right 748
object 43 15 left 745
object 43 15 right 746
object 54 15 left 745
object 54 15 right 746
object 56 15 left 745
object 56 15 right 746
object 63 15 left 745
object 63 15 right 746
object 77 15 left 745
object 77 15 right 746
object 85 15 right 2664
object 94 15 left 747
object 94 15 right 748
object 12 16 left 747
object 12 16 right 748
object 13 16 left 747
object 13 16 right 748
object 19 16 right 2664
object 20 16 left 747
object 20 16 right 748
object 21 16 left 747
object 21 16 right 748
object 22 16 left 747
object 22 16 right 748
object 63 16 left 745
object 63 16 right 746
object 65 16 left 745
object 65 16 right 746
object 81 16 left 747
object 81 16 right 748
object 85 16 right 2663
object 91 16 left 745
object 91 16 right 746
object 93 16 left 747
object 93 16 right 748
object 95 16 left 745
object 95 16 right 746
object 98 16 left 747
object 98 16 right 748
object 2 17 left 747
object 2 17 right 748
object 4 17 left 747
object 4 17 right 748
object 11 17 left 747
object 11 17 right 748
object 19 17 right 2663
object 56 17 left 745
object 56 17 right 746
object 68 17 left 745
object 68 17 right 746
object 81 17 left 745
object 81 17 right 746
object 83 17 left 2659
object 84 17 left 2660
object 85 17 left 2661
object 85 17 right 2662
object 93 17 left 745
object 93 17 right 746
object 98 17 left 745
object 98 17 right 746
object 6 18 left 745
object 6 18 right 746
object 15 18 left 747
object 15 18 right 748
object 17 18 left 2659
object 18 18 left 2660
object 19 18 left 2661
object 19 18 right 2662
object 22 18 left 745
object 22 18 right 746
object 72 18 left 745
object 72 18 right 746
object 5 19 right 3276
object 15 19 left 745
object 15 19 right 746
object 28 19 left 747
object 28 19 right 748
object 3 20 right 3273
object 5 20 left 3274
object 5 20 right 3275
object 39 20 left 745
object 39 20 right 746
object 42 20 left 745
object 42 20 right 746
object 45 20 left 745
object 45 20 right 746
object 51 20 left 745
object 51 20 right 746
object 65 20 right 2664
object 74 20 left 747
object 74 20 right 748
object 1 21 left 745
object 1 21 right 746
object 3 21 left 3271
object 3 21 right 3272
object 6 21 left 747
object 6 21 right 748
object 7 21 left 747
object 7 21 right 748
object 8 21 left 747
object 8 21 right 748
object 14 21 right 2670
object 37 21 left 745
object 37 21 right 746
object 52 21 left 745
object 52 21 right 746
object 58 21 right 2670
object 65 21 right 2663
object 94 21 right 2664
object 98 21 right 3273
object 1 22 left 747
object 1 22 right 748
object 2 22 left 747
object 2 22 right 748
object 14 22 right 2669
object 28 22 left 747
object 28 22 right 748
object 29 22 left 745
object 29 22 right 746
object 53 22 left 747
object 53 22 right 748
object 58 22 right 2669
object 61 22 left 745
object 61 22 right 746
object 63 22 left 2659
object 64 22 left 2660
object 65 22 left 2661
object 65 22 right 2662
object 68 22 left 745
object 68 22 right 746
object 74 22 right 2670
object 77 22 left 745
object 77 22 right 746
object 80 22 left 745
object 80 22 right 746
object 83 22 left 745
object 83 22 right 746
object 84 22 left 747
object 84 22 right 748
object 94 22 right 2663
object 98 22 left 3271
object 98 22 right 3272
object 5 23 left 745
object 5 23 right 746
object 9 23 left 745
object 9 23 right 746
object 12 23 left 2665
object 13 23 left 2666
object 14 23 left 2667
object 14 23 right 2668
object 30 23 left 745
object 30 23 right 746
object 36 23 right 2670
object 56 23 left 2665
object 57 23 left 2666
object 58 23 left 2667
object 58 23 right 2668
object 74 23 right 2669
object 81 23 left 747
object 81 23 right 748
object 82 23 left 747
object 82 23 right 748
object 91 23 left 747
object 91 23 right 748
object 92 23 left 2659
object 92 23 right 746
object 93 23 left 2660
object 94 23 left 2661
object 94 23 right 2662
object 6 24 left 745
object 6 24 right 746
object 7 24 left 745
object 7 24 right 746
object 11 24 left 745
object 11 24 right 746
object 22 24 left 747
object 22 24 right 748
object 36 24 right 2669
object 40 24 left 745
object 40 24 right 746
object 61 24 left 747
object 61 24 right 748
object 63 24 left 745
object 63 24 right 746
object 66 24 left 745
object 66 24 right 746
object 69 24 left 745
object 69 24 right 746
object 72 24 left 2665
object 73 24 left 2666
object 74 24 left 2667
object 74 24 right 2668
object 80 24 left 745
object 80 24 right 746
object 81 24 left 745
object 81 24 right 746
object 84 24 left 745
object 84 24 right 746
object 96 24 left 747
object 96 24 right 748
object 97 24 left 745
object 97 24 right 746
object 1 25 left 747
object 1 25 right 748
object 10 25 left 747
object 10 25 right 748
object 13 25 left 747
object 13 25 right 748
object 21 25 left 747
object 21 25 right 748
object 23 25 left 745
object 23 25 right 746
object 34 25 left 2665
object 35 25 left 2666
object 36 25 left 2667
object 36 25 right 2668
object 39 25 left 747
object 39 25 right 748
object 53 25 right 2670
object 56 25 left 745
object 56 25 right 746
object 61 25 left 745
object 61 25 right 746
object 94 25 left 745
object 94 25 right 746
object 98 25 left 745
object 98 25 right 746
object 2 26 left 745
object 2 26 right 746
object 5 26 right 3270
object 12 26 left 745
object 12 26 right 746
object 15 26 left 745
object 15 26 right 746
object 24 26 left 747
object 24 26 right 748
object 34 26 left 747
object 34 26 right 748
object 39 26 left 747
object 39 26 right 748
object 53 26 right 2669
object 57 26 left 747
object 57 26 right 748
object 58 26 left 745
object 58 26 right 746
object 63 26 left 745
object 63 26 right 746
object 66 26 left 745
object 66 26 right 746
object 72 26 left 745
object 72 26 right 746
object 2 27 left 747
object 2 27 right 748
object 5 27 left 3268
object 5 27 right 3269
object 11 27 left 747
object 11 27 right 748
object 14 27 left 747
object 14 27 right 748
object 34 27 left 747
object 34 27 right 748
object 35 27 left 745
object 35 27 right 746
object 36 27 left 747
object 36 27 right 748
object 39 27 left 745
object 39 27 right 746
object 41 27 left 747
object 41 27 right 748
object 48 27 right 2664
object 51 27 left 2665
object 52 27 left 2666
object 53 27 left 2667
object 53 27 right 2668
object 61 27 left 745
object 61 27 right 746
object 66 27 left 745
object 66 27 right 746
object 83 27 left 745
object 83 27 right 746
object 98 27 left 745
object 98 27 right 746
object 1 28 left 747
object 1 28 right 748
object 2 28 left 747
object 2 28 right 748
object 16 28 left 745
object 16 28 right 746
object 32 28 right 2664
object 36 28 left 747
object 36 28 right 748
object 40 28 left 747
object 40 28 right 748
object 43 28 left 745
object 43 28 right 746
object 48 28 right 2663
object 50 28 left 745
object 50 28 right 746
object 68 28 left 747
object 68 28 right 748
object 69 28 left 745
object 69 28 right 746
object 71 28 left 745
object 71 28 right 746
object 76 28 left 745
object 76 28 right 746
object 5 29 left 745
object 5 29 right 746
object 32 29 right 2663
object 41 29 left 753
object 41 29 right 754
object 43 29 left 753
object 43 29 right 754
object 46 29 left 2659
object 47 29 left 2660
object 48 29 left 2661
object 48 29 right 2662
object 52 29 left 747
object 52 29 right 748
object 73 29 left 745
object 73 29 right 746
object 75 29 left 745
object 75 29 right 746
object 82 29 right 2670
object 96 29 right 2670
object 3 30 left 745
object 3 30 right 746
object 5 30 left 745
object 5 30 right 746
object 6 30 left 747
object 6 30 right 748
object 26 30 right 2670
object 28 30 left 745
object 28 30 right 746
object 30 30 left 2659
object 31 30 left 2660
object 32 30 left 2661
object 32 30 right 2662
object 40 30 left 753
object 40 30 right 754
object 41 30 left 753
object 41 30 right 754
object 42 30 left 753
object 42 30 right 754
object 43 30 left 753
object 43 30 right 754
object 44 30 left 753
object 44 30 right 754
object 45 30 left 753
object 45 30 right 754
object 46 30 left 753
object 46 30 right 754
object 51 30 left 745
object 51 30 right 746
object 54 30 left 759
object 54 30 right 760
object 55 30 left 745
object 55 30 right 746
object 58 30 right 3276
object 64 30 left 745
object 64 30 right 746
object 66 30 left 747
object 66 30 right 748
object 70 30 left 747
object 70 30 right 748
object 76 30 left 745
object 76 30 right 746
object 82 30 right 2669
object 90 30 left 745
object 90 30 right 746
object 96 30 right 2669
object 98 30 left 745
object 98 30 right 746
object 5 31 left 747
object 5 31 right 748
object 8 31 left 745
object 8 31 right 746
object 14 31 right 2670
object 20 31 left 745
object 20 31 right 746
object 26 31 right 2669
object 29 31 left 747
object 29 31 right 748
object 39 31 left 753
object 39 31 right 754
object 40 31 left 753
object 40 31 right 754
object 41 31 left 745
object 41 31 right 746
object 42 31 left 747
object 42 31 right 748
object 43 31 left 753
object 43 31 right 754
object 44 31 left 745
object 44 31 right 746
object 45 31 left 753
object 45 31 right 754
object 46 31 left 753
object 46 31 right 754
object 47 31 left 745
object 47 31 right 746
object 48 31 left 753
object 48 31 right 754
object 50 31 left 753
object 50 31 right 754
object 51 31 left 753
object 51 31 right 754
object 52 31 left 753
object 52 31 right 754
object 53 31 left 759
object 53 31 right 760
object 54 31 left 759
object 54 31 right 760
object 58 31 left 3274
object 58 31 right 3275
object 63 31 right 3270
object 67 31 left 745
object 67 31 right 746
object 70 31 left 745
object 70 31 right 746
object 71 31 left 745
object 71 31 right 746
object 78 31 left 745
object 78 31 right 746
object 80 31 left 2665
object 81 31 left 2666
object 82 31 left 2667
object 82 31 right 2668
object 88 31 left 745
object 88 31 right 746
object 89 31 left 745
object 89 31 right 746
object 94 31 left 2665
object 95 31 left 2666
object 96 31 left 2667
object 96 31 right 2668
object 8 32 left 747
object 8 32 right 748
object 9 32 left 747
object 9 32 right 748
object 14 32 right 2669
object 20 32 left 747
object 20 32 right 748
object 21 32 left 747
object 21 32 right 748
object 24 32 left 2665
object 25 32 left 2666
object 26 32 left 2667
object 26 32 right 2668
object 35 32 left 745
object 35 32 right 746
object 39 32 left 753
object 39 32 right 754
object 40 32 left 755
object 40 32 right 756
object 41 32 left 753
object 41 32 right 760
object 42 32 left 753
object 42 32 right 754
object 43 32 left 753
object 43 32 right 754
object 44 32 left 753
object 44 32 right 754
object 45 32 left 753
object 45 32 right 754
object 46 32 left 759
object 46 32 right 3273
object 47 32 left 753
object 47 32 right 754
object 48 32 left 753
object 48 32 right 754
object 49 32 left 755
object 49 32 right 756
object 50 32 left 753
object 50 32 right 754
object 51 32 left 753
object 51 32 right 754
object 53 32 left 753
object 53 32 right 754
object 54 32 left 747
object 54 32 right 748
object 56 32 left 747
object 56 32 right 748
object 59 32 left 745
object 59 32 right 746
object 63 32 left 3268
object 63 32 right 3269
object 91 32 left 745
object 91 32 right 746
object 10 33 left 745
object 10 33 right 746
object 12 33 left 2665
object 13 33 left 2666
object 14 33 left 2667
object 14 33 right 2668
object 21 33 left 745
object 21 33 right 746
object 22 33 left 747
object 22 33 right 748
object 30 33 left 747
object 30 33 right 748
object 31 33 left 745
object 31 33 right 746
object 33 33 left 747
object 33 33 right 748
object 39 33 left 753
object 39 33 right 754
object 41 33 left 753
object 41 33 right 754
object 42 33 left 745
object 42 33 right 746
object 43 33 left 745
object 43 33 right 746
object 45 33 left 753
object 45 33 right 754
object 46 33 left 3271
object 46 33 right 3272
object 47 33 left 753
object 47 33 right 754
object 49 33 left 753
object 49 33 right 754
object 50 33 left 753
object 50 33 right 754
object 51 33 left 753
object 51 33 right 760
object 53 33 left 753
object 53 33 right 754
object 54 33 left 755
object 54 33 right 756
object 55 33 left 753
object 55 33 right 754
object 57 33 left 745
object 57 33 right 746
object 67 33 left 745
object 67 33 right 746
object 69 33 left 745
object 69 33 right 746
object 70 33 left 747
object 70 33 right 748
object 71 33 left 745
object 71 33 right 746
object 80 33 left 747
object 80 33 right 748
object 83 33 left 745
object 83 33 right 746
object 84 33 left 745
object 84 33 right 746
object 92 33 left 745
object 92 33 right 746
object 95 33 right 3276
object 97 33 left 745
object 97 33 right 746
object 3 34 right 3273
object 12 34 left 747
object 12 34 right 748
object 24 34 left 745
object 24 34 right 746
object 33 34 left 745
object 33 34 right 746
object 35 34 left 747
object 35 34 right 748
object 38 34 left 747
object 38 34 right 748
object 40 34 left 753
object 40 34 right 754
object 41 34 left 753
object 41 34 right 754
object 42 34 left 753
object 42 34 right 754
object 43 34 left 759
object 43 34 right 760
object 44 34 left 753
object 44 34 right 754
object 45 34 left 747
object 45 34 right 748
object 46 34 left 753
object 46 34 right 754
object 47 34 left 745
object 47 34 right 746
object 48 34 left 753
object 48 34 right 754
object 49 34 left 745
object 49 34 right 746
object 50 34 left 759
object 50 34 right 760
object 51 34 left 753
object 51 34 right 754
object 52 34 left 753
object 52 34 right 754
object 55 34 left 753
object 55 34 right 754
object 57 34 left 745
object 57 34 right 746
object 61 34 left 745
object 61 34 right 746
object 95 34 left 3274
object 95 34 right 3275
object 2 35 left 745
object 2 35 right 746
object 3 35 left 3271
object 3 35 right 3272
object 15 35 left 747
object 15 35 right 748
object 23 35 left 747
object 23 35 right 748
object 27 35 left 745
object 27 35 right 746
object 30 35 left 745
object 30 35 right 746
object 33 35 left 745
object 33 35 right 746
object 36 35 left 745
object 36 35 right 746
object 39 35 left 753
object 39 35 right 754
object 40 35 left 753
object 40 35 right 754
object 41 35 left 753
object 41 35 right 760
object 42 35 left 753
object 42 35 right 3270
object 43 35 left 747
object 43 35 right 748
object 44 35 left 753
object 44 35 right 754
object 45 35 left 745
object 45 35 right 746
object 46 35 left 745
object 46 35 right 746
object 47 35 left 753
object 47 35 right 754
object 48 35 left 753
object 48 35 right 754
object 49 35 left 753
object 49 35 right 760
object 50 35 left 753
object 50 35 right 754
object 52 35 left 755
object 52 35 right 756
object 54 35 left 753
object 54 35 right 754
object 59 35 left 745
object 59 35 right 746
object 62 35 left 747
object 62 35 right 748
object 63 35 left 745
object 63 35 right 746
object 65 35 left 747
object 65 35 right 748
object 66 35 left 745
object 66 35 right 746
object 71 35 left 745
object 71 35 right 746
object 79 35 right 2664
object 82 35 left 745
object 82 35 right 746
object 1 36 left 747
object 1 36 right 748
object 14 36 left 745
object 14 36 right 746
object 15 36 left 747
object 15 36 right 748
object 40 36 left 753
object 40 36 right 754
object 41 36 left 745
object 41 36 right 746
object 42 36 left 3268
object 42 36 right 3269
object 43 36 left 753
object 43 36 right 754
object 44 36 left 753
object 44 36 right 754
object 45 36 left 745
object 45 36 right 746
object 46 36 left 753
object 46 36 right 754
object 47 36 left 745
object 47 36 right 746
object 48 36 left 753
object 48 36 right 754
object 49 36 left 753
object 49 36 right 754
object 50 36 left 753
object 50 36 right 760
object 51 36 left 745
object 51 36 right 746
object 52 36 left 747
object 52 36 right 748
object 53 36 left 753
object 53 36 right 754
object 73 36 left 745
object 73 36 right 746
object 79 36 right 2663
object 88 36 left 745
object 88 36 right 746
object 98 36 left 745
object 98 36 right 746
object 4 37 left 745
object 4 37 right 746
object 5 37 left 747
object 5 37 right 748
object 11 37 right 2664
object 40 37 left 753
object 40 37 right 754
object 41 37 left 747
object 41 37 right 748
object 42 37 left 753
object 42 37 right 754
object 43 37 left 753
object 43 37 right 754
object 45 37 left 753
object 45 37 right 754
object 46 37 left 747
object 46 37 right 748
object 47 37 left 753
object 47 37 right 754
object 48 37 left 745
object 48 37 right 746
object 49 37 left 745
object 49 37 right 746
object 51 37 left 759
object 51 37 right 760
object 52 37 left 753
object 52 37 right 754
object 53 37 left 753
object 53 37 right 754
object 67 37 left 747
object 67 37 right 748
object 71 37 left 745
object 71 37 right 746
object 72 37 left 747
object 72 37 right 748
object 73 37 left 747
object 73 37 right 748
object 74 37 left 745
object 74 37 right 746
object 77 37 left 2659
object 78 37 left 2660
object 79 37 left 2661
object 79 37 right 2662
object 0 38 left 747
object 0 38 right 748
object 2 38 left 747
object 2 38 right 748
object 7 38 left 745
object 7 38 right 746
object 11 38 right 2663
object 40 38 left 753
object 40 38 right 754
object 41 38 left 753
object 41 38 right 760
object 42 38 left 753
object 42 38 right 754
object 43 38 left 745
object 43 38 right 746
object 44 38 left 753
object 44 38 right 754
object 45 38 left 753
object 45 38 right 760
object 46 38 left 745
object 46 38 right 746
object 47 38 left 745
object 47 38 right 746
object 49 38 left 755
object 49 38 right 756
object 50 38 left 753
object 50 38 right 754
object 52 38 left 753
object 52 38 right 3276
object 53 38 left 753
object 53 38 right 754
object 54 38 left 753
object 54 38 right 760
object 66 38 left 747
object 66 38 right 748
object 68 38 left 745
object 68 38 right 746
object 74 38 left 745
object 74 38 right 746
object 76 38 left 747
object 76 38 right 748
object 95 38 right 2664
object 98 38 left 745
object 98 38 right 746
object 7 39 left 747
object 7 39 right 748
object 9 39 left 2659
object 10 39 left 2660
object 10 39 right 746
object 11 39 left 2661
object 11 39 right 2662
object 14 39 left 747
object 14 39 right 748
object 28 39 left 745
object 28 39 right 746
object 31 39 right 3270
object 41 39 left 753
object 41 39 right 754
object 42 39 left 753
object 42 39 right 754
object 43 39 left 753
object 43 39 right 760
object 44 39 left 753
object 44 39 right 760
object 45 39 left 753
object 45 39 right 754
object 46 39 left 753
object 46 39 right 754
object 47 39 left 745
object 47 39 right 746
object 48 39 left 759
object 48 39 right 760
object 50 39 left 753
object 50 39 right 754
object 51 39 left 747
object 51 39 right 748
object 52 39 left 3274
object 52 39 right 3275
object 53 39 left 753
object 53 39 right 754
object 54 39 left 753
object 54 39 right 754
object 68 39 left 745
object 68 39 right 746
object 69 39 left 745
object 69 39 right 746
object 73 39 left 747
object 73 39 right 748
object 76 39 left 747
object 76 39 right 748
object 88 39 left 745
object 88 39 right 746
object 95 39 right 2663
object 6 40 left 745
object 6 40 right 746
object 10 40 left 747
object 10 40 right 748
object 26 40 right 2670
object 31 40 left 3268
object 31 40 right 3269
object 42 40 left 753
object 42 40 right 754
object 43 40 left 759
object 43 40 right 760
object 44 40 left 753
object 44 40 right 754
object 47 40 left 747
object 47 40 right 748
object 49 40 left 747
object 49 40 right 748
object 50 40 left 747
object 50 40 right 748
object 53 40 left 745
object 53 40 right 746
object 55 40 left 753
object 55 40 right 754
object 61 40 right 2670
object 65 40 right 3273
object 92 40 left 747
object 92 40 right 748
object 93 40 left 2659
object 94 40 left 2660
object 95 40 left 2661
object 95 40 right 2662
object 2 41 left 745
object 2 41 right 746
object 21 41 left 745
object 21 41 right 746
object 26 41 right 2669
object 34 41 left 745
object 34 41 right 746
object 40 41 right 2664
object 42 41 left 753
object 42 41 right 754
object 45 41 left 753
object 45 41 right 754
object 46 41 left 753
object 46 41 right 754
object 47 41 left 745
object 47 41 right 746
object 48 41 left 745
object 48 41 right 746
object 49 41 left 745
object 49 41 right 746
object 50 41 left 753
object 50 41 right 754
object 51 41 left 745
object 51 41 right 746
object 52 41 left 753
object 52 41 right 754
object 53 41 left 745
object 53 41 right 746
object 55 41 left 753
object 55 41 right 754
object 56 41 left 753
object 56 41 right 760
object 57 41 left 747
object 57 41 right 748
object 61 41 right 2669
object 65 41 left 3271
object 65 41 right 3272
object 68 41 left 745
object 68 41 right 746
object 79 41 left 745
object 79 41 right 746
object 86 41 left 745
object 86 41 right 746
object 92 41 right 3270
object 97 41 left 745
object 97 41 right 746
object 2 42 left 747
object 2 42 right 748
object 6 42 right 3270
object 10 42 left 747
object 10 42 right 748
object 20 42 left 745
object 20 42 right 746
object 22 42 left 747
object 22 42 right 748
object 24 42 left 2665
object 25 42 left 2666
object 26 42 left 2667
object 26 42 right 2668
object 31 42 left 747
object 31 42 right 748
object 35 42 left 747
object 35 42 right 748
object 40 42 right 2663
object 42 42 left 747
object 42 42 right 748
object 43 42 left 753
object 43 42 right 754
object 44 42 left 745
object 44 42 right 746
object 45 42 left 753
object 45 42 right 754
object 46 42 left 753
object 46 42 right 754
object 47 42 left 745
object 47 42 right 3276
object 48 42 left 753
object 48 42 right 754
object 49 42 left 753
object 49 42 right 754
object 52 42 left 753
object 52 42 right 754
object 54 42 left 753
object 54 42 right 754
object 55 42 left 753
object 55 42 right 754
object 57 42 left 745
object 57 42 right 746
object 58 42 left 747
object 58 42 right 748
object 59 42 left 2665
object 60 42 left 2666
object 61 42 left 2667
object 61 42 right 2668
object 89 42 left 745
object 89 42 right 746
object 92 42 left 3268
object 92 42 right 3269
object 94 42 left 745
object 94 42 right 746
object 4 43 left 745
object 4 43 right 746
object 6 43 left 3268
object 6 43 right 3269
object 7 43 left 747
object 7 43 right 748
object 20 43 left 747
object 20 43 right 748
object 32 43 left 745
object 32 43 right 746
object 34 43 left 747
object 34 43 right 748
object 35 43 left 745
object 35 43 right 746
object 38 43 left 2659
object 39 43 left 2660
object 40 43 left 2661
object 40 43 right 2662
object 44 43 left 753
object 44 43 right 754
object 45 43 left 753
object 45 43 right 760
object 46 43 left 745
object 46 43 right 746
object 47 43 left 3274
object 47 43 right 3275
object 48 43 left 753
object 48 43 right 754
object 49 43 left 755
object 49 43 right 756
object 51 43 left 753
object 51 43 right 760
object 53 43 left 753
object 53 43 right 754
object 79 43 left 745
object 79 43 right 746
object 90 43 left 747
object 90 43 right 748
object 96 43 left 747
object 96 43 right 748
object 5 44 left 745
object 5 44 right 746
object 9 44 left 745
object 9 44 right 746
object 10 44 left 747
object 10 44 right 748
object 25 44 left 745
object 25 44 right 746
object 27 44 left 745
object 27 44 right 746
object 31 44 right 3276
object 37 44 left 745
object 37 44 right 746
object 44 44 left 755
object 44 44 right 756
object 45 44 left 753
object 45 44 right 754
object 46 44 left 747
object 46 44 right 748
object 47 44 left 753
object 47 44 right 754
object 48 44 left 753
object 48 44 right 754
object 49 44 left 753
object 49 44 right 754
object 50 44 left 745
object 50 44 right 746
object 51 44 left 745
object 51 44 right 746
object 52 44 left 755
object 52 44 right 756
object 53 44 left 753
object 53 44 right 754
object 54 44 left 753
object 54 44 right 760
object 70 44 left 747
object 70 44 right 748
object 71 44 left 745
object 71 44 right 746
object 91 44 left 747
object 91 44 right 748
object 93 44 left 745
object 93 44 right 746
object 95 44 left 745
object 95 44 right 746
object 24 45 left 745
object 24 45 right 746
object 26 45 left 747
object 26 45 right 748
object 31 45 left 3274
object 31 45 right 3275
object 33 45 left 745
object 33 45 right 746
object 34 45 left 759
object 34 45 right 760
object 35 45 left 759
object 35 45 right 760
object 36 45 left 755
object 36 45 right 756
object 38 45 left 747
object 38 45 right 748
object 40 45 left 747
object 40 45 right 748
object 45 45 left 753
object 45 45 right 754
object 46 45 left 753
object 46 45 right 760
object 49 45 left 753
object 49 45 right 754
object 50 45 left 755
object 50 45 right 756
object 51 45 left 753
object 51 45 right 754
object 52 45 left 753
object 52 45 right 754
object 53 45 left 753
object 53 45 right 754
object 59 45 left 745
object 59 45 right 746
object 60 45 left 747
object 60 45 right 748
object 62 45 left 747
object 62 45 right 748
object 64 45 left 745
object 64 45 right 746
object 78 45 right 2670
object 85 45 left 745
object 85 45 right 746
object 98 45 left 745
object 98 45 right 746
object 1 46 left 747
object 1 46 right 748
object 2 46 left 745
object 2 46 right 746
object 4 46 right 3276
object 10 46 left 747
object 10 46 right 748
object 11 46 left 745
object 11 46 right 746
object 16 46 left 745
object 16 46 right 746
object 27 46 left 745
object 27 46 right 746
object 35 46 left 747
object 35 46 right 748
object 36 46 left 755
object 36 46 right 756
object 37 46 left 745
object 37 46 right 746
object 44 46 right 3270
object 45 46 left 753
object 45 46 right 754
object 46 46 left 753
object 46 46 right 754
object 48 46 left 753
object 48 46 right 754
object 49 46 left 747
object 49 46 right 748
object 50 46 left 753
object 50 46 right 754
object 51 46 left 745
object 51 46 right 746
object 52 46 left 753
object 52 46 right 754
object 55 46 left 745
object 55 46 right 746
object 60 46 left 747
object 60 46 right 748
object 64 46 left 745
object 64 46 right 746
object 68 46 left 745
object 68 46 right 746
object 71 46 left 745
object 71 46 right 746
object 78 46 right 2669
object 91 46 right 2670
object 96 46 left 745
object 96 46 right 746
object 4 47 left 3274
object 4 47 right 3275
object 6 47 left 747
object 6 47 right 748
object 16 47 left 747
object 16 47 right 748
object 26 47 left 745
object 26 47 right 746
object 27 47 left 745
object 27 47 right 746
object 30 47 left 747
object 30 47 right 748
object 31 47 left 755
object 31 47 right 756
object 32 47 left 745
object 32 47 right 746
object 34 47 left 755
object 34 47 right 756
object 36 47 left 329
object 36 47 right 330
object 37 47 left 335
object 37 47 right 336
object 38 47 left 755
object 38 47 right 756
object 39 47 left 755
object 39 47 right 756
object 40 47 left 745
object 40 47 right 746
object 44 47 left 3268
object 44 47 right 3269
object 47 47 left 745
object 47 47 right 746
object 48 47 left 745
object 48 47 right 746
object 59 47 right 3270
object 76 47 left 2665
object 77 47 left 2666
object 78 47 left 2667
object 78 47 right 2668
object 91 47 right 2669
object 92 47 left 745
object 92 47 right 746
object 10 48 right 3273
object 23 48 right 2664
object 26 48 left 747
object 26 48 right 748
object 32 48 left 755
object 32 48 right 756
object 35 48 left 753
object 35 48 right 754
object 36 48 left 755
object 36 48 right 756
object 37 48 left 335
object 37 48 right 336
object 38 48 left 755
object 38 48 right 756
object 40 48 left 753
object 40 48 right 754
object 41 48 left 753
object 41 48 right 760
object 42 48 left 747
object 42 48 right 748
object 49 48 left 745
object 49 48 right 746
object 55 48 left 747
object 55 48 right 748
object 59 48 left 3268
object 59 48 right 3269
object 62 48 left 745
object 62 48 right 746
object 71 48 left 745
object 71 48 right 746
object 84 48 left 745
object 84 48 right 746
object 87 48 left 745
object 87 48 right 746
object 89 48 left 2665
object 90 48 left 2666
object 91 48 left 2667
object 91 48 right 2668
object 2 49 left 747
object 2 49 right 748
object 3 49 left 747
object 3 49 right 748
object 7 49 left 745
object 7 49 right 746
object 10 49 left 3271
object 10 49 right 3272
object 17 49 left 745
object 17 49 right 746
object 18 49 left 745
object 18 49 right 746
object 23 49 right 2663
object 28 49 left 753
object 28 49 right 754
object 30 49 left 753
object 30 49 right 760
object 31 49 left 753
object 31 49 right 760
object 32 49 left 747
object 32 49 right 748
object 33 49 left 747
object 33 49 right 748
object 34 49 left 329
object 34 49 right 330
object 35 49 left 755
object 35 49 right 756
object 37 49 left 755
object 37 49 right 756
object 38 49 left 755
object 38 49 right 756
object 39 49 left 753
object 39 49 right 760
object 40 49 left 759
object 40 49 right 760
object 57 49 left 745
object 57 49 right 746
object 65 49 left 747
object 65 49 right 748
object 68 49 left 747
object 68 49 right 748
object 74 49 left 745
object 74 49 right 746
object 83 49 left 745
object 83 49 right 746
object 97 49 right 3273
object 1 50 left 745
object 1 50 right 746
object 3 50 left 745
object 3 50 right 746
object 20 50 left 745
object 20 50 right 746
object 21 50 left 2659
object 22 50 left 2660
object 23 50 left 2661
object 23 50 right 2662
object 29 50 left 753
object 29 50 right 754
object 30 50 left 755
object 30 50 right 756
object 31 50 left 755
object 31 50 right 756
object 32 50 left 747
object 32 50 right 748
object 33 50 left 755
object 33 50 right 756
object 34 50 left 753
object 34 50 right 754
object 35 50 left 755
object 35 50 right 756
object 37 50 left 755
object 37 50 right 756
object 39 50 left 753
object 39 50 right 754
object 41 50 left 755
object 41 50 right 756
object 42 50 left 753
object 42 50 right 760
object 44 50 left 745
object 44 50 right 746
object 68 50 right 3276
object 78 50 left 745
object 78 50 right 746
object 88 50 right 3270
object 90 50 left 745
object 90 50 right 746
object 97 50 left 3271
object 97 50 right 3272
object 2 51 left 747
object 2 51 right 748
object 27 51 left 747
object 27 51 right 748
object 28 51 left 753
object 28 51 right 754
object 30 51 left 755
object 30 51 right 756
object 31 51 left 753
object 31 51 right 760
object 32 51 left 341
object 32 51 right 342
object 34 51 left 341
object 34 51 right 342
object 35 51 left 755
object 35 51 right 756
object 36 51 left 759
object 36 51 right 760
object 37 51 left 335
object 37 51 right 336
object 39 51 left 335
object 39 51 right 336
object 40 51 right 3273
object 41 51 left 755
object 41 51 right 756
object 42 51 left 753
object 42 51 right 760
object 43 51 left 747
object 43 51 right 748
object 44 51 left 753
object 44 51 right 754
object 52 51 left 747
object 52 51 right 748
object 55 51 right 3273
object 65 51 left 747
object 65 51 right 748
object 68 51 left 3274
object 68 51 right 3275
object 76 51 left 745
object 76 51 right 746
object 86 51 left 745
object 86 51 right 746
object 88 51 left 3268
object 88 51 right 3269
object 94 51 left 745
object 94 51 right 746
object 95 51 left 745
object 95 51 right 746
object 3 52 left 747
object 3 52 right 748
object 12 52 left 745
object 12 52 right 746
object 27 52 left 745
object 27 52 right 746
object 29 52 left 747
object 29 52 right 748
object 30 52 left 753
object 30 52 right 760
object 31 52 left 341
object 31 52 right 3273
object 34 52 left 753
object 34 52 right 760
object 35 52 left 747
object 35 52 right 748
object 36 52 left 755
object 36 52 right 756
object 39 52 left 753
object 39 52 right 754
object 40 52 left 3271
object 40 52 right 3272
object 41 52 left 341
object 41 52 right 342
object 45 52 left 745
object 45 52 right 746
object 46 52 left 745
object 46 52 right 746
object 55 52 left 3271
object 55 52 right 3272
object 59 52 left 747
object 59 52 right 748
object 61 52 left 747
object 61 52 right 748
object 64 52 left 745
object 64 52 right 746
object 91 52 left 745
object 91 52 right 746
object 3 53 left 745
object 3 53 right 746
object 5 53 left 745
object 5 53 right 746
object 12 53 left 747
object 12 53 right 748
object 24 53 left 747
object 24 53 right 748
object 27 53 left 747
object 27 53 right 748
object 30 53 left 755
object 30 53 right 756
object 31 53 left 3271
object 31 53 right 3272
object 33 53 left 753
object 33 53 right 760
object 34 53 left 753
object 34 53 right 754
object 36 53 left 755
object 36 53 right 756
object 37 53 left 329
object 37 53 right 330
object 38 53 left 755
object 38 53 right 756
object 39 53 left 753
object 39 53 right 760
object 40 53 left 755
object 40 53 right 756
object 41 53 left 329
object 41 53 right 330
object 43 53 left 753
object 43 53 right 754
object 58 53 left 745
object 58 53 right 746
object 60 53 left 747
object 60 53 right 748
object 62 53 left 745
object 62 53 right 746
object 65 53 left 759
object 65 53 right 760
object 66 53 left 745
object 66 53 right 746
object 69 53 left 747
object 69 53 right 748
object 79 53 left 745
object 79 53 right 746
object 89 53 left 747
object 89 53 right 748
object 95 53 right 3276
object 1 54 left 745
object 1 54 right 746
object 12 54 right 2670
object 14 54 left 745
object 14 54 right 746
object 30 54 left 753
object 30 54 right 754
object 31 54 left 755
object 31 54 right 756
object 33 54 left 755
object 33 54 right 756
object 34 54 left 753
object 34 54 right 754
object 35 54 left 755
object 35 54 right 756
object 36 54 left 745
object 36 54 right 746
object 37 54 left 329
object 37 54 right 330
object 38 54 left 753
object 38 54 right 754
object 39 54 left 755
object 39 54 right 756
object 40 54 left 335
object 40 54 right 336
object 41 54 left 755
object 41 54 right 756
object 42 54 left 755
object 42 54 right 756
object 43 54 left 753
object 43 54 right 754
object 44 54 left 753
object 44 54 right 760
object 45 54 left 755
object 45 54 right 756
object 47 54 left 747
object 47 54 right 748
object 49 54 left 747
object 49 54 right 748
object 63 54 left 747
object 63 54 right 748
object 64 54 left 753
object 64 54 right 754
object 65 54 left 755
object 65 54 right 756
object 66 54 left 753
object 66 54 right 754
object 68 54 left 753
object 68 54 right 754
object 93 54 left 747
object 93 54 right 748
object 95 54 left 3274
object 95 54 right 3275
object 98 54 left 747
object 98 54 right 748
object 2 55 left 747
object 2 55 right 748
object 3 55 left 747
object 3 55 right 748
object 5 55 left 747
object 5 55 right 748
object 12 55 right 2669
object 15 55 left 747
object 15 55 right 748
object 30 55 left 745
object 30 55 right 746
object 32 55 left 755
object 32 55 right 756
object 33 55 left 753
object 33 55 right 754
object 37 55 left 755
object 37 55 right 756
object 38 55 left 753
object 38 55 right 754
object 40 55 left 341
object 40 55 right 342
object 41 55 left 755
object 41 55 right 756
object 42 55 left 759
object 42 55 right 760
object 44 55 left 753
object 44 55 right 754
object 45 55 left 755
object 45 55 right 756
object 54 55 right 2664
object 61 55 left 745
object 61 55 right 746
object 62 55 left 747
object 62 55 right 748
object 64 55 left 753
object 64 55 right 760
object 66 55 left 755
object 66 55 right 756
object 76 55 right 2664
object 79 55 left 745
object 79 55 right 746
object 91 55 left 745
object 91 55 right 746
object 10 56 left 2665
object 11 56 left 2666
object 12 56 left 2667
object 12 56 right 2668
object 15 56 left 745
object 15 56 right 746
object 16 56 left 745
object 16 56 right 746
object 29 56 left 745
object 29 56 right 746
object 32 56 left 753
object 32 56 right 754
object 33 56 left 341
object 33 56 right 342
object 34 56 left 755
object 34 56 right 756
object 35 56 left 755
object 35 56 right 756
object 37 56 left 753
object 37 56 right 754
object 38 56 left 755
object 38 56 right 756
object 40 56 left 753
object 40 56 right 3276
object 41 56 left 753
object 41 56 right 754
object 42 56 left 745
object 42 56 right 746
object 43 56 left 747
object 43 56 right 748
object 44 56 left 753
object 44 56 right 754
object 45 56 left 759
object 45 56 right 760
object 47 56 left 747
object 47 56 right 748
object 48 56 left 745
object 48 56 right 746
object 49 56 left 747
object 49 56 right 748
object 54 56 right 2663
object 59 56 left 745
object 59 56 right 746
object 67 56 left 753
object 67 56 right 760
object 69 56 left 753
object 69 56 right 754
object 71 56 left 755
object 71 56 right 756
object 76 56 right 2663
object 84 56 left 745
object 84 56 right 746
object 89 56 right 2670
object 92 56 left 745
object 92 56 right 746
object 93 56 left 747
object 93 56 right 748
object 95 56 left 745
object 95 56 right 746
object 98 56 left 745
object 98 56 right 746
object 3 57 left 747
object 3 57 right 748
object 14 57 left 745
object 14 57 right 746
object 27 57 right 2670
object 30 57 left 747
object 30 57 right 748
object 32 57 left 745
object 32 57 right 746
object 34 57 left 747
object 34 57 right 748
object 35 57 left 759
object 35 57 right 760
object 40 57 left 3274
object 40 57 right 3275
object 41 57 left 759
object 41 57 right 760
object 42 57 left 747
object 42 57 right 748
object 43 57 left 335
object 43 57 right 336
object 44 57 left 755
object 44 57 right 756
object 47 57 left 747
object 47 57 right 748
object 51 57 left 747
object 51 57 right 748
object 52 57 left 2659
object 53 57 left 2660
object 54 57 left 2661
object 54 57 right 2662
object 63 57 left 759
object 63 57 right 760
object 71 57 left 755
object 71 57 right 756
object 74 57 left 2659
object 75 57 left 2660
object 76 57 left 2661
object 76 57 right 2662
object 89 57 right 2669
object 91 57 left 747
object 91 57 right 748
object 0 58 left 747
object 0 58 right 748
object 3 58 right 3270
object 5 58 left 745
object 5 58 right 746
object 14 58 left 745
object 14 58 right 746
object 27 58 right 2669
object 31 58 left 747
object 31 58 right 748
object 33 58 left 755
object 33 58 right 756
object 34 58 left 753
object 34 58 right 754
object 41 58 left 755
object 41 58 right 756
object 44 58 left 755
object 44 58 right 756
object 49 58 left 745
object 49 58 right 746
object 62 58 left 753
object 62 58 right 754
object 63 58 left 755
object 63 58 right 756
object 64 58 left 753
object 64 58 right 754
object 65 58 left 753
object 65 58 right 760
object 70 58 left 755
object 70 58 right 756
object 71 58 left 753
object 71 58 right 760
object 72 58 left 753
object 72 58 right 760
object 73 58 left 759
object 73 58 right 760
object 74 58 left 745
object 74 58 right 746
object 86 58 left 745
object 86 58 right 746
object 87 58 left 2665
object 88 58 left 2666
object 89 58 left 2667
object 89 58 right 2668
object 94 58 left 745
object 94 58 right 746
object 3 59 left 3268
object 3 59 right 3269
object 17 59 left 747
object 17 59 right 748
object 24 59 left 745
object 24 59 right 746
object 25 59 left 2665
object 26 59 left 2666
object 27 59 left 2667
object 27 59 right 2668
object 33 59 left 759
object 33 59 right 760
object 34 59 left 745
object 34 59 right 746
object 35 59 left 755
object 35 59 right 756
object 43 59 left 755
object 43 59 right 756
object 44 59 left 745
object 44 59 right 746
object 50 59 left 747
object 50 59 right 748
object 52 59 left 745
object 52 59 right 746
object 57 59 left 747
object 57 59 right 748
object 64 59 left 745
object 64 59 right 746
object 65 59 left 753
object 65 59 right 754
object 69 59 right 3270
object 71 59 left 759
object 71 59 right 760
object 72 59 left 745
object 72 59 right 746
object 75 59 left 755
object 75 59 right 756
object 87 59 left 747
object 87 59 right 748
object 91 59 left 745
object 91 59 right 746
object 98 59 left 745
object 98 59 right 746
object 2 60 left 747
object 2 60 right 748
object 7 60 left 747
object 7 60 right 748
object 16 60 left 745
object 16 60 right 746
object 25 60 left 745
object 25 60 right 746
object 32 60 left 755
object 32 60 right 756
object 33 60 left 745
object 33 60 right 746
object 35 60 left 753
object 35 60 right 760
object 36 60 left 747
object 36 60 right 748
object 37 60 left 753
object 37 60 right 754
object 52 60 left 745
object 52 60 right 746
object 53 60 left 747
object 53 60 right 748
object 56 60 left 745
object 56 60 right 746
object 59 60 left 745
object 59 60 right 746
object 63 60 right 3276
object 64 60 left 755
object 64 60 right 756
object 67 60 left 755
object 67 60 right 756
object 69 60 left 3268
object 69 60 right 3269
object 73 60 left 755
object 73 60 right 756
object 74 60 left 755
object 74 60 right 756
object 75 60 left 753
object 75 60 right 754
object 77 60 left 745
object 77 60 right 746
object 79 60 left 753
object 79 60 right 754
object 86 60 left 745
object 86 60 right 746
object 92 60 left 747
object 92 60 right 748
object 5 61 left 745
object 5 61 right 746
object 14 61 right 2664
object 27 61 left 747
object 27 61 right 748
object 30 61 left 745
object 30 61 right 746
object 35 61 left 341
object 35 61 right 342
object 49 61 right 3270
object 56 61 left 747
object 56 61 right 748
object 58 61 left 747
object 58 61 right 748
object 63 61 left 3274
object 63 61 right 3275
object 65 61 left 753
object 65 61 right 754
object 66 61 left 755
object 66 61 right 756
object 67 61 left 753
object 67 61 right 754
object 68 61 left 753
object 68 61 right 754
object 70 61 left 755
object 70 61 right 756
object 73 61 left 753
object 73 61 right 754
object 74 61 left 753
object 74 61 right 760
object 78 61 left 753
object 78 61 right 754
object 79 61 left 755
object 79 61 right 756
object 89 61 left 745
object 89 61 right 746
object 90 61 left 745
object 90 61 right 746
object 98 61 left 745
object 98 61 right 746
object 7 62 left 745
object 7 62 right 746
object 9 62 left 745
object 9 62 right 746
object 14 62 right 2663
object 17 62 left 745
object 17 62 right 746
object 29 62 left 745
object 29 62 right 746
object 34 62 left 755
object 34 62 right 756
object 35 62 left 753
object 35 62 right 754
object 37 62 left 755
object 37 62 right 756
object 43 62 right 2664
object 49 62 left 3268
object 49 62 right 3269
object 52 62 left 747
object 52 62 right 748
object 55 62 left 745
object 55 62 right 746
object 56 62 left 745
object 56 62 right 746
object 62 62 left 745
object 62 62 right 746
object 63 62 left 753
object 63 62 right 760
object 65 62 left 759
object 65 62 right 760
object 67 62 left 753
object 67 62 right 760
object 68 62 left 759
object 68 62 right 760
object 70 62 left 753
object 70 62 right 754
object 71 62 left 753
object 71 62 right 760
object 73 62 left 745
object 73 62 right 746
object 78 62 left 753
object 78 62 right 760
object 79 62 left 759
object 79 62 right 760
object 80 62 left 755
object 80 62 right 756
object 81 62 left 755
object 81 62 right 756
object 92 62 left 745
object 92 62 right 746
object 97 62 right 3270
object 1 63 left 745
object 1 63 right 746
object 4 63 right 3273
object 5 63 left 747
object 5 63 right 748
object 8 63 left 747
object 8 63 right 748
object 10 63 left 747
object 10 63 right 748
object 12 63 left 2659
object 13 63 left 2660
object 14 63 left 2661
object 14 63 right 2662
object 31 63 left 747
object 31 63 right 748
object 34 63 left 753
object 34 63 right 760
object 36 63 left 753
object 36 63 right 3270
object 38 63 left 753
object 38 63 right 760
object 43 63 right 2663
object 54 63 left 745
object 54 63 right 746
object 59 63 left 755
object 59 63 right 756
object 60 63 left 753
object 60 63 right 760
object 62 63 left 755
object 62 63 right 756
object 67 63 left 755
object 67 63 right 756
object 68 63 left 747
object 68 63 right 748
object 70 63 left 755
object 70 63 right 756
object 74 63 left 753
object 74 63 right 754
object 81 63 left 745
object 81 63 right 746
object 89 63 left 745
object 89 63 right 746
object 90 63 left 747
object 90 63 right 748
object 94 63 left 745
object 94 63 right 746
object 97 63 left 3268
object 97 63 right 3269
object 1 64 left 747
object 1 64 right 748
object 4 64 left 3271
object 4 64 right 3272
object 12 64 left 745
object 12 64 right 746
object 13 64 left 747
object 13 64 right 748
object 35 64 left 329
object 35 64 right 330
object 36 64 left 3268
object 36 64 right 3269
object 38 64 left 329
object 38 64 right 330
object 41 64 left 2659
object 42 64 left 2660
object 43 64 left 2661
object 43 64 right 2662
object 50 64 left 745
object 50 64 right 746
object 57 64 left 745
object 57 64 right 746
object 58 64 left 745
object 58 64 right 746
object 59 64 left 753
object 59 64 right 754
object 62 64 left 753
object 62 64 right 754
object 65 64 left 753
object 65 64 right 754
object 66 64 left 753
object 66 64 right 754
object 68 64 left 755
object 68 64 right 756
object 70 64 left 745
object 70 64 right 746
object 73 64 left 745
object 73 64 right 746
object 81 64 left 745
object 81 64 right 746
object 92 64 left 745
object 92 64 right 746
object 2 65 left 747
object 2 65 right 748
object 6 65 left 747
object 6 65 right 748
object 12 65 left 747
object 12 65 right 748
object 28 65 right 2664
object 30 65 left 745
object 30 65 right 746
object 35 65 left 755
object 35 65 right 756
object 37 65 left 753
object 37 65 right 760
object 39 65 left 755
object 39 65 right 756
object 40 65 left 747
object 40 65 right 748
object 47 65 left 745
object 47 65 right 746
object 49 65 left 747
object 49 65 right 748
object 59 65 left 753
object 59 65 right 760
object 60 65 left 745
object 60 65 right 746
object 61 65 left 755
object 61 65 right 756
object 62 65 left 747
object 62 65 right 748
object 66 65 left 755
object 66 65 right 756
object 68 65 left 745
object 68 65 right 746
object 70 65 left 753
object 70 65 right 760
object 76 65 left 755
object 76 65 right 756
object 0 66 left 747
object 0 66 right 748
object 14 66 left 745
object 14 66 right 746
object 24 66 left 747
object 24 66 right 748
object 28 66 right 2663
object 32 66 left 747
object 32 66 right 748
object 35 66 left 755
object 35 66 right 756
object 37 66 left 753
object 37 66 right 760
object 39 66 left 755
object 39 66 right 756
object 42 66 left 745
object 42 66 right 746
object 47 66 left 745
object 47 66 right 746
object 49 66 left 747
object 49 66 right 748
object 51 66 left 745
object 51 66 right 746
object 59 66 left 755
object 59 66 right 756
object 61 66 left 753
object 61 66 right 754
object 63 66 left 753
object 63 66 right 760
object 64 66 left 745
object 64 66 right 746
object 65 66 left 755
object 65 66 right 756
object 66 66 left 753
object 66 66 right 760
object 67 66 left 755
object 67 66 right 756
object 70 66 left 747
object 70 66 right 748
object 71 66 left 745
object 71 66 right 746
object 73 66 left 755
object 73 66 right 756
object 74 66 left 753
object 74 66 right 754
object 75 66 left 753
object 75 66 right 754
object 77 66 left 745
object 77 66 right 746
object 82 66 right 2670
object 97 66 left 745
object 97 66 right 746
object 11 67 right 3270
object 22 67 left 745
object 22 67 right 746
object 24 67 left 747
object 24 67 right 748
object 26 67 left 2659
object 27 67 left 2660
object 28 67 left 2661
object 28 67 right 2662
object 30 67 left 747
object 30 67 right 748
object 33 67 left 747
object 33 67 right 748
object 34 67 left 747
object 34 67 right 748
object 37 67 left 755
object 37 67 right 756
object 44 67 left 745
object 44 67 right 746
object 47 67 left 747
object 47 67 right 748
object 51 67 left 745
object 51 67 right 746
object 60 67 left 753
object 60 67 right 754
object 61 67 left 755
object 61 67 right 756
object 62 67 left 753
object 62 67 right 754
object 65 67 left 753
object 65 67 right 754
object 68 67 left 753
object 68 67 right 760
object 69 67 left 745
object 69 67 right 746
object 70 67 left 753
object 70 67 right 754
object 72 67 left 747
object 72 67 right 748
object 73 67 left 753
object 73 67 right 754
object 74 67 left 759
object 74 67 right 760
object 76 67 left 753
object 76 67 right 760
object 82 67 right 2669
object 11 68 left 3268
object 11 68 right 3269
object 14 68 left 747
object 14 68 right 748
object 24 68 left 745
object 24 68 right 746
object 32 68 left 745
object 32 68 right 746
object 42 68 left 745
object 42 68 right 746
object 57 68 right 3273
object 60 68 left 747
object 60 68 right 748
object 61 68 left 753
object 61 68 right 760
object 67 68 left 753
object 67 68 right 754
object 75 68 left 755
object 75 68 right 756
object 76 68 left 755
object 76 68 right 756
object 77 68 left 759
object 77 68 right 760
object 80 68 left 2665
object 81 68 left 2666
object 82 68 left 2667
object 82 68 right 2668
object 93 68 right 2664
object 97 68 right 3273
object 1 69 left 745
object 1 69 right 746
object 4 69 right 3276
object 21 69 left 745
object 21 69 right 746
object 24 69 left 747
object 24 69 right 748
object 26 69 left 745
object 26 69 right 746
object 29 69 left 745
object 29 69 right 746
object 34 69 left 745
object 34 69 right 746
object 35 69 left 745
object 35 69 right 746
object 38 69 left 745
object 38 69 right 746
object 40 69 left 747
object 40 69 right 748
object 44 69 left 747
object 44 69 right 748
object 46 69 left 745
object 46 69 right 746
object 50 69 left 747
object 50 69 right 748
object 52 69 left 747
object 52 69 right 748
object 53 69 left 747
object 53 69 right 748
object 54 69 left 745
object 54 69 right 746
object 57 69 left 3271
object 57 69 right 3272
object 60 69 left 755
object 60 69 right 756
object 61 69 left 747
object 61 69 right 748
object 67 69 left 755
object 67 69 right 756
object 70 69 left 755
object 70 69 right 756
object 71 69 left 753
object 71 69 right 754
object 72 69 left 755
object 72 69 right 756
object 74 69 left 755
object 74 69 right 756
object 75 69 left 753
object 75 69 right 754
object 77 69 left 753
object 77 69 right 754
object 79 69 left 755
object 79 69 right 756
object 89 69 left 745
object 89 69 right 746
object 93 69 right 2663
object 97 69 left 3271
object 97 69 right 3272
object 4 70 left 3274
object 4 70 right 3275
object 43 70 left 747
object 43 70 right 748
object 48 70 left 745
object 48 70 right 746
object 50 70 left 745
object 50 70 right 746
object 52 70 left 745
object 52 70 right 746
object 54 70 left 745
object 54 70 right 746
object 55 70 left 747
object 55 70 right 748
object 60 70 left 753
object 60 70 right 754
object 61 70 left 745
object 61 70 right 746
object 63 70 left 755
object 63 70 right 756
object 64 70 left 759
object 64 70 right 760
object 67 70 right 3270
object 71 70 left 753
object 71 70 right 754
object 72 70 left 753
object 72 70 right 760
object 75 70 left 753
object 75 70 right 760
object 79 70 left 755
object 79 70 right 756
object 88 70 left 745
object 88 70 right 746
object 91 70 left 745
object 91 70 right 746
object 92 70 left 2660
object 93 70 left 2661
object 93 70 right 2662
object 96 70 left 745
object 96 70 right 746
object 1 71 left 745
object 1 71 right 746
object 4 71 left 745
object 4 71 right 746
object 11 71 right 2664
object 13 71 left 745
object 13 71 right 746
object 20 71 left 747
object 20 71 right 748
object 28 71 left 747
object 28 71 right 748
object 35 71 left 747
object 35 71 right 748
object 46 71 left 745
object 46 71 right 746
object 52 71 left 745
object 52 71 right 746
object 53 71 left 745
object 53 71 right 746
object 59 71 left 745
object 59 71 right 746
object 60 71 left 747
object 60 71 right 748
object 62 71 left 753
object 62 71 right 754
object 64 71 left 745
object 64 71 right 746
object 67 71 left 3268
object 67 71 right 3269
object 69 71 left 753
object 69 71 right 754
object 70 71 left 745
object 70 71 right 746
object 89 71 left 747
object 89 71 right 748
object 95 71 left 745
object 95 71 right 746
object 3 72 left 747
object 3 72 right 748
object 6 72 left 747
object 6 72 right 748
object 11 72 right 2663
object 19 72 left 745
object 19 72 right 746
object 21 72 left 745
object 21 72 right 746
object 37 72 left 745
object 37 72 right 746
object 39 72 left 747
object 39 72 right 748
object 48 72 left 747
object 48 72 right 748
object 56 72 left 745
object 56 72 right 746
object 57 72 left 745
object 57 72 right 746
object 60 72 left 753
object 60 72 right 754
object 61 72 left 753
object 61 72 right 760
object 63 72 left 747
object 63 72 right 748
object 64 72 left 755
object 64 72 right 756
object 66 72 left 755
object 66 72 right 756
object 70 72 left 753
object 70 72 right 754
object 71 72 left 755
object 71 72 right 756
object 82 72 left 745
object 82 72 right 746
object 98 72 left 745
object 98 72 right 746
object 8 73 left 747
object 8 73 right 748
object 9 73 left 2659
object 10 73 left 2660
object 11 73 left 2661
object 11 73 right 2662
object 38 73 left 745
object 38 73 right 746
object 54 73 left 747
object 54 73 right 748
object 58 73 left 745
object 58 73 right 746
object 62 73 left 745
object 62 73 right 746
object 65 73 left 753
object 65 73 right 754
object 66 73 left 753
object 66 73 right 754
object 68 73 left 755
object 68 73 right 756
object 69 73 left 755
object 69 73 right 756
object 70 73 left 759
object 70 73 right 760
object 72 73 left 745
object 72 73 right 746
object 81 73 left 745
object 81 73 right 746
object 91 73 left 745
object 91 73 right 746
object 96 73 left 747
object 96 73 right 748
object 97 73 left 745
object 97 73 right 746
object 5 74 left 745
object 5 74 right 746
object 30 74 left 745
object 30 74 right 746
object 55 74 left 747
object 55 74 right 748
object 57 74 left 747
object 57 74 right 748
object 64 74 left 755
object 64 74 right 756
object 65 74 left 755
object 65 74 right 756
object 66 74 left 753
object 66 74 right 760
object 68 74 left 753
object 68 74 right 754
object 92 74 left 747
object 92 74 right 748
object 93 74 left 747
object 93 74 right 748
object 3 75 right 3270
object 4 75 left 745
object 4 75 right 746
object 13 75 left 745
object 13 75 right 746
object 29 75 right 2664
object 37 75 right 2670
object 40 75 left 745
object 40 75 right 746
object 64 75 left 745
object 64 75 right 746
object 65 75 left 759
object 65 75 right 760
object 67 75 left 745
object 67 75 right 746
object 75 75 left 745
object 75 75 right 746
object 96 75 right 3276
object 98 75 left 745
object 98 75 right 746
object 99 75 left 745
object 99 75 right 746
object 3 76 left 3268
object 3 76 right 3269
object 7 76 left 747
object 7 76 right 748
object 12 76 left 747
object 12 76 right 748
object 29 76 right 2663
object 32 76 left 747
object 32 76 right 748
object 37 76 right 2669
object 39 76 left 747
object 39 76 right 748
object 40 76 left 745
object 40 76 right 746
object 42 76 left 747
object 42 76 right 748
object 48 76 right 2670
object 65 76 left 753
object 65 76 right 754
object 66 76 left 753
object 66 76 right 754
object 67 76 left 755
object 67 76 right 756
object 76 76 left 745
object 76 76 right 746
object 81 76 right 2670
object 82 76 left 745
object 82 76 right 746
object 96 76 left 3274
object 96 76 right 3275
object 1 77 left 745
object 1 77 right 746
object 25 77 left 745
object 25 77 right 746
object 27 77 left 745
object 27 77 right 746
object 28 77 left 2660
object 29 77 left 2661
object 29 77 right 2662
object 32 77 left 745
object 32 77 right 746
object 33 77 left 745
object 33 77 right 746
object 34 77 left 747
object 34 77 right 748
object 35 77 left 2665
object 36 77 left 2666
object 37 77 left 2667
object 37 77 right 2668
object 42 77 left 745
object 42 77 right 746
object 48 77 right 2669
object 50 77 left 747
object 50 77 right 748
object 60 77 left 747
object 60 77 right 748
object 81 77 right 2669
object 46 78 left 2665
object 47 78 left 2666
object 48 78 left 2667
object 48 78 right 2668
object 51 78 left 745
object 51 78 right 746
object 79 78 left 2665
object 80 78 left 2666
object 81 78 left 2667
object 81 78 right 2668
object 94 78 right 2670
object 96 78 left 747
object 96 78 right 748
object 1 79 left 745
object 1 79 right 746
object 4 79 left 747
object 4 79 right 748
object 6 79 left 745
object 6 79 right 746
object 15 79 left 745
object 15 79 right 746
object 16 79 left 745
object 16 79 right 746
object 45 79 left 747
object 45 79 right 748
object 50 79 left 747
object 50 79 right 748
object 58 79 right 2664
object 68 79 left 745
object 68 79 right 746
object 94 79 right 2669
object 97 79 left 745
object 97 79 right 746
object 3 80 left 745
object 3 80 right 746
object 4 80 left 745
object 4 80 right 746
object 15 80 right 2670
object 18 80 left 745
object 18 80 right 746
object 58 80 right 2663
object 67 80 right 2670
object 72 80 right 3276
object 78 80 right 2664
object 83 80 left 745
object 83 80 right 746
object 92 80 left 2665
object 93 80 left 2666
object 94 80 left 2667
object 94 80 right 2668
object 4 81 left 745
object 4 81 right 746
object 6 81 left 747
object 6 81 right 748
object 15 81 right 2669
object 17 81 left 745
object 17 81 right 746
object 55 81 left 747
object 55 81 right 748
object 56 81 left 2659
object 57 81 left 2660
object 58 81 left 2661
object 58 81 right 2662
object 61 81 left 747
object 61 81 right 748
object 62 81 left 747
object 62 81 right 748
object 67 81 right 2669
object 72 81 left 3274
object 72 81 right 3275
object 78 81 right 2663
object 80 81 left 745
object 80 81 right 746
object 81 81 left 745
object 81 81 right 746
object 83 81 left 745
object 83 81 right 746
object 92 81 left 745
object 92 81 right 746
object 3 82 right 3276
object 7 82 left 745
object 7 82 right 746
object 13 82 left 2665
object 14 82 left 2666
object 15 82 left 2667
object 15 82 right 2668
object 36 82 left 745
object 36 82 right 746
object 65 82 left 2665
object 66 82 left 2666
object 67 82 left 2667
object 67 82 right 2668
object 70 82 left 745
object 70 82 right 746
object 75 82 left 745
object 75 82 right 746
object 76 82 left 2659
object 77 82 left 2660
object 78 82 left 2661
object 78 82 right 2662
object 94 82 left 745
object 94 82 right 746
object 97 82 left 745
object 97 82 right 746
object 1 83 left 745
object 1 83 right 746
object 3 83 left 3274
object 3 83 right 3275
object 5 83 left 745
object 5 83 right 746
object 29 83 left 745
object 29 83 right 746
object 30 83 left 747
object 30 83 right 748
object 38 83 left 747
object 38 83 right 748
object 40 83 left 745
object 40 83 right 746
object 16 84 left 745
object 16 84 right 746
object 40 84 left 747
object 40 84 right 748
object 43 84 left 745
object 43 84 right 746
object 74 84 left 745
object 74 84 right 746
object 76 84 left 745
object 76 84 right 746
object 96 84 left 745
object 96 84 right 746
object 2 85 left 745
object 2 85 right 746
object 4 85 left 747
object 4 85 right 748
object 15 85 right 2664
object 25 85 left 747
object 25 85 right 748
object 26 85 left 747
object 26 85 right 748
object 30 85 right 3270
object 39 85 left 745
object 39 85 right 746
object 47 85 left 745
object 47 85 right 746
object 49 85 left 745
object 49 85 right 746
object 51 85 left 745
object 51 85 right 746
object 56 85 left 745
object 56 85 right 746
object 76 85 left 745
object 76 85 right 746
object 88 85 left 745
object 88 85 right 746
object 98 85 left 745
object 98 85 right 746
object 1 86 left 745
object 1 86 right 746
object 2 86 left 747
object 2 86 right 748
object 15 86 right 2663
object 23 86 left 747
object 23 86 right 748
object 30 86 left 3268
object 30 86 right 3269
object 39 86 left 747
object 39 86 right 748
object 46 86 left 747
object 46 86 right 748
object 51 86 left 745
object 51 86 right 746
object 63 86 left 745
object 63 86 right 746
object 64 86 left 745
object 64 86 right 746
object 66 86 left 745
object 66 86 right 746
object 67 86 left 745
object 67 86 right 746
object 91 86 left 745
object 91 86 right 746
object 96 86 right 2664
object 97 86 left 747
object 97 86 right 748
object 2 87 left 747
object 2 87 right 748
object 13 87 left 2659
object 14 87 left 2660
object 15 87 left 2661
object 15 87 right 2662
object 22 87 left 745
object 22 87 right 746
object 28 87 left 745
object 28 87 right 746
object 30 87 left 747
object 30 87 right 748
object 38 87 right 2670
object 41 87 left 745
object 41 87 right 746
object 49 87 left 747
object 49 87 right 748
object 53 87 left 745
object 53 87 right 746
object 56 87 left 745
object 56 87 right 746
object 84 87 left 745
object 84 87 right 746
object 91 87 left 747
object 91 87 right 748
object 96 87 right 2663
object 1 88 left 745
object 1 88 right 746
object 4 88 left 745
object 4 88 right 746
object 17 88 left 745
object 17 88 right 746
object 33 88 left 745
object 33 88 right 746
object 38 88 right 2669
object 47 88 left 745
object 47 88 right 746
object 51 88 left 745
object 51 88 right 746
object 65 88 left 747
object 65 88 right 748
object 66 88 left 747
object 66 88 right 748
object 69 88 left 745
object 69 88 right 746
object 83 88 left 745
object 83 88 right 746
object 94 88 left 2659
object 95 88 left 2660
object 96 88 left 2661
object 96 88 right 2662
object 98 88 left 745
object 98 88 right 746
object 15 89 left 747
object 15 89 right 748
object 34 89 left 747
object 34 89 right 748
object 36 89 left 2665
object 37 89 left 2666
object 38 89 left 2667
object 38 89 right 2668
object 40 89 left 747
object 40 89 right 748
object 50 89 left 745
object 50 89 right 746
object 85 89 left 745
object 85 89 right 746
object 86 89 left 747
object 86 89 right 748
object 93 89 left 745
object 93 89 right 746
object 3 90 left 747
object 3 90 right 748
object 9 90 right 3270
object 14 90 right 2670
object 17 90 left 745
object 17 90 right 746
object 23 90 left 745
object 23 90 right 746
object 24 90 left 747
object 24 90 right 748
object 33 90 left 745
object 33 90 right 746
object 36 90 left 747
object 36 90 right 748
object 39 90 left 747
object 39 90 right 748
object 76 90 left 745
object 76 90 right 746
object 82 90 left 745
object 82 90 right 746
object 86 90 left 745
object 86 90 right 746
object 96 90 left 745
object 96 90 right 746
object 97 90 left 747
object 97 90 right 748
object 98 90 left 745
object 98 90 right 746
object 5 91 left 747
object 5 91 right 748
object 9 91 left 3268
object 9 91 right 3269
object 14 91 right 2669
object 31 91 right 2670
object 37 91 left 745
object 37 91 right 746
object 42 91 left 745
object 42 91 right 746
object 49 91 right 2664
object 52 91 left 745
object 52 91 right 746
object 53 91 left 747
object 53 91 right 748
object 60 91 right 2664
object 66 91 right 2670
object 70 91 right 3276
object 73 91 left 745
object 73 91 right 746
object 75 91 left 747
object 75 91 right 748
object 84 91 left 747
object 84 91 right 748
object 93 91 right 2670
object 1 92 left 745
object 1 92 right 746
object 8 92 left 745
object 8 92 right 746
object 12 92 left 2665
object 13 92 left 2666
object 14 92 left 2667
object 14 92 right 2668
object 31 92 right 2669
object 40 92 left 745
object 40 92 right 746
object 41 92 left 745
object 41 92 right 746
object 49 92 right 2663
object 55 92 left 745
object 55 92 right 746
object 60 92 right 2663
object 66 92 right 2669
object 70 92 left 3274
object 70 92 right 3275
object 77 92 left 747
object 77 92 right 748
object 87 92 left 745
object 87 92 right 746
object 89 92 left 745
object 89 92 right 746
object 93 92 right 2669
object 5 93 right 3270
object 16 93 left 745
object 16 93 right 746
object 17 93 left 747
object 17 93 right 748
object 29 93 left 2665
object 30 93 left 2666
object 31 93 left 2667
object 31 93 right 2668
object 46 93 left 745
object 46 93 right 746
object 47 93 left 2659
object 48 93 left 2660
object 49 93 left 2661
object 49 93 right 2662
object 58 93 left 2659
object 59 93 left 2660
object 60 93 left 2661
object 60 93 right 2662
object 62 93 left 747
object 62 93 right 748
object 64 93 left 2665
object 65 93 left 2666
object 66 93 left 2667
object 66 93 right 2668
object 68 93 left 747
object 68 93 right 748
object 73 93 left 745
object 73 93 right 746
object 79 93 left 745
object 79 93 right 746
object 91 93 left 2665
object 92 93 left 2666
object 93 93 left 2667
object 93 93 right 2668
object 5 94 left 3268
object 5 94 right 3269
object 33 94 left 745
object 33 94 right 746
object 34 94 left 747
object 34 94 right 748
object 37 94 right 3276
object 43 94 left 747
object 43 94 right 748
object 58 94 left 747
object 58 94 right 748
object 92 94 left 747
object 92 94 right 748
object 98 94 right 3273
object 4 95 left 747
object 4 95 right 748
object 9 95 right 3276
object 17 95 left 747
object 17 95 right 748
object 20 95 left 747
object 20 95 right 748
object 37 95 left 3274
object 37 95 right 3275
object 41 95 right 3270
object 47 95 right 3273
object 49 95 left 745
object 49 95 right 746
object 56 95 right 3270
object 59 95 left 745
object 59 95 right 746
object 60 95 left 745
object 60 95 right 746
object 63 95 left 745
object 63 95 right 746
object 70 95 left 745
object 70 95 right 746
object 72 95 left 745
object 72 95 right 746
object 81 95 left 747
object 81 95 right 748
object 86 95 right 2664
object 96 95 left 745
object 96 95 right 746
object 98 95 left 3271
object 98 95 right 3272
object 1 96 left 745
object 1 96 right 746
object 4 96 right 3273
object 7 96 left 747
object 7 96 right 748
object 9 96 left 3274
object 9 96 right 3275
object 19 96 left 745
object 19 96 right 746
object 21 96 left 745
object 21 96 right 746
object 23 96 left 747
object 23 96 right 748
object 35 96 left 745
object 35 96 right 746
object 41 96 left 3268
object 41 96 right 3269
object 43 96 left 745
object 43 96 right 746
object 47 96 left 3271
object 47 96 right 3272
object 56 96 left 3268
object 56 96 right 3269
object 67 96 right 3273
object 79 96 right 2664
object 86 96 right 2663
object 88 96 left 747
object 88 96 right 748
object 89 96 left 747
object 89 96 right 748
object 92 96 right 3270
object 94 96 left 745
object 94 96 right 746
object 95 96 left 747
object 95 96 right 748
object 4 97 left 3271
object 4 97 right 3272
object 7 97 left 745
object 7 97 right 746
object 17 97 right 2664
object 33 97 right 2664
object 38 97 left 745
object 38 97 right 746
object 45 97 left 745
object 45 97 right 746
object 50 97 left 745
object 50 97 right 746
object 52 97 left 745
object 52 97 right 746
object 53 97 left 745
object 53 97 right 746
object 58 97 left 745
object 58 97 right 746
object 59 97 left 745
object 59 97 right 746
object 61 97 left 745
object 61 97 right 746
object 62 97 left 745
object 62 97 right 746
object 67 97 left 3271
object 67 97 right 3272
object 70 97 left 745
object 70 97 right 746
object 72 97 left 745
object 72 97 right 746
object 73 97 left 745
object 73 97 right 746
object 79 97 right 2663
object 84 97 left 2659
object 85 97 left 2660
object 86 97 left 2661
object 86 97 right 2662
object 89 97 left 745
object 89 97 right 746
object 92 97 left 3268
object 92 97 right 3269
object 97 97 left 745
object 97 97 right 746
object 1 98 left 745
object 1 98 right 746
object 2 98 left 745
object 2 98 right 746
object 8 98 left 747
object 8 98 right 748
object 10 98 left 745
object 10 98 right 746
object 12 98 left 747
object 12 98 right 748
object 17 98 right 2663
object 19 98 left 745
object 19 98 right 746
object 21 98 left 747
object 21 98 right 748
object 22 98 left 745
object 22 98 right 746
object 28 98 left 745
object 28 98 right 746
object 33 98 right 2663
object 36 98 left 747
object 36 98 right 748
object 40 98 left 747
object 40 98 right 748
object 41 98 left 745
object 41 98 right 746
object 44 98 left 747
object 44 98 right 748
object 46 98 left 745
object 46 98 right 746
object 57 98 left 745
object 57 98 right 746
object 65 98 left 745
object 65 98 right 746
object 72 98 left 745
object 72 98 right 746
object 77 98 left 745
object 77 98 right 746
object 78 98 left 2660
object 79 98 left 2661
object 79 98 right 2662
object 81 98 left 745
object 81 98 right 746
object 82 98 left 745
object 82 98 right 746
object 89 98 left 745
object 89 98 right 746
object 95 98 left 745
object 95 98 right 746
object 3 99 left 747
object 3 99 right 748
object 6 99 left 747
object 6 99 right 748
object 15 99 left 2659
object 16 99 left 2660
object 17 99 left 2661
object 17 99 right 2662
object 30 99 left 745
object 30 99 right 746
object 31 99 left 2659
object 32 99 left 2660
object 33 99 left 2661
object 33 99 right 2662
object 38 99 left 745
object 38 99 right 746
object 42 99 left 745
object 42 99 right 746
object 55 99 left 745
object 55 99 right 746
object 62 99 left 745
object 62 99 right 746
object 67 99 left 745
object 67 99 right 746
object 69 99 left 745
object 69 99 right 746
object 85 99 left 745
object 85 99 right 746
