# lod20835 — tools/dat-extract layout 이 만든다. 손으로 고치지 말 것.
size 100 100
blocked
....................................................................................................
.....................................#.......................................#......................
.....................................................#..............................................
........................#........#..........#....#................#......#..........#...#...........
...#................#...............................................................................
....................................................................................................
......................................................#.............................................
.........................#.........................................#................................
......................................#.......................................#.....................
...............................#..#.......................................#...................#.....
.........#......................#...................................................................
..........................................................................................#.........
.....#..........#......................#.......................................#....................
....................................................................................................
....................................................................................................
....................................................................................................
...............................................................................................#....
..........#................................................................................#........
...#..#.............................................................................................
....#.......................................................#.......................................
.............................................................#..................................#...
...........#.......................................#................................................
...................................................................#................................
.................................#..................................................................
..................................#..#..............................................................
................................................#...................................................
.................................................#..............................#..........#........
........................#................................#.......................#..................
.........................#...............................................#..........................
.....#...............................................#..........#...................................
...........................................#.........................#..........#...................
.#..........#.......................................................................................
......................#................#..........#..............................................#..
....................................................................................................
..................................#.......................#..................................#......
...................................#..................#...................#.........................
......#...............................................................#.............................
..#.........................................#.......................................................
............................#...........#..................#........................................
..............................................................#............#......................#.
.......#................#..........#..........................................................#.....
.............................................#.....#................................................
....................................................................................................
...................................................................................................#
....................................................................................................
.............................#......................................#...............................
.......................................................................................#............
........#...........................#....................#......#..........#............#...........
.........#..........................................................................................
..............................#.................#....#..............................................
.................................................#..................................................
....................................................................................................
.....................................................................#..............................
..........................................#......................#..................................
.....#....................................................#.........................................
......................................#..........#....#.............................................
.#..........#...........#.............................................#..........................#..
............................................................................#.....................#.
...........................................................#.................#...........#..........
...............................................#....................................................
...........................................#.....................#..................................
......#................................#............................................................
..#...........................#.....................................................................
....................................................................................................
..........................#..........#......#................................#.................#....
.......#.............................................#........................#.....................
.............#.........................................................#...................#........
..............#..................................#..........#.......................................
...................................................................#..........#.....................
...............................#....................................................................
...........................#........................................................................
................................................................................................#...
..........#...........................................#.....................................#.......
.#.........#....................#.................#.....................#...........................
....................................................................#...............................
...........................................................#.....................................#..
.......................................................#....#.......................................
.........................................................................#..........................
...........................................................................................#........
.......#............................................................................................
....................................................................................................
...#..........#.....................................................................................
....................................................................................................
....................................................................................................
............................................................................#....................#..
.............................................................................#......................
........#.........#..............#...........................................................#......
....#...............................................................................................
.............................................#......................................................
..............................................#.....................................................
.........#..............................................#...#.......................................
.........................................................#.......................#................#.
........................#..............#......................................................#.....
....................................................................................................
....................#..........#...#................................................................
...................................................................................................#
....................................................#.............#.................................
.............#.........................................................................#............
.........#....#.................................#..........#..#..........#..........................
..........#..............#..............#..........................................#..........#.....
floor
3 4 5 36 37 38 39 70 71 72 82 82 83 84 41 42 43 74 75 25 26 57 23 24 25 26 4 5 36 2 3 4 5 36 37 38 39 70 71 72 73 22 53 19 6 7 8 9 40 41 42 43 74 75 76 87 87 88 89 45 46 47 78 79 29 30 61 27 28 90 53 57 48 49 30 61 27 28 29 30 97 98 61 62 63 102 65 17 65 97 98 33 82 93 94 57 58 57 48 49
7 8 9 40 41 42 43 74 75 76 87 87 88 89 45 46 47 78 79 29 30 61 27 28 90 53 87 88 89 90 53 54 9 40 41 42 43 74 75 76 77 26 57 23 10 11 12 13 44 45 46 47 78 79 80 91 91 92 93 49 50 51 82 83 33 34 65 31 32 94 57 61 62 33 34 65 31 32 33 34 101 102 65 17 48 62 63 17 53 53 48 49 82 97 98 61 62 61 62 33
11 12 13 44 45 46 47 78 79 80 91 91 92 93 49 50 51 82 83 33 34 65 31 32 94 57 91 92 93 94 57 58 13 44 45 46 47 78 79 80 81 30 61 27 14 15 16 17 48 49 50 51 82 83 84 95 95 96 97 54 55 56 87 88 89 90 53 87 88 98 61 65 66 89 90 53 87 88 89 90 61 62 63 17 48 66 67 22 53 54 55 56 87 101 102 65 17 65 66 89
15 16 17 48 49 50 51 82 83 84 95 95 96 97 54 55 56 87 88 89 90 53 87 88 98 61 95 96 97 98 61 62 17 48 49 50 51 82 83 84 85 34 65 31 19 20 21 22 53 54 55 56 87 88 89 90 25 26 57 58 59 60 91 92 93 94 57 91 92 102 65 82 93 94 57 58 59 28 29 30 65 66 67 22 53 54 55 26 57 58 59 60 91 61 62 63 17 82 93 94
20 21 22 53 54 55 56 87 88 89 90 25 26 57 58 59 60 91 92 93 94 57 91 92 102 65 99 100 101 102 65 17 22 53 54 55 56 87 88 89 90 90 53 87 23 24 25 26 57 58 59 60 91 92 93 94 29 30 61 62 63 64 95 96 97 98 61 95 96 22 53 82 97 98 61 62 63 32 33 34 53 54 55 26 57 58 59 30 61 62 63 64 95 65 66 67 22 82 97 98
24 25 26 57 58 59 60 91 92 93 94 29 30 61 62 63 64 95 96 97 98 61 95 96 22 53 19 20 21 627 628 629 630 631 58 59 60 91 92 93 94 94 57 91 27 28 29 30 61 62 63 64 95 96 97 98 33 34 65 66 67 20 21 22 101 102 65 99 100 26 57 87 101 102 65 17 48 49 50 51 57 58 59 30 61 62 63 34 65 66 67 20 21 53 54 55 26 87 101 102
28 29 30 61 62 63 64 95 96 97 98 33 34 65 66 67 20 21 22 101 102 65 99 100 26 57 23 24 25 632 633 634 635 636 62 63 64 95 96 97 98 98 61 95 31 32 33 34 65 66 67 20 21 22 53 48 49 26 57 23 24 25 26 93 94 57 58 59 28 30 61 30 97 91 29 30 61 62 63 17 30 97 91 29 30 61 62 63 17 26 87 101 26 93 94 57 58 59 28 30
32 33 34 65 66 67 20 21 22 53 48 49 26 57 23 24 25 26 93 94 57 58 59 28 30 61 27 28 29 637 638 639 640 641 66 67 20 21 22 53 54 102 65 99 87 88 89 90 53 54 55 24 25 26 57 48 49 30 61 27 28 29 30 97 98 61 62 63 32 34 65 34 101 95 33 34 65 66 67 22 34 101 95 33 34 65 66 67 22 58 59 28 30 97 98 61 62 63 32 34
88 89 90 53 54 55 24 25 26 57 48 49 30 61 27 28 29 30 97 98 61 62 63 32 34 65 31 32 33 642 643 644 645 646 54 55 24 25 26 57 58 22 53 19 91 92 93 94 57 58 59 28 29 30 61 62 33 34 65 31 32 33 34 101 102 65 17 48 49 90 53 90 61 99 89 90 53 54 55 26 90 61 99 89 90 53 54 55 26 62 63 32 34 101 102 65 17 48 49 90
92 93 94 57 58 59 28 29 30 61 62 33 34 65 31 32 33 34 101 102 65 17 48 49 90 53 87 88 89 647 648 649 650 651 58 59 28 29 30 61 62 26 57 23 95 96 97 98 61 62 63 32 33 34 65 66 89 90 53 87 88 89 90 61 62 63 17 48 49 94 57 87 88 89 90 53 54 58 59 30 87 88 89 90 53 54 58 59 30 17 48 49 90 61 62 63 17 48 49 94
96 97 98 61 62 63 32 33 34 65 66 89 90 53 87 88 89 90 61 62 63 17 48 49 94 57 91 92 93 94 57 58 98 61 62 63 32 33 34 65 66 30 61 27 99 100 101 102 65 17 201 202 107 108 111 107 115 116 119 115 107 108 111 107 232 233 22 53 54 98 61 91 92 93 94 57 58 62 63 34 91 92 93 94 57 58 62 63 34 17 48 49 30 65 66 67 22 53 54 98
100 101 102 65 17 48 49 50 51 82 93 94 57 58 59 28 29 30 65 66 67 22 53 54 98 61 95 96 97 98 61 62 102 65 17 48 49 50 51 82 22 53 19 20 29 30 61 62 63 201 203 204 109 110 113 109 117 118 121 117 109 110 113 109 234 235 26 57 58 102 65 95 96 97 98 61 62 96 97 54 95 96 97 98 61 62 96 97 54 22 53 54 34 53 54 55 26 57 58 102
30 61 62 63 17 48 49 50 51 82 97 98 61 62 63 32 33 34 53 54 55 26 57 58 201 202 107 108 111 107 232 233 62 63 17 48 49 50 51 82 26 57 23 24 33 34 65 66 201 203 179 180 199 196 141 144 145 146 141 144 145 146 226 224 214 215 107 108 111 107 232 233 100 101 102 65 17 26 57 58 99 100 101 102 65 17 26 57 58 26 57 58 51 57 58 59 30 61 62 63
34 65 66 67 22 53 54 55 56 87 101 102 65 17 48 49 50 51 57 58 59 30 61 62 203 204 109 110 113 109 234 235 66 67 22 53 54 55 56 87 30 61 27 28 89 90 53 54 203 204 181 182 197 198 142 143 147 148 142 143 147 148 225 223 216 217 109 110 113 109 234 235 30 61 62 63 17 30 61 62 29 30 61 62 63 17 30 61 62 30 61 62 51 61 62 63 34 65 66 67
90 664 665 666 667 668 669 59 60 91 61 62 63 17 48 49 50 51 61 67 20 53 54 66 132 134 192 193 226 224 214 215 232 233 26 57 58 59 60 91 87 88 89 90 93 94 201 202 183 184 192 193 205 206 95 65 66 67 22 53 54 55 228 229 149 150 155 156 226 224 214 215 115 116 107 108 232 233 65 66 99 100 26 57 23 24 25 65 66 34 65 66 61 62 63 17 48 49 50 51
94 670 671 672 673 674 675 63 64 95 65 66 67 22 53 54 55 56 62 98 94 57 58 97 135 133 194 195 225 223 216 217 234 235 30 61 62 63 64 95 91 92 93 94 97 98 203 204 185 186 194 195 207 208 21 53 54 55 664 665 666 667 668 669 151 152 153 154 225 223 216 217 117 118 109 110 234 235 61 2 59 28 30 61 27 28 29 70 71 48 49 50 65 66 67 22 53 54 55 56
98 676 677 678 679 680 681 67 20 21 53 54 55 26 57 58 67 20 53 102 98 61 62 101 137 136 161 159 228 229 226 224 210 211 107 108 111 107 115 116 119 115 115 116 119 115 175 176 190 191 205 206 87 88 89 90 53 87 670 671 672 673 674 675 57 84 95 95 228 229 149 150 155 156 226 224 214 215 232 233 63 32 34 65 31 32 33 74 75 53 54 55 53 54 55 26 57 58 67 20
95 682 683 684 685 686 687 87 88 89 90 53 87 30 61 62 98 94 57 57 84 95 95 94 138 139 160 158 230 231 225 223 212 213 109 110 113 109 117 118 121 117 117 118 121 117 177 178 188 189 207 208 91 92 93 94 57 91 676 677 678 679 680 681 61 89 90 25 230 231 151 152 153 154 225 223 216 217 234 235 48 49 90 53 87 88 89 78 79 80 91 89 90 53 87 30 61 62 98 94
90 688 689 690 691 692 693 91 92 93 94 57 91 34 65 66 102 98 61 61 89 90 201 202 179 180 165 163 26 57 228 229 141 144 145 146 141 144 145 146 141 144 145 146 149 150 155 156 205 206 63 64 95 96 97 98 61 95 682 683 684 685 686 687 61 93 94 29 30 61 93 27 28 29 228 229 226 224 214 215 107 108 111 107 107 108 111 107 232 233 95 93 94 57 91 34 65 66 102 98
94 694 695 696 697 698 699 95 96 97 98 61 95 90 53 54 57 84 95 61 93 94 203 204 181 182 164 162 30 61 230 627 628 629 630 631 142 143 147 148 142 143 147 148 151 152 153 154 207 208 67 20 21 22 101 102 65 99 688 689 690 691 692 693 65 97 98 33 34 65 97 31 32 33 230 231 225 223 216 217 109 110 113 109 109 110 113 109 234 235 90 97 91 92 93 94 89 90 53 54
98 33 34 65 66 67 20 21 22 101 102 65 99 94 57 58 201 202 107 108 111 107 175 176 190 191 205 206 34 65 66 632 633 634 635 636 95 96 97 98 61 62 53 54 53 48 49 26 57 23 24 25 26 93 94 57 58 59 694 695 696 697 698 699 53 53 48 49 90 53 53 87 88 89 90 61 228 229 149 150 155 156 141 144 145 146 226 224 169 167 94 101 95 96 97 98 93 94 57 58
48 49 26 57 23 24 25 26 93 94 57 58 59 98 61 62 203 204 109 110 113 109 177 178 188 189 207 208 26 57 23 637 638 639 640 641 99 100 101 102 65 17 57 58 57 48 627 628 629 630 631 29 30 97 98 61 62 63 102 65 17 65 97 98 33 82 93 94 57 58 57 62 29 30 61 62 230 231 151 152 153 154 142 143 147 148 225 223 168 166 98 94 99 100 101 102 97 98 61 62
48 49 30 61 27 28 29 30 97 98 61 62 63 102 65 17 127 124 199 196 141 144 145 146 205 206 48 49 30 61 27 642 643 644 645 646 29 30 61 62 63 17 61 62 61 62 632 633 634 635 636 33 34 101 102 65 17 48 62 63 17 53 53 48 49 82 97 98 61 62 61 66 33 34 65 66 67 22 664 665 666 667 668 669 67 67 132 134 173 171 48 49 65 66 67 33 84 95 95 96
62 33 34 65 31 32 33 34 101 102 65 17 48 62 63 17 126 125 197 198 142 143 627 628 629 630 631 33 34 65 31 647 648 649 650 651 33 34 65 66 67 22 95 96 65 66 637 638 639 640 641 89 90 61 62 63 17 48 66 67 22 53 54 55 56 87 101 102 65 17 65 2 3 4 5 36 37 38 670 671 672 673 674 675 37 55 135 133 172 170 48 49 53 54 55 89 89 90 25 26
66 89 90 53 87 88 89 90 61 62 63 17 48 66 67 22 131 128 169 167 87 101 632 633 634 635 636 89 90 53 87 88 89 90 61 99 89 90 53 54 55 26 25 26 82 93 642 643 644 645 646 29 30 65 66 67 22 53 54 55 26 57 58 59 60 91 61 62 63 17 82 6 7 8 9 40 41 42 676 677 678 679 680 681 41 59 137 136 161 159 62 33 57 23 24 25 93 94 29 30
93 94 57 58 59 28 29 30 65 66 67 22 53 54 55 26 130 129 168 166 91 61 637 638 639 640 641 94 57 58 59 28 29 87 88 89 90 53 54 58 59 30 29 30 82 97 647 648 649 650 651 33 34 53 54 55 26 57 58 59 30 61 62 63 64 95 65 66 67 22 82 10 11 12 13 44 45 46 682 683 684 685 686 687 5 95 138 139 160 158 2 59 61 27 28 29 97 98 33 34
97 98 61 62 63 32 33 34 53 54 55 26 57 58 59 30 127 124 173 171 95 65 642 643 644 645 646 98 61 62 63 32 33 91 92 93 94 57 58 62 63 34 33 34 87 101 102 65 17 48 49 50 51 57 58 59 30 61 62 63 34 65 66 67 20 21 53 54 55 26 87 14 15 16 17 48 49 50 688 689 690 691 692 693 201 202 175 176 165 163 6 63 65 31 32 33 67 22 53 54
101 102 65 17 48 49 50 51 57 58 59 30 61 62 63 34 126 125 172 170 21 53 647 648 649 650 651 102 65 17 48 49 50 95 96 97 98 61 62 96 97 54 33 34 30 97 91 29 30 61 62 63 17 30 97 91 29 30 61 62 63 17 26 87 101 26 93 94 57 58 59 28 30 61 62 33 34 65 694 695 696 697 698 699 203 204 177 178 164 162 53 53 48 49 82 97 98 61 62 61
97 91 29 30 61 62 63 17 30 97 91 29 30 61 62 63 131 128 161 159 26 93 94 57 58 59 28 30 61 27 28 29 30 99 100 101 102 65 17 26 57 58 89 90 34 101 95 33 34 65 66 67 22 34 101 95 33 34 65 66 67 22 58 59 28 30 97 98 61 62 63 32 34 65 66 89 90 53 87 88 89 90 61 62 127 124 190 191 205 206 53 54 55 56 87 101 102 65 17 65
101 95 33 34 65 66 67 22 34 101 95 33 34 65 66 67 130 129 160 158 30 97 98 61 62 63 32 34 65 31 32 33 34 29 30 61 62 63 17 30 61 62 93 94 90 61 99 89 90 53 54 55 26 90 61 99 89 90 53 54 55 26 62 63 32 34 101 102 65 17 48 49 90 82 93 94 57 58 59 28 29 30 65 66 126 125 188 189 207 208 57 58 59 60 91 61 62 63 17 82
61 99 89 90 53 54 55 26 90 61 99 89 90 53 54 55 132 134 165 163 34 101 102 65 17 48 49 90 53 87 88 89 664 665 666 667 668 669 22 34 65 66 97 98 87 88 89 90 53 54 58 59 30 87 88 89 90 53 54 58 59 30 17 48 49 90 61 62 63 17 48 49 94 82 97 98 61 62 63 32 33 34 53 54 131 128 169 167 59 30 61 62 63 64 95 65 66 67 22 82
88 89 90 53 54 58 59 30 87 88 89 90 53 54 58 59 135 133 164 162 90 61 62 63 17 48 49 94 57 91 92 93 670 671 672 673 674 675 26 57 58 56 101 102 91 92 93 94 57 58 62 63 34 91 92 93 94 57 58 62 63 34 17 48 49 30 65 66 67 22 53 54 98 87 101 102 65 17 48 49 50 51 57 58 130 129 168 166 63 34 65 66 67 20 21 53 54 55 26 87
92 93 94 57 58 62 63 34 91 92 93 94 57 58 62 63 137 136 161 159 30 65 66 67 22 53 54 98 61 95 96 97 676 677 678 679 680 681 30 61 62 60 61 62 95 96 97 98 61 62 96 97 54 95 96 97 98 61 62 96 97 54 22 53 54 34 53 54 55 26 57 58 102 30 97 91 29 30 61 62 63 17 30 97 132 134 173 171 62 63 17 26 87 101 26 93 94 57 58 59
96 97 98 61 62 96 97 54 95 96 97 98 61 62 96 97 138 139 160 158 34 53 54 55 26 57 58 102 65 99 100 101 682 683 684 685 686 687 34 65 66 87 88 89 99 100 101 102 65 17 26 57 58 99 100 101 102 65 17 26 57 58 26 57 58 51 57 58 59 30 61 62 63 34 101 95 33 34 65 66 67 22 34 101 135 133 172 170 66 67 22 58 59 28 30 97 98 61 62 63
100 101 102 65 17 26 57 58 99 100 101 102 65 17 26 57 127 124 165 163 51 57 58 59 30 61 62 63 64 65 66 67 688 689 690 691 692 693 54 94 57 91 92 93 29 30 61 62 63 17 30 61 62 29 30 61 62 63 17 30 61 62 30 61 62 51 61 62 63 34 65 66 2 90 61 99 89 90 53 54 55 26 90 61 137 136 161 159 54 55 26 62 63 32 34 101 102 65 17 48
30 61 62 63 17 30 61 62 29 30 61 62 63 17 30 61 126 125 164 162 51 61 62 63 34 65 66 67 20 53 54 55 694 695 696 697 698 699 58 98 61 95 96 97 33 34 65 66 67 22 34 65 66 99 100 26 57 23 24 25 65 66 34 65 66 61 62 63 17 48 49 50 6 87 88 89 90 53 54 58 59 30 87 88 138 139 160 158 58 59 30 17 48 49 90 61 62 63 17 48
34 65 66 67 22 34 65 66 99 100 26 57 23 24 25 65 131 128 169 167 61 62 63 17 48 49 50 51 26 57 23 24 25 93 94 29 30 61 62 102 65 99 100 101 62 63 64 95 96 97 98 61 2 59 28 30 61 27 28 29 70 71 48 49 50 65 66 67 22 53 54 55 10 91 92 93 94 57 58 62 63 34 201 202 179 180 165 163 62 63 34 17 48 49 30 65 66 67 22 53
63 64 95 96 97 98 61 2 59 28 30 61 27 28 29 70 130 129 168 166 65 66 67 22 53 54 55 56 30 61 27 28 29 97 98 33 34 65 66 22 53 19 20 21 66 67 20 21 22 101 102 65 6 63 32 34 65 31 32 33 74 75 53 54 55 53 54 55 26 57 58 67 14 95 96 97 98 61 62 96 97 54 203 204 181 182 164 162 96 97 54 22 53 54 34 53 54 55 26 57
67 20 21 22 101 102 65 6 63 32 34 65 31 32 201 202 179 180 173 171 53 54 55 26 57 58 67 20 34 65 31 32 33 67 22 53 54 55 56 26 57 23 24 25 23 24 25 26 93 94 57 58 10 48 49 90 53 87 88 89 78 79 80 91 89 90 53 87 30 61 62 98 19 99 100 101 102 65 17 26 201 202 183 184 199 196 205 206 26 57 58 26 57 58 51 57 58 59 30 61
24 25 26 93 94 57 58 10 48 49 90 53 87 88 203 204 181 182 172 170 90 53 87 30 61 62 98 94 90 53 87 88 89 55 26 57 58 59 60 30 61 27 28 29 27 28 29 30 97 98 61 62 14 48 49 94 57 91 92 93 82 83 84 95 93 94 57 91 34 65 66 102 23 29 30 61 62 63 17 30 203 204 185 186 197 198 207 208 30 61 62 30 61 62 51 61 62 63 34 65
28 29 30 97 98 61 62 14 48 49 94 57 201 202 183 184 192 193 205 206 94 57 91 34 65 66 102 98 94 57 91 92 93 59 30 61 91 92 93 94 57 58 59 28 31 32 33 34 101 102 65 17 19 53 54 98 61 95 96 97 87 88 89 90 97 91 92 93 94 89 90 53 27 33 34 65 66 67 22 34 132 134 192 193 205 206 23 24 25 65 66 34 65 66 61 62 63 17 48 49
32 33 34 101 102 65 17 19 53 54 98 61 203 204 185 186 194 195 207 208 91 92 93 94 89 90 53 54 55 26 57 96 97 63 34 65 95 96 97 98 61 62 63 32 87 88 89 90 61 62 63 97 98 57 58 102 65 99 100 101 91 92 93 94 101 95 96 97 98 93 94 57 31 62 63 64 95 96 97 98 135 133 194 195 207 208 27 28 29 70 71 48 49 50 65 66 67 22 53 54
88 89 90 61 62 63 97 98 57 58 102 65 127 124 192 193 205 206 94 101 95 96 97 98 93 94 57 58 59 30 61 100 101 97 54 55 99 100 101 102 65 17 48 49 62 29 30 61 62 63 17 101 102 65 6 7 8 9 40 64 95 96 97 98 94 99 100 101 102 97 98 61 87 66 67 20 21 22 101 102 137 136 161 159 34 664 665 666 667 668 669 53 54 55 53 54 55 26 57 58
29 30 61 62 63 17 664 665 666 667 668 669 126 125 194 195 207 208 98 94 99 100 101 102 97 98 61 62 63 34 61 27 28 57 58 59 29 30 61 62 63 17 48 49 66 33 34 65 66 67 22 65 66 33 34 65 66 67 67 20 21 22 53 48 49 65 66 67 33 84 95 95 91 23 24 25 26 93 94 57 138 139 160 158 90 670 671 672 673 674 675 80 91 89 90 53 87 30 61 62
33 34 65 66 67 22 670 671 672 673 674 675 131 128 161 159 22 53 48 49 65 66 67 33 84 95 95 96 97 54 65 31 32 58 51 57 33 34 65 66 67 22 53 54 2 3 4 5 36 37 38 61 2 3 4 5 36 37 55 24 25 26 57 48 49 53 54 55 89 89 90 25 95 27 28 29 30 97 98 61 132 134 165 163 94 676 677 678 679 680 681 84 95 93 94 57 91 34 65 66
3 4 5 36 37 38 676 677 678 679 680 681 130 129 160 158 26 57 48 49 53 54 55 89 89 90 25 26 57 58 62 30 61 62 51 61 89 90 53 54 55 26 57 58 6 7 664 665 666 667 668 669 6 7 8 9 40 41 59 28 29 30 61 62 33 57 23 24 25 93 94 29 99 31 32 33 34 101 102 65 135 133 164 162 98 682 683 684 685 686 687 89 90 97 91 92 93 94 89 90
7 8 9 40 41 42 682 683 684 685 686 687 132 134 165 163 30 61 62 33 57 23 24 25 93 94 29 30 61 62 66 34 65 66 61 62 93 94 57 58 59 30 61 62 10 11 670 671 672 673 674 675 98 61 2 3 4 5 95 96 97 98 61 2 59 61 27 28 29 97 98 33 29 87 88 89 90 61 62 63 137 136 161 159 102 688 689 690 691 692 693 93 94 101 95 64 95 65 66 67
11 12 13 44 45 46 688 689 690 691 692 693 135 133 164 162 98 61 2 59 61 27 28 29 97 98 33 34 65 66 71 48 49 50 65 66 97 98 61 62 63 34 65 2 3 4 676 677 678 679 680 681 71 72 82 82 83 84 41 42 43 74 75 25 26 57 23 24 25 26 4 5 33 62 29 30 61 62 63 17 138 139 160 158 7 694 695 696 697 698 699 97 98 94 99 20 21 53 54 55
15 16 17 48 49 50 694 695 696 697 698 699 137 136 214 215 232 233 6 63 65 31 32 33 67 22 53 54 55 56 75 53 54 55 53 54 84 95 95 96 97 54 55 6 7 8 682 683 684 685 686 687 75 76 87 87 88 89 45 46 47 78 79 29 30 61 27 28 90 53 87 88 89 66 33 34 65 66 67 22 127 124 214 215 107 108 111 107 107 108 111 107 107 108 111 107 107 108 111 107
3 4 5 36 37 38 39 70 71 72 82 82 138 139 216 217 234 235 75 25 26 57 23 24 25 26 4 5 36 2 3 4 5 36 37 38 39 70 71 72 73 22 53 10 11 12 688 689 690 691 692 693 79 80 91 91 92 93 49 50 51 82 83 33 34 65 31 32 94 57 91 92 93 2 3 4 5 36 37 38 126 125 216 217 109 110 113 109 109 110 113 109 109 110 113 109 109 110 113 109
7 8 9 40 41 42 43 74 75 76 87 87 228 229 226 224 214 215 232 233 30 61 27 28 90 53 87 88 89 90 53 54 9 40 41 42 43 74 75 76 77 26 57 14 15 16 694 695 696 697 698 699 83 84 95 95 96 97 54 55 56 87 88 89 90 53 87 88 98 61 95 96 97 6 7 8 9 40 41 42 131 128 190 191 141 144 145 146 141 144 145 146 149 150 155 156 141 144 145 146
11 12 13 44 45 46 47 78 79 80 91 91 230 231 225 223 216 217 234 235 34 65 31 32 94 57 91 92 93 94 57 58 13 44 45 46 47 78 79 80 81 30 61 19 20 21 22 53 54 55 56 87 88 89 90 25 26 57 58 59 60 91 92 93 94 57 91 92 102 65 99 100 84 10 11 12 13 44 45 46 130 129 188 189 142 143 147 148 142 143 147 148 151 152 153 154 142 143 147 148
15 16 17 48 49 50 51 82 83 84 95 95 96 97 228 229 220 222 214 215 232 233 87 88 98 61 95 96 97 98 61 62 17 48 49 50 51 82 83 84 85 34 65 23 24 25 26 57 58 59 60 91 92 93 94 29 30 61 62 63 64 95 96 97 98 61 95 96 22 53 19 20 89 14 15 16 17 48 49 50 127 124 173 171 7 8 9 21 22 101 102 65 6 63 65 627 628 629 630 631
20 21 22 53 54 55 56 87 88 89 90 25 26 57 230 231 219 221 216 217 234 235 91 92 102 65 99 100 101 102 65 17 22 53 54 55 56 87 88 89 90 90 53 27 28 29 30 61 62 63 64 95 96 97 98 33 34 65 66 67 20 21 22 101 102 65 99 100 26 57 23 24 93 94 627 628 629 630 631 64 126 125 172 170 61 95 90 53 54 57 84 95 61 93 94 632 633 634 635 636
24 25 26 57 58 59 60 91 92 93 94 29 30 61 62 63 228 229 226 224 169 167 95 96 22 53 19 20 21 22 53 54 26 57 58 59 60 91 92 93 94 94 57 31 32 33 34 65 66 67 20 21 22 53 48 49 26 57 23 24 25 26 93 94 57 58 59 28 30 61 27 28 97 98 632 633 634 635 636 20 131 128 169 167 65 99 94 57 58 61 89 90 65 97 98 637 638 639 640 641
28 29 30 61 62 63 64 95 96 97 98 33 34 65 66 67 230 231 225 223 168 166 99 100 26 57 23 24 25 26 57 58 30 61 62 63 64 95 96 97 98 98 61 87 88 89 90 53 54 55 24 25 26 57 48 49 30 61 27 28 29 30 97 98 61 62 63 32 34 65 31 32 53 48 637 638 639 640 641 25 130 129 168 166 58 59 98 61 62 61 93 94 53 53 48 642 643 644 645 646
32 33 34 65 66 67 20 21 22 53 48 49 26 57 23 24 25 26 127 124 173 171 59 28 30 61 27 28 29 30 61 62 34 65 66 67 20 21 22 53 54 102 65 91 92 93 94 57 58 59 28 29 30 61 62 33 34 65 31 32 33 34 101 102 65 17 48 49 90 53 87 88 57 48 642 643 644 645 646 29 127 124 173 171 62 63 102 65 17 65 97 98 33 82 93 647 648 649 650 651
88 89 90 53 54 55 24 25 26 57 48 49 30 61 27 28 29 30 126 125 172 170 63 32 34 65 31 32 33 34 65 66 90 53 54 55 24 25 26 57 58 22 53 95 96 97 98 61 62 63 32 33 34 65 66 89 90 53 87 88 89 90 61 62 63 17 48 49 94 57 91 92 61 62 647 648 649 650 651 33 126 125 172 170 17 48 62 63 17 53 53 48 49 82 97 98 61 62 61 62
92 93 94 57 58 59 28 29 30 61 62 33 34 65 31 32 33 34 131 128 169 167 48 49 90 53 87 88 89 90 53 54 94 57 58 59 28 29 30 61 62 26 57 99 100 101 102 65 17 48 49 50 51 82 93 94 57 58 59 28 29 30 65 66 67 22 53 54 98 61 95 96 65 66 89 90 53 87 88 89 131 128 214 215 232 233 66 67 22 53 54 55 56 87 101 102 65 17 65 66
96 97 98 61 62 63 32 33 34 65 66 89 90 53 87 88 89 90 130 129 168 166 48 49 94 57 91 92 93 94 57 58 98 61 62 63 32 33 34 65 66 30 61 29 30 61 62 63 17 48 49 50 51 82 97 98 61 62 63 32 33 34 53 54 55 26 57 58 102 65 99 100 82 93 94 57 58 59 28 29 130 129 216 217 234 235 54 55 26 57 58 59 60 91 61 62 63 17 82 93
100 101 102 65 17 48 49 50 51 82 93 94 57 58 59 28 29 30 132 134 173 171 53 54 98 61 95 96 97 98 61 62 102 65 17 48 49 50 51 82 22 53 19 33 34 65 66 67 22 53 54 55 56 87 101 102 65 17 48 49 50 51 57 58 59 30 61 62 63 64 65 66 82 97 98 664 665 666 667 668 669 229 226 224 214 215 232 233 30 61 62 63 64 95 65 66 67 22 82 97
30 61 62 63 17 48 49 50 51 82 97 98 61 62 63 32 33 34 135 133 172 170 57 58 102 65 99 100 101 102 65 17 62 63 17 48 49 50 51 82 26 57 23 89 90 53 54 55 26 57 58 59 60 91 61 62 63 17 48 49 50 51 61 67 20 53 54 66 67 20 53 54 87 101 102 670 671 672 673 674 675 231 225 223 216 217 234 235 34 65 66 67 20 21 53 54 55 26 87 101
34 65 66 67 22 53 54 55 56 87 101 627 628 629 630 631 50 51 137 136 161 159 61 62 63 64 65 66 67 33 34 65 66 67 22 53 54 55 56 87 30 61 27 93 94 57 58 59 30 61 62 63 64 95 65 66 67 22 53 54 55 56 62 98 94 57 58 97 98 94 57 58 30 97 91 676 677 678 679 680 681 30 228 229 226 224 169 167 63 17 26 87 101 26 93 94 57 58 59 28
90 53 54 55 26 57 58 59 60 91 61 632 633 634 635 636 50 51 138 139 160 158 54 66 67 20 53 54 55 89 90 53 54 55 26 57 58 59 60 91 87 88 89 97 98 61 62 63 34 65 66 67 20 21 53 54 55 26 57 58 67 20 53 102 98 61 62 101 102 98 61 62 34 101 95 682 683 684 685 686 687 34 230 231 225 223 168 166 67 22 58 59 28 30 97 98 61 62 63 32
94 57 58 59 30 61 62 63 64 95 65 637 638 639 640 641 201 202 179 180 165 163 58 97 98 94 57 58 59 93 94 57 58 59 30 61 62 63 64 95 91 92 93 84 95 95 96 97 54 55 56 87 88 89 90 53 87 30 61 62 98 94 57 57 84 95 95 94 57 84 95 95 90 61 99 688 689 690 691 692 693 90 61 99 132 134 173 171 55 26 62 63 32 34 101 102 65 17 48 49
98 61 62 63 34 65 66 67 20 21 53 642 643 644 645 646 203 204 181 182 164 162 62 101 102 98 61 62 63 97 98 61 62 63 34 65 66 67 20 21 95 96 97 89 90 25 26 57 58 59 60 91 92 93 94 57 91 34 65 66 102 98 61 61 89 90 25 98 61 89 90 25 87 88 89 694 695 696 697 698 699 87 88 89 135 133 172 170 59 30 17 48 49 90 61 62 63 17 48 49
95 95 96 97 54 55 56 87 88 89 90 647 648 649 650 651 175 176 190 191 205 206 95 94 57 84 95 95 96 97 54 55 56 87 88 89 90 53 87 25 99 100 101 93 94 29 30 61 62 63 64 95 96 97 98 61 95 90 53 54 57 84 95 61 93 94 29 30 61 93 94 29 91 92 93 94 57 58 62 63 34 91 92 93 137 136 161 159 63 34 17 48 49 30 65 66 67 22 53 54
90 25 26 57 58 59 60 91 92 93 94 57 91 34 203 204 177 178 188 189 207 208 25 98 61 89 90 25 26 57 58 59 60 91 92 93 87 88 89 90 53 54 61 97 98 33 34 65 66 67 20 21 22 101 102 65 99 94 57 58 61 89 90 65 97 98 33 34 65 97 98 33 95 96 97 98 61 62 96 97 54 95 96 97 138 139 160 158 97 54 22 53 54 34 53 54 55 26 57 58
94 29 30 61 62 63 64 95 664 665 666 667 668 669 132 134 190 191 205 206 93 94 29 30 61 93 94 29 30 61 62 63 64 95 96 97 91 92 93 94 57 58 65 53 48 49 26 57 23 24 25 26 93 94 57 58 59 98 61 62 61 93 94 53 53 48 49 90 53 53 48 49 99 100 101 102 65 17 26 57 58 99 100 101 132 134 165 163 57 58 26 57 58 51 57 58 59 30 61 62
98 33 34 65 66 67 20 21 670 671 672 673 674 675 135 133 188 189 207 208 97 98 33 34 65 97 98 33 34 65 66 67 20 21 22 87 95 96 97 98 61 62 53 57 48 49 30 61 27 28 29 30 97 98 61 62 63 102 65 17 65 97 98 33 82 93 94 57 58 57 48 49 29 30 61 62 63 17 30 61 62 29 30 61 135 133 164 162 61 62 30 61 62 51 61 62 63 34 65 66
48 49 26 57 23 24 25 26 676 677 678 679 680 681 137 136 161 159 94 53 53 48 49 90 53 53 48 49 26 57 23 24 25 26 93 87 99 100 101 102 65 17 57 61 62 33 34 65 31 32 33 34 101 102 65 17 48 62 63 17 53 53 48 49 82 97 98 61 62 61 62 33 33 34 65 66 67 22 34 65 66 99 100 26 137 136 161 159 65 66 34 65 66 61 62 63 17 48 49 50
48 49 30 61 27 28 29 30 682 683 684 685 686 687 138 139 160 158 98 33 82 93 94 57 58 57 48 49 30 61 27 28 29 30 97 91 29 30 61 62 63 17 61 65 66 89 90 53 87 88 89 90 61 62 63 17 48 627 628 629 630 631 55 56 87 101 102 65 17 65 66 89 62 63 64 95 96 97 98 61 2 59 28 30 138 139 160 158 70 71 48 49 50 65 66 67 22 53 54 55
72 82 82 83 84 41 42 43 688 689 690 691 692 693 127 124 165 163 5 2 3 4 5 36 37 38 39 70 71 72 82 82 83 84 41 42 43 74 75 25 26 57 23 24 25 26 4 5 36 2 3 4 5 36 37 38 39 632 633 634 635 636 53 19 20 21 62 63 17 82 93 94 66 67 20 21 22 101 102 65 6 63 32 34 132 134 165 163 74 75 53 54 55 53 54 55 26 57 58 67
76 87 87 88 89 45 46 47 694 695 696 697 698 699 126 125 164 162 88 6 7 8 9 40 41 42 43 74 75 76 87 87 88 89 45 46 47 78 79 29 30 61 27 28 90 53 87 88 89 90 53 54 9 40 41 42 43 637 638 639 640 641 57 23 24 25 66 67 22 82 97 98 23 24 25 26 93 94 57 58 10 48 49 90 135 133 164 162 78 79 80 91 89 90 53 87 30 61 62 98
80 91 91 92 93 49 50 51 82 83 33 34 65 31 131 128 214 215 107 108 111 107 232 233 45 46 47 78 79 80 91 91 92 93 49 50 51 82 83 33 34 65 31 32 94 57 91 92 93 94 57 58 13 44 45 46 47 642 643 644 645 646 61 27 28 29 75 25 26 57 23 24 27 28 29 30 97 98 61 62 14 48 49 94 137 136 169 167 82 83 84 95 93 94 57 91 34 65 66 102
84 95 95 96 97 54 55 56 87 88 89 90 53 87 130 129 216 217 109 110 113 109 234 235 49 50 51 82 83 84 95 95 96 97 54 55 56 87 88 89 90 53 87 88 98 61 95 96 97 98 61 62 17 48 49 50 51 647 648 649 650 651 65 31 32 33 79 29 30 61 27 28 31 32 33 34 101 102 65 17 19 53 54 98 138 139 168 166 87 88 89 90 97 91 92 93 94 89 90 53
89 90 25 26 57 58 59 60 91 92 93 94 57 91 228 229 149 150 155 156 226 224 165 163 54 55 56 87 88 89 90 25 26 57 58 59 60 91 92 93 94 57 91 92 102 65 99 100 101 102 65 17 22 53 54 55 56 87 88 89 90 90 53 87 88 89 83 33 34 65 31 32 87 88 89 90 61 62 63 97 98 57 58 102 132 134 173 171 91 92 93 94 101 95 96 97 98 93 94 57
93 94 29 30 61 62 63 64 95 96 97 98 61 95 230 231 151 152 153 154 225 223 164 162 58 59 60 91 92 93 94 29 30 61 62 63 64 95 96 97 98 61 95 96 22 53 19 20 21 22 53 54 26 57 58 59 60 91 92 93 94 94 57 91 92 93 88 89 90 53 87 88 62 29 30 61 62 63 17 101 102 65 6 7 135 133 172 170 95 96 97 98 94 99 100 101 102 97 98 61
97 98 33 34 65 66 67 20 21 22 101 102 65 99 100 26 57 23 24 27 127 124 214 215 107 108 111 107 111 107 107 108 111 107 107 108 111 107 107 108 111 107 232 233 26 57 23 24 25 26 57 58 30 61 62 63 64 95 96 97 98 98 61 95 96 97 92 93 94 57 91 92 66 33 34 65 66 67 22 65 66 33 34 65 137 136 214 215 232 233 53 48 49 65 66 67 33 84 95 95
53 48 49 26 57 23 24 25 26 93 94 57 58 59 28 30 61 27 28 31 126 125 216 217 109 110 113 109 113 109 109 110 113 109 109 110 113 109 109 110 113 109 234 235 30 61 27 28 29 30 61 62 34 65 66 67 20 21 22 53 54 102 65 99 100 101 96 97 98 61 95 96 2 3 4 5 36 37 38 61 2 3 4 5 138 139 216 217 234 235 57 48 49 53 54 55 89 89 90 25
57 48 49 30 61 27 28 29 30 97 98 61 62 63 32 34 65 31 32 87 228 229 141 144 145 146 145 146 149 150 155 156 141 144 145 146 149 150 155 156 226 224 214 215 107 108 111 107 107 108 111 107 232 233 54 55 24 25 26 57 58 22 53 19 20 21 22 101 102 65 99 100 6 7 627 628 629 630 631 65 6 7 8 9 228 229 226 224 169 167 61 62 33 57 23 24 25 93 94 29
61 62 33 34 65 31 32 33 34 101 102 65 17 48 49 90 53 87 88 91 230 231 142 143 147 148 147 148 151 152 153 154 142 143 147 148 151 152 153 154 225 223 216 217 109 110 113 109 109 110 113 109 234 235 58 59 28 29 30 61 62 26 57 23 24 25 93 94 57 58 59 28 10 11 632 633 634 635 636 97 98 61 2 3 230 231 225 223 168 166 61 2 59 61 27 28 29 97 98 33
65 66 89 90 53 87 88 89 90 61 62 63 17 48 49 94 53 54 55 56 70 71 72 73 49 50 32 33 34 65 66 89 90 53 87 88 89 90 61 62 228 229 149 150 155 156 141 144 145 146 226 224 214 215 107 108 111 107 107 108 111 107 107 108 111 107 107 108 111 107 232 233 14 15 637 638 639 640 641 101 201 202 107 108 111 107 179 180 173 171 65 6 63 65 31 32 33 67 22 53
82 93 94 57 58 59 28 29 30 65 66 67 22 53 54 98 57 58 59 60 74 75 76 77 41 42 49 50 51 82 93 94 57 58 59 28 29 30 65 66 230 231 151 152 153 154 142 143 147 148 225 223 216 217 109 110 113 109 109 110 113 109 109 110 113 109 109 110 113 109 234 235 90 53 642 643 644 645 646 30 203 204 109 110 113 109 181 182 172 170 90 53 54 57 84 95 61 93 94 29
82 97 98 61 62 63 32 33 34 53 54 55 26 57 58 102 61 62 63 64 78 79 80 81 17 48 49 50 51 82 97 98 61 62 63 32 33 34 53 54 55 26 57 627 628 629 630 631 101 102 228 229 141 144 145 146 141 144 145 146 141 144 145 146 149 150 155 156 226 224 214 215 232 233 647 648 649 650 651 202 183 184 199 196 141 144 145 146 205 206 94 57 58 61 89 90 65 97 98 33
87 101 102 65 17 48 49 50 51 57 58 59 30 61 62 63 65 66 67 68 82 83 84 85 22 53 54 55 56 87 101 102 65 17 48 49 50 51 57 58 59 30 61 632 633 634 635 636 67 33 230 231 142 143 147 148 142 143 147 148 142 143 147 148 151 152 153 154 225 223 216 217 234 235 95 96 53 48 203 204 185 186 197 198 142 143 147 148 207 208 98 61 62 61 93 94 53 53 48 49
91 61 62 63 17 48 49 50 51 61 67 20 53 54 66 67 20 53 6 7 8 9 54 55 26 57 58 59 60 91 61 62 63 17 48 49 50 51 61 67 20 53 54 637 638 639 640 641 55 89 90 53 54 55 664 665 666 667 668 669 87 88 89 90 53 54 53 54 228 229 226 224 214 215 107 108 111 107 175 176 192 193 205 206 30 97 98 61 62 63 102 65 17 65 97 98 33 82 93 94
95 65 66 67 22 53 54 55 56 62 98 94 57 58 97 98 94 57 10 11 12 13 58 59 30 61 62 63 64 95 65 66 67 22 53 54 55 56 62 98 94 57 58 642 643 644 645 646 59 93 94 57 58 59 670 671 672 673 674 675 91 92 93 94 57 58 57 58 230 231 225 223 216 217 109 110 113 109 177 178 194 195 207 208 34 101 102 65 17 48 62 63 17 53 53 48 49 82 97 98
21 53 54 55 26 57 58 67 20 53 102 98 61 62 101 102 98 61 14 15 16 17 62 63 34 65 66 67 20 21 53 54 55 26 57 58 67 20 53 102 98 61 62 647 648 649 650 651 63 97 98 61 62 63 676 677 678 679 680 681 95 96 97 98 61 62 61 67 20 53 228 229 141 144 145 146 149 150 155 156 205 206 88 89 90 61 62 63 17 48 66 67 22 53 54 55 56 87 101 102
89 90 53 87 30 61 62 98 94 57 57 84 95 95 94 57 84 95 19 20 36 37 38 39 54 55 56 87 88 89 90 53 87 30 61 62 98 94 57 57 84 95 95 94 57 84 95 95 96 97 54 55 56 87 682 683 684 685 686 687 99 100 101 102 65 17 62 98 94 57 230 231 142 143 147 148 151 152 153 154 207 208 28 29 30 65 66 67 22 53 54 55 26 57 58 59 60 91 61 62
93 94 57 91 34 65 66 102 98 61 61 89 90 25 98 61 89 90 23 24 40 41 42 43 58 59 60 91 92 93 94 57 91 34 65 66 102 98 61 61 89 90 25 98 61 89 90 25 26 57 58 59 60 91 688 689 690 691 692 693 53 54 61 62 63 17 53 102 98 61 62 101 102 98 61 62 82 97 98 61 62 63 32 33 34 53 54 55 26 57 58 59 30 61 62 63 64 95 65 66
97 98 61 95 90 53 54 57 84 95 61 93 94 29 30 61 93 94 27 28 44 45 46 47 62 63 64 95 96 97 98 61 95 90 53 54 57 84 95 61 93 94 29 30 61 93 94 29 30 61 62 63 64 95 694 695 696 697 698 699 57 58 65 66 67 22 57 57 84 95 95 94 57 84 95 95 87 101 102 65 17 48 49 50 51 57 58 59 30 61 62 63 34 65 66 67 20 21 53 54
101 102 65 99 94 57 58 61 89 90 65 97 98 33 34 65 97 98 31 32 48 49 50 51 53 54 55 56 22 101 102 65 99 94 57 58 61 89 90 65 97 98 33 34 65 97 98 33 34 65 66 67 20 21 22 87 95 96 97 98 61 62 53 54 55 26 61 61 89 90 25 98 61 89 90 25 30 97 91 29 30 61 62 63 17 30 97 91 29 30 61 62 63 17 26 87 101 26 93 94
94 57 58 59 98 61 62 61 93 94 53 664 665 666 667 668 669 48 230 231 40 41 42 43 57 58 59 60 93 94 57 58 59 98 61 62 61 93 94 53 53 48 49 90 53 53 48 49 26 57 23 24 25 26 93 87 99 100 101 102 65 17 57 58 59 30 95 61 93 94 29 30 61 93 94 29 34 101 95 33 34 65 66 67 22 34 101 95 33 34 65 66 67 22 58 59 28 30 97 98
98 61 62 63 102 65 17 627 628 629 630 631 671 672 673 674 675 48 49 57 44 45 46 47 61 62 63 64 97 98 61 62 63 102 65 17 65 97 98 33 82 93 94 57 58 57 48 49 30 61 27 28 29 30 97 91 29 30 61 62 63 17 61 62 63 34 90 65 97 98 33 34 65 97 98 33 90 61 99 89 90 53 54 55 26 90 61 99 89 90 53 54 55 26 62 63 32 34 101 102
102 65 17 48 62 63 17 632 633 634 635 636 677 678 679 680 681 62 33 61 48 49 50 51 87 88 89 90 101 102 65 17 48 62 63 17 53 53 48 49 82 97 98 61 62 61 62 33 34 65 31 32 33 34 101 95 33 34 65 66 67 22 95 96 97 54 94 53 53 48 49 90 53 53 48 49 87 88 89 90 53 54 58 59 30 87 88 89 90 53 54 58 59 30 17 48 49 90 61 62
62 63 17 48 66 67 22 637 638 639 640 641 683 684 685 686 687 66 89 65 66 89 90 53 91 92 93 94 61 62 63 17 48 66 67 22 53 54 55 56 87 101 102 65 17 65 66 89 90 53 87 88 89 90 61 99 89 90 53 54 55 26 25 26 57 58 98 33 82 93 94 57 58 57 48 49 91 92 93 94 57 58 62 63 34 91 92 93 94 57 58 62 63 34 17 48 49 30 65 66
66 67 22 53 54 55 26 642 643 644 645 646 689 690 691 692 693 93 94 82 93 94 57 58 70 71 72 73 65 66 67 22 53 54 55 26 57 58 59 60 91 61 62 63 17 82 93 94 57 58 59 28 29 87 88 89 90 53 54 58 59 30 29 30 61 62 48 49 82 97 98 61 62 61 62 33 95 96 97 98 61 62 96 97 54 95 96 97 98 61 62 96 97 54 22 53 54 34 53 54
54 55 26 57 58 59 30 647 648 649 650 651 695 696 697 698 699 97 98 82 97 98 61 62 74 75 76 77 53 54 55 26 57 58 59 30 61 62 63 64 95 65 66 67 22 82 97 98 61 62 63 32 33 91 92 93 94 57 58 62 63 34 33 34 65 66 55 56 87 101 102 65 17 65 66 89 99 100 101 102 65 17 26 57 58 99 100 101 102 65 17 26 57 58 26 57 58 51 57 58
58 59 30 61 62 63 34 65 66 67 20 21 53 54 55 26 87 101 102 87 101 102 65 17 78 79 80 81 57 58 59 30 61 62 63 34 65 66 67 20 21 53 54 55 26 87 101 102 65 17 48 49 50 95 96 97 98 61 62 96 97 54 33 34 65 31 59 60 91 61 62 63 17 82 93 94 29 30 61 62 63 17 30 61 62 29 30 61 62 63 17 30 61 62 30 61 62 51 61 62
tile 2 0 0
tile 3 56 0
tile 4 112 0
tile 5 168 0
tile 6 224 0
tile 7 280 0
tile 8 336 0
tile 9 392 0
tile 10 448 0
tile 11 504 0
tile 12 560 0
tile 13 616 0
tile 14 672 0
tile 15 728 0
tile 16 784 0
tile 17 840 0
tile 19 896 0
tile 20 0 27
tile 21 56 27
tile 22 112 27
tile 23 168 27
tile 24 224 27
tile 25 280 27
tile 26 336 27
tile 27 392 27
tile 28 448 27
tile 29 504 27
tile 30 560 27
tile 31 616 27
tile 32 672 27
tile 33 728 27
tile 34 784 27
tile 36 840 27
tile 37 896 27
tile 38 0 54
tile 39 56 54
tile 40 112 54
tile 41 168 54
tile 42 224 54
tile 43 280 54
tile 44 336 54
tile 45 392 54
tile 46 448 54
tile 47 504 54
tile 48 560 54
tile 49 616 54
tile 50 672 54
tile 51 728 54
tile 53 784 54
tile 54 840 54
tile 55 896 54
tile 56 0 81
tile 57 56 81
tile 58 112 81
tile 59 168 81
tile 60 224 81
tile 61 280 81
tile 62 336 81
tile 63 392 81
tile 64 448 81
tile 65 504 81
tile 66 560 81
tile 67 616 81
tile 68 672 81
tile 70 728 81
tile 71 784 81
tile 72 840 81
tile 73 896 81
tile 74 0 108
tile 75 56 108
tile 76 112 108
tile 77 168 108
tile 78 224 108
tile 79 280 108
tile 80 336 108
tile 81 392 108
tile 82 448 108
tile 83 504 108
tile 84 560 108
tile 85 616 108
tile 87 672 108
tile 88 728 108
tile 89 784 108
tile 90 840 108
tile 91 896 108
tile 92 0 135
tile 93 56 135
tile 94 112 135
tile 95 168 135
tile 96 224 135
tile 97 280 135
tile 98 336 135
tile 99 392 135
tile 100 448 135
tile 101 504 135
tile 102 560 135
tile 107 616 135
tile 108 672 135
tile 109 728 135
tile 110 784 135
tile 111 840 135
tile 113 896 135
tile 115 0 162
tile 116 56 162
tile 117 112 162
tile 118 168 162
tile 119 224 162
tile 121 280 162
tile 124 336 162
tile 125 392 162
tile 126 448 162
tile 127 504 162
tile 128 560 162
tile 129 616 162
tile 130 672 162
tile 131 728 162
tile 132 784 162
tile 133 840 162
tile 134 896 162
tile 135 0 189
tile 136 56 189
tile 137 112 189
tile 138 168 189
tile 139 224 189
tile 141 280 189
tile 142 336 189
tile 143 392 189
tile 144 448 189
tile 145 504 189
tile 146 560 189
tile 147 616 189
tile 148 672 189
tile 149 728 189
tile 150 784 189
tile 151 840 189
tile 152 896 189
tile 153 0 216
tile 154 56 216
tile 155 112 216
tile 156 168 216
tile 158 224 216
tile 159 280 216
tile 160 336 216
tile 161 392 216
tile 162 448 216
tile 163 504 216
tile 164 560 216
tile 165 616 216
tile 166 672 216
tile 167 728 216
tile 168 784 216
tile 169 840 216
tile 170 896 216
tile 171 0 243
tile 172 56 243
tile 173 112 243
tile 175 168 243
tile 176 224 243
tile 177 280 243
tile 178 336 243
tile 179 392 243
tile 180 448 243
tile 181 504 243
tile 182 560 243
tile 183 616 243
tile 184 672 243
tile 185 728 243
tile 186 784 243
tile 188 840 243
tile 189 896 243
tile 190 0 270
tile 191 56 270
tile 192 112 270
tile 193 168 270
tile 194 224 270
tile 195 280 270
tile 196 336 270
tile 197 392 270
tile 198 448 270
tile 199 504 270
tile 201 560 270
tile 202 616 270
tile 203 672 270
tile 204 728 270
tile 205 784 270
tile 206 840 270
tile 207 896 270
tile 208 0 297
tile 210 56 297
tile 211 112 297
tile 212 168 297
tile 213 224 297
tile 214 280 297
tile 215 336 297
tile 216 392 297
tile 217 448 297
tile 219 504 297
tile 220 560 297
tile 221 616 297
tile 222 672 297
tile 223 728 297
tile 224 784 297
tile 225 840 297
tile 226 896 297
tile 228 0 324
tile 229 56 324
tile 230 112 324
tile 231 168 324
tile 232 224 324
tile 233 280 324
tile 234 336 324
tile 235 392 324
tile 627 448 324
tile 628 504 324
tile 629 560 324
tile 630 616 324
tile 631 672 324
tile 632 728 324
tile 633 784 324
tile 634 840 324
tile 635 896 324
tile 636 0 351
tile 637 56 351
tile 638 112 351
tile 639 168 351
tile 640 224 351
tile 641 280 351
tile 642 336 351
tile 643 392 351
tile 644 448 351
tile 645 504 351
tile 646 560 351
tile 647 616 351
tile 648 672 351
tile 649 728 351
tile 650 784 351
tile 651 840 351
tile 664 896 351
tile 665 0 378
tile 666 56 378
tile 667 112 378
tile 668 168 378
tile 669 224 378
tile 670 280 378
tile 671 336 378
tile 672 392 378
tile 673 448 378
tile 674 504 378
tile 675 560 378
tile 676 616 378
tile 677 672 378
tile 678 728 378
tile 679 784 378
tile 680 840 378
tile 681 896 378
tile 682 0 405
tile 683 56 405
tile 684 112 405
tile 685 168 405
tile 686 224 405
tile 687 280 405
tile 688 336 405
tile 689 392 405
tile 690 448 405
tile 691 504 405
tile 692 560 405
tile 693 616 405
tile 694 672 405
tile 695 728 405
tile 696 784 405
tile 697 840 405
tile 698 896 405
tile 699 0 432
picture 745 112 935 41 0
picture 746 112 676 44 0
picture 747 112 720 44 0
picture 748 112 976 41 0
picture 2659 28 415 184 0
picture 2660 0 457 211 0
picture 2661 0 229 228 0
picture 2662 0 0 229 0
picture 2663 0 668 210 0
picture 2664 28 599 184 0
picture 2665 56 179 161 0
picture 2666 28 783 184 0
picture 2667 28 0 208 0
picture 2668 28 208 207 0
picture 2669 56 0 179 0
picture 2670 56 340 158 0
picture 3248 112 764 43 0
picture 3249 140 41 40 0
picture 3271 56 624 125 0
picture 3272 56 498 126 0
picture 3273 84 0 106 0
picture 3274 56 871 115 0
picture 3275 56 749 122 0
picture 3276 84 106 99 0
picture 4876 84 637 56 0
picture 4877 84 401 61 0
picture 4878 112 586 45 0
picture 4879 112 893 42 0
picture 4880 84 749 55 0
picture 4881 84 966 51 0
picture 4882 84 339 62 0
picture 4883 112 102 50 0
picture 4884 84 804 55 0
picture 4885 84 462 60 0
picture 4886 84 205 68 0
picture 4887 84 273 66 0
picture 4888 84 580 57 0
picture 4889 84 693 56 0
picture 4890 112 540 46 0
picture 4891 112 349 48 0
picture 4892 112 202 49 0
picture 4893 112 807 43 0
picture 4894 112 152 50 0
picture 4895 112 251 49 0
picture 4896 84 913 53 0
picture 4897 84 859 54 0
picture 4898 140 117 31 0
picture 4899 140 81 36 0
picture 4900 112 631 45 0
picture 4901 112 300 49 0
picture 4902 112 0 51 0
picture 4903 112 397 48 0
picture 4904 84 522 58 0
picture 4905 112 445 48 0
picture 4906 140 0 41 0
picture 4907 112 493 47 0
picture 4908 112 850 43 0
picture 4909 112 51 51 0
object 1 0 left 745
object 1 0 right 746
object 2 0 left 745
object 2 0 right 746
object 5 0 left 745
object 5 0 right 746
object 7 0 left 745
object 7 0 right 746
object 9 0 left 747
object 9 0 right 748
object 12 0 left 747
object 12 0 right 748
object 14 0 left 4900
object 14 0 right 4901
object 17 0 left 745
object 17 0 right 746
object 18 0 left 4898
object 18 0 right 4899
object 19 0 left 4900
object 19 0 right 4901
object 20 0 left 745
object 20 0 right 746
object 21 0 left 4888
object 21 0 right 4889
object 22 0 left 745
object 22 0 right 746
object 23 0 left 4886
object 23 0 right 4887
object 24 0 left 4904
object 24 0 right 4905
object 26 0 left 4904
object 26 0 right 4905
object 27 0 left 4884
object 27 0 right 4885
object 28 0 left 745
object 28 0 right 746
object 31 0 left 4894
object 31 0 right 4895
object 32 0 left 4906
object 32 0 right 4907
object 33 0 left 4904
object 33 0 right 4905
object 35 0 left 4896
object 35 0 right 4897
object 36 0 left 4894
object 36 0 right 4895
object 37 0 right 3273
object 38 0 left 4878
object 38 0 right 4879
object 39 0 left 4878
object 39 0 right 4879
object 40 0 left 4884
object 40 0 right 4885
object 43 0 left 745
object 43 0 right 746
object 44 0 left 745
object 44 0 right 746
object 45 0 left 4898
object 45 0 right 4899
object 46 0 left 4898
object 46 0 right 4899
object 48 0 left 4880
object 48 0 right 4881
object 49 0 left 4890
object 49 0 right 4891
object 50 0 left 4878
object 50 0 right 4879
object 51 0 left 4900
object 51 0 right 4901
object 52 0 left 4902
object 52 0 right 4903
object 53 0 left 745
object 53 0 right 746
object 54 0 left 745
object 54 0 right 746
object 55 0 left 745
object 55 0 right 746
object 57 0 left 4898
object 57 0 right 4899
object 58 0 left 4900
object 58 0 right 4901
object 60 0 left 4886
object 60 0 right 4887
object 61 0 left 745
object 61 0 right 746
object 62 0 left 3248
object 62 0 right 3249
object 63 0 left 4888
object 63 0 right 4889
object 65 0 left 4886
object 65 0 right 4887
object 66 0 left 4904
object 66 0 right 4905
object 68 0 left 4904
object 68 0 right 4905
object 69 0 left 4884
object 69 0 right 4885
object 70 0 left 745
object 70 0 right 746
object 71 0 left 4894
object 71 0 right 4895
object 72 0 left 4906
object 72 0 right 4907
object 73 0 left 4888
object 73 0 right 4889
object 75 0 left 4904
object 75 0 right 4905
object 76 0 left 4894
object 76 0 right 4895
object 77 0 right 3273
object 78 0 left 4878
object 78 0 right 4879
object 79 0 left 4878
object 79 0 right 4879
object 80 0 left 4884
object 80 0 right 4885
object 83 0 left 745
object 83 0 right 746
object 84 0 left 745
object 84 0 right 746
object 85 0 left 4898
object 85 0 right 4899
object 86 0 left 4898
object 86 0 right 4899
object 89 0 left 745
object 89 0 right 746
object 91 0 left 4876
object 91 0 right 4877
object 92 0 left 4878
object 92 0 right 4879
object 93 0 left 4902
object 93 0 right 4903
object 97 0 left 745
object 97 0 right 746
object 1 1 left 747
object 1 1 right 748
object 6 1 left 4876
object 6 1 right 4877
object 7 1 left 4878
object 7 1 right 4879
object 8 1 left 4902
object 8 1 right 4903
object 11 1 left 745
object 11 1 right 746
object 13 1 left 745
object 13 1 right 746
object 14 1 left 3248
object 14 1 right 3249
object 15 1 left 4908
object 15 1 right 4909
object 16 1 left 747
object 16 1 right 748
object 17 1 left 4876
object 17 1 right 4877
object 19 1 left 4880
object 19 1 right 4881
object 20 1 left 4890
object 20 1 right 4891
object 21 1 left 4878
object 21 1 right 4879
object 22 1 left 4900
object 22 1 right 4901
object 23 1 left 4902
object 23 1 right 4903
object 25 1 left 745
object 25 1 right 746
object 26 1 left 745
object 26 1 right 746
object 28 1 left 4898
object 28 1 right 4899
object 29 1 left 4900
object 29 1 right 4901
object 30 1 left 745
object 30 1 right 746
object 31 1 left 4886
object 31 1 right 4887
object 32 1 left 745
object 32 1 right 746
object 33 1 left 3248
object 33 1 right 3249
object 34 1 left 745
object 34 1 right 746
object 35 1 left 747
object 35 1 right 748
object 36 1 left 745
object 36 1 right 746
object 37 1 left 3271
object 37 1 right 3272
object 39 1 left 4906
object 39 1 right 4907
object 40 1 left 4880
object 40 1 right 4881
object 41 1 left 4902
object 41 1 right 4903
object 42 1 left 4886
object 42 1 right 4887
object 43 1 left 4888
object 43 1 right 4889
object 44 1 left 745
object 44 1 right 746
object 45 1 left 4896
object 45 1 right 4897
object 46 1 left 4894
object 46 1 right 4895
object 47 1 left 3248
object 47 1 right 3249
object 50 1 left 4880
object 50 1 right 4881
object 53 1 right 3276
object 54 1 left 747
object 54 1 right 748
object 57 1 left 745
object 57 1 right 746
object 58 1 left 4900
object 58 1 right 4901
object 59 1 left 4904
object 59 1 right 4905
object 60 1 left 4902
object 60 1 right 4903
object 61 1 left 4906
object 61 1 right 4907
object 62 1 left 4890
object 62 1 right 4891
object 63 1 left 4878
object 63 1 right 4879
object 64 1 left 4900
object 64 1 right 4901
object 65 1 left 4902
object 65 1 right 4903
object 67 1 left 745
object 67 1 right 746
object 68 1 left 745
object 68 1 right 746
object 69 1 left 745
object 69 1 right 746
object 70 1 left 4898
object 70 1 right 4899
object 71 1 left 4900
object 71 1 right 4901
object 72 1 left 4882
object 72 1 right 4883
object 73 1 left 4886
object 73 1 right 4887
object 74 1 left 745
object 74 1 right 746
object 75 1 left 3248
object 75 1 right 3249
object 77 1 left 3271
object 77 1 right 3272
object 79 1 left 4906
object 79 1 right 4907
object 80 1 left 4880
object 80 1 right 4881
object 81 1 left 4902
object 81 1 right 4903
object 82 1 left 4886
object 82 1 right 4887
object 83 1 left 4888
object 83 1 right 4889
object 84 1 left 745
object 84 1 right 746
object 85 1 left 4896
object 85 1 right 4897
object 86 1 left 4894
object 86 1 right 4895
object 88 1 left 747
object 88 1 right 748
object 89 1 left 4902
object 89 1 right 4903
object 90 1 left 4878
object 90 1 right 4879
object 91 1 left 4886
object 91 1 right 4887
object 92 1 left 4894
object 92 1 right 4895
object 95 1 left 747
object 95 1 right 748
object 97 1 left 747
object 97 1 right 748
object 98 1 left 745
object 98 1 right 746
object 99 1 left 745
object 99 1 right 746
object 3 2 left 747
object 3 2 right 748
object 4 2 left 4902
object 4 2 right 4903
object 5 2 left 4878
object 5 2 right 4879
object 6 2 left 4886
object 6 2 right 4887
object 7 2 left 4894
object 7 2 right 4895
object 8 2 left 745
object 8 2 right 746
object 10 2 left 745
object 10 2 right 746
object 13 2 left 4884
object 13 2 right 4885
object 14 2 left 4886
object 14 2 right 4887
object 15 2 left 745
object 15 2 right 746
object 16 2 left 4898
object 16 2 right 4899
object 17 2 left 745
object 17 2 right 746
object 18 2 left 3248
object 18 2 right 3249
object 19 2 left 4876
object 19 2 right 4877
object 21 2 left 4880
object 21 2 right 4881
object 24 2 left 747
object 24 2 right 3276
object 27 2 left 745
object 27 2 right 746
object 28 2 left 745
object 28 2 right 746
object 29 2 left 4880
object 29 2 right 4881
object 30 2 left 4904
object 30 2 right 4905
object 31 2 left 4902
object 31 2 right 4903
object 32 2 left 4906
object 32 2 right 4907
object 33 2 left 4878
object 33 2 right 3276
object 34 2 left 4880
object 34 2 right 4881
object 36 2 left 4908
object 36 2 right 4909
object 37 2 left 4906
object 37 2 right 4907
object 39 2 left 4900
object 39 2 right 4901
object 40 2 left 4880
object 40 2 right 4881
object 41 2 left 4906
object 41 2 right 4907
object 42 2 left 4882
object 42 2 right 4883
object 43 2 left 745
object 43 2 right 746
object 44 2 right 3273
object 47 2 left 745
object 47 2 right 746
object 48 2 left 745
object 48 2 right 746
object 49 2 right 3276
object 50 2 left 4894
object 50 2 right 4895
object 51 2 left 4906
object 51 2 right 4907
object 52 2 left 745
object 52 2 right 746
object 53 2 left 3274
object 53 2 right 3275
object 54 2 left 745
object 54 2 right 746
object 57 2 left 745
object 57 2 right 746
object 58 2 left 3248
object 58 2 right 3249
object 59 2 left 4908
object 59 2 right 4909
object 60 2 left 3248
object 60 2 right 3249
object 61 2 left 4876
object 61 2 right 4877
object 63 2 left 4880
object 63 2 right 4881
object 66 2 right 3276
object 70 2 left 745
object 70 2 right 746
object 71 2 left 4880
object 71 2 right 4881
object 72 2 left 4904
object 72 2 right 4905
object 73 2 left 4902
object 73 2 right 4903
object 74 2 left 4906
object 74 2 right 4907
object 76 2 left 4908
object 76 2 right 4909
object 77 2 left 4906
object 77 2 right 4907
object 79 2 left 4900
object 79 2 right 4901
object 80 2 left 4880
object 80 2 right 4881
object 81 2 left 4906
object 81 2 right 4907
object 82 2 left 4882
object 82 2 right 4883
object 83 2 left 745
object 83 2 right 746
object 84 2 right 3273
object 88 2 right 3276
object 89 2 left 4906
object 89 2 right 4907
object 90 2 left 4878
object 90 2 right 4879
object 91 2 left 4902
object 91 2 right 4903
object 92 2 left 4888
object 92 2 right 4889
object 93 2 left 4898
object 93 2 right 4899
object 94 2 left 4886
object 94 2 right 4887
object 96 2 left 4892
object 96 2 right 4893
object 98 2 left 747
object 98 2 right 748
object 99 2 left 747
object 99 2 right 748
object 1 3 left 745
object 1 3 right 746
object 2 3 left 745
object 2 3 right 746
object 3 3 right 3276
object 4 3 left 4906
object 4 3 right 4907
object 5 3 left 4878
object 5 3 right 4879
object 6 3 left 4902
object 6 3 right 4903
object 7 3 left 4888
object 7 3 right 4889
object 8 3 left 4898
object 8 3 right 4899
object 9 3 left 4886
object 9 3 right 4887
object 11 3 left 4892
object 11 3 right 4893
object 12 3 left 747
object 12 3 right 748
object 13 3 left 4884
object 13 3 right 4885
object 15 3 left 745
object 15 3 right 746
object 16 3 left 4902
object 16 3 right 4903
object 17 3 left 4878
object 17 3 right 4879
object 18 3 left 4900
object 18 3 right 4901
object 19 3 left 745
object 19 3 right 746
object 20 3 left 747
object 20 3 right 3276
object 21 3 left 4894
object 21 3 right 4895
object 22 3 left 4906
object 22 3 right 4907
object 23 3 left 745
object 23 3 right 746
object 24 3 left 3274
object 24 3 right 3275
object 25 3 left 745
object 25 3 right 746
object 30 3 left 745
object 30 3 right 746
object 31 3 left 4884
object 31 3 right 4885
object 32 3 left 4908
object 32 3 right 4909
object 33 3 left 3274
object 33 3 right 3275
object 34 3 left 4878
object 34 3 right 4879
object 35 3 left 4876
object 35 3 right 4877
object 36 3 left 745
object 36 3 right 746
object 38 3 left 4908
object 38 3 right 4909
object 39 3 left 745
object 39 3 right 746
object 40 3 left 745
object 40 3 right 746
object 43 3 left 4878
object 43 3 right 4879
object 44 3 left 3271
object 44 3 right 3272
object 45 3 left 745
object 45 3 right 746
object 46 3 left 4908
object 46 3 right 4909
object 47 3 left 4906
object 47 3 right 4907
object 48 3 left 745
object 48 3 right 746
object 49 3 left 3274
object 49 3 right 3275
object 50 3 left 4878
object 50 3 right 4879
object 51 3 left 4880
object 51 3 right 4881
object 52 3 left 4894
object 52 3 right 4895
object 54 3 left 4884
object 54 3 right 4885
object 55 3 left 747
object 55 3 right 748
object 56 3 left 4882
object 56 3 right 4883
object 57 3 left 4884
object 57 3 right 4885
object 58 3 left 4886
object 58 3 right 4887
object 59 3 left 745
object 59 3 right 746
object 60 3 left 4898
object 60 3 right 4899
object 61 3 left 745
object 61 3 right 746
object 63 3 left 4894
object 63 3 right 4895
object 64 3 left 4906
object 64 3 right 4907
object 65 3 left 745
object 65 3 right 746
object 66 3 left 3274
object 66 3 right 3275
object 67 3 left 745
object 67 3 right 746
object 68 3 left 747
object 68 3 right 748
object 70 3 left 745
object 70 3 right 746
object 71 3 left 4884
object 71 3 right 4885
object 72 3 left 4908
object 72 3 right 4909
object 73 3 left 3274
object 73 3 right 3275
object 74 3 left 4878
object 74 3 right 4879
object 75 3 left 4876
object 75 3 right 4877
object 78 3 left 4908
object 78 3 right 4909
object 79 3 left 745
object 79 3 right 746
object 80 3 left 745
object 80 3 right 746
object 83 3 left 4878
object 83 3 right 4879
object 84 3 left 3271
object 84 3 right 3272
object 86 3 left 4908
object 86 3 right 4909
object 87 3 left 4906
object 87 3 right 4907
object 88 3 left 3274
object 88 3 right 3275
object 89 3 left 747
object 89 3 right 748
object 90 3 left 4902
object 90 3 right 4903
object 91 3 left 4886
object 91 3 right 4887
object 92 3 left 4894
object 92 3 right 4895
object 93 3 left 4902
object 93 3 right 4903
object 94 3 left 4898
object 94 3 right 4899
object 95 3 left 4894
object 95 3 right 4895
object 96 3 left 4900
object 96 3 right 4901
object 2 4 left 745
object 2 4 right 746
object 3 4 left 3274
object 3 4 right 3275
object 5 4 left 4902
object 5 4 right 4903
object 6 4 left 4886
object 6 4 right 4887
object 7 4 left 4894
object 7 4 right 4895
object 8 4 left 4902
object 8 4 right 4903
object 9 4 left 4898
object 9 4 right 4899
object 10 4 left 4894
object 10 4 right 4895
object 11 4 left 4900
object 11 4 right 4901
object 13 4 left 745
object 13 4 right 746
object 14 4 left 745
object 14 4 right 746
object 15 4 left 4880
object 15 4 right 4881
object 17 4 left 4894
object 17 4 right 4895
object 19 4 left 745
object 19 4 right 746
object 20 4 left 3274
object 20 4 right 3275
object 21 4 left 4878
object 21 4 right 4879
object 22 4 left 4880
object 22 4 right 4881
object 23 4 left 4894
object 23 4 right 4895
object 25 4 left 4884
object 25 4 right 4885
object 26 4 left 747
object 26 4 right 748
object 27 4 left 4882
object 27 4 right 4883
object 29 4 left 745
object 29 4 right 746
object 30 4 left 4904
object 30 4 right 4905
object 31 4 left 4884
object 31 4 right 4885
object 34 4 left 4906
object 34 4 right 4907
object 35 4 left 4904
object 35 4 right 4905
object 37 4 left 4886
object 37 4 right 4887
object 38 4 left 4898
object 38 4 right 4899
object 41 4 left 4884
object 41 4 right 4885
object 42 4 left 4908
object 42 4 right 4909
object 44 4 left 4878
object 44 4 right 4879
object 45 4 left 4876
object 45 4 right 4877
object 47 4 left 745
object 47 4 right 746
object 52 4 left 4898
object 52 4 right 4899
object 53 4 left 4898
object 53 4 right 4899
object 55 4 left 745
object 55 4 right 746
object 56 4 left 747
object 56 4 right 748
object 57 4 left 4884
object 57 4 right 4885
object 59 4 left 745
object 59 4 right 746
object 60 4 left 4902
object 60 4 right 4903
object 61 4 left 4878
object 61 4 right 4879
object 62 4 left 4900
object 62 4 right 4901
object 63 4 left 4878
object 63 4 right 4879
object 64 4 left 4880
object 64 4 right 4881
object 65 4 left 4894
object 65 4 right 4895
object 67 4 left 4884
object 67 4 right 4885
object 69 4 left 4882
object 69 4 right 4883
object 70 4 left 4904
object 70 4 right 4905
object 71 4 left 4884
object 71 4 right 4885
object 73 4 right 748
object 74 4 left 4906
object 74 4 right 4907
object 75 4 left 4904
object 75 4 right 4905
object 76 4 left 747
object 76 4 right 748
object 77 4 left 4886
object 77 4 right 4887
object 78 4 left 4898
object 78 4 right 4899
object 81 4 left 4884
object 81 4 right 4885
object 82 4 left 4908
object 82 4 right 4909
object 83 4 left 747
object 83 4 right 748
object 84 4 left 4878
object 84 4 right 4879
object 85 4 left 4876
object 85 4 right 4877
object 87 4 left 4906
object 87 4 right 4907
object 88 4 left 4904
object 88 4 right 4905
object 90 4 left 4886
object 90 4 right 4887
object 91 4 left 4898
object 91 4 right 4899
object 92 4 left 4904
object 92 4 right 4905
object 94 4 left 4908
object 94 4 right 4909
object 95 4 left 4880
object 95 4 right 4881
object 96 4 left 4878
object 96 4 right 4879
object 97 4 left 745
object 97 4 right 746
object 99 4 left 747
object 99 4 right 748
object 0 5 left 745
object 0 5 right 746
object 2 5 left 4906
object 2 5 right 4907
object 3 5 left 4904
object 3 5 right 4905
object 5 5 left 4886
object 5 5 right 4887
object 6 5 left 4898
object 6 5 right 4899
object 7 5 left 4904
object 7 5 right 4905
object 9 5 left 4908
object 9 5 right 4909
object 10 5 left 4880
object 10 5 right 4881
object 11 5 left 4878
object 11 5 right 4879
object 12 5 left 4876
object 12 5 right 4877
object 13 5 left 4894
object 13 5 right 4895
object 14 5 left 4894
object 14 5 right 4895
object 15 5 left 4902
object 15 5 right 4903
object 16 5 left 4878
object 16 5 right 4879
object 17 5 left 747
object 17 5 right 748
object 18 5 left 745
object 18 5 right 746
object 21 5 left 745
object 21 5 right 746
object 23 5 left 4898
object 23 5 right 4899
object 24 5 left 4898
object 24 5 right 4899
object 26 5 left 745
object 26 5 right 746
object 28 5 left 747
object 28 5 right 748
object 31 5 left 747
object 31 5 right 748
object 32 5 left 4898
object 32 5 right 4899
object 33 5 left 4900
object 33 5 right 4901
object 34 5 left 745
object 34 5 right 746
object 35 5 left 4888
object 35 5 right 4889
object 37 5 left 4886
object 37 5 right 4887
object 38 5 left 4904
object 38 5 right 4905
object 39 5 left 747
object 39 5 right 748
object 40 5 left 4904
object 40 5 right 4905
object 41 5 left 4884
object 41 5 right 4885
object 46 5 left 747
object 46 5 right 748
object 47 5 left 4904
object 47 5 right 4905
object 49 5 left 4886
object 49 5 right 4887
object 50 5 left 4888
object 50 5 right 4889
object 51 5 left 745
object 51 5 right 746
object 52 5 left 4896
object 52 5 right 4897
object 53 5 left 4894
object 53 5 right 4895
object 54 5 right 3273
object 55 5 left 747
object 55 5 right 748
object 58 5 left 745
object 58 5 right 746
object 59 5 left 4880
object 59 5 right 4881
object 60 5 left 745
object 60 5 right 746
object 61 5 left 4894
object 61 5 right 4895
object 65 5 left 4898
object 65 5 right 4899
object 66 5 left 4898
object 66 5 right 4899
object 68 5 left 745
object 68 5 right 746
object 70 5 left 747
object 70 5 right 748
object 72 5 left 4898
object 72 5 right 4899
object 73 5 left 4900
object 73 5 right 4901
object 75 5 left 4888
object 75 5 right 4889
object 77 5 left 4886
object 77 5 right 4887
object 78 5 left 4904
object 78 5 right 4905
object 80 5 left 4904
object 80 5 right 4905
object 81 5 left 4884
object 81 5 right 4885
object 82 5 left 745
object 82 5 right 746
object 84 5 left 745
object 84 5 right 746
object 87 5 left 4904
object 87 5 right 4905
object 88 5 left 4888
object 88 5 right 4889
object 89 5 left 745
object 89 5 right 746
object 90 5 left 4886
object 90 5 right 4887
object 91 5 left 4904
object 91 5 right 4905
object 93 5 left 4904
object 93 5 right 4905
object 95 5 left 4878
object 95 5 right 4879
object 97 5 left 4906
object 97 5 right 4907
object 1 6 left 747
object 1 6 right 748
object 3 6 left 4888
object 3 6 right 4889
object 5 6 left 4886
object 5 6 right 4887
object 6 6 left 4904
object 6 6 right 4905
object 8 6 left 4904
object 8 6 right 4905
object 9 6 left 747
object 9 6 right 748
object 10 6 left 4878
object 10 6 right 4879
object 12 6 left 4906
object 12 6 right 4907
object 14 6 left 4900
object 14 6 right 4901
object 15 6 left 4878
object 15 6 right 4879
object 16 6 left 4878
object 16 6 right 4879
object 18 6 left 745
object 18 6 right 746
object 19 6 left 747
object 19 6 right 748
object 20 6 left 4886
object 20 6 right 4887
object 21 6 left 4888
object 21 6 right 4889
object 22 6 left 745
object 22 6 right 746
object 23 6 left 4896
object 23 6 right 4897
object 24 6 left 4894
object 24 6 right 4895
object 25 6 right 3273
object 27 6 left 747
object 27 6 right 748
object 30 6 left 745
object 30 6 right 746
object 33 6 left 4880
object 33 6 right 4881
object 34 6 left 4890
object 34 6 right 4891
object 35 6 left 4878
object 35 6 right 4879
object 36 6 left 4900
object 36 6 right 4901
object 37 6 left 4902
object 37 6 right 4903
object 38 6 left 745
object 38 6 right 746
object 39 6 left 745
object 39 6 right 746
object 40 6 left 745
object 40 6 right 746
object 42 6 left 4898
object 42 6 right 4899
object 43 6 left 4900
object 43 6 right 4901
object 44 6 right 748
object 45 6 left 4886
object 45 6 right 4887
object 46 6 left 745
object 46 6 right 746
object 47 6 left 3248
object 47 6 right 3249
object 49 6 left 4882
object 49 6 right 4883
object 51 6 left 745
object 51 6 right 746
object 53 6 left 747
object 53 6 right 748
object 54 6 left 3271
object 54 6 right 3272
object 56 6 left 4876
object 56 6 right 4877
object 57 6 left 4894
object 57 6 right 4895
object 58 6 left 4894
object 58 6 right 4895
object 59 6 left 4902
object 59 6 right 4903
object 60 6 left 4878
object 60 6 right 4879
object 62 6 left 4886
object 62 6 right 4887
object 63 6 left 4888
object 63 6 right 4889
object 64 6 left 745
object 64 6 right 746
object 65 6 left 4896
object 65 6 right 4897
object 66 6 left 4894
object 66 6 right 4895
object 67 6 left 745
object 67 6 right 3273
object 69 6 left 747
object 69 6 right 748
object 73 6 left 4880
object 73 6 right 4881
object 74 6 left 4890
object 74 6 right 4891
object 75 6 left 4878
object 75 6 right 4879
object 76 6 left 4900
object 76 6 right 4901
object 77 6 left 4902
object 77 6 right 4903
object 79 6 left 745
object 79 6 right 746
object 80 6 left 745
object 80 6 right 746
object 82 6 left 4898
object 82 6 right 4899
object 83 6 left 4900
object 83 6 right 4901
object 85 6 left 4886
object 85 6 right 4887
object 86 6 left 745
object 86 6 right 746
object 87 6 left 3248
object 87 6 right 3249
object 88 6 left 4878
object 88 6 right 4879
object 89 6 left 4900
object 89 6 right 4901
object 90 6 left 4902
object 90 6 right 4903
object 91 6 left 4880
object 91 6 right 4881
object 92 6 left 4894
object 92 6 right 4895
object 94 6 left 4884
object 94 6 right 4885
object 96 6 left 4882
object 96 6 right 4883
object 99 6 left 745
object 99 6 right 746
object 2 7 left 4890
object 2 7 right 4891
object 3 7 left 4878
object 3 7 right 4879
object 4 7 left 4900
object 4 7 right 4901
object 5 7 left 4902
object 5 7 right 4903
object 6 7 left 4880
object 6 7 right 4881
object 7 7 left 4894
object 7 7 right 4895
object 9 7 left 4884
object 9 7 right 4885
object 11 7 left 4882
object 11 7 right 4883
object 13 7 left 745
object 13 7 right 746
object 15 7 left 4894
object 15 7 right 4895
object 17 7 left 745
object 17 7 right 746
object 18 7 left 745
object 18 7 right 746
object 20 7 left 4882
object 20 7 right 4883
object 21 7 left 745
object 21 7 right 746
object 22 7 left 745
object 22 7 right 746
object 23 7 left 745
object 23 7 right 746
object 25 7 left 3271
object 25 7 right 3272
object 27 7 left 4906
object 27 7 right 4907
object 28 7 left 747
object 28 7 right 748
object 30 7 left 747
object 30 7 right 748
object 31 7 left 745
object 31 7 right 746
object 32 7 left 3248
object 32 7 right 3249
object 35 7 left 4880
object 35 7 right 4881
object 37 7 left 747
object 37 7 right 748
object 38 7 right 3276
object 41 7 left 747
object 41 7 right 748
object 42 7 left 4900
object 42 7 right 4901
object 43 7 left 4880
object 43 7 right 4881
object 44 7 left 4904
object 44 7 right 4905
object 45 7 left 4902
object 45 7 right 4903
object 46 7 left 4906
object 46 7 right 4907
object 50 7 left 4878
object 50 7 right 4879
object 51 7 left 4880
object 51 7 right 4881
object 52 7 left 745
object 52 7 right 746
object 53 7 left 4908
object 53 7 right 4909
object 54 7 left 4906
object 54 7 right 4907
object 55 7 left 745
object 55 7 right 746
object 56 7 left 4900
object 56 7 right 4901
object 58 7 left 4900
object 58 7 right 4901
object 59 7 left 4878
object 59 7 right 4879
object 60 7 left 4878
object 60 7 right 4879
object 62 7 left 4882
object 62 7 right 4883
object 63 7 left 745
object 63 7 right 746
object 66 7 left 747
object 66 7 right 748
object 67 7 left 3271
object 67 7 right 3272
object 69 7 left 4906
object 69 7 right 4907
object 70 7 left 747
object 70 7 right 748
object 71 7 left 745
object 71 7 right 746
object 72 7 left 3248
object 72 7 right 3249
object 73 7 left 745
object 73 7 right 746
object 75 7 left 4880
object 75 7 right 4881
object 76 7 left 745
object 76 7 right 746
object 78 7 left 745
object 78 7 right 3276
object 81 7 left 745
object 81 7 right 746
object 82 7 left 745
object 82 7 right 746
object 83 7 left 4880
object 83 7 right 4881
object 84 7 left 4904
object 84 7 right 4905
object 85 7 left 4902
object 85 7 right 4903
object 86 7 left 4906
object 86 7 right 4907
object 88 7 left 4880
object 88 7 right 4881
object 90 7 left 745
object 90 7 right 746
object 91 7 left 745
object 91 7 right 746
object 92 7 left 4898
object 92 7 right 4899
object 93 7 left 4898
object 93 7 right 4899
object 94 7 left 745
object 94 7 right 746
object 95 7 left 4878
object 95 7 right 4879
object 96 7 left 4876
object 96 7 right 4877
object 97 7 left 4890
object 97 7 right 4891
object 98 7 left 4882
object 98 7 right 4883
object 3 8 left 4880
object 3 8 right 4881
object 4 8 left 747
object 4 8 right 748
object 5 8 left 745
object 5 8 right 746
object 7 8 left 4898
object 7 8 right 4899
object 8 8 left 4898
object 8 8 right 4899
object 10 8 left 4878
object 10 8 right 4879
object 11 8 left 4876
object 11 8 right 4877
object 12 8 left 4890
object 12 8 right 4891
object 13 8 left 4882
object 13 8 right 4883
object 19 8 left 747
object 19 8 right 748
object 21 8 left 4878
object 21 8 right 4879
object 22 8 left 4880
object 22 8 right 4881
object 24 8 left 4908
object 24 8 right 4909
object 25 8 left 4906
object 25 8 right 4907
object 27 8 left 4900
object 27 8 right 4901
object 32 8 left 745
object 32 8 right 2670
object 33 8 left 745
object 33 8 right 746
object 34 8 right 3276
object 35 8 left 4894
object 35 8 right 4895
object 36 8 left 4906
object 36 8 right 4907
object 37 8 left 745
object 37 8 right 746
object 38 8 left 3274
object 38 8 right 3275
object 39 8 left 745
object 39 8 right 746
object 40 8 left 747
object 40 8 right 748
object 41 8 left 745
object 41 8 right 746
object 42 8 left 3248
object 42 8 right 3249
object 43 8 left 4908
object 43 8 right 4909
object 45 8 left 4876
object 45 8 right 4877
object 47 8 left 747
object 47 8 right 748
object 49 8 left 4908
object 49 8 right 4909
object 50 8 left 745
object 50 8 right 746
object 51 8 left 4878
object 51 8 right 4879
object 52 8 left 4876
object 52 8 right 4877
object 54 8 left 745
object 54 8 right 746
object 55 8 left 4908
object 55 8 right 4909
object 58 8 left 745
object 58 8 right 746
object 59 8 left 4894
object 59 8 right 4895
object 61 8 left 747
object 61 8 right 748
object 63 8 left 4878
object 63 8 right 4879
object 64 8 left 4880
object 64 8 right 4881
object 66 8 left 4908
object 66 8 right 4909
object 67 8 left 4906
object 67 8 right 4907
object 69 8 left 4900
object 69 8 right 4901
object 72 8 left 745
object 72 8 right 746
object 73 8 left 745
object 73 8 right 746
object 74 8 right 3276
object 75 8 left 4894
object 75 8 right 4895
object 76 8 left 4906
object 76 8 right 4907
object 77 8 left 745
object 77 8 right 746
object 78 8 left 3274
object 78 8 right 3275
object 79 8 left 745
object 79 8 right 746
object 82 8 left 745
object 82 8 right 746
object 84 8 left 4900
object 84 8 right 4901
object 86 8 left 745
object 86 8 right 746
object 88 8 left 4894
object 88 8 right 4895
object 89 8 left 4906
object 89 8 right 4907
object 90 8 left 4888
object 90 8 right 4889
object 92 8 left 4896
object 92 8 right 4897
object 93 8 left 4894
object 93 8 right 4895
object 94 8 right 3273
object 95 8 left 4878
object 95 8 right 4879
object 96 8 left 4878
object 96 8 right 4879
object 97 8 left 4884
object 97 8 right 4885
object 0 9 left 745
object 0 9 right 746
object 3 9 left 4894
object 3 9 right 4895
object 4 9 left 4906
object 4 9 right 4907
object 5 9 left 4888
object 5 9 right 4889
object 6 9 left 745
object 6 9 right 746
object 7 9 left 4896
object 7 9 right 4897
object 8 9 left 4894
object 8 9 right 4895
object 9 9 left 745
object 9 9 right 3273
object 10 9 left 4878
object 10 9 right 4879
object 11 9 left 4878
object 11 9 right 4879
object 12 9 left 4884
object 12 9 right 4885
object 14 9 left 745
object 14 9 right 746
object 15 9 left 745
object 15 9 right 746
object 16 9 left 747
object 16 9 right 748
object 17 9 left 4898
object 17 9 right 4899
object 18 9 left 4898
object 18 9 right 4899
object 19 9 left 745
object 19 9 right 746
object 20 9 left 4908
object 20 9 right 4909
object 22 9 left 4878
object 22 9 right 4879
object 23 9 left 4876
object 23 9 right 4877
object 24 9 left 745
object 24 9 right 746
object 26 9 left 4908
object 26 9 right 4909
object 30 9 left 745
object 30 9 right 746
object 32 9 right 2669
object 33 9 left 745
object 33 9 right 746
object 34 9 left 3274
object 34 9 right 3275
object 35 9 left 4878
object 35 9 right 4879
object 36 9 left 4880
object 36 9 right 4881
object 37 9 left 4894
object 37 9 right 4895
object 39 9 left 4884
object 39 9 right 4885
object 41 9 left 4884
object 41 9 right 4885
object 42 9 left 4886
object 42 9 right 4887
object 43 9 left 745
object 43 9 right 746
object 44 9 left 4898
object 44 9 right 4899
object 46 9 left 745
object 46 9 right 746
object 49 9 left 747
object 49 9 right 748
object 54 9 left 4904
object 54 9 right 4905
object 56 9 left 747
object 56 9 right 748
object 59 9 left 745
object 59 9 right 746
object 60 9 left 745
object 60 9 right 746
object 62 9 left 4908
object 62 9 right 4909
object 63 9 left 747
object 63 9 right 748
object 64 9 left 4878
object 64 9 right 4879
object 65 9 left 4876
object 65 9 right 4877
object 66 9 left 747
object 66 9 right 748
object 68 9 left 4908
object 68 9 right 4909
object 71 9 left 747
object 71 9 right 748
object 73 9 left 745
object 73 9 right 746
object 74 9 left 3274
object 74 9 right 3275
object 75 9 left 4878
object 75 9 right 4879
object 76 9 left 4880
object 76 9 right 4881
object 77 9 left 4894
object 77 9 right 4895
object 79 9 left 4884
object 79 9 right 4885
object 81 9 left 4882
object 81 9 right 4883
object 83 9 left 745
object 83 9 right 746
object 84 9 left 3248
object 84 9 right 3249
object 85 9 left 4908
object 85 9 right 4909
object 87 9 left 4876
object 87 9 right 4877
object 88 9 left 745
object 88 9 right 746
object 89 9 left 4882
object 89 9 right 4883
object 90 9 left 745
object 90 9 right 746
object 91 9 left 745
object 91 9 right 746
object 94 9 left 3271
object 94 9 right 3272
object 95 9 left 745
object 95 9 right 746
object 96 9 left 4906
object 96 9 right 4907
object 97 9 left 4880
object 97 9 right 4881
object 98 9 left 4902
object 98 9 right 4903
object 99 9 left 4886
object 99 9 right 4887
object 1 10 left 747
object 1 10 right 748
object 2 10 left 745
object 2 10 right 746
object 4 10 left 4882
object 4 10 right 4883
object 6 10 left 745
object 6 10 right 746
object 9 10 left 3271
object 9 10 right 3272
object 11 10 left 4906
object 11 10 right 4907
object 12 10 left 4880
object 12 10 right 4881
object 13 10 left 4902
object 13 10 right 4903
object 14 10 left 4886
object 14 10 right 4887
object 15 10 left 4888
object 15 10 right 4889
object 16 10 left 745
object 16 10 right 746
object 17 10 left 4896
object 17 10 right 4897
object 18 10 left 4894
object 18 10 right 4895
object 19 10 left 745
object 19 10 right 746
object 21 10 left 747
object 21 10 right 748
object 22 10 left 745
object 22 10 right 746
object 25 10 left 4904
object 25 10 right 4905
object 28 10 left 747
object 28 10 right 748
object 30 10 left 2665
object 31 10 left 2666
object 31 10 right 746
object 32 10 left 2667
object 32 10 right 2668
object 37 10 left 4898
object 37 10 right 4899
object 38 10 left 4898
object 38 10 right 4899
object 40 10 left 745
object 40 10 right 746
object 41 10 left 4884
object 41 10 right 4885
object 43 10 left 745
object 43 10 right 746
object 44 10 left 4902
object 44 10 right 4903
object 45 10 left 4878
object 45 10 right 4879
object 46 10 left 4900
object 46 10 right 4901
object 51 10 left 745
object 51 10 right 746
object 54 10 left 747
object 54 10 right 748
object 57 10 left 745
object 57 10 right 746
object 62 10 left 745
object 62 10 right 746
object 65 10 left 745
object 65 10 right 746
object 67 10 left 4904
object 67 10 right 4905
object 69 10 left 747
object 69 10 right 748
object 72 10 left 745
object 72 10 right 746
object 74 10 left 747
object 74 10 right 748
object 77 10 left 4898
object 77 10 right 4899
object 78 10 left 4898
object 78 10 right 4899
object 79 10 left 747
object 79 10 right 748
object 80 10 left 745
object 80 10 right 746
object 82 10 left 745
object 82 10 right 746
object 83 10 left 4884
object 83 10 right 4885
object 84 10 left 4886
object 84 10 right 4887
object 85 10 left 745
object 85 10 right 746
object 86 10 left 4898
object 86 10 right 4899
object 89 10 left 745
object 89 10 right 746
object 90 10 left 4878
object 90 10 right 3276
object 91 10 left 4880
object 91 10 right 4881
object 93 10 left 4908
object 93 10 right 4909
object 94 10 left 4906
object 94 10 right 4907
object 96 10 left 4900
object 96 10 right 4901
object 97 10 left 4880
object 97 10 right 4881
object 98 10 left 4906
object 98 10 right 4907
object 99 10 left 4882
object 99 10 right 4883
object 0 11 left 745
object 0 11 right 746
object 3 11 left 745
object 3 11 right 746
object 5 11 left 4878
object 5 11 right 3276
object 6 11 left 4880
object 6 11 right 4881
object 8 11 left 4908
object 8 11 right 4909
object 9 11 left 4906
object 9 11 right 4907
object 11 11 left 4900
object 11 11 right 4901
object 12 11 left 4880
object 12 11 right 4881
object 13 11 left 4906
object 13 11 right 4907
object 14 11 left 4882
object 14 11 right 4883
object 16 11 right 3273
object 18 11 left 747
object 18 11 right 748
object 21 11 left 745
object 21 11 right 746
object 23 11 left 745
object 23 11 right 746
object 26 11 left 747
object 26 11 right 748
object 29 11 left 745
object 29 11 right 746
object 34 11 left 4886
object 34 11 right 4887
object 35 11 left 4888
object 35 11 right 4889
object 36 11 left 745
object 36 11 right 746
object 37 11 left 4896
object 37 11 right 4897
object 38 11 left 4894
object 38 11 right 4895
object 39 11 left 745
object 39 11 right 3273
object 42 11 left 745
object 42 11 right 746
object 43 11 left 4880
object 43 11 right 4881
object 45 11 left 4894
object 45 11 right 4895
object 68 11 left 745
object 68 11 right 746
object 71 11 left 745
object 71 11 right 746
object 74 11 left 4886
object 74 11 right 4887
object 75 11 left 4888
object 75 11 right 4889
object 76 11 left 745
object 76 11 right 746
object 77 11 left 4896
object 77 11 right 4897
object 78 11 left 4894
object 78 11 right 4895
object 79 11 right 3273
object 81 11 left 747
object 81 11 right 748
object 83 11 left 4884
object 83 11 right 4885
object 85 11 left 745
object 85 11 right 746
object 86 11 left 4902
object 86 11 right 4903
object 87 11 left 4878
object 87 11 right 4879
object 88 11 left 4900
object 88 11 right 4901
object 89 11 left 4908
object 89 11 right 4909
object 90 11 left 3274
object 90 11 right 3275
object 91 11 left 4878
object 91 11 right 4879
object 92 11 left 4876
object 92 11 right 4877
object 93 11 left 745
object 93 11 right 746
object 95 11 left 4908
object 95 11 right 4909
object 96 11 left 745
object 96 11 right 746
object 0 12 left 745
object 0 12 right 746
object 2 12 left 745
object 2 12 right 746
object 3 12 left 4884
object 3 12 right 4885
object 4 12 left 4908
object 4 12 right 4909
object 5 12 left 3274
object 5 12 right 3275
object 6 12 left 4878
object 6 12 right 4879
object 7 12 left 4876
object 7 12 right 4877
object 10 12 left 4908
object 10 12 right 4909
object 11 12 left 745
object 11 12 right 746
object 12 12 left 747
object 12 12 right 748
object 15 12 left 4878
object 15 12 right 4879
object 16 12 left 3271
object 16 12 right 3272
object 17 12 left 747
object 17 12 right 748
object 18 12 left 4908
object 18 12 right 4909
object 19 12 left 4906
object 19 12 right 4907
object 22 12 left 745
object 22 12 right 746
object 24 12 left 747
object 24 12 right 748
object 33 12 left 745
object 33 12 right 746
object 34 12 left 4882
object 34 12 right 4883
object 36 12 left 745
object 36 12 right 746
object 38 12 left 745
object 38 12 right 746
object 39 12 left 3271
object 39 12 right 3272
object 40 12 left 4876
object 40 12 right 4877
object 41 12 left 4894
object 41 12 right 4895
object 42 12 left 4894
object 42 12 right 4895
object 43 12 left 4902
object 43 12 right 4903
object 44 12 left 4878
object 44 12 right 4879
object 45 12 left 747
object 45 12 right 748
object 66 12 left 745
object 66 12 right 746
object 68 12 left 745
object 68 12 right 746
object 70 12 left 745
object 70 12 right 746
object 74 12 left 4882
object 74 12 right 4883
object 76 12 left 747
object 76 12 right 748
object 79 12 left 3271
object 79 12 right 3272
object 81 12 left 4906
object 81 12 right 4907
object 84 12 left 745
object 84 12 right 746
object 85 12 left 4880
object 85 12 right 4881
object 87 12 left 4894
object 87 12 right 4895
object 88 12 left 4884
object 88 12 right 4885
object 90 12 left 747
object 90 12 right 748
object 91 12 left 4906
object 91 12 right 4907
object 92 12 left 4904
object 92 12 right 4905
object 94 12 left 4886
object 94 12 right 4887
object 95 12 left 4898
object 95 12 right 4899
object 98 12 left 4884
object 98 12 right 4885
object 99 12 left 4908
object 99 12 right 4909
object 2 13 left 4904
object 2 13 right 4905
object 3 13 left 4884
object 3 13 right 4885
object 4 13 left 747
object 4 13 right 748
object 6 13 left 4906
object 6 13 right 4907
object 7 13 left 4904
object 7 13 right 4905
object 8 13 left 745
object 8 13 right 746
object 9 13 left 4886
object 9 13 right 4887
object 10 13 left 4898
object 10 13 right 4899
object 11 13 left 745
object 11 13 right 746
object 13 13 left 4884
object 13 13 right 4885
object 14 13 left 4908
object 14 13 right 4909
object 16 13 left 4878
object 16 13 right 4879
object 17 13 left 4876
object 17 13 right 4877
object 18 13 left 747
object 18 13 right 748
object 19 13 left 747
object 19 13 right 748
object 21 13 left 745
object 21 13 right 746
object 35 13 left 4878
object 35 13 right 4879
object 36 13 left 4880
object 36 13 right 4881
object 38 13 left 4908
object 38 13 right 4909
object 39 13 left 4906
object 39 13 right 4907
object 41 13 left 4900
object 41 13 right 4901
object 42 13 left 4900
object 42 13 right 4901
object 43 13 left 4878
object 43 13 right 4879
object 44 13 left 4878
object 44 13 right 4879
object 47 13 left 747
object 47 13 right 748
object 54 13 left 747
object 54 13 right 748
object 57 13 left 747
object 57 13 right 748
object 62 13 left 745
object 62 13 right 746
object 72 13 left 747
object 72 13 right 748
object 75 13 left 4878
object 75 13 right 4879
object 76 13 left 4880
object 76 13 right 4881
object 78 13 left 4908
object 78 13 right 4909
object 79 13 left 4906
object 79 13 right 4907
object 81 13 left 4900
object 81 13 right 4901
object 82 13 left 4876
object 82 13 right 4877
object 83 13 left 4894
object 83 13 right 4895
object 84 13 left 4894
object 84 13 right 4895
object 85 13 left 4902
object 85 13 right 4903
object 86 13 left 4878
object 86 13 right 4879
object 89 13 left 4898
object 89 13 right 4899
object 90 13 left 4900
object 90 13 right 4901
object 92 13 left 4888
object 92 13 right 4889
object 93 13 left 747
object 93 13 right 748
object 94 13 left 4886
object 94 13 right 4887
object 95 13 left 4904
object 95 13 right 4905
object 96 13 left 747
object 96 13 right 748
object 97 13 left 4904
object 97 13 right 4905
object 98 13 left 4884
object 98 13 right 4885
object 2 14 left 747
object 2 14 right 748
object 4 14 left 4898
object 4 14 right 4899
object 5 14 left 4900
object 5 14 right 4901
object 7 14 left 4888
object 7 14 right 4889
object 9 14 left 4886
object 9 14 right 4887
object 10 14 left 4904
object 10 14 right 4905
object 12 14 left 4904
object 12 14 right 4905
object 13 14 left 4884
object 13 14 right 4885
object 19 14 left 4904
object 19 14 right 4905
object 20 14 left 747
object 20 14 right 748
object 23 14 left 747
object 23 14 right 748
object 34 14 left 4908
object 34 14 right 4909
object 36 14 left 4878
object 36 14 right 4879
object 37 14 left 4876
object 37 14 right 4877
object 39 14 left 745
object 39 14 right 746
object 40 14 left 4908
object 40 14 right 4909
object 41 14 left 745
object 41 14 right 746
object 43 14 left 4894
object 43 14 right 4895
object 45 14 left 745
object 45 14 right 746
object 53 14 left 747
object 53 14 right 748
object 56 14 left 745
object 56 14 right 746
object 73 14 left 745
object 73 14 right 746
object 74 14 left 4908
object 74 14 right 4909
object 76 14 left 4878
object 76 14 right 4879
object 77 14 left 4876
object 77 14 right 4877
object 80 14 left 4908
object 80 14 right 4909
object 82 14 left 745
object 82 14 right 746
object 84 14 left 4900
object 84 14 right 4901
object 85 14 left 4878
object 85 14 right 4879
object 86 14 left 4878
object 86 14 right 4879
object 87 14 left 747
object 87 14 right 748
object 89 14 left 747
object 89 14 right 748
object 90 14 left 4880
object 90 14 right 4881
object 91 14 left 4890
object 91 14 right 4891
object 92 14 left 4878
object 92 14 right 4879
object 93 14 left 4900
object 93 14 right 4901
object 94 14 left 4902
object 94 14 right 4903
object 95 14 left 745
object 95 14 right 746
object 96 14 left 745
object 96 14 right 746
object 97 14 left 745
object 97 14 right 746
object 99 14 left 4898
object 99 14 right 4899
object 5 15 left 4880
object 5 15 right 4881
object 6 15 left 4890
object 6 15 right 4891
object 7 15 left 4878
object 7 15 right 4879
object 8 15 left 4900
object 8 15 right 4901
object 9 15 left 4902
object 9 15 right 4903
object 11 15 left 745
object 11 15 right 746
object 12 15 left 745
object 12 15 right 746
object 14 15 left 4898
object 14 15 right 4899
object 15 15 left 4900
object 15 15 right 4901
object 16 15 left 745
object 16 15 right 746
object 17 15 left 4886
object 17 15 right 4887
object 18 15 left 745
object 18 15 right 746
object 19 15 left 3248
object 19 15 right 3249
object 22 15 left 745
object 22 15 right 746
object 33 15 left 745
object 33 15 right 746
object 36 15 left 747
object 36 15 right 748
object 39 15 left 4904
object 39 15 right 4905
object 43 15 left 747
object 43 15 right 748
object 46 15 left 745
object 46 15 right 746
object 47 15 left 745
object 47 15 right 746
object 54 15 left 747
object 54 15 right 748
object 56 15 left 747
object 56 15 right 748
object 60 15 left 745
object 60 15 right 746
object 62 15 left 745
object 62 15 right 746
object 66 15 left 745
object 66 15 right 746
object 79 15 left 4904
object 79 15 right 4905
object 83 15 left 745
object 83 15 right 746
object 85 15 left 4894
object 85 15 right 4895
object 86 15 left 745
object 86 15 right 746
object 88 15 left 745
object 88 15 right 746
object 89 15 left 3248
object 89 15 right 3249
object 91 15 left 747
object 91 15 right 748
object 92 15 left 4880
object 92 15 right 4881
object 95 15 right 3276
object 98 15 left 745
object 98 15 right 746
object 99 15 left 745
object 99 15 right 746
object 0 16 left 745
object 0 16 right 746
object 2 16 left 747
object 2 16 right 748
object 3 16 left 745
object 3 16 right 746
object 4 16 left 3248
object 4 16 right 3249
object 7 16 left 4880
object 7 16 right 4881
object 10 16 left 745
object 10 16 right 3276
object 13 16 left 745
object 13 16 right 746
object 14 16 left 745
object 14 16 right 746
object 15 16 left 4880
object 15 16 right 4881
object 16 16 left 4904
object 16 16 right 4905
object 17 16 left 4902
object 17 16 right 4903
object 18 16 left 4906
object 18 16 right 4907
object 20 16 left 747
object 20 16 right 748
object 22 16 left 747
object 22 16 right 748
object 27 16 left 747
object 27 16 right 748
object 29 16 left 745
object 29 16 right 746
object 38 16 left 745
object 38 16 right 746
object 41 16 left 747
object 41 16 right 748
object 44 16 left 745
object 44 16 right 746
object 53 16 left 745
object 53 16 right 746
object 58 16 left 747
object 58 16 right 748
object 65 16 left 747
object 65 16 right 748
object 67 16 left 745
object 67 16 right 746
object 78 16 left 745
object 78 16 right 746
object 81 16 left 745
object 81 16 right 746
object 83 16 left 745
object 83 16 right 746
object 85 16 left 745
object 85 16 right 746
object 89 16 left 745
object 89 16 right 746
object 90 16 left 745
object 90 16 right 746
object 91 16 right 3276
object 92 16 left 4894
object 92 16 right 4895
object 93 16 left 4906
object 93 16 right 4907
object 94 16 left 745
object 94 16 right 746
object 95 16 left 3274
object 95 16 right 3275
object 96 16 left 745
object 96 16 right 746
object 98 16 left 745
object 98 16 right 746
object 3 17 left 745
object 3 17 right 746
object 4 17 left 745
object 4 17 right 2664
object 5 17 left 745
object 5 17 right 746
object 6 17 right 3276
object 7 17 left 4894
object 7 17 right 4895
object 8 17 left 4906
object 8 17 right 4907
object 9 17 left 745
object 9 17 right 746
object 10 17 left 3274
object 10 17 right 3275
object 11 17 left 745
object 11 17 right 746
object 13 17 left 745
object 13 17 right 746
object 16 17 left 745
object 16 17 right 746
object 19 17 left 745
object 19 17 right 746
object 24 17 left 747
object 24 17 right 748
object 28 17 left 747
object 28 17 right 748
object 56 17 left 745
object 56 17 right 746
object 60 17 left 745
object 60 17 right 746
object 62 17 left 745
object 62 17 right 746
object 64 17 left 745
object 64 17 right 746
object 66 17 left 745
object 66 17 right 746
object 69 17 left 745
object 69 17 right 746
object 71 17 left 745
object 71 17 right 746
object 80 17 left 747
object 80 17 right 748
object 87 17 left 747
object 87 17 right 748
object 90 17 left 745
object 90 17 right 746
object 91 17 left 3274
object 91 17 right 3275
object 92 17 left 4878
object 92 17 right 4879
object 93 17 left 4880
object 93 17 right 4881
object 94 17 left 4894
object 94 17 right 4895
object 95 17 left 747
object 95 17 right 748
object 96 17 left 4884
object 96 17 right 4885
object 98 17 left 4882
object 98 17 right 4883
object 1 18 left 747
object 1 18 right 748
object 4 18 right 2663
object 5 18 left 745
object 5 18 right 746
object 6 18 left 3274
object 6 18 right 3275
object 7 18 left 4878
object 7 18 right 4879
object 8 18 left 4880
object 8 18 right 4881
object 9 18 left 4894
object 9 18 right 4895
object 10 18 left 745
object 10 18 right 746
object 11 18 left 4884
object 11 18 right 4885
object 13 18 left 4882
object 13 18 right 4883
object 14 18 left 745
object 14 18 right 746
object 16 18 left 745
object 16 18 right 746
object 18 18 left 745
object 18 18 right 746
object 22 18 left 745
object 22 18 right 746
object 27 18 left 747
object 27 18 right 748
object 30 18 left 745
object 30 18 right 746
object 49 18 left 745
object 49 18 right 746
object 53 18 left 745
object 53 18 right 746
object 54 18 left 4876
object 54 18 right 4877
object 55 18 left 4878
object 55 18 right 4879
object 56 18 left 4902
object 56 18 right 4903
object 57 18 left 745
object 57 18 right 746
object 58 18 left 745
object 58 18 right 746
object 61 18 right 2664
object 68 18 left 747
object 68 18 right 748
object 73 18 left 745
object 73 18 right 746
object 82 18 left 745
object 82 18 right 746
object 85 18 left 747
object 85 18 right 748
object 88 18 left 745
object 88 18 right 746
object 89 18 left 745
object 89 18 right 746
object 94 18 left 4898
object 94 18 right 4899
object 95 18 left 4898
object 95 18 right 4899
object 97 18 left 745
object 97 18 right 746
object 0 19 left 745
object 0 19 right 746
object 2 19 left 2659
object 3 19 left 2660
object 3 19 right 746
object 4 19 left 2661
object 4 19 right 2662
object 5 19 left 745
object 5 19 right 746
object 7 19 left 745
object 7 19 right 746
object 9 19 left 4898
object 9 19 right 4899
object 10 19 left 4898
object 10 19 right 4899
object 12 19 left 745
object 12 19 right 746
object 13 19 left 747
object 13 19 right 748
object 14 19 left 745
object 14 19 right 746
object 20 19 left 747
object 20 19 right 748
object 23 19 left 745
object 23 19 right 746
object 24 19 left 745
object 24 19 right 746
object 28 19 left 747
object 28 19 right 748
object 30 19 left 747
object 30 19 right 748
object 45 19 left 747
object 45 19 right 748
object 52 19 left 4902
object 52 19 right 4903
object 53 19 left 4878
object 53 19 right 4879
object 54 19 left 4886
object 54 19 right 4887
object 55 19 left 4894
object 55 19 right 4895
object 58 19 left 745
object 58 19 right 746
object 60 19 right 746
object 61 19 right 2663
object 62 19 left 4900
object 62 19 right 4901
object 63 19 left 745
object 63 19 right 746
object 65 19 left 747
object 65 19 right 748
object 67 19 left 4876
object 67 19 right 4877
object 70 19 left 4876
object 70 19 right 4877
object 71 19 left 4878
object 71 19 right 4879
object 72 19 left 4902
object 72 19 right 4903
object 91 19 left 4886
object 91 19 right 4887
object 92 19 left 4888
object 92 19 right 4889
object 93 19 left 745
object 93 19 right 746
object 94 19 left 4896
object 94 19 right 4897
object 95 19 left 4894
object 95 19 right 4895
object 96 19 right 3273
object 97 19 left 745
object 97 19 right 746
object 0 20 left 747
object 0 20 right 748
object 2 20 left 4876
object 2 20 right 4877
object 3 20 left 4878
object 3 20 right 4879
object 4 20 left 4902
object 4 20 right 4903
object 6 20 left 4886
object 6 20 right 4887
object 7 20 left 4888
object 7 20 right 4889
object 8 20 left 745
object 8 20 right 746
object 9 20 left 4896
object 9 20 right 4897
object 10 20 left 4894
object 10 20 right 4895
object 11 20 left 747
object 11 20 right 3273
object 15 20 left 745
object 15 20 right 746
object 16 20 left 745
object 16 20 right 746
object 18 20 left 747
object 18 20 right 748
object 21 20 left 745
object 21 20 right 746
object 27 20 left 745
object 27 20 right 746
object 32 20 left 747
object 32 20 right 748
object 34 20 left 745
object 34 20 right 746
object 36 20 left 745
object 36 20 right 746
object 40 20 left 745
object 40 20 right 746
object 44 20 left 745
object 44 20 right 746
object 47 20 left 745
object 47 20 right 746
object 49 20 left 745
object 49 20 right 746
object 51 20 left 745
object 51 20 right 3276
object 52 20 left 4906
object 52 20 right 4907
object 53 20 left 4878
object 53 20 right 4879
object 54 20 left 4902
object 54 20 right 4903
object 55 20 left 4888
object 55 20 right 4889
object 56 20 left 4898
object 56 20 right 4899
object 57 20 left 4886
object 57 20 right 4887
object 58 20 left 745
object 58 20 right 746
object 59 20 left 2659
object 60 20 left 2660
object 61 20 left 2661
object 61 20 right 2662
object 62 20 left 3248
object 62 20 right 3249
object 63 20 left 4908
object 63 20 right 4909
object 64 20 left 745
object 64 20 right 746
object 65 20 left 4876
object 65 20 right 4877
object 66 20 left 745
object 66 20 right 746
object 68 20 left 4902
object 68 20 right 4903
object 69 20 left 4878
object 69 20 right 4879
object 70 20 left 4886
object 70 20 right 4887
object 71 20 left 4894
object 71 20 right 4895
object 73 20 left 745
object 73 20 right 746
object 75 20 left 745
object 75 20 right 746
object 89 20 left 747
object 89 20 right 748
object 91 20 left 4882
object 91 20 right 4883
object 96 20 left 3271
object 96 20 right 3272
object 98 20 left 4906
object 98 20 right 4907
object 0 21 left 4902
object 0 21 right 4903
object 1 21 left 4878
object 1 21 right 4879
object 2 21 left 4886
object 2 21 right 4887
object 3 21 left 4894
object 3 21 right 4895
object 6 21 left 4882
object 6 21 right 4883
object 8 21 left 747
object 8 21 right 748
object 10 21 left 745
object 10 21 right 746
object 11 21 left 3271
object 11 21 right 3272
object 13 21 left 4906
object 13 21 right 4907
object 15 21 left 4876
object 15 21 right 4877
object 30 21 left 745
object 30 21 right 746
object 32 21 left 747
object 32 21 right 748
object 39 21 left 747
object 39 21 right 748
object 40 21 left 4876
object 40 21 right 4877
object 41 21 left 4878
object 41 21 right 4879
object 42 21 left 4902
object 42 21 right 4903
object 51 21 left 3274
object 51 21 right 3275
object 53 21 left 4902
object 53 21 right 4903
object 54 21 left 4886
object 54 21 right 4887
object 55 21 left 4894
object 55 21 right 4895
object 56 21 left 4902
object 56 21 right 4903
object 57 21 left 4898
object 57 21 right 4899
object 58 21 left 4894
object 58 21 right 4895
object 59 21 left 4900
object 59 21 right 4901
object 60 21 left 745
object 60 21 right 746
object 61 21 left 4884
object 61 21 right 4885
object 62 21 left 4886
object 62 21 right 4887
object 63 21 left 745
object 63 21 right 746
object 64 21 left 4898
object 64 21 right 4899
object 67 21 left 747
object 67 21 right 3276
object 68 21 left 4906
object 68 21 right 4907
object 69 21 left 4878
object 69 21 right 4879
object 70 21 left 4902
object 70 21 right 4903
object 71 21 left 4888
object 71 21 right 4889
object 72 21 left 4898
object 72 21 right 4899
object 73 21 left 4886
object 73 21 right 4887
object 75 21 left 4892
object 75 21 right 4893
object 78 21 left 747
object 78 21 right 748
object 80 21 left 745
object 80 21 right 746
object 91 21 left 745
object 91 21 right 746
object 92 21 left 4878
object 92 21 right 4879
object 93 21 left 4880
object 93 21 right 4881
object 95 21 left 4908
object 95 21 right 4909
object 96 21 left 4906
object 96 21 right 4907
object 97 21 left 745
object 97 21 right 746
object 98 21 left 4900
object 98 21 right 4901
object 0 22 left 4906
object 0 22 right 4907
object 1 22 left 4878
object 1 22 right 4879
object 2 22 left 4902
object 2 22 right 4903
object 3 22 left 4888
object 3 22 right 4889
object 4 22 left 4898
object 4 22 right 4899
object 5 22 left 4886
object 5 22 right 4887
object 7 22 left 4892
object 7 22 right 4893
object 8 22 left 4880
object 8 22 right 4881
object 9 22 left 745
object 9 22 right 746
object 10 22 left 4908
object 10 22 right 4909
object 11 22 left 4906
object 11 22 right 4907
object 13 22 left 4900
object 13 22 right 4901
object 14 22 left 745
object 14 22 right 746
object 28 22 left 747
object 28 22 right 748
object 29 22 left 4900
object 29 22 right 4901
object 31 22 left 745
object 31 22 right 746
object 32 22 left 745
object 32 22 right 746
object 34 22 left 745
object 34 22 right 2670
object 36 22 left 745
object 36 22 right 746
object 38 22 left 4902
object 38 22 right 4903
object 39 22 left 4878
object 39 22 right 4879
object 40 22 left 4886
object 40 22 right 4887
object 41 22 left 4894
object 41 22 right 4895
object 43 22 left 745
object 43 22 right 746
object 45 22 left 745
object 45 22 right 746
object 47 22 left 745
object 47 22 right 746
object 50 22 left 4906
object 50 22 right 4907
object 51 22 left 4904
object 51 22 right 4905
object 52 22 left 747
object 52 22 right 748
object 53 22 left 4886
object 53 22 right 4887
object 54 22 left 4898
object 54 22 right 4899
object 55 22 left 4904
object 55 22 right 4905
object 57 22 left 4908
object 57 22 right 4909
object 58 22 left 4880
object 58 22 right 4881
object 59 22 left 4878
object 59 22 right 4879
object 60 22 left 745
object 60 22 right 746
object 61 22 left 4884
object 61 22 right 4885
object 63 22 left 745
object 63 22 right 746
object 64 22 left 4902
object 64 22 right 4903
object 65 22 left 4878
object 65 22 right 4879
object 66 22 left 4900
object 66 22 right 4901
object 67 22 left 3274
object 67 22 right 3275
object 69 22 left 4902
object 69 22 right 4903
object 70 22 left 4886
object 70 22 right 4887
object 71 22 left 4894
object 71 22 right 4895
object 72 22 left 4902
object 72 22 right 4903
object 73 22 left 4898
object 73 22 right 4899
object 74 22 left 4894
object 74 22 right 4895
object 75 22 left 4900
object 75 22 right 4901
object 77 22 left 745
object 77 22 right 746
object 79 22 left 745
object 79 22 right 746
object 82 22 left 745
object 82 22 right 746
object 84 22 left 745
object 84 22 right 746
object 91 22 left 4908
object 91 22 right 4909
object 93 22 left 4878
object 93 22 right 4879
object 94 22 left 4876
object 94 22 right 4877
object 97 22 left 4908
object 97 22 right 4909
object 99 22 left 747
object 99 22 right 748
object 1 23 left 4902
object 1 23 right 4903
object 2 23 left 4886
object 2 23 right 4887
object 3 23 left 4894
object 3 23 right 4895
object 4 23 left 4902
object 4 23 right 4903
object 5 23 left 4898
object 5 23 right 4899
object 6 23 left 4894
object 6 23 right 4895
object 7 23 left 4900
object 7 23 right 4901
object 8 23 left 4878
object 8 23 right 4879
object 9 23 left 4876
object 9 23 right 4877
object 10 23 left 747
object 10 23 right 748
object 12 23 left 4908
object 12 23 right 4909
object 13 23 left 745
object 13 23 right 746
object 15 23 left 745
object 15 23 right 746
object 22 23 left 745
object 22 23 right 746
object 24 23 left 745
object 24 23 right 746
object 28 23 left 745
object 28 23 right 746
object 29 23 left 3248
object 29 23 right 3249
object 30 23 left 4908
object 30 23 right 4909
object 32 23 left 4876
object 32 23 right 4877
object 34 23 right 2669
object 37 23 right 3276
object 38 23 left 4906
object 38 23 right 4907
object 39 23 left 4878
object 39 23 right 4879
object 40 23 left 4902
object 40 23 right 4903
object 41 23 left 4888
object 41 23 right 4889
object 42 23 left 4898
object 42 23 right 4899
object 43 23 left 4886
object 43 23 right 4887
object 45 23 left 4892
object 45 23 right 4893
object 47 23 left 745
object 47 23 right 746
object 48 23 left 745
object 48 23 right 746
object 51 23 left 4888
object 51 23 right 4889
object 53 23 left 4886
object 53 23 right 4887
object 54 23 left 4904
object 54 23 right 4905
object 55 23 left 745
object 55 23 right 746
object 56 23 left 4904
object 56 23 right 4905
object 57 23 right 748
object 58 23 left 4878
object 58 23 right 4879
object 60 23 left 4906
object 60 23 right 4907
object 62 23 left 745
object 62 23 right 746
object 63 23 left 4880
object 63 23 right 4881
object 65 23 left 4894
object 65 23 right 4895
object 66 23 left 4906
object 66 23 right 4907
object 67 23 left 4904
object 67 23 right 4905
object 68 23 left 747
object 68 23 right 748
object 69 23 left 4886
object 69 23 right 4887
object 70 23 left 4898
object 70 23 right 4899
object 71 23 left 4904
object 71 23 right 4905
object 73 23 left 4908
object 73 23 right 4909
object 74 23 left 4880
object 74 23 right 4881
object 75 23 left 4878
object 75 23 right 4879
object 76 23 left 745
object 76 23 right 746
object 81 23 left 747
object 81 23 right 748
object 86 23 left 745
object 86 23 right 746
object 89 23 left 745
object 89 23 right 746
object 91 23 left 745
object 91 23 right 746
object 94 23 left 4876
object 94 23 right 4877
object 95 23 left 4878
object 95 23 right 4879
object 96 23 left 4904
object 96 23 right 4905
object 98 23 left 745
object 98 23 right 746
object 1 24 left 4886
object 1 24 right 4887
object 2 24 left 4898
object 2 24 right 4899
object 3 24 left 4904
object 3 24 right 4905
object 4 24 left 747
object 4 24 right 748
object 5 24 left 4908
object 5 24 right 4909
object 6 24 left 4880
object 6 24 right 4881
object 7 24 left 4878
object 7 24 right 4879
object 8 24 left 745
object 8 24 right 746
object 9 24 left 747
object 9 24 right 748
object 11 24 left 4904
object 11 24 right 4905
object 14 24 left 745
object 14 24 right 746
object 16 24 left 747
object 16 24 right 748
object 20 24 left 747
object 20 24 right 748
object 27 24 left 747
object 27 24 right 748
object 28 24 left 4884
object 28 24 right 4885
object 29 24 left 4886
object 29 24 right 4887
object 30 24 left 745
object 30 24 right 746
object 31 24 left 4898
object 31 24 right 4899
object 32 24 left 2665
object 32 24 right 746
object 33 24 left 2666
object 34 24 left 2667
object 34 24 right 2668
object 37 24 left 3274
object 37 24 right 3275
object 39 24 left 4902
object 39 24 right 4903
object 40 24 left 4886
object 40 24 right 4887
object 41 24 left 4894
object 41 24 right 4895
object 42 24 left 4902
object 42 24 right 4903
object 43 24 left 4898
object 43 24 right 4899
object 44 24 left 4894
object 44 24 right 4895
object 45 24 left 4900
object 45 24 right 4901
object 46 24 left 747
object 46 24 right 748
object 49 24 right 2670
object 50 24 left 4890
object 50 24 right 4891
object 51 24 left 4878
object 51 24 right 4879
object 52 24 left 4900
object 52 24 right 4901
object 53 24 left 4902
object 53 24 right 4903
object 54 24 left 4880
object 54 24 right 4881
object 55 24 left 4894
object 55 24 right 4895
object 57 24 left 4884
object 57 24 right 4885
object 58 24 left 747
object 58 24 right 748
object 59 24 left 4882
object 59 24 right 4883
object 60 24 left 4876
object 60 24 right 4877
object 61 24 left 4894
object 61 24 right 4895
object 62 24 left 4894
object 62 24 right 4895
object 63 24 left 4902
object 63 24 right 4903
object 64 24 left 4878
object 64 24 right 4879
object 67 24 left 4888
object 67 24 right 4889
object 69 24 left 4886
object 69 24 right 4887
object 70 24 left 4904
object 70 24 right 4905
object 71 24 left 745
object 71 24 right 746
object 72 24 left 4904
object 72 24 right 4905
object 73 24 left 745
object 73 24 right 746
object 74 24 left 4878
object 74 24 right 4879
object 76 24 left 4906
object 76 24 right 4907
object 78 24 left 747
object 78 24 right 748
object 80 24 left 745
object 80 24 right 746
object 85 24 left 747
object 85 24 right 748
object 92 24 left 4902
object 92 24 right 4903
object 93 24 left 4878
object 93 24 right 4879
object 94 24 left 4886
object 94 24 right 4887
object 95 24 left 4894
object 95 24 right 4895
object 97 24 left 745
object 97 24 right 746
object 99 24 left 745
object 99 24 right 746
object 1 25 left 4886
object 1 25 right 4887
object 2 25 left 4904
object 2 25 right 4905
object 3 25 left 745
object 3 25 right 746
object 4 25 left 4904
object 4 25 right 4905
object 6 25 left 4878
object 6 25 right 4879
object 8 25 left 4906
object 8 25 right 4907
object 10 25 left 747
object 10 25 right 748
object 11 25 left 747
object 11 25 right 748
object 13 25 left 745
object 13 25 right 746
object 22 25 left 745
object 22 25 right 746
object 24 25 left 745
object 24 25 right 746
object 26 25 left 745
object 26 25 right 746
object 28 25 left 4884
object 28 25 right 4885
object 30 25 left 745
object 30 25 right 746
object 31 25 left 4902
object 31 25 right 4903
object 32 25 left 4878
object 32 25 right 4879
object 33 25 left 4900
object 33 25 right 4901
object 35 25 left 745
object 35 25 right 746
object 36 25 left 4906
object 36 25 right 4907
object 37 25 left 4904
object 37 25 right 4905
object 38 25 left 745
object 38 25 right 746
object 39 25 left 4886
object 39 25 right 4887
object 40 25 left 4898
object 40 25 right 4899
object 41 25 left 4904
object 41 25 right 4905
object 42 25 left 745
object 42 25 right 746
object 43 25 left 4908
object 43 25 right 4909
object 44 25 left 4880
object 44 25 right 4881
object 45 25 left 4878
object 45 25 right 4879
object 46 25 left 745
object 46 25 right 746
object 48 25 left 747
object 49 25 right 2669
object 51 25 left 4880
object 51 25 right 4881
object 53 25 left 745
object 53 25 right 746
object 55 25 left 4898
object 55 25 right 4899
object 56 25 left 4898
object 56 25 right 4899
object 58 25 left 4878
object 58 25 right 4879
object 59 25 left 4876
object 59 25 right 4877
object 60 25 left 4890
object 60 25 right 4891
object 61 25 left 4882
object 61 25 right 4883
object 62 25 left 4900
object 62 25 right 4901
object 63 25 left 4878
object 63 25 right 4879
object 64 25 left 4878
object 64 25 right 4879
object 65 25 left 745
object 65 25 right 746
object 66 25 left 4890
object 66 25 right 4891
object 67 25 left 4878
object 67 25 right 4879
object 68 25 left 4900
object 68 25 right 4901
object 69 25 left 4902
object 69 25 right 4903
object 70 25 left 4880
object 70 25 right 4881
object 71 25 left 4894
object 71 25 right 4895
object 73 25 left 4884
object 73 25 right 4885
object 74 25 left 745
object 74 25 right 746
object 75 25 left 4882
object 75 25 right 4883
object 77 25 left 745
object 77 25 right 746
object 79 25 left 745
object 79 25 right 746
object 81 25 left 745
object 81 25 right 2664
object 83 25 right 748
object 84 25 left 745
object 84 25 right 746
object 89 25 left 745
object 89 25 right 746
object 91 25 right 3276
object 92 25 left 4906
object 92 25 right 4907
object 93 25 left 4878
object 93 25 right 4879
object 94 25 left 4902
object 94 25 right 4903
object 95 25 left 4888
object 95 25 right 4889
object 96 25 left 4898
object 96 25 right 4899
object 97 25 left 4886
object 97 25 right 4887
object 98 25 left 747
object 98 25 right 748
object 99 25 left 4892
object 99 25 right 4893
object 0 26 left 4900
object 0 26 right 4901
object 1 26 left 4902
object 1 26 right 4903
object 2 26 left 4880
object 2 26 right 4881
object 3 26 left 4894
object 3 26 right 4895
object 5 26 left 4884
object 5 26 right 4885
object 7 26 left 4882
object 7 26 right 4883
object 12 26 left 747
object 12 26 right 748
object 15 26 left 747
object 15 26 right 748
object 25 26 right 2670
object 29 26 left 745
object 29 26 right 746
object 30 26 left 4880
object 30 26 right 4881
object 32 26 left 4894
object 32 26 right 4895
object 35 26 left 745
object 35 26 right 746
object 37 26 left 4888
object 37 26 right 4889
object 39 26 left 4886
object 39 26 right 4887
object 40 26 left 4904
object 40 26 right 4905
object 41 26 left 747
object 41 26 right 748
object 42 26 left 4904
object 42 26 right 4905
object 44 26 left 4878
object 44 26 right 4879
object 46 26 left 4906
object 46 26 right 4907
object 47 26 left 2665
object 47 26 right 746
object 48 26 left 2666
object 49 26 left 2667
object 49 26 right 2668
object 50 26 left 747
object 50 26 right 748
object 51 26 left 4894
object 51 26 right 4895
object 52 26 left 4906
object 52 26 right 4907
object 53 26 left 4888
object 53 26 right 4889
object 54 26 left 747
object 54 26 right 748
object 55 26 left 4896
object 55 26 right 4897
object 56 26 left 4894
object 56 26 right 4895
object 57 26 left 745
object 57 26 right 3273
object 58 26 left 4878
object 58 26 right 4879
object 59 26 left 4878
object 59 26 right 4879
object 60 26 left 4884
object 60 26 right 4885
object 62 26 left 745
object 62 26 right 746
object 63 26 left 4894
object 63 26 right 4895
object 64 26 left 745
object 64 26 right 746
object 65 26 left 4898
object 65 26 right 4899
object 66 26 left 4898
object 66 26 right 4899
object 67 26 left 4880
object 67 26 right 4881
object 69 26 left 745
object 69 26 right 746
object 71 26 left 4898
object 71 26 right 4899
object 72 26 left 4898
object 72 26 right 4899
object 74 26 left 4878
object 74 26 right 4879
object 75 26 left 4876
object 75 26 right 4877
object 76 26 left 4890
object 76 26 right 4891
object 77 26 left 4882
object 77 26 right 4883
object 80 26 right 748
object 81 26 right 2663
object 83 26 left 745
object 83 26 right 746
object 85 26 left 745
object 85 26 right 746
object 91 26 left 3274
object 91 26 right 3275
object 92 26 left 747
object 92 26 right 748
object 93 26 left 4902
object 93 26 right 4903
object 94 26 left 4886
object 94 26 right 4887
object 95 26 left 4894
object 95 26 right 4895
object 96 26 left 4902
object 96 26 right 4903
object 97 26 left 4898
object 97 26 right 4899
object 98 26 left 4894
object 98 26 right 4895
object 99 26 left 4900
object 99 26 right 4901
object 1 27 left 745
object 1 27 right 746
object 3 27 left 4898
object 3 27 right 4899
object 4 27 left 4898
object 4 27 right 4899
object 6 27 left 4878
object 6 27 right 4879
object 7 27 left 4876
object 7 27 right 4877
object 8 27 left 4890
object 8 27 right 4891
object 9 27 left 4882
object 9 27 right 4883
object 11 27 left 747
object 11 27 right 748
object 14 27 left 745
object 14 27 right 746
object 20 27 left 745
object 20 27 right 746
object 22 27 left 745
object 22 27 right 746
object 25 27 left 745
object 25 27 right 2669
object 27 27 left 4876
object 27 27 right 4877
object 28 27 left 4894
object 28 27 right 4895
object 29 27 left 4894
object 29 27 right 4895
object 30 27 left 4902
object 30 27 right 4903
object 31 27 left 4878
object 31 27 right 4879
object 34 27 left 747
object 34 27 right 748
object 35 27 left 747
object 35 27 right 748
object 36 27 left 4890
object 36 27 right 4891
object 37 27 left 4878
object 37 27 right 4879
object 38 27 left 4900
object 38 27 right 4901
object 39 27 left 4902
object 39 27 right 4903
object 40 27 left 4880
object 40 27 right 4881
object 41 27 left 4894
object 41 27 right 4895
object 43 27 left 4884
object 43 27 right 4885
object 45 27 left 4882
object 45 27 right 4883
object 47 27 left 747
object 47 27 right 748
object 50 27 left 745
object 50 27 right 746
object 52 27 left 4882
object 52 27 right 4883
object 54 27 left 745
object 54 27 right 746
object 56 27 left 747
object 56 27 right 748
object 57 27 left 3271
object 57 27 right 3272
object 59 27 left 4906
object 59 27 right 4907
object 60 27 left 4880
object 60 27 right 4881
object 61 27 left 4902
object 61 27 right 4903
object 62 27 left 4886
object 62 27 right 4887
object 63 27 left 4888
object 63 27 right 4889
object 64 27 left 745
object 64 27 right 746
object 65 27 left 4896
object 65 27 right 4897
object 66 27 left 4894
object 66 27 right 4895
object 67 27 left 4894
object 67 27 right 4895
object 68 27 left 4906
object 68 27 right 4907
object 69 27 left 4888
object 69 27 right 4889
object 71 27 left 4896
object 71 27 right 4897
object 72 27 left 4894
object 72 27 right 4895
object 73 27 left 747
object 73 27 right 3273
object 74 27 left 4878
object 74 27 right 4879
object 75 27 left 4878
object 75 27 right 4879
object 76 27 left 4884
object 76 27 right 4885
object 77 27 left 745
object 77 27 right 746
object 79 27 left 2659
object 79 27 right 746
object 80 27 left 2660
object 81 27 left 2661
object 81 27 right 2662
object 82 27 left 4898
object 82 27 right 4899
object 84 27 left 745
object 84 27 right 746
object 90 27 left 4906
object 90 27 right 4907
object 91 27 left 4904
object 91 27 right 4905
object 93 27 left 4886
object 93 27 right 4887
object 94 27 left 4898
object 94 27 right 4899
object 95 27 left 4904
object 95 27 right 4905
object 97 27 left 4908
object 97 27 right 4909
object 98 27 left 4880
object 98 27 right 4881
object 99 27 left 4878
object 99 27 right 4879
object 0 28 left 4906
object 0 28 right 4907
object 1 28 left 4888
object 1 28 right 4889
object 2 28 left 745
object 2 28 right 746
object 3 28 left 4896
object 3 28 right 4897
object 4 28 left 4894
object 4 28 right 4895
object 5 28 left 745
object 5 28 right 3273
object 6 28 left 4878
object 6 28 right 4879
object 7 28 left 4878
object 7 28 right 4879
object 8 28 left 4884
object 8 28 right 4885
object 9 28 left 747
object 9 28 right 748
object 11 28 left 745
object 11 28 right 746
object 12 28 left 747
object 12 28 right 748
object 13 28 left 4898
object 13 28 right 4899
object 14 28 left 4898
object 14 28 right 4899
object 23 28 left 2665
object 23 28 right 746
object 24 28 left 2666
object 25 28 left 2667
object 25 28 right 2668
object 26 28 left 745
object 26 28 right 746
object 28 28 left 745
object 28 28 right 746
object 29 28 left 4900
object 29 28 right 4901
object 30 28 left 4878
object 30 28 right 4879
object 31 28 left 4878
object 31 28 right 4879
object 32 28 right 748
object 33 28 left 745
object 33 28 right 746
object 34 28 left 745
object 34 28 right 746
object 37 28 left 4880
object 37 28 right 4881
object 39 28 left 745
object 39 28 right 746
object 41 28 left 4898
object 41 28 right 4899
object 42 28 left 4898
object 42 28 right 4899
object 44 28 left 4878
object 44 28 right 4879
object 45 28 left 4876
object 45 28 right 4877
object 46 28 left 4890
object 46 28 right 4891
object 47 28 left 4882
object 47 28 right 4883
object 50 28 left 747
object 50 28 right 748
object 52 28 left 745
object 52 28 right 746
object 53 28 left 4878
object 53 28 right 3276
object 54 28 left 4880
object 54 28 right 4881
object 55 28 left 747
object 55 28 right 748
object 56 28 left 4908
object 56 28 right 4909
object 57 28 left 4906
object 57 28 right 4907
object 58 28 left 745
object 58 28 right 746
object 59 28 left 4900
object 59 28 right 4901
object 60 28 left 4880
object 60 28 right 4881
object 61 28 left 4906
object 61 28 right 4907
object 62 28 left 4882
object 62 28 right 4883
object 63 28 left 745
object 63 28 right 746
object 64 28 right 3273
object 65 28 left 745
object 65 28 right 746
object 66 28 left 745
object 66 28 right 746
object 67 28 left 745
object 67 28 right 746
object 68 28 left 4882
object 68 28 right 4883
object 70 28 left 745
object 70 28 right 746
object 71 28 left 745
object 71 28 right 746
object 73 28 left 3271
object 73 28 right 3272
object 75 28 left 4906
object 75 28 right 4907
object 76 28 left 4880
object 76 28 right 4881
object 77 28 left 4902
object 77 28 right 4903
object 78 28 left 4886
object 78 28 right 4887
object 79 28 left 4888
object 79 28 right 4889
object 80 28 left 745
object 80 28 right 746
object 81 28 left 4896
object 81 28 right 4897
object 82 28 left 4894
object 82 28 right 4895
object 83 28 left 745
object 83 28 right 746
object 89 28 left 747
object 89 28 right 748
object 91 28 left 4888
object 91 28 right 4889
object 93 28 left 4886
object 93 28 right 4887
object 94 28 left 4904
object 94 28 right 4905
object 96 28 left 4904
object 96 28 right 4905
object 98 28 left 4878
object 98 28 right 4879
object 0 29 left 4882
object 0 29 right 4883
object 2 29 left 745
object 2 29 right 746
object 5 29 left 3271
object 5 29 right 3272
object 7 29 left 4906
object 7 29 right 4907
object 8 29 left 4880
object 8 29 right 4881
object 9 29 left 4902
object 9 29 right 4903
object 10 29 left 4886
object 10 29 right 4887
object 11 29 left 4888
object 11 29 right 4889
object 12 29 left 745
object 12 29 right 746
object 13 29 left 4896
object 13 29 right 4897
object 14 29 left 4894
object 14 29 right 4895
object 16 29 left 747
object 16 29 right 748
object 20 29 left 745
object 20 29 right 746
object 25 29 left 4876
object 25 29 right 4877
object 26 29 left 4878
object 26 29 right 4879
object 27 29 left 4902
object 27 29 right 4903
object 29 29 left 747
object 29 29 right 748
object 30 29 left 4894
object 30 29 right 4895
object 32 29 left 745
object 32 29 right 746
object 34 29 left 745
object 34 29 right 746
object 37 29 left 4894
object 37 29 right 4895
object 38 29 left 4906
object 38 29 right 4907
object 39 29 left 4888
object 39 29 right 4889
object 41 29 left 4896
object 41 29 right 4897
object 42 29 left 4894
object 42 29 right 4895
object 43 29 left 747
object 43 29 right 3273
object 44 29 left 4878
object 44 29 right 4879
object 45 29 left 4878
object 45 29 right 4879
object 46 29 left 4884
object 46 29 right 4885
object 49 29 left 745
object 49 29 right 746
object 51 29 left 4884
object 51 29 right 4885
object 52 29 left 4908
object 52 29 right 4909
object 53 29 left 3274
object 53 29 right 3275
object 54 29 left 4878
object 54 29 right 4879
object 55 29 left 4876
object 55 29 right 4877
object 56 29 left 747
object 56 29 right 748
object 58 29 left 4908
object 58 29 right 4909
object 59 29 left 745
object 59 29 right 746
object 62 29 left 747
object 62 29 right 748
object 63 29 left 4878
object 63 29 right 4879
object 64 29 left 3271
object 64 29 right 3272
object 66 29 left 4908
object 66 29 right 4909
object 67 29 left 4906
object 67 29 right 4907
object 69 29 left 4878
object 69 29 right 3276
object 70 29 left 4880
object 70 29 right 4881
object 71 29 left 747
object 71 29 right 748
object 72 29 left 4908
object 72 29 right 4909
object 73 29 left 4906
object 73 29 right 4907
object 75 29 left 4900
object 75 29 right 4901
object 76 29 left 4880
object 76 29 right 4881
object 77 29 left 4906
object 77 29 right 4907
object 78 29 left 4882
object 78 29 right 4883
object 80 29 right 3273
object 82 29 left 747
object 82 29 right 748
object 90 29 left 4890
object 90 29 right 4891
object 91 29 left 4878
object 91 29 right 4879
object 92 29 left 4900
object 92 29 right 4901
object 93 29 left 4902
object 93 29 right 4903
object 94 29 left 4880
object 94 29 right 4881
object 95 29 left 4894
object 95 29 right 4895
object 96 29 left 745
object 96 29 right 746
object 97 29 left 4884
object 97 29 right 4885
object 99 29 left 4882
object 99 29 right 4883
object 1 30 left 4878
object 1 30 right 3276
object 2 30 left 4880
object 2 30 right 4881
object 3 30 left 745
object 3 30 right 746
object 4 30 left 4908
object 4 30 right 4909
object 5 30 left 4906
object 5 30 right 4907
object 6 30 left 745
object 6 30 right 746
object 7 30 left 4900
object 7 30 right 4901
object 8 30 left 4880
object 8 30 right 4881
object 9 30 left 4906
object 9 30 right 4907
object 10 30 left 4882
object 10 30 right 4883
object 11 30 left 745
object 11 30 right 746
object 12 30 right 3273
object 14 30 left 745
object 14 30 right 746
object 23 30 left 4902
object 23 30 right 4903
object 24 30 left 4878
object 24 30 right 4879
object 25 30 left 4886
object 25 30 right 4887
object 26 30 left 4894
object 26 30 right 4895
object 28 30 left 747
object 28 30 right 748
object 33 30 left 745
object 33 30 right 746
object 34 30 left 747
object 34 30 right 748
object 35 30 left 747
object 35 30 right 748
object 36 30 left 745
object 36 30 right 746
object 37 30 left 747
object 37 30 right 748
object 38 30 left 4882
object 38 30 right 4883
object 39 30 left 745
object 39 30 right 746
object 40 30 left 745
object 40 30 right 746
object 42 30 left 747
object 42 30 right 748
object 43 30 left 3271
object 43 30 right 3272
object 45 30 left 4906
object 45 30 right 4907
object 46 30 left 4880
object 46 30 right 4881
object 47 30 left 4902
object 47 30 right 4903
object 48 30 left 4886
object 48 30 right 4887
object 49 30 left 4888
object 49 30 right 4889
object 50 30 left 4904
object 50 30 right 4905
object 51 30 left 4884
object 51 30 right 4885
object 52 30 left 4894
object 52 30 right 4895
object 54 30 left 4906
object 54 30 right 4907
object 55 30 left 4904
object 55 30 right 4905
object 57 30 left 4886
object 57 30 right 4887
object 58 30 left 4898
object 58 30 right 4899
object 60 30 left 747
object 60 30 right 748
object 61 30 left 4884
object 61 30 right 4885
object 62 30 left 4908
object 62 30 right 4909
object 64 30 left 4878
object 64 30 right 4879
object 65 30 left 4876
object 65 30 right 4877
object 67 30 left 4884
object 67 30 right 4885
object 68 30 left 4908
object 68 30 right 4909
object 69 30 left 3274
object 69 30 right 3275
object 70 30 left 4878
object 70 30 right 4879
object 71 30 left 4876
object 71 30 right 4877
object 73 30 left 747
object 73 30 right 748
object 74 30 left 4908
object 74 30 right 4909
object 75 30 left 745
object 75 30 right 746
object 76 30 left 747
object 76 30 right 748
object 78 30 left 745
object 78 30 right 746
object 79 30 left 4878
object 79 30 right 4879
object 80 30 left 3271
object 80 30 right 3272
object 81 30 left 747
object 81 30 right 748
object 82 30 left 4908
object 82 30 right 4909
object 83 30 left 4906
object 83 30 right 4907
object 84 30 left 745
object 84 30 right 746
object 90 30 left 745
object 90 30 right 746
object 91 30 left 4880
object 91 30 right 4881
object 93 30 left 745
object 93 30 right 746
object 95 30 left 4898
object 95 30 right 4899
object 96 30 left 4898
object 96 30 right 4899
object 97 30 left 747
object 97 30 right 748
object 98 30 left 4878
object 98 30 right 4879
object 99 30 left 4876
object 99 30 right 4877
object 0 31 left 4908
object 0 31 right 4909
object 1 31 left 3274
object 1 31 right 3275
object 2 31 left 4878
object 2 31 right 4879
object 3 31 left 4876
object 3 31 right 4877
object 5 31 left 747
object 5 31 right 748
object 6 31 left 4908
object 6 31 right 4909
object 7 31 left 745
object 7 31 right 746
object 8 31 left 745
object 8 31 right 746
object 11 31 left 4878
object 11 31 right 4879
object 12 31 left 3271
object 12 31 right 3272
object 14 31 left 4908
object 14 31 right 4909
object 15 31 left 4906
object 15 31 right 4907
object 16 31 left 745
object 16 31 right 746
object 22 31 left 745
object 22 31 right 3276
object 23 31 left 4906
object 23 31 right 4907
object 24 31 left 4878
object 24 31 right 4879
object 25 31 left 4902
object 25 31 right 4903
object 26 31 left 4888
object 26 31 right 4889
object 27 31 left 4898
object 27 31 right 4899
object 28 31 left 4886
object 28 31 right 4887
object 29 31 left 747
object 29 31 right 748
object 30 31 left 4892
object 30 31 right 4893
object 32 31 left 745
object 32 31 right 746
object 33 31 left 745
object 33 31 right 746
object 36 31 left 745
object 36 31 right 746
object 38 31 left 745
object 38 31 right 746
object 39 31 left 4878
object 39 31 right 3276
object 40 31 left 4880
object 40 31 right 4881
object 42 31 left 4908
object 42 31 right 4909
object 43 31 left 4906
object 43 31 right 4907
object 45 31 left 4900
object 45 31 right 4901
object 46 31 left 4880
object 46 31 right 4881
object 47 31 left 4906
object 47 31 right 4907
object 48 31 left 4882
object 48 31 right 4883
object 50 31 left 745
object 50 31 right 3273
object 52 31 left 4898
object 52 31 right 4899
object 53 31 left 4900
object 53 31 right 4901
object 54 31 left 745
object 54 31 right 746
object 55 31 left 4888
object 55 31 right 4889
object 57 31 left 4886
object 57 31 right 4887
object 58 31 left 4904
object 58 31 right 4905
object 60 31 left 4904
object 60 31 right 4905
object 61 31 left 4884
object 61 31 right 4885
object 66 31 left 4904
object 66 31 right 4905
object 67 31 left 4884
object 67 31 right 4885
object 70 31 left 4906
object 70 31 right 4907
object 71 31 left 4904
object 71 31 right 4905
object 72 31 left 745
object 72 31 right 746
object 73 31 left 4886
object 73 31 right 4887
object 74 31 left 4898
object 74 31 right 4899
object 75 31 left 745
object 75 31 right 746
object 77 31 left 4884
object 77 31 right 4885
object 78 31 left 4908
object 78 31 right 4909
object 79 31 left 747
object 79 31 right 748
object 80 31 left 4878
object 80 31 right 4879
object 81 31 left 4876
object 81 31 right 4877
object 82 31 left 747
object 82 31 right 748
object 84 31 left 747
object 84 31 right 748
object 91 31 left 4894
object 91 31 right 4895
object 92 31 left 4906
object 92 31 right 4907
object 93 31 left 4888
object 93 31 right 4889
object 95 31 left 4896
object 95 31 right 4897
object 96 31 left 4894
object 96 31 right 4895
object 97 31 right 3273
object 98 31 left 4878
object 98 31 right 4879
object 99 31 left 4878
object 99 31 right 4879
object 1 32 left 745
object 1 32 right 746
object 2 32 left 4906
object 2 32 right 4907
object 3 32 left 4904
object 3 32 right 4905
object 5 32 left 4886
object 5 32 right 4887
object 6 32 left 4898
object 6 32 right 4899
object 7 32 left 745
object 7 32 right 746
object 9 32 left 4884
object 9 32 right 4885
object 10 32 left 4908
object 10 32 right 4909
object 12 32 left 4878
object 12 32 right 4879
object 13 32 left 4876
object 13 32 right 4877
object 20 32 left 747
object 20 32 right 748
object 22 32 left 3274
object 22 32 right 3275
object 24 32 left 4902
object 24 32 right 4903
object 25 32 left 4886
object 25 32 right 4887
object 26 32 left 4894
object 26 32 right 4895
object 27 32 left 4902
object 27 32 right 4903
object 28 32 left 4898
object 28 32 right 4899
object 29 32 left 4894
object 29 32 right 4895
object 30 32 left 4900
object 30 32 right 4901
object 31 32 left 747
object 31 32 right 748
object 34 32 left 747
object 34 32 right 748
object 37 32 left 4884
object 37 32 right 4885
object 38 32 left 4908
object 38 32 right 4909
object 39 32 left 3274
object 39 32 right 3275
object 40 32 left 4878
object 40 32 right 4879
object 41 32 left 4876
object 41 32 right 4877
object 42 32 left 745
object 42 32 right 746
object 44 32 left 4908
object 44 32 right 4909
object 45 32 left 745
object 45 32 right 746
object 46 32 left 745
object 46 32 right 746
object 47 32 left 747
object 47 32 right 748
object 49 32 left 4878
object 49 32 right 4879
object 50 32 left 3271
object 50 32 right 3272
object 52 32 left 4908
object 52 32 right 4909
object 53 32 left 4880
object 53 32 right 4881
object 54 32 left 4890
object 54 32 right 4891
object 55 32 left 4878
object 55 32 right 4879
object 56 32 left 4900
object 56 32 right 4901
object 57 32 left 4902
object 57 32 right 4903
object 59 32 left 745
object 59 32 right 746
object 60 32 left 745
object 60 32 right 746
object 62 32 left 4898
object 62 32 right 4899
object 63 32 left 4900
object 63 32 right 4901
object 65 32 left 4886
object 65 32 right 4887
object 66 32 left 745
object 66 32 right 746
object 67 32 left 3248
object 67 32 right 3249
object 68 32 left 4898
object 68 32 right 4899
object 69 32 left 4900
object 69 32 right 4901
object 70 32 left 745
object 70 32 right 746
object 71 32 left 4888
object 71 32 right 4889
object 72 32 left 747
object 72 32 right 748
object 73 32 left 4886
object 73 32 right 4887
object 74 32 left 4904
object 74 32 right 4905
object 76 32 left 4904
object 76 32 right 4905
object 77 32 left 4884
object 77 32 right 4885
object 78 32 left 745
object 78 32 right 746
object 79 32 left 747
object 79 32 right 748
object 81 32 left 745
object 81 32 right 746
object 83 32 left 4904
object 83 32 right 4905
object 90 32 left 745
object 90 32 right 746
object 91 32 left 745
object 91 32 right 746
object 92 32 left 4882
object 92 32 right 4883
object 94 32 left 745
object 94 32 right 746
object 96 32 left 745
object 96 32 right 746
object 97 32 left 3271
object 97 32 right 3272
object 98 32 left 745
object 98 32 right 746
object 99 32 left 4906
object 99 32 right 4907
object 0 33 left 4898
object 0 33 right 4899
object 1 33 left 4900
object 1 33 right 4901
object 3 33 left 4888
object 3 33 right 4889
object 5 33 left 4886
object 5 33 right 4887
object 6 33 left 4904
object 6 33 right 4905
object 8 33 left 4904
object 8 33 right 4905
object 9 33 left 4884
object 9 33 right 4885
object 14 33 left 745
object 14 33 right 746
object 15 33 left 4904
object 15 33 right 4905
object 21 33 left 4906
object 21 33 right 4907
object 22 33 left 4904
object 22 33 right 4905
object 24 33 left 4886
object 24 33 right 4887
object 25 33 left 4898
object 25 33 right 4899
object 26 33 left 4904
object 26 33 right 4905
object 27 33 left 745
object 27 33 right 746
object 28 33 left 4908
object 28 33 right 4909
object 29 33 left 4880
object 29 33 right 4881
object 30 33 left 4878
object 30 33 right 4879
object 31 33 left 745
object 31 33 right 746
object 33 33 left 745
object 33 33 right 746
object 34 33 left 745
object 34 33 right 746
object 35 33 right 2664
object 36 33 left 4904
object 36 33 right 4905
object 37 33 left 4884
object 37 33 right 4885
object 39 33 left 745
object 39 33 right 746
object 40 33 left 4906
object 40 33 right 4907
object 41 33 left 4904
object 41 33 right 4905
object 43 33 left 4886
object 43 33 right 4887
object 44 33 left 4898
object 44 33 right 4899
object 45 33 left 745
object 45 33 right 746
object 47 33 left 4884
object 47 33 right 4885
object 48 33 left 4908
object 48 33 right 4909
object 50 33 left 4878
object 50 33 right 4879
object 51 33 left 745
object 51 33 right 746
object 52 33 left 3248
object 52 33 right 3249
object 54 33 left 747
object 54 33 right 748
object 55 33 left 4880
object 55 33 right 4881
object 57 33 left 745
object 57 33 right 746
object 58 33 right 3276
object 62 33 left 745
object 62 33 right 746
object 63 33 left 4880
object 63 33 right 4881
object 64 33 left 4904
object 64 33 right 4905
object 65 33 left 4902
object 65 33 right 4903
object 66 33 left 4906
object 66 33 right 4907
object 69 33 left 4880
object 69 33 right 4881
object 70 33 left 4890
object 70 33 right 4891
object 71 33 left 4878
object 71 33 right 4879
object 72 33 left 4900
object 72 33 right 4901
object 73 33 left 4902
object 73 33 right 4903
object 74 33 left 747
object 74 33 right 748
object 75 33 left 745
object 75 33 right 746
object 76 33 left 745
object 76 33 right 746
object 78 33 left 4898
object 78 33 right 4899
object 79 33 left 4900
object 79 33 right 4901
object 80 33 left 745
object 80 33 right 746
object 81 33 left 4886
object 81 33 right 4887
object 82 33 left 745
object 82 33 right 746
object 83 33 left 3248
object 83 33 right 3249
object 84 33 left 745
object 84 33 right 746
object 90 33 left 745
object 90 33 right 746
object 92 33 left 745
object 92 33 right 746
object 93 33 left 4878
object 93 33 right 3276
object 94 33 left 4880
object 94 33 right 4881
object 96 33 left 4908
object 96 33 right 4909
object 97 33 left 4906
object 97 33 right 4907
object 99 33 left 4900
object 99 33 right 4901
object 1 34 left 4880
object 1 34 right 4881
object 2 34 left 4890
object 2 34 right 4891
object 3 34 left 4878
object 3 34 right 4879
object 4 34 left 4900
object 4 34 right 4901
object 5 34 left 4902
object 5 34 right 4903
object 6 34 left 747
object 6 34 right 748
object 7 34 left 745
object 7 34 right 746
object 8 34 left 745
object 8 34 right 746
object 10 34 left 4898
object 10 34 right 4899
object 11 34 left 4900
object 11 34 right 4901
object 13 34 left 4886
object 13 34 right 4887
object 14 34 left 745
object 14 34 right 746
object 15 34 left 3248
object 15 34 right 3249
object 21 34 left 745
object 21 34 right 746
object 22 34 left 4888
object 22 34 right 4889
object 24 34 left 4886
object 24 34 right 4887
object 25 34 left 4904
object 25 34 right 4905
object 26 34 left 745
object 26 34 right 746
object 27 34 left 4904
object 27 34 right 4905
object 28 34 left 747
object 28 34 right 748
object 29 34 left 4878
object 29 34 right 4879
object 31 34 left 4906
object 31 34 right 4907
object 33 34 left 747
object 33 34 right 748
object 35 34 right 2663
object 36 34 left 747
object 36 34 right 748
object 38 34 left 4898
object 38 34 right 4899
object 39 34 left 4900
object 39 34 right 4901
object 41 34 left 4888
object 41 34 right 4889
object 43 34 left 4886
object 43 34 right 4887
object 44 34 left 4904
object 44 34 right 4905
object 46 34 left 4904
object 46 34 right 4905
object 47 34 left 4884
object 47 34 right 4885
object 51 34 left 745
object 51 34 right 746
object 52 34 left 745
object 52 34 right 746
object 53 34 left 745
object 53 34 right 746
object 54 34 right 3276
object 55 34 left 4894
object 55 34 right 4895
object 56 34 left 4906
object 56 34 right 4907
object 57 34 left 745
object 57 34 right 746
object 58 34 left 3274
object 58 34 right 3275
object 59 34 left 745
object 59 34 right 746
object 61 34 left 745
object 61 34 right 746
object 64 34 left 747
object 64 34 right 748
object 67 34 left 745
object 67 34 right 746
object 68 34 left 3248
object 68 34 right 3249
object 71 34 left 4880
object 71 34 right 4881
object 72 34 left 745
object 72 34 right 746
object 74 34 right 3276
object 75 34 left 747
object 75 34 right 748
object 78 34 left 745
object 78 34 right 746
object 79 34 left 4880
object 79 34 right 4881
object 80 34 left 4904
object 80 34 right 4905
object 81 34 left 4902
object 81 34 right 4903
object 82 34 left 4906
object 82 34 right 4907
object 88 34 left 747
object 88 34 right 748
object 91 34 left 4884
object 91 34 right 4885
object 92 34 left 4908
object 92 34 right 4909
object 93 34 left 3274
object 93 34 right 3275
object 94 34 left 4878
object 94 34 right 4879
object 95 34 left 4876
object 95 34 right 4877
object 97 34 left 745
object 97 34 right 746
object 98 34 left 4908
object 98 34 right 4909
object 99 34 left 745
object 99 34 right 746
object 0 35 left 3248
object 0 35 right 3249
object 2 35 left 745
object 2 35 right 746
object 3 35 left 4880
object 3 35 right 4881
object 5 35 left 745
object 5 35 right 746
object 6 35 right 3276
object 7 35 left 745
object 7 35 right 746
object 9 35 left 745
object 9 35 right 746
object 10 35 left 745
object 10 35 right 746
object 11 35 left 4880
object 11 35 right 4881
object 12 35 left 4904
object 12 35 right 4905
object 13 35 left 4902
object 13 35 right 4903
object 14 35 left 4906
object 14 35 right 4907
object 21 35 left 4890
object 21 35 right 4891
object 22 35 left 4878
object 22 35 right 4879
object 23 35 left 4900
object 23 35 right 4901
object 24 35 left 4902
object 24 35 right 4903
object 25 35 left 4880
object 25 35 right 4881
object 26 35 left 4894
object 26 35 right 4895
object 27 35 left 745
object 27 35 right 746
object 28 35 left 4884
object 28 35 right 4885
object 30 35 left 4882
object 30 35 right 4883
object 33 35 left 2659
object 34 35 left 2660
object 35 35 left 2661
object 35 35 right 2662
object 38 35 left 745
object 38 35 right 746
object 39 35 left 4880
object 39 35 right 4881
object 40 35 left 4890
object 40 35 right 4891
object 41 35 left 4878
object 41 35 right 4879
object 42 35 left 4900
object 42 35 right 4901
object 43 35 left 4902
object 43 35 right 4903
object 44 35 left 745
object 44 35 right 746
object 45 35 left 745
object 45 35 right 746
object 46 35 left 745
object 46 35 right 746
object 48 35 left 4898
object 48 35 right 4899
object 49 35 left 4900
object 49 35 right 4901
object 51 35 left 4886
object 51 35 right 4887
object 52 35 left 745
object 52 35 right 746
object 53 35 left 745
object 53 35 right 746
object 54 35 left 3274
object 54 35 right 3275
object 55 35 left 4878
object 55 35 right 4879
object 56 35 left 4880
object 56 35 right 4881
object 57 35 left 4894
object 57 35 right 4895
object 58 35 left 745
object 58 35 right 746
object 59 35 left 4884
object 59 35 right 4885
object 61 35 left 4882
object 61 35 right 4883
object 66 35 left 747
object 66 35 right 748
object 68 35 left 745
object 68 35 right 746
object 69 35 left 745
object 69 35 right 746
object 70 35 right 3276
object 71 35 left 4894
object 71 35 right 4895
object 72 35 left 4906
object 72 35 right 4907
object 73 35 left 745
object 73 35 right 746
object 74 35 left 3274
object 74 35 right 3275
object 75 35 left 745
object 75 35 right 746
object 77 35 left 745
object 77 35 right 746
object 80 35 left 747
object 80 35 right 748
object 83 35 left 745
object 83 35 right 746
object 90 35 left 4904
object 90 35 right 4905
object 91 35 left 4884
object 91 35 right 4885
object 92 35 left 745
object 92 35 right 746
object 94 35 left 4906
object 94 35 right 4907
object 95 35 left 4904
object 95 35 right 4905
object 96 35 left 745
object 96 35 right 746
object 97 35 left 4886
object 97 35 right 4887
object 98 35 left 4898
object 98 35 right 4899
object 99 35 left 745
object 99 35 right 746
object 0 36 left 745
object 0 36 right 746
object 1 36 left 745
object 1 36 right 746
object 2 36 right 3276
object 3 36 left 4894
object 3 36 right 4895
object 4 36 left 4906
object 4 36 right 4907
object 5 36 left 745
object 5 36 right 746
object 6 36 left 3274
object 6 36 right 3275
object 7 36 left 745
object 7 36 right 746
object 8 36 left 747
object 8 36 right 748
object 11 36 left 745
object 11 36 right 746
object 13 36 left 745
object 13 36 right 746
object 22 36 left 4880
object 22 36 right 4881
object 24 36 left 745
object 24 36 right 746
object 25 36 left 745
object 25 36 right 746
object 26 36 left 4898
object 26 36 right 4899
object 27 36 left 4898
object 27 36 right 4899
object 29 36 left 4878
object 29 36 right 4879
object 30 36 left 4876
object 30 36 right 4877
object 31 36 left 4890
object 31 36 right 4891
object 32 36 left 4882
object 32 36 right 4883
object 33 36 left 745
object 33 36 right 746
object 37 36 left 745
object 37 36 right 746
object 38 36 left 3248
object 38 36 right 3249
object 39 36 left 745
object 39 36 right 746
object 41 36 left 4880
object 41 36 right 4881
object 43 36 left 745
object 43 36 right 746
object 44 36 right 3276
object 47 36 left 745
object 47 36 right 746
object 48 36 left 745
object 48 36 right 746
object 49 36 left 4880
object 49 36 right 4881
object 50 36 left 4904
object 50 36 right 4905
object 51 36 left 4902
object 51 36 right 4903
object 52 36 left 745
object 52 36 right 746
object 53 36 left 745
object 53 36 right 746
object 55 36 left 745
object 55 36 right 746
object 57 36 left 4898
object 57 36 right 4899
object 58 36 left 4898
object 58 36 right 4899
object 60 36 left 745
object 60 36 right 746
object 62 36 left 745
object 62 36 right 746
object 65 36 left 4876
object 65 36 right 4877
object 66 36 left 4878
object 66 36 right 4879
object 67 36 left 4902
object 67 36 right 4903
object 68 36 left 745
object 68 36 right 746
object 69 36 left 745
object 69 36 right 746
object 70 36 left 3274
object 70 36 right 3275
object 71 36 left 4878
object 71 36 right 4879
object 72 36 left 4880
object 72 36 right 4881
object 73 36 left 4894
object 73 36 right 4895
object 75 36 left 4884
object 75 36 right 4885
object 77 36 left 4882
object 77 36 right 4883
object 92 36 left 4898
object 92 36 right 4899
object 93 36 left 4900
object 93 36 right 4901
object 95 36 left 4888
object 95 36 right 4889
object 97 36 left 4886
object 97 36 right 4887
object 98 36 left 4904
object 98 36 right 4905
object 1 37 left 745
object 1 37 right 746
object 2 37 left 3274
object 2 37 right 3275
object 3 37 left 4878
object 3 37 right 4879
object 4 37 left 4880
object 4 37 right 4881
object 5 37 left 4894
object 5 37 right 4895
object 7 37 left 4884
object 7 37 right 4885
object 9 37 left 4882
object 9 37 right 4883
object 12 37 left 745
object 12 37 right 746
object 14 37 left 747
object 14 37 right 748
object 21 37 left 745
object 21 37 right 746
object 22 37 left 4894
object 22 37 right 4895
object 23 37 left 4906
object 23 37 right 4907
object 24 37 left 4888
object 24 37 right 4889
object 26 37 left 4896
object 26 37 right 4897
object 27 37 left 4894
object 27 37 right 4895
object 28 37 right 3273
object 29 37 left 4878
object 29 37 right 4879
object 30 37 left 4878
object 30 37 right 4879
object 31 37 left 4884
object 31 37 right 4885
object 34 37 left 745
object 34 37 right 746
object 35 37 left 747
object 35 37 right 748
object 36 37 left 4898
object 36 37 right 4899
object 37 37 left 4898
object 37 37 right 4899
object 38 37 left 745
object 38 37 right 746
object 39 37 left 745
object 39 37 right 746
object 40 37 right 3276
object 41 37 left 4894
object 41 37 right 4895
object 42 37 left 4906
object 42 37 right 4907
object 43 37 left 745
object 43 37 right 746
object 44 37 left 3274
object 44 37 right 3275
object 45 37 left 745
object 45 37 right 746
object 54 37 left 4886
object 54 37 right 4887
object 55 37 left 4888
object 55 37 right 4889
object 56 37 left 745
object 56 37 right 746
object 57 37 left 4896
object 57 37 right 4897
object 58 37 left 4894
object 58 37 right 4895
object 59 37 left 747
object 59 37 right 3273
object 63 37 left 4902
object 63 37 right 4903
object 64 37 left 4878
object 64 37 right 4879
object 65 37 left 4886
object 65 37 right 4887
object 66 37 left 4894
object 66 37 right 4895
object 68 37 left 745
object 68 37 right 746
object 71 37 left 745
object 71 37 right 746
object 73 37 left 4898
object 73 37 right 4899
object 74 37 left 4898
object 74 37 right 4899
object 76 37 left 745
object 76 37 right 746
object 78 37 left 4876
object 78 37 right 4877
object 79 37 left 747
object 79 37 right 748
object 88 37 left 745
object 88 37 right 746
object 90 37 left 745
object 90 37 right 746
object 93 37 left 4880
object 93 37 right 4881
object 94 37 left 4890
object 94 37 right 4891
object 95 37 left 4878
object 95 37 right 4879
object 96 37 left 4900
object 96 37 right 4901
object 97 37 left 4902
object 97 37 right 4903
object 99 37 left 745
object 99 37 right 746
object 0 38 left 745
object 0 38 right 746
object 1 38 left 745
object 1 38 right 746
object 4 38 left 747
object 4 38 right 748
object 5 38 left 4898
object 5 38 right 4899
object 6 38 left 4898
object 6 38 right 4899
object 8 38 left 745
object 8 38 right 746
object 9 38 left 747
object 9 38 right 748
object 11 38 left 745
object 11 38 right 746
object 20 38 left 745
object 20 38 right 746
object 21 38 left 745
object 21 38 right 746
object 22 38 left 745
object 22 38 right 746
object 23 38 left 4882
object 23 38 right 4883
object 25 38 left 745
object 25 38 right 746
object 26 38 left 745
object 26 38 right 746
object 28 38 left 3271
object 28 38 right 3272
object 29 38 left 747
object 29 38 right 748
object 30 38 left 4906
object 30 38 right 4907
object 31 38 left 4880
object 31 38 right 4881
object 32 38 left 4902
object 32 38 right 4903
object 33 38 left 4886
object 33 38 right 4887
object 34 38 left 4888
object 34 38 right 4889
object 35 38 left 745
object 35 38 right 746
object 36 38 left 4896
object 36 38 right 4897
object 37 38 left 4894
object 37 38 right 4895
object 39 38 left 745
object 39 38 right 746
object 40 38 left 3274
object 40 38 right 3275
object 41 38 left 4878
object 41 38 right 4879
object 42 38 left 4880
object 42 38 right 4881
object 43 38 left 4894
object 43 38 right 4895
object 45 38 left 4884
object 45 38 right 4885
object 46 38 left 745
object 46 38 right 746
object 47 38 left 4882
object 47 38 right 4883
object 48 38 left 745
object 48 38 right 746
object 49 38 left 745
object 49 38 right 746
object 51 38 left 745
object 51 38 right 746
object 54 38 left 4876
object 54 38 right 4877
object 55 38 left 4878
object 55 38 right 4879
object 56 38 left 4902
object 56 38 right 4903
object 58 38 left 745
object 58 38 right 746
object 59 38 left 3271
object 59 38 right 3272
object 61 38 left 4906
object 61 38 right 4907
object 62 38 right 3276
object 63 38 left 4906
object 63 38 right 4907
object 64 38 left 4878
object 64 38 right 4879
object 65 38 left 4902
object 65 38 right 4903
object 66 38 left 4888
object 66 38 right 4889
object 67 38 left 4898
object 67 38 right 4899
object 68 38 left 4886
object 68 38 right 4887
object 69 38 left 745
object 69 38 right 746
object 70 38 left 4892
object 70 38 right 4893
object 71 38 left 4888
object 71 38 right 4889
object 72 38 left 745
object 72 38 right 746
object 73 38 left 4896
object 73 38 right 4897
object 74 38 left 4894
object 74 38 right 4895
object 75 38 right 3273
object 77 38 left 745
object 77 38 right 746
object 91 38 left 745
object 91 38 right 746
object 92 38 left 3248
object 92 38 right 3249
object 94 38 left 745
object 94 38 right 746
object 95 38 left 4880
object 95 38 right 4881
object 96 38 left 745
object 96 38 right 746
object 98 38 left 745
object 98 38 right 3276
object 2 39 left 4886
object 2 39 right 4887
object 3 39 left 4888
object 3 39 right 4889
object 4 39 left 745
object 4 39 right 746
object 5 39 left 4896
object 5 39 right 4897
object 6 39 left 4894
object 6 39 right 4895
object 7 39 right 3273
object 10 39 left 747
object 10 39 right 748
object 13 39 left 747
object 13 39 right 748
object 24 39 left 4878
object 24 39 right 3276
object 25 39 left 4880
object 25 39 right 4881
object 27 39 left 4908
object 27 39 right 4909
object 28 39 left 4906
object 28 39 right 4907
object 30 39 left 4900
object 30 39 right 4901
object 31 39 left 4880
object 31 39 right 4881
object 32 39 left 4906
object 32 39 right 4907
object 33 39 left 4882
object 33 39 right 4883
object 35 39 right 3273
object 38 39 left 745
object 38 39 right 746
object 43 39 left 4898
object 43 39 right 4899
object 44 39 left 4898
object 44 39 right 4899
object 45 39 left 747
object 45 39 right 748
object 46 39 left 745
object 46 39 right 746
object 50 39 left 745
object 50 39 right 746
object 52 39 left 4902
object 52 39 right 4903
object 53 39 left 4878
object 53 39 right 4879
object 54 39 left 4886
object 54 39 right 4887
object 55 39 left 4894
object 55 39 right 4895
object 56 39 left 4880
object 56 39 right 4881
object 57 39 left 745
object 57 39 right 746
object 58 39 left 4908
object 58 39 right 4909
object 59 39 left 4906
object 59 39 right 4907
object 61 39 left 4900
object 61 39 right 4901
object 62 39 left 3274
object 62 39 right 3275
object 64 39 left 4902
object 64 39 right 4903
object 65 39 left 4886
object 65 39 right 4887
object 66 39 left 4894
object 66 39 right 4895
object 67 39 left 4902
object 67 39 right 4903
object 68 39 left 4898
object 68 39 right 4899
object 69 39 left 4894
object 69 39 right 4895
object 70 39 left 4900
object 70 39 right 4901
object 73 39 left 745
object 73 39 right 746
object 75 39 left 3271
object 75 39 right 3272
object 77 39 left 4906
object 77 39 right 4907
object 78 39 left 745
object 78 39 right 746
object 79 39 left 745
object 79 39 right 746
object 88 39 left 745
object 88 39 right 746
object 90 39 left 4900
object 90 39 right 4901
object 92 39 left 745
object 92 39 right 746
object 93 39 left 745
object 93 39 right 746
object 94 39 right 3276
object 95 39 left 4894
object 95 39 right 4895
object 96 39 left 4906
object 96 39 right 4907
object 97 39 left 745
object 97 39 right 746
object 98 39 left 3274
object 98 39 right 3275
object 99 39 left 745
object 99 39 right 746
object 1 40 left 747
object 1 40 right 748
object 2 40 left 4882
object 2 40 right 4883
object 4 40 left 747
object 4 40 right 748
object 6 40 left 745
object 6 40 right 746
object 7 40 left 3271
object 7 40 right 3272
object 9 40 left 4906
object 9 40 right 4907
object 12 40 left 745
object 12 40 right 746
object 20 40 left 745
object 20 40 right 746
object 22 40 left 4884
object 22 40 right 4885
object 23 40 left 4908
object 23 40 right 4909
object 24 40 left 3274
object 24 40 right 3275
object 25 40 left 4878
object 25 40 right 4879
object 26 40 left 4876
object 26 40 right 4877
object 29 40 left 4908
object 29 40 right 4909
object 30 40 left 745
object 30 40 right 746
object 31 40 left 745
object 31 40 right 746
object 34 40 left 4878
object 34 40 right 4879
object 35 40 left 3271
object 35 40 right 3272
object 37 40 left 4908
object 37 40 right 4909
object 38 40 left 4906
object 38 40 right 4907
object 40 40 left 4886
object 40 40 right 4887
object 41 40 left 4888
object 41 40 right 4889
object 42 40 left 745
object 42 40 right 746
object 43 40 left 4896
object 43 40 right 4897
object 44 40 left 4894
object 44 40 right 4895
object 45 40 right 3273
object 49 40 left 747
object 49 40 right 748
object 51 40 right 3276
object 52 40 left 4906
object 52 40 right 4907
object 53 40 left 4878
object 53 40 right 4879
object 54 40 left 4902
object 54 40 right 4903
object 55 40 left 4888
object 55 40 right 4889
object 56 40 left 4898
object 56 40 right 4899
object 57 40 left 4886
object 57 40 right 4887
object 58 40 left 747
object 58 40 right 748
object 59 40 left 4892
object 59 40 right 4893
object 60 40 left 4908
object 60 40 right 4909
object 61 40 left 4906
object 61 40 right 4907
object 62 40 left 4904
object 62 40 right 4905
object 63 40 left 745
object 63 40 right 746
object 64 40 left 4886
object 64 40 right 4887
object 65 40 left 4898
object 65 40 right 4899
object 66 40 left 4904
object 66 40 right 4905
object 68 40 left 4908
object 68 40 right 4909
object 69 40 left 4880
object 69 40 right 4881
object 70 40 left 4878
object 70 40 right 4879
object 71 40 left 745
object 71 40 right 746
object 72 40 left 4880
object 72 40 right 4881
object 73 40 left 747
object 73 40 right 748
object 74 40 left 4908
object 74 40 right 4909
object 75 40 left 4906
object 75 40 right 4907
object 76 40 left 745
object 76 40 right 746
object 77 40 left 4900
object 77 40 right 4901
object 89 40 left 745
object 89 40 right 746
object 90 40 left 3248
object 90 40 right 3249
object 91 40 left 4908
object 91 40 right 4909
object 93 40 left 4876
object 93 40 right 4877
object 94 40 left 3274
object 94 40 right 3275
object 95 40 left 4878
object 95 40 right 4879
object 96 40 left 4880
object 96 40 right 4881
object 97 40 left 4894
object 97 40 right 4895
object 99 40 left 4884
object 99 40 right 4885
object 0 41 left 745
object 0 41 right 746
object 3 41 left 4878
object 3 41 right 4879
object 4 41 left 4880
object 4 41 right 4881
object 5 41 left 745
object 5 41 right 746
object 6 41 left 4908
object 6 41 right 4909
object 7 41 left 4906
object 7 41 right 4907
object 9 41 left 4900
object 9 41 right 4901
object 10 41 left 747
object 10 41 right 748
object 12 41 left 747
object 12 41 right 748
object 21 41 left 4904
object 21 41 right 4905
object 22 41 left 4884
object 22 41 right 4885
object 25 41 left 4906
object 25 41 right 4907
object 26 41 left 4904
object 26 41 right 4905
object 28 41 left 4886
object 28 41 right 4887
object 29 41 left 4898
object 29 41 right 4899
object 32 41 left 4884
object 32 41 right 4885
object 33 41 left 4908
object 33 41 right 4909
object 35 41 left 4878
object 35 41 right 4879
object 36 41 left 4876
object 36 41 right 4877
object 38 41 left 745
object 38 41 right 746
object 40 41 left 4882
object 40 41 right 4883
object 41 41 left 745
object 41 41 right 746
object 43 41 left 745
object 43 41 right 746
object 45 41 left 3271
object 45 41 right 3272
object 47 41 left 4906
object 47 41 right 4907
object 48 41 left 745
object 48 41 right 746
object 51 41 left 3274
object 51 41 right 3275
object 52 41 left 747
object 52 41 right 748
object 53 41 left 4902
object 53 41 right 4903
object 54 41 left 4886
object 54 41 right 4887
object 55 41 left 4894
object 55 41 right 4895
object 56 41 left 4902
object 56 41 right 4903
object 57 41 left 4898
object 57 41 right 4899
object 58 41 left 4894
object 58 41 right 4895
object 59 41 left 4900
object 59 41 right 4901
object 62 41 left 4888
object 62 41 right 4889
object 64 41 left 4886
object 64 41 right 4887
object 65 41 left 4904
object 65 41 right 4905
object 67 41 left 4904
object 67 41 right 4905
object 69 41 left 4878
object 69 41 right 4879
object 70 41 left 4908
object 70 41 right 4909
object 71 41 left 4906
object 71 41 right 4907
object 72 41 left 4878
object 72 41 right 4879
object 73 41 left 4876
object 73 41 right 4877
object 76 41 left 4908
object 76 41 right 4909
object 78 41 left 745
object 78 41 right 746
object 83 41 left 747
object 83 41 right 748
object 85 41 left 745
object 85 41 right 746
object 89 41 left 4884
object 89 41 right 4885
object 90 41 left 4886
object 90 41 right 4887
object 91 41 left 745
object 91 41 right 746
object 92 41 left 4898
object 92 41 right 4899
object 93 41 left 747
object 93 41 right 748
object 97 41 left 4898
object 97 41 right 4899
object 98 41 left 4898
object 98 41 right 4899
object 2 42 left 4908
object 2 42 right 4909
object 4 42 left 4878
object 4 42 right 4879
object 5 42 left 4876
object 5 42 right 4877
object 6 42 left 745
object 6 42 right 746
object 8 42 left 4908
object 8 42 right 4909
object 9 42 left 745
object 9 42 right 746
object 18 42 left 745
object 18 42 right 746
object 20 42 left 745
object 20 42 right 746
object 23 42 left 4898
object 23 42 right 4899
object 24 42 left 4900
object 24 42 right 4901
object 25 42 left 747
object 25 42 right 748
object 26 42 left 4888
object 26 42 right 4889
object 27 42 left 745
object 27 42 right 746
object 28 42 left 4886
object 28 42 right 4887
object 29 42 left 4904
object 29 42 right 4905
object 31 42 left 4904
object 31 42 right 4905
object 32 42 left 4884
object 32 42 right 4885
object 35 42 left 745
object 35 42 right 746
object 38 42 left 4904
object 38 42 right 4905
object 40 42 left 747
object 40 42 right 748
object 41 42 left 4878
object 41 42 right 4879
object 42 42 left 4880
object 42 42 right 4881
object 44 42 left 4908
object 44 42 right 4909
object 45 42 left 4906
object 45 42 right 4907
object 47 42 left 4900
object 47 42 right 4901
object 49 42 left 745
object 49 42 right 746
object 50 42 left 4906
object 50 42 right 4907
object 51 42 left 4904
object 51 42 right 4905
object 53 42 left 4886
object 53 42 right 4887
object 54 42 left 4898
object 54 42 right 4899
object 55 42 left 4904
object 55 42 right 4905
object 57 42 left 4908
object 57 42 right 4909
object 58 42 left 4880
object 58 42 right 4881
object 59 42 left 4878
object 59 42 right 4879
object 60 42 left 745
object 60 42 right 746
object 61 42 left 4890
object 61 42 right 4891
object 62 42 left 4878
object 62 42 right 4879
object 63 42 left 4900
object 63 42 right 4901
object 64 42 left 4902
object 64 42 right 4903
object 65 42 left 4880
object 65 42 right 4881
object 66 42 left 4894
object 66 42 right 4895
object 68 42 left 4884
object 68 42 right 4885
object 70 42 left 4882
object 70 42 right 4883
object 75 42 left 4904
object 75 42 right 4905
object 80 42 left 745
object 80 42 right 746
object 84 42 left 747
object 84 42 right 748
object 87 42 left 747
object 87 42 right 748
object 88 42 left 747
object 88 42 right 748
object 89 42 left 4884
object 89 42 right 4885
object 91 42 left 745
object 91 42 right 746
object 92 42 left 4902
object 92 42 right 4903
object 93 42 left 4878
object 93 42 right 4879
object 94 42 left 4900
object 94 42 right 4901
object 95 42 left 4888
object 95 42 right 4889
object 96 42 left 745
object 96 42 right 746
object 97 42 left 4896
object 97 42 right 4897
object 98 42 left 4894
object 98 42 right 4895
object 99 42 left 747
object 99 42 right 3273
object 1 43 left 745
object 1 43 right 746
object 4 43 left 745
object 4 43 right 746
object 6 43 left 745
object 6 43 right 746
object 7 43 left 4904
object 7 43 right 4905
object 8 43 left 745
object 8 43 right 746
object 12 43 left 745
object 12 43 right 746
object 21 43 left 4900
object 21 43 right 4901
object 24 43 left 4880
object 24 43 right 4881
object 25 43 left 4890
object 25 43 right 4891
object 26 43 left 4878
object 26 43 right 4879
object 27 43 left 4900
object 27 43 right 4901
object 28 43 left 4902
object 28 43 right 4903
object 30 43 left 745
object 30 43 right 746
object 31 43 left 745
object 31 43 right 746
object 33 43 left 4898
object 33 43 right 4899
object 34 43 left 4900
object 34 43 right 4901
object 36 43 left 4886
object 36 43 right 4887
object 37 43 left 745
object 37 43 right 746
object 38 43 left 3248
object 38 43 right 3249
object 40 43 left 4908
object 40 43 right 4909
object 41 43 left 745
object 41 43 right 746
object 42 43 left 4878
object 42 43 right 4879
object 43 43 left 4876
object 43 43 right 4877
object 46 43 left 4908
object 46 43 right 4909
object 48 43 left 745
object 48 43 right 746
object 49 43 left 747
object 49 43 right 748
object 50 43 left 747
object 50 43 right 748
object 51 43 left 4888
object 51 43 right 4889
object 53 43 left 4886
object 53 43 right 4887
object 54 43 left 4904
object 54 43 right 4905
object 56 43 left 4904
object 56 43 right 4905
object 58 43 left 4878
object 58 43 right 4879
object 60 43 left 4906
object 60 43 right 4907
object 62 43 left 4880
object 62 43 right 4881
object 63 43 left 747
object 63 43 right 748
object 64 43 left 745
object 64 43 right 746
object 65 43 left 745
object 65 43 right 746
object 66 43 left 4898
object 66 43 right 4899
object 67 43 left 4898
object 67 43 right 4899
object 69 43 left 4878
object 69 43 right 4879
object 70 43 left 4876
object 70 43 right 4877
object 71 43 left 4890
object 71 43 right 4891
object 72 43 left 4882
object 72 43 right 4883
object 74 43 left 745
object 74 43 right 746
object 79 43 left 747
object 79 43 right 748
object 83 43 left 747
object 83 43 right 748
object 86 43 left 745
object 86 43 right 746
object 90 43 left 745
object 90 43 right 746
object 91 43 left 4880
object 91 43 right 4881
object 93 43 left 4894
object 93 43 right 4895
object 94 43 left 4882
object 94 43 right 4883
object 95 43 left 745
object 95 43 right 746
object 98 43 left 747
object 98 43 right 748
object 99 43 left 3271
object 99 43 right 3272
object 0 44 left 745
object 0 44 right 746
object 3 44 left 747
object 3 44 right 748
object 10 44 left 747
object 10 44 right 748
object 18 44 left 745
object 18 44 right 746
object 20 44 left 745
object 20 44 right 746
object 21 44 left 3248
object 21 44 right 3249
object 22 44 left 4908
object 22 44 right 4909
object 23 44 left 3248
object 23 44 right 3249
object 24 44 left 4876
object 24 44 right 4877
object 26 44 left 4880
object 26 44 right 4881
object 27 44 left 747
object 27 44 right 748
object 29 44 right 3276
object 30 44 left 745
object 30 44 right 746
object 32 44 left 745
object 32 44 right 746
object 33 44 left 745
object 33 44 right 746
object 34 44 left 4880
object 34 44 right 4881
object 35 44 left 4904
object 35 44 right 4905
object 36 44 left 4902
object 36 44 right 4903
object 37 44 left 4906
object 37 44 right 4907
object 39 44 left 4876
object 39 44 right 4877
object 40 44 left 4878
object 40 44 right 4879
object 41 44 left 4902
object 41 44 right 4903
object 44 44 left 747
object 44 44 right 748
object 45 44 left 4904
object 45 44 right 4905
object 47 44 left 745
object 47 44 right 746
object 50 44 left 4890
object 50 44 right 4891
object 51 44 left 4878
object 51 44 right 4879
object 52 44 left 4900
object 52 44 right 4901
object 53 44 left 4902
object 53 44 right 4903
object 54 44 left 4880
object 54 44 right 4881
object 55 44 left 4894
object 55 44 right 4895
object 56 44 left 745
object 56 44 right 746
object 57 44 left 4884
object 57 44 right 4885
object 59 44 left 4882
object 59 44 right 4883
object 62 44 left 4894
object 62 44 right 4895
object 63 44 left 4906
object 63 44 right 4907
object 64 44 left 4888
object 64 44 right 4889
object 66 44 left 4896
object 66 44 right 4897
object 67 44 left 4894
object 67 44 right 4895
object 68 44 left 745
object 68 44 right 3273
object 69 44 left 4878
object 69 44 right 4879
object 70 44 left 4878
object 70 44 right 4879
object 71 44 left 4884
object 71 44 right 4885
object 73 44 left 745
object 73 44 right 746
object 74 44 left 745
object 74 44 right 746
object 75 44 left 745
object 75 44 right 746
object 76 44 left 4898
object 76 44 right 4899
object 77 44 left 4898
object 77 44 right 4899
object 78 44 left 745
object 78 44 right 746
object 84 44 left 747
object 84 44 right 748
object 86 44 left 747
object 86 44 right 748
object 88 44 left 4876
object 88 44 right 4877
object 89 44 left 4894
object 89 44 right 4895
object 90 44 left 4894
object 90 44 right 4895
object 91 44 left 4902
object 91 44 right 4903
object 92 44 left 4878
object 92 44 right 4879
object 94 44 left 745
object 94 44 right 746
object 95 44 left 4878
object 95 44 right 4879
object 96 44 left 4880
object 96 44 right 4881
object 98 44 left 4908
object 98 44 right 4909
object 99 44 left 4906
object 99 44 right 4907
object 2 45 left 4876
object 2 45 right 4877
object 3 45 left 4878
object 3 45 right 4879
object 4 45 left 4902
object 4 45 right 4903
object 5 45 left 745
object 5 45 right 746
object 8 45 left 745
object 8 45 right 746
object 11 45 left 745
object 11 45 right 746
object 12 45 left 745
object 12 45 right 746
object 20 45 left 4884
object 20 45 right 4885
object 21 45 left 4886
object 21 45 right 4887
object 22 45 left 745
object 22 45 right 746
object 23 45 left 4898
object 23 45 right 4899
object 24 45 left 745
object 24 45 right 746
object 26 45 left 4894
object 26 45 right 4895
object 27 45 left 4906
object 27 45 right 4907
object 28 45 left 745
object 28 45 right 746
object 29 45 left 3274
object 29 45 right 3275
object 30 45 left 745
object 30 45 right 746
object 31 45 left 745
object 31 45 right 746
object 33 45 left 747
object 33 45 right 748
object 35 45 left 747
object 35 45 right 748
object 37 45 left 4902
object 37 45 right 4903
object 38 45 left 4878
object 38 45 right 4879
object 39 45 left 4886
object 39 45 right 4887
object 40 45 left 4894
object 40 45 right 4895
object 46 45 left 747
object 46 45 right 748
object 49 45 left 747
object 49 45 right 748
object 50 45 left 745
object 50 45 right 746
object 51 45 left 4880
object 51 45 right 4881
object 52 45 left 4876
object 52 45 right 4877
object 53 45 left 745
object 53 45 right 746
object 55 45 left 4898
object 55 45 right 4899
object 56 45 left 4898
object 56 45 right 4899
object 57 45 left 747
object 57 45 right 748
object 58 45 left 4878
object 58 45 right 4879
object 59 45 left 4876
object 59 45 right 4877
object 60 45 left 4890
object 60 45 right 4891
object 61 45 left 745
object 61 45 right 746
object 62 45 left 747
object 62 45 right 748
object 63 45 left 4882
object 63 45 right 4883
object 65 45 left 745
object 65 45 right 746
object 68 45 left 3271
object 68 45 right 3272
object 70 45 left 4906
object 70 45 right 4907
object 71 45 left 4880
object 71 45 right 4881
object 72 45 left 4902
object 72 45 right 4903
object 73 45 left 4886
object 73 45 right 4887
object 74 45 left 4888
object 74 45 right 4889
object 75 45 left 745
object 75 45 right 746
object 76 45 left 4896
object 76 45 right 4897
object 77 45 left 4894
object 77 45 right 4895
object 79 45 left 745
object 79 45 right 746
object 83 45 left 745
object 83 45 right 746
object 88 45 left 747
object 88 45 right 2664
object 90 45 left 4900
object 90 45 right 4901
object 91 45 left 4878
object 91 45 right 4879
object 92 45 left 4878
object 92 45 right 4879
object 94 45 left 4908
object 94 45 right 4909
object 95 45 left 745
object 95 45 right 746
object 96 45 left 4878
object 96 45 right 4879
object 97 45 left 4876
object 97 45 right 4877
object 98 45 left 745
object 98 45 right 746
object 0 46 left 4902
object 0 46 right 4903
object 1 46 left 4878
object 1 46 right 4879
object 2 46 left 4886
object 2 46 right 4887
object 3 46 left 4894
object 3 46 right 4895
object 7 46 left 747
object 7 46 right 748
object 9 46 left 745
object 9 46 right 2664
object 20 46 left 4884
object 20 46 right 4885
object 22 46 left 745
object 22 46 right 746
object 23 46 left 4902
object 23 46 right 4903
object 24 46 left 4878
object 24 46 right 4879
object 25 46 left 4900
object 25 46 right 4901
object 26 46 left 4878
object 26 46 right 4879
object 27 46 left 4880
object 27 46 right 4881
object 28 46 left 4894
object 28 46 right 4895
object 30 46 left 4884
object 30 46 right 4885
object 32 46 left 4882
object 32 46 right 4883
object 36 46 right 3276
object 37 46 left 4906
object 37 46 right 4907
object 38 46 left 4878
object 38 46 right 4879
object 39 46 left 4902
object 39 46 right 4903
object 40 46 left 4888
object 40 46 right 4889
object 41 46 left 4898
object 41 46 right 4899
object 42 46 left 4886
object 42 46 right 4887
object 44 46 left 4892
object 44 46 right 4893
object 45 46 left 747
object 45 46 right 748
object 48 46 left 745
object 48 46 right 746
object 51 46 left 4894
object 51 46 right 4895
object 52 46 left 4906
object 52 46 right 4907
object 53 46 left 4888
object 53 46 right 4889
object 55 46 left 4896
object 55 46 right 4897
object 56 46 left 4894
object 56 46 right 4895
object 57 46 right 3273
object 58 46 left 4878
object 58 46 right 4879
object 59 46 left 4878
object 59 46 right 4879
object 60 46 left 4884
object 60 46 right 4885
object 63 46 left 745
object 63 46 right 746
object 64 46 left 4878
object 64 46 right 3276
object 65 46 left 4880
object 65 46 right 4881
object 66 46 left 4898
object 66 46 right 4899
object 67 46 left 4908
object 67 46 right 4909
object 68 46 left 4906
object 68 46 right 4907
object 70 46 left 4900
object 70 46 right 4901
object 71 46 left 4880
object 71 46 right 4881
object 72 46 left 4906
object 72 46 right 4907
object 73 46 left 4882
object 73 46 right 4883
object 75 46 right 3273
object 78 46 left 745
object 78 46 right 746
object 80 46 left 747
object 80 46 right 748
object 86 46 left 745
object 86 46 right 746
object 88 46 right 2663
object 90 46 left 745
object 90 46 right 746
object 91 46 left 4894
object 91 46 right 4895
object 93 46 left 745
object 93 46 right 746
object 95 46 left 745
object 95 46 right 746
object 97 46 left 745
object 97 46 right 746
object 99 46 left 4904
object 99 46 right 4905
object 0 47 left 4906
object 0 47 right 4907
object 1 47 left 4878
object 1 47 right 4879
object 2 47 left 4902
object 2 47 right 4903
object 3 47 left 4888
object 3 47 right 4889
object 4 47 left 4898
object 4 47 right 4899
object 5 47 left 4886
object 5 47 right 4887
object 6 47 left 745
object 6 47 right 746
object 7 47 left 4892
object 7 47 right 4893
object 8 47 right 746
object 9 47 right 2663
object 11 47 left 745
object 11 47 right 746
object 18 47 left 747
object 18 47 right 748
object 21 47 left 745
object 21 47 right 746
object 22 47 left 4880
object 22 47 right 4881
object 23 47 left 745
object 23 47 right 746
object 24 47 left 4894
object 24 47 right 4895
object 28 47 left 4898
object 28 47 right 4899
object 29 47 left 4898
object 29 47 right 4899
object 31 47 left 745
object 31 47 right 746
object 32 47 left 747
object 32 47 right 748
object 36 47 left 3274
object 36 47 right 3275
object 38 47 left 4902
object 38 47 right 4903
object 39 47 left 4886
object 39 47 right 4887
object 40 47 left 4894
object 40 47 right 4895
object 41 47 left 4902
object 41 47 right 4903
object 42 47 left 4898
object 42 47 right 4899
object 43 47 left 4894
object 43 47 right 4895
object 44 47 left 4900
object 44 47 right 4901
object 46 47 left 747
object 46 47 right 748
object 48 47 left 747
object 48 47 right 748
object 50 47 left 745
object 50 47 right 746
object 51 47 left 745
object 51 47 right 746
object 52 47 left 4882
object 52 47 right 4883
object 54 47 left 745
object 54 47 right 746
object 56 47 left 745
object 56 47 right 746
object 57 47 left 3271
object 57 47 right 3272
object 58 47 left 745
object 58 47 right 746
object 59 47 left 4906
object 59 47 right 4907
object 60 47 left 4880
object 60 47 right 4881
object 61 47 left 4902
object 61 47 right 4903
object 62 47 left 4884
object 62 47 right 4885
object 63 47 left 4908
object 63 47 right 4909
object 64 47 left 3274
object 64 47 right 3275
object 65 47 left 4878
object 65 47 right 4879
object 66 47 left 4876
object 66 47 right 4877
object 67 47 left 745
object 67 47 right 746
object 69 47 left 4908
object 69 47 right 4909
object 70 47 left 745
object 70 47 right 746
object 74 47 left 4878
object 74 47 right 4879
object 75 47 left 3271
object 75 47 right 3272
object 77 47 left 4908
object 77 47 right 4909
object 78 47 left 4906
object 78 47 right 4907
object 84 47 left 747
object 84 47 right 748
object 86 47 left 2659
object 87 47 left 2660
object 87 47 right 746
object 88 47 left 2661
object 88 47 right 2662
object 89 47 left 745
object 89 47 right 746
object 92 47 left 747
object 92 47 right 748
object 99 47 left 747
object 99 47 right 748
object 1 48 left 4902
object 1 48 right 4903
object 2 48 left 4886
object 2 48 right 4887
object 3 48 left 4894
object 3 48 right 4895
object 4 48 left 4902
object 4 48 right 4903
object 5 48 left 4898
object 5 48 right 4899
object 6 48 left 4894
object 6 48 right 4895
object 7 48 left 2659
object 8 48 left 2660
object 9 48 left 2661
object 9 48 right 2662
object 10 48 left 747
object 10 48 right 748
object 15 48 left 745
object 15 48 right 746
object 19 48 left 4876
object 19 48 right 4877
object 20 48 left 4894
object 20 48 right 4895
object 21 48 left 4894
object 21 48 right 4895
object 22 48 left 4902
object 22 48 right 4903
object 23 48 left 4878
object 23 48 right 4879
object 25 48 left 4886
object 25 48 right 4887
object 26 48 left 4888
object 26 48 right 4889
object 27 48 left 745
object 27 48 right 746
object 28 48 left 4896
object 28 48 right 4897
object 29 48 left 4894
object 29 48 right 4895
object 30 48 right 3273
object 31 48 left 745
object 31 48 right 746
object 35 48 left 4906
object 35 48 right 4907
object 36 48 left 4904
object 36 48 right 4905
object 38 48 left 4886
object 38 48 right 4887
object 39 48 left 4898
object 39 48 right 4899
object 40 48 left 4904
object 40 48 right 4905
object 42 48 left 4908
object 42 48 right 4909
object 43 48 left 4880
object 43 48 right 4881
object 44 48 left 4878
object 44 48 right 4879
object 45 48 left 745
object 45 48 right 746
object 49 48 right 2664
object 50 48 left 747
object 50 48 right 748
object 53 48 left 4878
object 53 48 right 3276
object 54 48 left 4880
object 54 48 right 4881
object 56 48 left 4908
object 56 48 right 4909
object 57 48 left 4906
object 57 48 right 4907
object 59 48 left 4900
object 59 48 right 4901
object 60 48 left 4880
object 60 48 right 4881
object 61 48 left 4904
object 61 48 right 4905
object 62 48 left 4884
object 62 48 right 4885
object 63 48 left 745
object 63 48 right 746
object 64 48 left 745
object 64 48 right 3273
object 65 48 left 4906
object 65 48 right 4907
object 66 48 left 4904
object 66 48 right 4905
object 68 48 left 4886
object 68 48 right 4887
object 69 48 left 4898
object 69 48 right 4899
object 72 48 left 4884
object 72 48 right 4885
object 73 48 left 4908
object 73 48 right 4909
object 75 48 left 4878
object 75 48 right 4879
object 76 48 left 4876
object 76 48 right 4877
object 79 48 left 747
object 79 48 right 748
object 85 48 left 745
object 85 48 right 746
object 94 48 left 745
object 94 48 right 746
object 97 48 left 747
object 97 48 right 748
object 0 49 left 745
object 0 49 right 746
object 1 49 left 4886
object 1 49 right 4887
object 2 49 left 4898
object 2 49 right 4899
object 3 49 left 4904
object 3 49 right 4905
object 5 49 left 4908
object 5 49 right 4909
object 6 49 left 4880
object 6 49 right 4881
object 7 49 left 4878
object 7 49 right 4879
object 8 49 left 745
object 8 49 right 746
object 9 49 left 745
object 9 49 right 746
object 19 49 left 745
object 19 49 right 746
object 21 49 left 4900
object 21 49 right 4901
object 22 49 left 4878
object 22 49 right 4879
object 23 49 left 4878
object 23 49 right 4879
object 24 49 left 745
object 24 49 right 746
object 25 49 left 4882
object 25 49 right 4883
object 26 49 left 747
object 26 49 right 748
object 29 49 left 747
object 29 49 right 748
object 30 49 left 3271
object 30 49 right 3272
object 31 49 left 747
object 31 49 right 748
object 32 49 left 4906
object 32 49 right 4907
object 36 49 left 4888
object 36 49 right 4889
object 37 49 left 745
object 37 49 right 746
object 38 49 left 4886
object 38 49 right 4887
object 39 49 left 4904
object 39 49 right 4905
object 40 49 left 745
object 40 49 right 746
object 41 49 left 4904
object 41 49 right 4905
object 42 49 left 745
object 42 49 right 746
object 43 49 left 4878
object 43 49 right 4879
object 44 49 left 745
object 44 49 right 746
object 45 49 left 4906
object 45 49 right 4907
object 48 49 right 746
object 49 49 right 2663
object 51 49 left 4884
object 51 49 right 4885
object 52 49 left 4908
object 52 49 right 4909
object 53 49 left 3274
object 53 49 right 3275
object 54 49 left 4878
object 54 49 right 4879
object 55 49 left 4876
object 55 49 right 4877
object 58 49 left 4908
object 58 49 right 4909
object 59 49 left 745
object 59 49 right 746
object 61 49 left 745
object 61 49 right 746
object 63 49 left 4898
object 63 49 right 4899
object 64 49 left 4900
object 64 49 right 4901
object 66 49 left 4888
object 66 49 right 4889
object 67 49 left 4906
object 67 49 right 4907
object 68 49 left 4886
object 68 49 right 4887
object 69 49 left 4904
object 69 49 right 4905
object 70 49 left 747
object 70 49 right 748
object 71 49 left 4904
object 71 49 right 4905
object 72 49 left 4884
object 72 49 right 4885
object 75 49 left 747
object 75 49 right 748
object 78 49 left 4904
object 78 49 right 4905
object 1 50 left 4886
object 1 50 right 4887
object 2 50 left 4904
object 2 50 right 4905
object 3 50 left 745
object 3 50 right 746
object 4 50 left 4904
object 4 50 right 4905
object 6 50 left 4878
object 6 50 right 4879
object 8 50 left 4906
object 8 50 right 4907
object 10 50 left 745
object 10 50 right 746
object 12 50 right 748
object 22 50 left 4894
object 22 50 right 4895
object 25 50 left 745
object 25 50 right 746
object 26 50 left 4878
object 26 50 right 4879
object 27 50 left 4880
object 27 50 right 4881
object 28 50 left 745
object 28 50 right 746
object 29 50 left 4908
object 29 50 right 4909
object 30 50 left 4906
object 30 50 right 4907
object 32 50 left 4900
object 32 50 right 4901
object 33 50 left 747
object 33 50 right 748
object 35 50 left 4890
object 35 50 right 4891
object 36 50 left 4878
object 36 50 right 4879
object 37 50 left 4900
object 37 50 right 4901
object 38 50 left 4902
object 38 50 right 4903
object 39 50 left 4880
object 39 50 right 4881
object 40 50 left 4894
object 40 50 right 4895
object 42 50 left 4884
object 42 50 right 4885
object 43 50 left 745
object 43 50 right 746
object 44 50 left 4882
object 44 50 right 4883
object 46 50 left 747
object 46 50 right 748
object 47 50 left 2659
object 47 50 right 746
object 48 50 left 2660
object 49 50 left 2661
object 49 50 right 2662
object 50 50 left 4904
object 50 50 right 4905
object 51 50 left 4884
object 51 50 right 4885
object 53 50 left 745
object 53 50 right 746
object 54 50 left 4906
object 54 50 right 4907
object 55 50 left 4904
object 55 50 right 4905
object 57 50 left 4886
object 57 50 right 4887
object 58 50 left 4898
object 58 50 right 4899
object 59 50 left 745
object 59 50 right 746
object 61 50 left 4884
object 61 50 right 4885
object 62 50 left 4908
object 62 50 right 4909
object 63 50 left 745
object 63 50 right 746
object 64 50 left 4880
object 64 50 right 4881
object 65 50 left 4890
object 65 50 right 4891
object 66 50 left 4878
object 66 50 right 4879
object 67 50 left 4900
object 67 50 right 4901
object 68 50 left 4902
object 68 50 right 4903
object 69 50 left 745
object 69 50 right 746
object 70 50 left 745
object 70 50 right 746
object 71 50 left 745
object 71 50 right 746
object 73 50 left 4898
object 73 50 right 4899
object 74 50 left 4900
object 74 50 right 4901
object 76 50 left 4886
object 76 50 right 4887
object 77 50 left 745
object 77 50 right 746
object 78 50 left 3248
object 78 50 right 3249
object 0 51 left 4900
object 0 51 right 4901
object 1 51 left 4902
object 1 51 right 4903
object 2 51 left 4880
object 2 51 right 4881
object 3 51 left 4894
object 3 51 right 4895
object 5 51 left 4884
object 5 51 right 4885
object 7 51 left 4882
object 7 51 right 4883
object 9 51 left 747
object 9 51 right 748
object 12 51 left 745
object 12 51 right 746
object 14 51 left 745
object 14 51 right 746
object 20 51 left 745
object 20 51 right 746
object 23 51 left 745
object 23 51 right 746
object 25 51 left 4908
object 25 51 right 4909
object 27 51 left 4878
object 27 51 right 4879
object 28 51 left 4876
object 28 51 right 4877
object 31 51 left 4908
object 31 51 right 4909
object 35 51 left 747
object 35 51 right 748
object 36 51 left 4880
object 36 51 right 4881
object 38 51 left 745
object 38 51 right 746
object 40 51 left 4898
object 40 51 right 4899
object 41 51 left 4898
object 41 51 right 4899
object 42 51 left 747
object 42 51 right 748
object 43 51 left 4878
object 43 51 right 4879
object 44 51 left 4876
object 44 51 right 4877
object 45 51 left 4890
object 45 51 right 4891
object 46 51 left 4882
object 46 51 right 4883
object 47 51 left 745
object 47 51 right 746
object 51 51 left 747
object 51 51 right 748
object 52 51 left 4898
object 52 51 right 4899
object 53 51 left 4900
object 53 51 right 4901
object 55 51 left 4888
object 55 51 right 4889
object 57 51 left 4886
object 57 51 right 4887
object 58 51 left 4904
object 58 51 right 4905
object 60 51 left 4904
object 60 51 right 4905
object 61 51 left 4884
object 61 51 right 4885
object 62 51 left 745
object 62 51 right 746
object 63 51 left 3248
object 63 51 right 3249
object 66 51 left 4880
object 66 51 right 4881
object 67 51 left 4904
object 67 51 right 4905
object 69 51 right 3276
object 72 51 left 745
object 72 51 right 746
object 73 51 left 745
object 73 51 right 746
object 74 51 left 4880
object 74 51 right 4881
object 75 51 left 4904
object 75 51 right 4905
object 76 51 left 4902
object 76 51 right 4903
object 77 51 left 4906
object 77 51 right 4907
object 80 51 left 747
object 80 51 right 748
object 87 51 left 745
object 87 51 right 746
object 89 51 left 745
object 89 51 right 746
object 93 51 left 745
object 93 51 right 746
object 97 51 left 745
object 97 51 right 746
object 1 52 left 745
object 1 52 right 746
object 3 52 left 4898
object 3 52 right 4899
object 4 52 left 4898
object 4 52 right 4899
object 6 52 left 4878
object 6 52 right 4879
object 7 52 left 4876
object 7 52 right 4877
object 8 52 left 4890
object 8 52 right 4891
object 9 52 left 4882
object 9 52 right 4883
object 13 52 left 745
object 13 52 right 746
object 19 52 left 745
object 19 52 right 746
object 22 52 left 747
object 22 52 right 748
object 29 52 left 747
object 29 52 right 748
object 30 52 left 4904
object 30 52 right 4905
object 32 52 left 745
object 32 52 right 746
object 33 52 left 745
object 33 52 right 746
object 36 52 left 4894
object 36 52 right 4895
object 37 52 left 4906
object 37 52 right 4907
object 38 52 left 4888
object 38 52 right 4889
object 39 52 left 745
object 39 52 right 746
object 40 52 left 4896
object 40 52 right 4897
object 41 52 left 4894
object 41 52 right 4895
object 42 52 right 3273
object 43 52 left 4878
object 43 52 right 4879
object 44 52 left 4878
object 44 52 right 4879
object 45 52 left 4884
object 45 52 right 4885
object 46 52 left 745
object 46 52 right 746
object 48 52 left 745
object 48 52 right 746
object 50 52 left 4898
object 50 52 right 4899
object 51 52 left 4898
object 51 52 right 4899
object 53 52 left 4880
object 53 52 right 4881
object 54 52 left 4890
object 54 52 right 4891
object 55 52 left 4878
object 55 52 right 4879
object 56 52 left 4900
object 56 52 right 4901
object 57 52 left 4902
object 57 52 right 4903
object 59 52 left 745
object 59 52 right 746
object 60 52 left 745
object 60 52 right 746
object 62 52 left 4898
object 62 52 right 4899
object 63 52 left 745
object 63 52 right 746
object 64 52 left 745
object 64 52 right 746
object 65 52 left 4886
object 65 52 right 3276
object 66 52 left 4894
object 66 52 right 4895
object 67 52 left 4906
object 67 52 right 4907
object 68 52 left 745
object 68 52 right 746
object 69 52 left 3274
object 69 52 right 3275
object 70 52 left 745
object 70 52 right 746
object 72 52 left 745
object 72 52 right 746
object 74 52 left 745
object 74 52 right 746
object 78 52 left 745
object 78 52 right 746
object 85 52 left 747
object 85 52 right 748
object 92 52 left 747
object 92 52 right 748
object 94 52 left 745
object 94 52 right 746
object 0 53 left 4906
object 0 53 right 4907
object 1 53 left 4888
object 1 53 right 4889
object 2 53 left 745
object 2 53 right 746
object 3 53 left 4896
object 3 53 right 4897
object 4 53 left 4894
object 4 53 right 4895
object 5 53 left 747
object 5 53 right 3273
object 6 53 left 4878
object 6 53 right 4879
object 7 53 left 4878
object 7 53 right 4879
object 8 53 left 4884
object 8 53 right 4885
object 9 53 left 747
object 9 53 right 748
object 10 53 left 747
object 10 53 right 748
object 11 53 left 745
object 11 53 right 746
object 12 53 left 745
object 12 53 right 746
object 13 53 left 4898
object 13 53 right 4899
object 14 53 left 4898
object 14 53 right 4899
object 24 53 left 745
object 24 53 right 746
object 27 53 left 4876
object 27 53 right 4877
object 28 53 left 4878
object 28 53 right 4879
object 29 53 left 4902
object 29 53 right 4903
object 30 53 left 745
object 30 53 right 746
object 35 53 left 745
object 35 53 right 746
object 37 53 left 4882
object 37 53 right 4883
object 39 53 left 745
object 39 53 right 746
object 42 53 left 3271
object 42 53 right 3272
object 44 53 left 4906
object 44 53 right 4907
object 45 53 left 4880
object 45 53 right 4881
object 46 53 left 4902
object 46 53 right 4903
object 47 53 left 4886
object 47 53 right 4887
object 48 53 left 4888
object 48 53 right 4889
object 49 53 left 745
object 49 53 right 746
object 50 53 left 4896
object 50 53 right 4897
object 51 53 left 745
object 51 53 right 746
object 52 53 left 3248
object 52 53 right 3249
object 55 53 left 4880
object 55 53 right 4881
object 58 53 right 3276
object 61 53 left 747
object 61 53 right 748
object 62 53 left 745
object 62 53 right 746
object 63 53 left 4880
object 63 53 right 4881
object 64 53 left 745
object 64 53 right 746
object 65 53 left 3274
object 65 53 right 3275
object 66 53 left 4878
object 66 53 right 4879
object 67 53 left 4880
object 67 53 right 4881
object 68 53 left 4894
object 68 53 right 4895
object 69 53 left 747
object 69 53 right 748
object 70 53 left 4884
object 70 53 right 4885
object 72 53 left 4882
object 72 53 right 4883
object 76 53 left 747
object 76 53 right 748
object 79 53 left 745
object 79 53 right 746
object 80 53 left 745
object 80 53 right 746
object 87 53 left 745
object 87 53 right 746
object 89 53 left 745
object 89 53 right 746
object 91 53 left 745
object 91 53 right 746
object 93 53 left 745
object 93 53 right 746
object 96 53 left 745
object 96 53 right 746
object 98 53 left 745
object 98 53 right 746
object 0 54 left 4882
object 0 54 right 4883
object 2 54 left 745
object 2 54 right 746
object 5 54 left 3271
object 5 54 right 3272
object 7 54 left 4906
object 7 54 right 4907
object 8 54 left 4880
object 8 54 right 4881
object 9 54 left 4902
object 9 54 right 4903
object 10 54 left 4886
object 10 54 right 4887
object 11 54 left 4888
object 11 54 right 4889
object 12 54 left 745
object 12 54 right 746
object 13 54 left 4896
object 13 54 right 4897
object 14 54 left 4894
object 14 54 right 4895
object 25 54 left 4902
object 25 54 right 4903
object 26 54 left 4878
object 26 54 right 4879
object 27 54 left 4886
object 27 54 right 4887
object 28 54 left 4894
object 28 54 right 4895
object 35 54 left 745
object 35 54 right 746
object 37 54 left 745
object 37 54 right 746
object 38 54 left 4878
object 38 54 right 3276
object 39 54 left 4880
object 39 54 right 4881
object 40 54 left 4876
object 40 54 right 4877
object 41 54 left 4908
object 41 54 right 4909
object 42 54 left 4906
object 42 54 right 4907
object 44 54 left 4900
object 44 54 right 4901
object 45 54 left 4880
object 45 54 right 4881
object 46 54 left 4906
object 46 54 right 4907
object 47 54 left 4882
object 47 54 right 4883
object 49 54 left 747
object 49 54 right 3273
object 51 54 left 745
object 51 54 right 746
object 52 54 left 745
object 52 54 right 746
object 53 54 left 745
object 53 54 right 746
object 54 54 right 3276
object 55 54 left 4894
object 55 54 right 4895
object 56 54 left 4906
object 56 54 right 4907
object 57 54 left 745
object 57 54 right 746
object 58 54 left 3274
object 58 54 right 3275
object 59 54 left 745
object 59 54 right 746
object 60 54 left 745
object 60 54 right 746
object 63 54 left 745
object 63 54 right 746
object 65 54 left 747
object 65 54 right 748
object 68 54 left 4898
object 68 54 right 4899
object 69 54 left 4898
object 69 54 right 4899
object 71 54 left 745
object 71 54 right 746
object 74 54 left 747
object 74 54 right 748
object 77 54 left 745
object 77 54 right 746
object 95 54 left 747
object 95 54 right 748
object 1 55 left 4878
object 1 55 right 3276
object 2 55 left 4880
object 2 55 right 4881
object 4 55 left 4908
object 4 55 right 4909
object 5 55 left 4906
object 5 55 right 4907
object 7 55 left 4900
object 7 55 right 4901
object 8 55 left 4880
object 8 55 right 4881
object 9 55 left 4906
object 9 55 right 4907
object 10 55 left 4882
object 10 55 right 4883
object 12 55 right 3273
object 13 55 left 745
object 13 55 right 746
object 23 55 left 745
object 23 55 right 746
object 24 55 right 3276
object 25 55 left 4906
object 25 55 right 4907
object 26 55 left 4878
object 26 55 right 4879
object 27 55 left 4902
object 27 55 right 4903
object 28 55 left 4888
object 28 55 right 4889
object 29 55 left 4898
object 29 55 right 4899
object 30 55 left 4886
object 30 55 right 4887
object 32 55 left 4892
object 32 55 right 4893
object 36 55 left 4884
object 36 55 right 4885
object 37 55 left 4908
object 37 55 right 4909
object 38 55 left 3274
object 38 55 right 3275
object 39 55 left 4878
object 39 55 right 4879
object 40 55 left 4876
object 40 55 right 4877
object 41 55 left 745
object 41 55 right 746
object 43 55 left 4908
object 43 55 right 4909
object 44 55 left 745
object 44 55 right 746
object 45 55 left 745
object 45 55 right 746
object 47 55 right 748
object 48 55 left 4878
object 48 55 right 4879
object 49 55 left 3271
object 49 55 right 3272
object 51 55 left 4908
object 51 55 right 4909
object 52 55 left 4906
object 52 55 right 4907
object 53 55 left 745
object 53 55 right 746
object 54 55 left 3274
object 54 55 right 3275
object 55 55 left 4878
object 55 55 right 4879
object 56 55 left 4880
object 56 55 right 4881
object 57 55 left 4894
object 57 55 right 4895
object 59 55 left 4884
object 59 55 right 4885
object 61 55 left 4882
object 61 55 right 4883
object 63 55 right 748
object 64 55 left 745
object 64 55 right 746
object 65 55 left 4886
object 65 55 right 4887
object 66 55 left 4888
object 66 55 right 4889
object 67 55 left 745
object 67 55 right 746
object 68 55 left 4896
object 68 55 right 4897
object 69 55 left 4894
object 69 55 right 4895
object 70 55 left 745
object 70 55 right 3273
object 72 55 left 745
object 72 55 right 746
object 76 55 left 745
object 76 55 right 746
object 80 55 left 745
object 80 55 right 746
object 85 55 left 745
object 85 55 right 746
object 87 55 left 745
object 87 55 right 746
object 90 55 left 745
object 90 55 right 746
object 92 55 left 4876
object 92 55 right 4877
object 93 55 left 4878
object 93 55 right 4879
object 94 55 left 4902
object 94 55 right 4903
object 98 55 right 2670
object 99 55 left 747
object 99 55 right 748
object 0 56 left 4908
object 0 56 right 4909
object 1 56 left 3274
object 1 56 right 3275
object 2 56 left 4878
object 2 56 right 4879
object 3 56 left 4876
object 3 56 right 4877
object 4 56 left 745
object 4 56 right 746
object 6 56 left 4908
object 6 56 right 4909
object 7 56 left 745
object 7 56 right 746
object 8 56 left 747
object 8 56 right 748
object 11 56 left 4878
object 11 56 right 4879
object 12 56 left 3271
object 12 56 right 3272
object 13 56 left 747
object 13 56 right 748
object 14 56 left 4908
object 14 56 right 4909
object 15 56 left 4906
object 15 56 right 4907
object 21 56 left 747
object 21 56 right 748
object 24 56 left 3274
object 24 56 right 3275
object 26 56 left 4902
object 26 56 right 4903
object 27 56 left 4886
object 27 56 right 4887
object 28 56 left 4894
object 28 56 right 4895
object 29 56 left 4902
object 29 56 right 4903
object 30 56 left 4898
object 30 56 right 4899
object 31 56 left 4894
object 31 56 right 4895
object 32 56 left 4900
object 32 56 right 4901
object 35 56 left 4904
object 35 56 right 4905
object 36 56 left 4884
object 36 56 right 4885
object 39 56 left 4906
object 39 56 right 4907
object 40 56 left 4904
object 40 56 right 4905
object 42 56 left 4886
object 42 56 right 4887
object 43 56 left 4898
object 43 56 right 4899
object 44 56 left 747
object 44 56 right 748
object 46 56 left 4884
object 46 56 right 4885
object 47 56 left 4908
object 47 56 right 4909
object 49 56 left 4878
object 49 56 right 4879
object 50 56 left 4876
object 50 56 right 4877
object 51 56 left 4878
object 51 56 right 4879
object 52 56 left 745
object 52 56 right 746
object 56 56 left 747
object 56 56 right 748
object 57 56 left 4898
object 57 56 right 4899
object 58 56 left 4898
object 58 56 right 4899
object 60 56 left 745
object 60 56 right 746
object 63 56 left 745
object 63 56 right 746
object 65 56 left 4882
object 65 56 right 4883
object 68 56 left 747
object 68 56 right 748
object 70 56 left 3271
object 70 56 right 3272
object 72 56 left 4906
object 72 56 right 4907
object 75 56 left 747
object 75 56 right 748
object 77 56 left 745
object 77 56 right 2670
object 88 56 left 745
object 88 56 right 746
object 90 56 left 4902
object 90 56 right 4903
object 91 56 left 4878
object 91 56 right 4879
object 92 56 left 4886
object 92 56 right 4887
object 93 56 left 4894
object 93 56 right 4895
object 95 56 left 745
object 95 56 right 746
object 98 56 left 745
object 98 56 right 2669
object 2 57 left 4906
object 2 57 right 4907
object 3 57 left 4904
object 3 57 right 4905
object 5 57 left 4886
object 5 57 right 4887
object 6 57 left 4898
object 6 57 right 4899
object 7 57 left 745
object 7 57 right 746
object 9 57 left 4884
object 9 57 right 4885
object 10 57 left 4908
object 10 57 right 4909
object 12 57 left 4878
object 12 57 right 4879
object 13 57 left 4876
object 13 57 right 4877
object 15 57 left 747
object 15 57 right 748
object 23 57 left 4906
object 23 57 right 4907
object 24 57 left 4904
object 24 57 right 4905
object 26 57 left 4886
object 26 57 right 4887
object 27 57 left 4898
object 27 57 right 4899
object 28 57 left 4904
object 28 57 right 4905
object 29 57 left 747
object 29 57 right 748
object 30 57 left 4908
object 30 57 right 4909
object 31 57 left 4880
object 31 57 right 4881
object 32 57 left 4878
object 32 57 right 4879
object 33 57 left 745
object 33 57 right 746
object 34 57 left 745
object 34 57 right 746
object 37 57 left 4898
object 37 57 right 4899
object 38 57 left 4900
object 38 57 right 4901
object 40 57 left 4888
object 40 57 right 4889
object 41 57 left 745
object 41 57 right 746
object 42 57 left 4886
object 42 57 right 4887
object 43 57 left 4904
object 43 57 right 4905
object 45 57 left 4904
object 45 57 right 4905
object 46 57 left 4884
object 46 57 right 4885
object 48 57 left 4902
object 48 57 right 4903
object 49 57 left 4878
object 49 57 right 4879
object 50 57 left 4886
object 50 57 right 4887
object 51 57 left 4894
object 51 57 right 4895
object 52 57 left 4904
object 52 57 right 4905
object 54 57 left 4886
object 54 57 right 4887
object 55 57 left 4888
object 55 57 right 4889
object 56 57 left 745
object 56 57 right 746
object 57 57 left 4896
object 57 57 right 4897
object 58 57 left 4894
object 58 57 right 4895
object 59 57 left 747
object 59 57 right 3273
object 63 57 left 4876
object 63 57 right 4877
object 64 57 left 745
object 64 57 right 746
object 66 57 left 4878
object 66 57 right 4879
object 67 57 left 4880
object 67 57 right 4881
object 68 57 left 4876
object 68 57 right 4877
object 69 57 left 4878
object 69 57 right 4879
object 70 57 left 4902
object 70 57 right 4903
object 72 57 left 4900
object 72 57 right 4901
object 74 57 left 745
object 74 57 right 746
object 76 57 left 745
object 77 57 right 2669
object 79 57 left 745
object 79 57 right 746
object 85 57 left 745
object 85 57 right 746
object 89 57 right 3276
object 90 57 left 4906
object 90 57 right 4907
object 91 57 left 4878
object 91 57 right 4879
object 92 57 left 4902
object 92 57 right 4903
object 93 57 left 4888
object 93 57 right 4889
object 94 57 left 4898
object 94 57 right 4899
object 95 57 left 4886
object 95 57 right 4887
object 96 57 left 2665
object 97 57 left 2666
object 97 57 right 4893
object 98 57 left 2667
object 98 57 right 2668
object 99 57 left 745
object 99 57 right 746
object 0 58 left 4898
object 0 58 right 4899
object 1 58 left 4900
object 1 58 right 4901
object 2 58 left 747
object 2 58 right 748
object 3 58 left 4888
object 3 58 right 4889
object 5 58 left 4886
object 5 58 right 4887
object 6 58 left 4904
object 6 58 right 4905
object 7 58 left 745
object 7 58 right 746
object 8 58 left 4904
object 8 58 right 4905
object 9 58 left 4884
object 9 58 right 4885
object 13 58 left 745
object 13 58 right 746
object 15 58 left 4904
object 15 58 right 4905
object 22 58 left 745
object 22 58 right 746
object 24 58 left 4888
object 24 58 right 4889
object 25 58 left 745
object 25 58 right 746
object 26 58 left 4886
object 26 58 right 4887
object 27 58 left 4904
object 27 58 right 4905
object 28 58 left 745
object 28 58 right 746
object 29 58 left 4904
object 29 58 right 4905
object 31 58 left 4878
object 31 58 right 4879
object 33 58 left 4906
object 33 58 right 4907
object 35 58 left 747
object 35 58 right 748
object 37 58 left 745
object 37 58 right 746
object 38 58 left 4880
object 38 58 right 4881
object 39 58 left 4890
object 39 58 right 4891
object 40 58 left 4878
object 40 58 right 4879
object 41 58 left 4900
object 41 58 right 4901
object 42 58 left 4902
object 42 58 right 4903
object 44 58 left 745
object 44 58 right 746
object 45 58 left 745
object 45 58 right 746
object 47 58 left 4898
object 47 58 right 3276
object 48 58 left 4906
object 48 58 right 4907
object 49 58 left 4878
object 49 58 right 4879
object 50 58 left 4902
object 50 58 right 4903
object 51 58 left 4888
object 51 58 right 4889
object 52 58 left 4898
object 52 58 right 4899
object 53 58 left 4886
object 53 58 right 4887
object 54 58 left 4882
object 54 58 right 4883
object 55 58 left 4892
object 55 58 right 4893
object 56 58 left 747
object 56 58 right 748
object 59 58 left 3271
object 59 58 right 3272
object 60 58 left 747
object 60 58 right 748
object 61 58 left 4906
object 61 58 right 4907
object 63 58 left 745
object 63 58 right 746
object 65 58 left 4908
object 65 58 right 4909
object 66 58 left 4902
object 66 58 right 4903
object 67 58 left 4878
object 67 58 right 4879
object 68 58 left 4886
object 68 58 right 4887
object 69 58 left 4894
object 69 58 right 4895
object 71 58 left 4908
object 71 58 right 4909
object 75 58 left 2665
object 76 58 left 2666
object 77 58 left 2667
object 77 58 right 2668
object 78 58 left 747
object 78 58 right 748
object 88 58 left 747
object 88 58 right 748
object 89 58 left 3274
object 89 58 right 3275
object 91 58 left 4902
object 91 58 right 4903
object 92 58 left 4886
object 92 58 right 4887
object 93 58 left 4894
object 93 58 right 4895
object 94 58 left 4902
object 94 58 right 4903
object 95 58 left 4898
object 95 58 right 4899
object 96 58 left 4894
object 96 58 right 4895
object 97 58 left 4900
object 97 58 right 4901
object 98 58 left 745
object 98 58 right 746
object 1 59 left 4880
object 1 59 right 4881
object 2 59 left 4890
object 2 59 right 4891
object 3 59 left 4878
object 3 59 right 4879
object 4 59 left 4900
object 4 59 right 4901
object 5 59 left 4902
object 5 59 right 4903
object 7 59 left 745
object 7 59 right 746
object 8 59 left 745
object 8 59 right 746
object 10 59 left 4898
object 10 59 right 4899
object 11 59 left 4900
object 11 59 right 4901
object 13 59 left 4886
object 13 59 right 4887
object 14 59 left 745
object 14 59 right 746
object 15 59 left 3248
object 15 59 right 3249
object 23 59 left 4890
object 23 59 right 4891
object 24 59 left 4878
object 24 59 right 4879
object 25 59 left 4900
object 25 59 right 4901
object 26 59 left 4902
object 26 59 right 4903
object 27 59 left 4880
object 27 59 right 4881
object 28 59 left 4894
object 28 59 right 4895
object 30 59 left 4884
object 30 59 right 4885
object 32 59 left 4882
object 32 59 right 4883
object 34 59 left 745
object 34 59 right 746
object 35 59 left 747
object 35 59 right 748
object 36 59 left 745
object 36 59 right 746
object 37 59 left 3248
object 37 59 right 3249
object 40 59 left 4880
object 40 59 right 4881
object 43 59 right 3276
object 46 59 left 747
object 46 59 right 748
object 47 59 left 3274
object 47 59 right 3275
object 48 59 left 4880
object 48 59 right 4881
object 49 59 left 4902
object 49 59 right 4903
object 50 59 left 4886
object 50 59 right 4887
object 51 59 left 4894
object 51 59 right 4895
object 52 59 left 4902
object 52 59 right 4903
object 53 59 left 4898
object 53 59 right 4899
object 54 59 left 4894
object 54 59 right 4895
object 55 59 left 4878
object 55 59 right 4879
object 56 59 left 4880
object 56 59 right 4881
object 58 59 left 4908
object 58 59 right 4909
object 59 59 left 4906
object 59 59 right 4907
object 61 59 left 4900
object 61 59 right 4901
object 62 59 left 747
object 62 59 right 748
object 65 59 left 747
object 65 59 right 3276
object 66 59 left 4906
object 66 59 right 4907
object 67 59 left 4878
object 67 59 right 4879
object 68 59 left 4902
object 68 59 right 4903
object 69 59 left 4888
object 69 59 right 4889
object 70 59 left 4898
object 70 59 right 4899
object 71 59 left 4886
object 71 59 right 4887
object 73 59 left 4892
object 73 59 right 4893
object 75 59 left 747
object 75 59 right 748
object 77 59 left 745
object 77 59 right 746
object 87 59 left 745
object 87 59 right 746
object 88 59 left 4906
object 88 59 right 4907
object 89 59 left 4904
object 89 59 right 4905
object 90 59 left 747
object 90 59 right 748
object 91 59 left 4886
object 91 59 right 4887
object 92 59 left 4898
object 92 59 right 4899
object 93 59 left 4904
object 93 59 right 4905
object 94 59 left 747
object 94 59 right 748
object 95 59 left 4908
object 95 59 right 4909
object 96 59 left 4880
object 96 59 right 4881
object 97 59 left 4878
object 97 59 right 4879
object 98 59 left 745
object 98 59 right 746
object 0 60 left 3248
object 0 60 right 3249
object 1 60 left 747
object 1 60 right 748
object 3 60 left 4880
object 3 60 right 4881
object 5 60 left 745
object 5 60 right 746
object 6 60 left 745
object 6 60 right 3276
object 9 60 left 745
object 9 60 right 746
object 10 60 left 745
object 10 60 right 746
object 11 60 left 4880
object 11 60 right 4881
object 12 60 left 4904
object 12 60 right 4905
object 13 60 left 4902
object 13 60 right 4903
object 14 60 left 4906
object 14 60 right 4907
object 23 60 left 745
object 23 60 right 746
object 24 60 left 4880
object 24 60 right 4881
object 26 60 left 745
object 26 60 right 746
object 28 60 left 4898
object 28 60 right 4899
object 29 60 left 4898
object 29 60 right 4899
object 30 60 left 745
object 30 60 right 746
object 31 60 left 4878
object 31 60 right 4879
object 32 60 left 4876
object 32 60 right 4877
object 33 60 left 4890
object 33 60 right 4891
object 34 60 left 4882
object 34 60 right 4883
object 36 60 left 745
object 36 60 right 746
object 37 60 left 745
object 37 60 right 746
object 38 60 left 745
object 38 60 right 746
object 39 60 right 3276
object 40 60 left 4894
object 40 60 right 4895
object 41 60 left 4906
object 41 60 right 4907
object 42 60 left 745
object 42 60 right 746
object 43 60 left 3274
object 43 60 right 3275
object 44 60 left 745
object 44 60 right 746
object 45 60 left 747
object 45 60 right 748
object 46 60 left 4906
object 46 60 right 4907
object 47 60 left 4904
object 47 60 right 4905
object 48 60 left 745
object 48 60 right 746
object 49 60 left 4886
object 49 60 right 4887
object 50 60 left 4898
object 50 60 right 4899
object 51 60 left 4904
object 51 60 right 4905
object 53 60 left 4908
object 53 60 right 4909
object 54 60 left 4908
object 54 60 right 4909
object 55 60 left 4878
object 55 60 right 4879
object 56 60 left 4878
object 56 60 right 4879
object 57 60 left 4876
object 57 60 right 4877
object 58 60 left 745
object 58 60 right 746
object 60 60 left 4908
object 60 60 right 4909
object 61 60 left 747
object 61 60 right 748
object 64 60 left 745
object 64 60 right 746
object 65 60 left 3274
object 65 60 right 3275
object 67 60 left 4902
object 67 60 right 4903
object 68 60 left 4886
object 68 60 right 4887
object 69 60 left 4894
object 69 60 right 4895
object 70 60 left 4902
object 70 60 right 4903
object 71 60 left 4898
object 71 60 right 4899
object 72 60 left 4894
object 72 60 right 4895
object 73 60 left 4900
object 73 60 right 4901
object 74 60 left 745
object 74 60 right 746
object 76 60 left 745
object 76 60 right 746
object 78 60 left 745
object 78 60 right 746
object 80 60 right 748
object 85 60 left 747
object 85 60 right 748
object 89 60 left 4888
object 89 60 right 4889
object 91 60 left 4886
object 91 60 right 4887
object 92 60 left 4904
object 92 60 right 4905
object 94 60 left 4904
object 94 60 right 4905
object 96 60 left 4878
object 96 60 right 4879
object 98 60 left 4906
object 98 60 right 4907
object 99 60 left 747
object 99 60 right 748
object 0 61 left 745
object 0 61 right 746
object 1 61 left 745
object 1 61 right 746
object 2 61 right 3276
object 3 61 left 4894
object 3 61 right 4895
object 4 61 left 4906
object 4 61 right 4907
object 5 61 left 745
object 5 61 right 746
object 6 61 left 3274
object 6 61 right 3275
object 7 61 left 745
object 7 61 right 746
object 8 61 left 747
object 8 61 right 748
object 10 61 left 745
object 10 61 right 746
object 22 61 left 745
object 22 61 right 746
object 24 61 left 4894
object 24 61 right 4895
object 25 61 left 4906
object 25 61 right 4907
object 26 61 left 4888
object 26 61 right 4889
object 28 61 left 4896
object 28 61 right 4897
object 29 61 left 4894
object 29 61 right 4895
object 30 61 right 3273
object 31 61 left 4878
object 31 61 right 4879
object 32 61 left 4878
object 32 61 right 4879
object 33 61 left 4884
object 33 61 right 4885
object 36 61 left 745
object 36 61 right 746
object 38 61 left 745
object 38 61 right 746
object 39 61 left 3274
object 39 61 right 3275
object 40 61 left 4878
object 40 61 right 4879
object 41 61 left 4880
object 41 61 right 4881
object 42 61 left 4894
object 42 61 right 4895
object 43 61 left 747
object 43 61 right 748
object 44 61 left 4884
object 44 61 right 4885
object 46 61 left 4882
object 46 61 right 4883
object 47 61 left 4888
object 47 61 right 4889
object 48 61 left 747
object 48 61 right 748
object 49 61 left 4886
object 49 61 right 4887
object 50 61 left 4904
object 50 61 right 4905
object 52 61 left 4904
object 52 61 right 4905
object 54 61 left 4878
object 54 61 right 4879
object 55 61 left 745
object 55 61 right 746
object 56 61 left 4906
object 56 61 right 4907
object 57 61 left 745
object 57 61 right 746
object 59 61 left 4904
object 59 61 right 4905
object 62 61 left 747
object 62 61 right 748
object 64 61 left 4906
object 64 61 right 4907
object 65 61 left 4904
object 65 61 right 4905
object 67 61 left 4886
object 67 61 right 4887
object 68 61 left 4898
object 68 61 right 4899
object 69 61 left 4904
object 69 61 right 4905
object 71 61 left 4908
object 71 61 right 4909
object 72 61 left 4880
object 72 61 right 4881
object 73 61 left 4878
object 73 61 right 4879
object 74 61 left 745
object 74 61 right 746
object 77 61 left 747
object 77 61 right 748
object 80 61 left 745
object 80 61 right 746
object 82 61 left 745
object 82 61 right 746
object 87 61 left 747
object 87 61 right 748
object 88 61 left 4890
object 88 61 right 4891
object 89 61 left 4878
object 89 61 right 4879
object 90 61 left 4900
object 90 61 right 4901
object 91 61 left 4902
object 91 61 right 4903
object 92 61 left 4880
object 92 61 right 4881
object 93 61 left 4894
object 93 61 right 4895
object 95 61 left 4884
object 95 61 right 4885
object 97 61 left 4882
object 97 61 right 4883
object 98 61 left 745
object 98 61 right 746
object 0 62 left 747
object 0 62 right 748
object 1 62 left 745
object 1 62 right 746
object 2 62 left 3274
object 2 62 right 3275
object 3 62 left 4878
object 3 62 right 4879
object 4 62 left 4880
object 4 62 right 4881
object 5 62 left 4894
object 5 62 right 4895
object 7 62 left 4884
object 7 62 right 4885
object 9 62 left 4882
object 9 62 right 4883
object 12 62 left 745
object 12 62 right 746
object 14 62 left 745
object 14 62 right 746
object 23 62 left 745
object 23 62 right 746
object 25 62 left 4882
object 25 62 right 4883
object 27 62 left 745
object 27 62 right 746
object 30 62 left 3271
object 30 62 right 3272
object 32 62 left 4906
object 32 62 right 4907
object 33 62 left 4880
object 33 62 right 4881
object 34 62 left 4902
object 34 62 right 4903
object 35 62 left 4886
object 35 62 right 4887
object 36 62 left 4888
object 36 62 right 4889
object 37 62 left 745
object 37 62 right 746
object 38 62 left 4896
object 38 62 right 4897
object 39 62 left 4894
object 39 62 right 4895
object 42 62 left 4898
object 42 62 right 4899
object 43 62 left 4898
object 43 62 right 4899
object 45 62 left 745
object 45 62 right 746
object 46 62 left 4890
object 46 62 right 4891
object 47 62 left 4878
object 47 62 right 4879
object 48 62 left 4900
object 48 62 right 4901
object 49 62 left 4902
object 49 62 right 4903
object 50 62 left 4880
object 50 62 right 4881
object 51 62 left 4894
object 51 62 right 4895
object 53 62 left 4884
object 53 62 right 4885
object 55 62 left 4882
object 55 62 right 4883
object 58 62 left 745
object 58 62 right 746
object 61 62 left 745
object 61 62 right 746
object 65 62 left 4888
object 65 62 right 4889
object 66 62 left 747
object 66 62 right 748
object 67 62 left 4886
object 67 62 right 4887
object 68 62 left 4904
object 68 62 right 4905
object 70 62 left 4904
object 70 62 right 4905
object 71 62 left 747
object 71 62 right 748
object 72 62 left 4878
object 72 62 right 4879
object 74 62 left 4906
object 74 62 right 4907
object 76 62 left 747
object 76 62 right 748
object 81 62 left 745
object 81 62 right 746
object 89 62 left 4880
object 89 62 right 4881
object 91 62 left 745
object 91 62 right 746
object 93 62 left 4898
object 93 62 right 4899
object 94 62 left 4898
object 94 62 right 4899
object 96 62 left 4878
object 96 62 right 4879
object 97 62 left 4876
object 97 62 right 4877
object 98 62 left 4890
object 98 62 right 4891
object 99 62 left 4882
object 99 62 right 4883
object 0 63 left 745
object 0 63 right 746
object 2 63 left 747
object 2 63 right 748
object 5 63 left 4898
object 5 63 right 4899
object 6 63 left 4898
object 6 63 right 4899
object 8 63 left 745
object 8 63 right 746
object 11 63 left 747
object 11 63 right 748
object 16 63 left 745
object 16 63 right 746
object 23 63 left 745
object 23 63 right 746
object 25 63 left 745
object 25 63 right 746
object 26 63 left 4878
object 26 63 right 3276
object 27 63 left 4880
object 27 63 right 4881
object 29 63 left 4908
object 29 63 right 4909
object 30 63 left 4906
object 30 63 right 4907
object 32 63 left 4900
object 32 63 right 4901
object 33 63 left 4880
object 33 63 right 4881
object 34 63 left 4906
object 34 63 right 4907
object 35 63 left 4882
object 35 63 right 4883
object 37 63 left 745
object 37 63 right 3273
object 39 63 left 4886
object 39 63 right 4887
object 40 63 left 4888
object 40 63 right 4889
object 41 63 left 745
object 41 63 right 746
object 42 63 left 4896
object 42 63 right 4897
object 43 63 left 4894
object 43 63 right 4895
object 44 63 left 745
object 44 63 right 3273
object 47 63 left 4880
object 47 63 right 4881
object 48 63 left 745
object 48 63 right 746
object 49 63 left 745
object 49 63 right 746
object 51 63 left 4898
object 51 63 right 4899
object 52 63 left 4898
object 52 63 right 4899
object 53 63 left 745
object 53 63 right 746
object 54 63 left 4878
object 54 63 right 4879
object 55 63 left 4876
object 55 63 right 4877
object 56 63 left 4890
object 56 63 right 4891
object 57 63 left 4882
object 57 63 right 4883
object 58 63 left 745
object 58 63 right 746
object 60 63 left 745
object 60 63 right 746
object 64 63 left 4890
object 64 63 right 4891
object 65 63 left 4878
object 65 63 right 4879
object 66 63 left 4900
object 66 63 right 4901
object 67 63 left 4902
object 67 63 right 4903
object 68 63 left 4880
object 68 63 right 4881
object 69 63 left 4894
object 69 63 right 4895
object 70 63 left 745
object 70 63 right 746
object 71 63 left 4884
object 71 63 right 4885
object 73 63 left 4882
object 73 63 right 4883
object 77 63 left 747
object 77 63 right 748
object 78 63 left 747
object 78 63 right 2664
object 80 63 left 745
object 80 63 right 746
object 89 63 left 4894
object 89 63 right 4895
object 90 63 left 4906
object 90 63 right 4907
object 91 63 left 4888
object 91 63 right 4889
object 92 63 left 745
object 92 63 right 746
object 93 63 left 4896
object 93 63 right 4897
object 94 63 left 4894
object 94 63 right 4895
object 95 63 left 745
object 95 63 right 3273
object 96 63 left 4878
object 96 63 right 4879
object 97 63 left 4878
object 97 63 right 4879
object 98 63 left 4884
object 98 63 right 4885
object 0 64 left 745
object 0 64 right 746
object 1 64 left 745
object 1 64 right 746
object 2 64 left 4886
object 2 64 right 4887
object 3 64 left 4888
object 3 64 right 4889
object 4 64 left 745
object 4 64 right 746
object 5 64 left 4896
object 5 64 right 4897
object 6 64 left 4894
object 6 64 right 4895
object 7 64 right 3273
object 8 64 left 747
object 8 64 right 748
object 10 64 left 745
object 10 64 right 746
object 15 64 left 747
object 15 64 right 748
object 21 64 left 747
object 21 64 right 748
object 24 64 left 4884
object 24 64 right 4885
object 25 64 left 4908
object 25 64 right 4909
object 26 64 left 3274
object 26 64 right 3275
object 27 64 left 4878
object 27 64 right 4879
object 28 64 left 4876
object 28 64 right 4877
object 30 64 left 745
object 30 64 right 746
object 31 64 left 4908
object 31 64 right 4909
object 32 64 left 745
object 32 64 right 746
object 36 64 left 4878
object 36 64 right 4879
object 37 64 left 3271
object 37 64 right 3272
object 38 64 left 745
object 38 64 right 746
object 39 64 left 4882
object 39 64 right 4883
object 40 64 left 4906
object 40 64 right 4907
object 44 64 left 3271
object 44 64 right 3272
object 46 64 left 4906
object 46 64 right 4907
object 47 64 left 4894
object 47 64 right 4895
object 48 64 left 4906
object 48 64 right 4907
object 49 64 left 4888
object 49 64 right 4889
object 50 64 left 745
object 50 64 right 746
object 51 64 left 4896
object 51 64 right 4897
object 52 64 left 4894
object 52 64 right 4895
object 53 64 right 3273
object 54 64 left 4878
object 54 64 right 4879
object 55 64 left 4878
object 55 64 right 4879
object 56 64 left 4884
object 56 64 right 4885
object 59 64 left 745
object 59 64 right 746
object 61 64 left 4898
object 61 64 right 4899
object 62 64 left 4898
object 62 64 right 4899
object 65 64 left 4880
object 65 64 right 4881
object 66 64 left 745
object 66 64 right 746
object 67 64 left 745
object 67 64 right 746
object 68 64 left 747
object 68 64 right 748
object 69 64 left 4898
object 69 64 right 4899
object 70 64 left 4898
object 70 64 right 4899
object 72 64 left 4878
object 72 64 right 4879
object 73 64 left 4876
object 73 64 right 4877
object 74 64 left 4890
object 74 64 right 4891
object 75 64 left 4882
object 75 64 right 4883
object 78 64 right 2663
object 79 64 left 747
object 79 64 right 748
object 82 64 left 747
object 82 64 right 748
object 87 64 left 745
object 87 64 right 746
object 88 64 left 745
object 88 64 right 746
object 90 64 left 4882
object 90 64 right 4883
object 92 64 left 745
object 92 64 right 746
object 94 64 left 745
object 94 64 right 746
object 95 64 left 3271
object 95 64 right 3272
object 97 64 left 4906
object 97 64 right 4907
object 98 64 left 4880
object 98 64 right 4881
object 99 64 left 4902
object 99 64 right 4903
object 1 65 left 745
object 1 65 right 746
object 2 65 left 4882
object 2 65 right 4883
object 4 65 left 745
object 4 65 right 746
object 7 65 left 3271
object 7 65 right 3272
object 9 65 left 4906
object 9 65 right 4907
object 11 65 left 745
object 11 65 right 746
object 13 65 right 748
object 14 65 left 745
object 14 65 right 2670
object 23 65 left 4904
object 23 65 right 4905
object 24 65 left 4884
object 24 65 right 4885
object 25 65 left 745
object 25 65 right 746
object 27 65 left 4906
object 27 65 right 4907
object 28 65 left 4904
object 28 65 right 4905
object 29 65 left 745
object 29 65 right 746
object 30 65 left 4886
object 30 65 right 4887
object 31 65 left 4898
object 31 65 right 4899
object 32 65 left 745
object 32 65 right 746
object 34 65 left 4884
object 34 65 right 4885
object 35 65 left 4908
object 35 65 right 4909
object 36 65 left 747
object 36 65 right 748
object 37 65 left 4878
object 37 65 right 4879
object 38 65 left 4876
object 38 65 right 4877
object 40 65 left 4878
object 40 65 right 4879
object 41 65 left 4880
object 41 65 right 4881
object 43 65 left 4908
object 43 65 right 4909
object 44 65 left 4906
object 44 65 right 4907
object 45 65 left 745
object 45 65 right 746
object 46 65 left 745
object 46 65 right 746
object 47 65 left 745
object 47 65 right 746
object 48 65 left 4882
object 48 65 right 4883
object 50 65 left 745
object 50 65 right 746
object 53 65 left 3271
object 53 65 right 3272
object 55 65 left 4906
object 55 65 right 4907
object 56 65 left 4880
object 56 65 right 4881
object 57 65 left 4902
object 57 65 right 4903
object 58 65 left 4886
object 58 65 right 4887
object 59 65 left 4888
object 59 65 right 4889
object 60 65 left 745
object 60 65 right 746
object 61 65 left 4896
object 61 65 right 4897
object 62 65 left 4894
object 62 65 right 4895
object 63 65 left 745
object 63 65 right 746
object 65 65 left 4894
object 65 65 right 4895
object 66 65 left 4906
object 66 65 right 4907
object 67 65 left 4888
object 67 65 right 4889
object 69 65 left 4896
object 69 65 right 4897
object 70 65 left 4894
object 70 65 right 4895
object 71 65 right 3273
object 72 65 left 4878
object 72 65 right 4879
object 73 65 left 4878
object 73 65 right 4879
object 74 65 left 4884
object 74 65 right 4885
object 75 65 left 745
object 75 65 right 746
object 76 65 left 2659
object 77 65 left 2660
object 77 65 right 746
object 78 65 left 2661
object 78 65 right 2662
object 79 65 left 4898
object 79 65 right 4899
object 80 65 left 4898
object 80 65 right 4899
object 81 65 left 745
object 81 65 right 746
object 89 65 left 747
object 89 65 right 748
object 91 65 left 4878
object 91 65 right 3276
object 92 65 left 4880
object 92 65 right 4881
object 94 65 left 4908
object 94 65 right 4909
object 95 65 left 4906
object 95 65 right 4907
object 96 65 left 747
object 96 65 right 748
object 97 65 left 4900
object 97 65 right 4901
object 98 65 left 4880
object 98 65 right 4881
object 99 65 left 4906
object 99 65 right 4907
object 1 66 left 745
object 1 66 right 746
object 3 66 left 4878
object 3 66 right 4879
object 4 66 left 4880
object 4 66 right 4881
object 6 66 left 4908
object 6 66 right 4909
object 7 66 left 4906
object 7 66 right 4907
object 9 66 left 4900
object 9 66 right 4901
object 10 66 left 747
object 10 66 right 748
object 13 66 left 745
object 14 66 right 2669
object 15 66 left 745
object 15 66 right 746
object 25 66 left 4898
object 25 66 right 4899
object 26 66 left 4900
object 26 66 right 4901
object 28 66 left 4888
object 28 66 right 4889
object 30 66 left 4886
object 30 66 right 4887
object 31 66 left 4904
object 31 66 right 4905
object 33 66 left 4904
object 33 66 right 4905
object 34 66 left 4884
object 34 66 right 4885
object 36 66 left 745
object 36 66 right 746
object 38 66 left 745
object 38 66 right 746
object 39 66 left 4908
object 39 66 right 4909
object 40 66 left 4904
object 40 66 right 4905
object 41 66 left 4878
object 41 66 right 4879
object 42 66 left 4876
object 42 66 right 4877
object 44 66 left 745
object 44 66 right 746
object 45 66 left 4908
object 45 66 right 4909
object 47 66 left 745
object 47 66 right 746
object 49 66 left 4878
object 49 66 right 3276
object 50 66 left 4880
object 50 66 right 4881
object 52 66 left 4908
object 52 66 right 4909
object 53 66 left 4906
object 53 66 right 4907
object 55 66 left 4900
object 55 66 right 4901
object 56 66 left 4880
object 56 66 right 4881
object 57 66 left 4906
object 57 66 right 4907
object 58 66 left 4882
object 58 66 right 4883
object 60 66 right 3273
object 64 66 left 745
object 64 66 right 746
object 66 66 left 4882
object 66 66 right 4883
object 68 66 left 745
object 68 66 right 746
object 69 66 left 745
object 69 66 right 746
object 71 66 left 3271
object 71 66 right 3272
object 72 66 left 745
object 72 66 right 746
object 73 66 left 4906
object 73 66 right 4907
object 74 66 left 4880
object 74 66 right 4881
object 75 66 left 4902
object 75 66 right 4903
object 76 66 left 4886
object 76 66 right 4887
object 77 66 left 4888
object 77 66 right 4889
object 78 66 left 745
object 78 66 right 746
object 79 66 left 4896
object 79 66 right 4897
object 80 66 left 4894
object 80 66 right 4895
object 81 66 left 747
object 81 66 right 748
object 89 66 left 4884
object 89 66 right 4885
object 90 66 left 4908
object 90 66 right 4909
object 91 66 left 3274
object 91 66 right 3275
object 92 66 left 4878
object 92 66 right 4879
object 93 66 left 4876
object 93 66 right 4877
object 94 66 left 747
object 94 66 right 748
object 95 66 left 747
object 95 66 right 748
object 96 66 left 4908
object 96 66 right 4909
object 97 66 left 745
object 97 66 right 746
object 2 67 left 4908
object 2 67 right 4909
object 4 67 left 4878
object 4 67 right 4879
object 5 67 left 4876
object 5 67 right 4877
object 7 67 left 745
object 7 67 right 746
object 8 67 left 4908
object 8 67 right 4909
object 9 67 left 747
object 9 67 right 748
object 12 67 left 2665
object 13 67 left 2666
object 14 67 left 2667
object 14 67 right 2668
object 21 67 left 745
object 21 67 right 746
object 22 67 left 4900
object 22 67 right 4901
object 23 67 left 745
object 23 67 right 746
object 26 67 left 4880
object 26 67 right 4881
object 27 67 left 4890
object 27 67 right 4891
object 28 67 left 4878
object 28 67 right 4879
object 29 67 left 4900
object 29 67 right 4901
object 30 67 left 4902
object 30 67 right 4903
object 32 67 left 745
object 32 67 right 746
object 33 67 left 745
object 33 67 right 746
object 35 67 left 4898
object 35 67 right 4899
object 36 67 left 4900
object 36 67 right 4901
object 38 67 left 4886
object 38 67 right 4887
object 39 67 left 745
object 39 67 right 746
object 40 67 left 3248
object 40 67 right 3249
object 44 67 left 4904
object 44 67 right 4905
object 46 67 left 747
object 46 67 right 748
object 47 67 left 4884
object 47 67 right 4885
object 48 67 left 4908
object 48 67 right 4909
object 49 67 left 3274
object 49 67 right 3275
object 50 67 left 4878
object 50 67 right 4879
object 51 67 left 4876
object 51 67 right 4877
object 54 67 left 4908
object 54 67 right 4909
object 55 67 left 745
object 55 67 right 746
object 56 67 left 745
object 56 67 right 746
object 59 67 left 4878
object 59 67 right 4879
object 60 67 left 3271
object 60 67 right 3272
object 62 67 left 4908
object 62 67 right 4909
object 63 67 left 4906
object 63 67 right 4907
object 64 67 left 745
object 64 67 right 746
object 67 67 left 4878
object 67 67 right 3276
object 68 67 left 4880
object 68 67 right 4881
object 70 67 left 4908
object 70 67 right 4909
object 71 67 left 4906
object 71 67 right 4907
object 73 67 left 4900
object 73 67 right 4901
object 74 67 left 4880
object 74 67 right 4881
object 75 67 left 4906
object 75 67 right 4907
object 76 67 left 4882
object 76 67 right 4883
object 78 67 left 745
object 78 67 right 3273
object 83 67 left 747
object 83 67 right 748
object 88 67 left 4904
object 88 67 right 4905
object 89 67 left 4884
object 89 67 right 4885
object 92 67 left 4906
object 92 67 right 4907
object 93 67 left 4904
object 93 67 right 4905
object 95 67 left 4886
object 95 67 right 4887
object 96 67 left 4898
object 96 67 right 4899
object 97 67 left 747
object 97 67 right 748
object 99 67 left 4884
object 99 67 right 4885
object 3 68 left 745
object 3 68 right 746
object 6 68 left 747
object 6 68 right 748
object 7 68 left 4904
object 7 68 right 4905
object 10 68 left 747
object 10 68 right 748
object 11 68 left 747
object 11 68 right 748
object 13 68 left 745
object 13 68 right 746
object 21 68 left 745
object 21 68 right 746
object 22 68 left 3248
object 22 68 right 3249
object 23 68 left 4908
object 23 68 right 4909
object 24 68 left 745
object 24 68 right 746
object 25 68 left 4876
object 25 68 right 4877
object 27 68 left 745
object 27 68 right 746
object 28 68 left 4880
object 28 68 right 4881
object 29 68 left 745
object 29 68 right 746
object 31 68 left 745
object 31 68 right 3276
object 33 68 right 748
object 34 68 left 745
object 34 68 right 746
object 35 68 left 745
object 35 68 right 746
object 36 68 left 4880
object 36 68 right 4881
object 37 68 left 4904
object 37 68 right 4905
object 38 68 left 4902
object 38 68 right 4903
object 39 68 left 4900
object 39 68 right 4901
object 41 68 left 745
object 41 68 right 746
object 43 68 left 747
object 43 68 right 748
object 45 68 left 745
object 45 68 right 746
object 46 68 left 4904
object 46 68 right 4905
object 47 68 left 4884
object 47 68 right 4885
object 50 68 left 4906
object 50 68 right 4907
object 51 68 left 4904
object 51 68 right 4905
object 52 68 left 747
object 52 68 right 748
object 53 68 left 4886
object 53 68 right 4887
object 54 68 left 4898
object 54 68 right 4899
object 57 68 left 4884
object 57 68 right 4885
object 58 68 left 4908
object 58 68 right 4909
object 59 68 left 747
object 59 68 right 748
object 60 68 left 4878
object 60 68 right 4879
object 61 68 left 4876
object 61 68 right 4877
object 65 68 left 4884
object 65 68 right 4885
object 66 68 left 4908
object 66 68 right 4909
object 67 68 left 3274
object 67 68 right 3275
object 68 68 left 4878
object 68 68 right 4879
object 69 68 left 4876
object 69 68 right 4877
object 70 68 left 745
object 70 68 right 746
object 72 68 left 4908
object 72 68 right 4909
object 73 68 left 745
object 73 68 right 746
object 75 68 left 745
object 75 68 right 746
object 77 68 left 4878
object 77 68 right 4879
object 78 68 left 3271
object 78 68 right 3272
object 80 68 left 4908
object 80 68 right 4909
object 81 68 left 4906
object 81 68 right 4907
object 87 68 left 747
object 87 68 right 748
object 90 68 left 4898
object 90 68 right 4899
object 91 68 left 4900
object 91 68 right 4901
object 93 68 left 4888
object 93 68 right 4889
object 95 68 left 4886
object 95 68 right 4887
object 96 68 left 4904
object 96 68 right 4905
object 98 68 left 4904
object 98 68 right 4905
object 99 68 left 4884
object 99 68 right 4885
object 0 69 left 745
object 0 69 right 746
object 1 69 left 747
object 1 69 right 748
object 2 69 left 747
object 2 69 right 748
object 12 69 left 747
object 12 69 right 748
object 17 69 left 745
object 17 69 right 746
object 21 69 left 4884
object 21 69 right 4885
object 22 69 left 4886
object 22 69 right 4887
object 23 69 left 745
object 23 69 right 746
object 24 69 left 4898
object 24 69 right 4899
object 25 69 left 745
object 25 69 right 746
object 26 69 left 745
object 26 69 right 746
object 27 69 right 3276
object 28 69 left 4894
object 28 69 right 4895
object 29 69 left 4906
object 29 69 right 4907
object 30 69 left 745
object 30 69 right 746
object 31 69 left 3274
object 31 69 right 3275
object 32 69 left 745
object 32 69 right 746
object 33 69 left 745
object 33 69 right 746
object 35 69 left 745
object 35 69 right 746
object 38 69 left 745
object 38 69 right 746
object 39 69 left 3248
object 39 69 right 3249
object 40 69 left 4908
object 40 69 right 4909
object 42 69 left 4876
object 42 69 right 4877
object 44 69 left 745
object 44 69 right 746
object 45 69 left 4900
object 45 69 right 4901
object 46 69 left 745
object 46 69 right 746
object 48 69 left 4898
object 48 69 right 4899
object 49 69 left 4900
object 49 69 right 4901
object 51 69 left 4888
object 51 69 right 4889
object 53 69 left 4886
object 53 69 right 4887
object 54 69 left 4904
object 54 69 right 4905
object 56 69 left 4904
object 56 69 right 4905
object 57 69 left 4884
object 57 69 right 4885
object 58 69 left 745
object 58 69 right 746
object 60 69 left 745
object 60 69 right 746
object 63 69 left 4904
object 63 69 right 4905
object 64 69 left 4904
object 64 69 right 4905
object 65 69 left 4884
object 65 69 right 4885
object 68 69 left 4906
object 68 69 right 4907
object 69 69 left 4904
object 69 69 right 4905
object 71 69 left 4886
object 71 69 right 4887
object 72 69 left 4898
object 72 69 right 4899
object 75 69 left 4884
object 75 69 right 4885
object 76 69 left 4908
object 76 69 right 4909
object 78 69 left 4878
object 78 69 right 4879
object 79 69 left 4876
object 79 69 right 4877
object 82 69 left 745
object 82 69 right 746
object 83 69 left 745
object 83 69 right 746
object 89 69 left 747
object 89 69 right 748
object 91 69 left 4880
object 91 69 right 4881
object 92 69 left 4890
object 92 69 right 4891
object 93 69 left 4878
object 93 69 right 4879
object 94 69 left 4900
object 94 69 right 4901
object 95 69 left 4902
object 95 69 right 4903
object 97 69 left 745
object 97 69 right 746
object 98 69 left 745
object 98 69 right 746
object 3 70 left 747
object 3 70 right 748
object 4 70 left 4876
object 4 70 right 4877
object 5 70 left 4878
object 5 70 right 4879
object 6 70 left 4902
object 6 70 right 4903
object 8 70 left 745
object 8 70 right 746
object 11 70 left 747
object 11 70 right 748
object 14 70 left 745
object 14 70 right 746
object 19 70 left 747
object 19 70 right 748
object 21 70 left 4884
object 21 70 right 4885
object 23 70 left 745
object 23 70 right 746
object 24 70 left 4902
object 24 70 right 4903
object 25 70 left 4878
object 25 70 right 4879
object 26 70 left 4900
object 26 70 right 4901
object 27 70 left 3274
object 27 70 right 3275
object 28 70 left 4878
object 28 70 right 4879
object 29 70 left 4880
object 29 70 right 4881
object 30 70 left 4894
object 30 70 right 4895
object 32 70 left 4884
object 32 70 right 4885
object 34 70 left 4882
object 34 70 right 4883
object 36 70 left 745
object 36 70 right 746
object 38 70 left 4884
object 38 70 right 4885
object 39 70 left 4886
object 39 70 right 4887
object 40 70 left 745
object 40 70 right 746
object 41 70 left 4898
object 41 70 right 4899
object 44 70 left 745
object 44 70 right 746
object 45 70 left 3248
object 45 70 right 3249
object 46 70 left 4908
object 46 70 right 4909
object 48 70 left 4876
object 48 70 right 4877
object 49 70 left 4880
object 49 70 right 4881
object 50 70 left 4890
object 50 70 right 4891
object 51 70 left 4878
object 51 70 right 4879
object 52 70 left 4900
object 52 70 right 4901
object 53 70 left 4902
object 53 70 right 4903
object 55 70 left 745
object 55 70 right 746
object 56 70 left 745
object 56 70 right 746
object 58 70 left 4898
object 58 70 right 4899
object 59 70 left 4900
object 59 70 right 4901
object 61 70 left 4886
object 61 70 right 4887
object 62 70 left 745
object 62 70 right 746
object 63 70 left 3248
object 63 70 right 3249
object 66 70 left 4898
object 66 70 right 4899
object 67 70 left 4900
object 67 70 right 4901
object 69 70 left 4888
object 69 70 right 4889
object 70 70 left 745
object 70 70 right 746
object 71 70 left 4886
object 71 70 right 4887
object 72 70 left 4904
object 72 70 right 4905
object 74 70 left 4904
object 74 70 right 4905
object 75 70 left 4884
object 75 70 right 4885
object 76 70 left 745
object 76 70 right 746
object 77 70 left 747
object 77 70 right 748
object 80 70 left 745
object 80 70 right 746
object 81 70 left 4904
object 81 70 right 4905
object 88 70 left 745
object 88 70 right 746
object 89 70 left 745
object 89 70 right 746
object 90 70 left 3248
object 90 70 right 3249
object 91 70 left 745
object 91 70 right 746
object 93 70 left 4880
object 93 70 right 4881
object 95 70 left 747
object 95 70 right 748
object 96 70 right 3276
object 98 70 left 747
object 98 70 right 748
object 1 71 left 747
object 1 71 right 748
object 2 71 left 4902
object 2 71 right 4903
object 3 71 left 4878
object 3 71 right 4879
object 4 71 left 4886
object 4 71 right 4887
object 5 71 left 4894
object 5 71 right 4895
object 7 71 left 745
object 7 71 right 746
object 9 71 left 747
object 9 71 right 748
object 11 71 right 2664
object 12 71 left 747
object 12 71 right 748
object 14 71 left 747
object 14 71 right 748
object 17 71 left 4876
object 17 71 right 4877
object 18 71 left 745
object 18 71 right 746
object 22 71 left 745
object 22 71 right 746
object 23 71 left 4880
object 23 71 right 4881
object 25 71 left 4894
object 25 71 right 4895
object 26 71 left 747
object 26 71 right 748
object 30 71 left 4898
object 30 71 right 4899
object 31 71 left 4898
object 31 71 right 4899
object 33 71 left 745
object 33 71 right 746
object 38 71 left 4884
object 38 71 right 4885
object 39 71 left 747
object 39 71 right 748
object 40 71 left 745
object 40 71 right 746
object 41 71 left 4902
object 41 71 right 4903
object 42 71 left 4878
object 42 71 right 4879
object 43 71 left 4900
object 43 71 right 4901
object 44 71 left 4884
object 44 71 right 4885
object 45 71 left 4886
object 45 71 right 4887
object 46 71 left 745
object 46 71 right 746
object 47 71 left 4898
object 47 71 right 4899
object 48 71 left 3248
object 48 71 right 3249
object 49 71 left 745
object 49 71 right 746
object 51 71 left 4880
object 51 71 right 4881
object 52 71 left 745
object 52 71 right 746
object 54 71 left 745
object 54 71 right 3276
object 57 71 left 745
object 57 71 right 746
object 58 71 left 745
object 58 71 right 746
object 59 71 left 4880
object 59 71 right 4881
object 60 71 left 4904
object 60 71 right 4905
object 61 71 left 4902
object 61 71 right 4903
object 62 71 left 4906
object 62 71 right 4907
object 66 71 left 747
object 66 71 right 748
object 67 71 left 4880
object 67 71 right 4881
object 68 71 left 4890
object 68 71 right 4891
object 69 71 left 4878
object 69 71 right 4879
object 70 71 left 4900
object 70 71 right 4901
object 71 71 left 4902
object 71 71 right 4903
object 73 71 left 745
object 73 71 right 746
object 74 71 left 745
object 74 71 right 746
object 75 71 left 747
object 75 71 right 748
object 76 71 left 4898
object 76 71 right 4899
object 77 71 left 4900
object 77 71 right 4901
object 79 71 left 4886
object 79 71 right 4887
object 80 71 left 745
object 80 71 right 746
object 81 71 left 3248
object 81 71 right 3249
object 90 71 left 745
object 90 71 right 746
object 91 71 left 745
object 91 71 right 746
object 92 71 right 3276
object 93 71 left 4894
object 93 71 right 4895
object 94 71 left 4906
object 94 71 right 4907
object 95 71 left 745
object 95 71 right 746
object 96 71 left 3274
object 96 71 right 3275
object 97 71 left 745
object 97 71 right 746
object 0 72 left 745
object 0 72 right 746
object 1 72 right 3276
object 2 72 left 4906
object 2 72 right 4907
object 3 72 left 4878
object 3 72 right 4879
object 4 72 left 4902
object 4 72 right 4903
object 5 72 left 4888
object 5 72 right 4889
object 6 72 left 4898
object 6 72 right 4899
object 7 72 left 4886
object 7 72 right 4887
object 8 72 left 745
object 8 72 right 746
object 9 72 left 4892
object 9 72 right 4893
object 11 72 left 745
object 11 72 right 2663
object 18 72 left 747
object 18 72 right 748
object 20 72 left 4876
object 20 72 right 4877
object 21 72 left 4894
object 21 72 right 4895
object 22 72 left 4894
object 22 72 right 4895
object 23 72 left 4902
object 23 72 right 4903
object 24 72 left 4878
object 24 72 right 4879
object 27 72 left 4886
object 27 72 right 4887
object 28 72 left 4888
object 28 72 right 4889
object 29 72 left 745
object 29 72 right 746
object 30 72 left 4896
object 30 72 right 4897
object 31 72 left 4894
object 31 72 right 4895
object 32 72 left 747
object 32 72 right 3273
object 35 72 left 747
object 35 72 right 748
object 38 72 left 745
object 38 72 right 746
object 39 72 left 745
object 39 72 right 746
object 40 72 left 4880
object 40 72 right 4881
object 41 72 left 747
object 41 72 right 748
object 42 72 left 4894
object 42 72 right 4895
object 44 72 left 4884
object 44 72 right 4885
object 45 72 left 747
object 45 72 right 748
object 46 72 left 745
object 46 72 right 746
object 47 72 left 4902
object 47 72 right 4903
object 48 72 left 4878
object 48 72 right 4879
object 49 72 left 4900
object 49 72 right 4901
object 50 72 right 3276
object 51 72 left 4894
object 51 72 right 4895
object 52 72 left 4906
object 52 72 right 4907
object 53 72 left 745
object 53 72 right 746
object 54 72 left 3274
object 54 72 right 3275
object 55 72 left 745
object 55 72 right 746
object 58 72 left 745
object 58 72 right 746
object 60 72 left 745
object 60 72 right 746
object 62 72 left 4900
object 62 72 right 4901
object 64 72 right 748
object 65 72 left 745
object 65 72 right 746
object 66 72 left 3248
object 66 72 right 3249
object 69 72 left 4880
object 69 72 right 4881
object 70 72 left 745
object 70 72 right 746
object 72 72 left 745
object 72 72 right 3276
object 74 72 left 745
object 74 72 right 746
object 76 72 left 745
object 76 72 right 746
object 77 72 left 4880
object 77 72 right 4881
object 78 72 left 4904
object 78 72 right 4905
object 79 72 left 4902
object 79 72 right 4903
object 80 72 left 4906
object 80 72 right 4907
object 81 72 left 745
object 81 72 right 746
object 89 72 left 745
object 89 72 right 746
object 90 72 left 745
object 90 72 right 746
object 91 72 left 745
object 91 72 right 746
object 92 72 left 3274
object 92 72 right 3275
object 93 72 left 4878
object 93 72 right 4879
object 94 72 left 4880
object 94 72 right 4881
object 95 72 left 4894
object 95 72 right 4895
object 96 72 left 745
object 96 72 right 746
object 97 72 left 4884
object 97 72 right 4885
object 99 72 left 4882
object 99 72 right 4883
object 0 73 left 747
object 0 73 right 748
object 1 73 left 3274
object 1 73 right 3275
object 3 73 left 4902
object 3 73 right 4903
object 4 73 left 4886
object 4 73 right 4887
object 5 73 left 4894
object 5 73 right 4895
object 6 73 left 4902
object 6 73 right 4903
object 7 73 left 4898
object 7 73 right 4899
object 8 73 left 4894
object 8 73 right 4895
object 9 73 left 2659
object 10 73 left 2660
object 10 73 right 746
object 11 73 left 2661
object 11 73 right 2662
object 14 73 left 745
object 14 73 right 746
object 20 73 left 747
object 20 73 right 748
object 22 73 left 4900
object 22 73 right 4901
object 23 73 left 4878
object 23 73 right 4879
object 24 73 left 4878
object 24 73 right 4879
object 26 73 left 747
object 26 73 right 748
object 27 73 left 4882
object 27 73 right 4883
object 28 73 left 745
object 28 73 right 746
object 31 73 left 747
object 31 73 right 748
object 32 73 left 3271
object 32 73 right 3272
object 34 73 left 4906
object 34 73 right 4907
object 36 73 left 747
object 36 73 right 748
object 37 73 left 4876
object 37 73 right 4877
object 38 73 left 4894
object 38 73 right 4895
object 39 73 left 4894
object 39 73 right 4895
object 40 73 left 4902
object 40 73 right 4903
object 41 73 left 4878
object 41 73 right 4879
object 45 73 left 745
object 45 73 right 746
object 46 73 left 4880
object 46 73 right 4881
object 47 73 left 747
object 47 73 right 748
object 48 73 left 4894
object 48 73 right 4895
object 49 73 left 745
object 49 73 right 746
object 50 73 left 3274
object 50 73 right 3275
object 51 73 left 4878
object 51 73 right 4879
object 52 73 left 4880
object 52 73 right 4881
object 53 73 left 4894
object 53 73 right 4895
object 55 73 left 4884
object 55 73 right 4885
object 57 73 left 4882
object 57 73 right 4883
object 61 73 left 745
object 61 73 right 746
object 62 73 left 3248
object 62 73 right 3249
object 63 73 left 4908
object 63 73 right 4909
object 64 73 left 745
object 64 73 right 746
object 65 73 left 4876
object 65 73 right 4877
object 66 73 left 745
object 66 73 right 746
object 67 73 left 745
object 67 73 right 746
object 68 73 right 3276
object 69 73 left 4894
object 69 73 right 4895
object 70 73 left 4906
object 70 73 right 4907
object 71 73 left 745
object 71 73 right 746
object 72 73 left 3274
object 72 73 right 3275
object 73 73 left 745
object 73 73 right 746
object 78 73 left 747
object 78 73 right 748
object 83 73 left 745
object 83 73 right 746
object 88 73 left 745
object 88 73 right 746
object 90 73 left 745
object 90 73 right 746
object 91 73 left 747
object 91 73 right 748
object 95 73 left 4898
object 95 73 right 4899
object 96 73 left 4898
object 96 73 right 4899
object 97 73 left 745
object 97 73 right 746
object 98 73 left 745
object 98 73 right 746
object 0 74 left 4906
object 0 74 right 4907
object 1 74 left 4904
object 1 74 right 4905
object 2 74 left 747
object 2 74 right 748
object 3 74 left 4886
object 3 74 right 4887
object 4 74 left 4898
object 4 74 right 4899
object 5 74 left 4904
object 5 74 right 4905
object 7 74 left 4908
object 7 74 right 4909
object 8 74 left 4880
object 8 74 right 4881
object 9 74 left 4878
object 9 74 right 4879
object 10 74 left 745
object 10 74 right 746
object 12 74 left 747
object 12 74 right 748
object 22 74 left 745
object 22 74 right 746
object 23 74 left 4894
object 23 74 right 4895
object 25 74 left 745
object 25 74 right 746
object 27 74 left 745
object 27 74 right 746
object 28 74 left 4878
object 28 74 right 4879
object 29 74 left 4880
object 29 74 right 4881
object 31 74 left 4908
object 31 74 right 4909
object 32 74 left 4906
object 32 74 right 4907
object 34 74 left 4900
object 34 74 right 4901
object 38 74 left 747
object 38 74 right 748
object 39 74 left 4900
object 39 74 right 4901
object 40 74 left 4878
object 40 74 right 4879
object 41 74 left 4878
object 41 74 right 4879
object 43 74 left 4876
object 43 74 right 4877
object 44 74 left 4894
object 44 74 right 4895
object 45 74 left 4894
object 45 74 right 4895
object 46 74 left 4902
object 46 74 right 4903
object 47 74 left 4878
object 47 74 right 4879
object 48 74 left 745
object 48 74 right 746
object 49 74 left 745
object 49 74 right 746
object 53 74 left 4898
object 53 74 right 4899
object 54 74 left 4898
object 54 74 right 4899
object 55 74 left 747
object 55 74 right 748
object 56 74 left 745
object 56 74 right 746
object 58 74 left 745
object 58 74 right 746
object 60 74 left 747
object 60 74 right 2670
object 61 74 left 4884
object 61 74 right 4885
object 62 74 left 4886
object 62 74 right 4887
object 63 74 left 745
object 63 74 right 746
object 64 74 left 4898
object 64 74 right 4899
object 65 74 left 745
object 65 74 right 746
object 67 74 left 745
object 67 74 right 746
object 68 74 left 3274
object 68 74 right 3275
object 69 74 left 4878
object 69 74 right 4879
object 70 74 left 4880
object 70 74 right 4881
object 71 74 left 4894
object 71 74 right 4895
object 73 74 left 4884
object 73 74 right 4885
object 75 74 left 4882
object 75 74 right 4883
object 77 74 left 745
object 77 74 right 746
object 82 74 left 747
object 82 74 right 748
object 90 74 left 745
object 90 74 right 746
object 92 74 left 4886
object 92 74 right 4887
object 93 74 left 4888
object 93 74 right 4889
object 94 74 left 745
object 94 74 right 746
object 95 74 left 4896
object 95 74 right 4897
object 96 74 left 4894
object 96 74 right 4895
object 97 74 right 3273
object 99 74 left 745
object 99 74 right 746
object 0 75 left 745
object 0 75 right 746
object 1 75 left 4888
object 1 75 right 4889
object 3 75 left 4886
object 3 75 right 4887
object 4 75 left 4904
object 4 75 right 4905
object 6 75 left 4904
object 6 75 right 4905
object 7 75 left 745
object 7 75 right 746
object 8 75 left 4878
object 8 75 right 4879
object 10 75 left 4906
object 10 75 right 4907
object 13 75 left 745
object 13 75 right 746
object 27 75 left 4908
object 27 75 right 4909
object 28 75 left 745
object 28 75 right 746
object 29 75 left 4878
object 29 75 right 4879
object 30 75 left 4876
object 30 75 right 4877
object 31 75 left 745
object 31 75 right 746
object 33 75 left 4908
object 33 75 right 4909
object 36 75 left 747
object 36 75 right 748
object 37 75 left 745
object 37 75 right 746
object 40 75 left 4894
object 40 75 right 4895
object 42 75 left 745
object 42 75 right 746
object 44 75 left 747
object 44 75 right 748
object 45 75 left 4900
object 45 75 right 4901
object 46 75 left 4878
object 46 75 right 4879
object 47 75 left 4878
object 47 75 right 4879
object 49 75 left 747
object 49 75 right 748
object 50 75 left 4886
object 50 75 right 4887
object 51 75 left 4888
object 51 75 right 4889
object 52 75 left 745
object 52 75 right 746
object 53 75 left 4896
object 53 75 right 4897
object 54 75 left 4894
object 54 75 right 4895
object 55 75 right 3273
object 57 75 left 747
object 57 75 right 748
object 60 75 right 2669
object 61 75 left 4884
object 61 75 right 4885
object 62 75 left 747
object 62 75 right 748
object 63 75 left 745
object 63 75 right 746
object 64 75 left 4902
object 64 75 right 4903
object 65 75 left 4878
object 65 75 right 4879
object 66 75 left 4900
object 66 75 right 4901
object 71 75 left 4898
object 71 75 right 4899
object 72 75 left 4898
object 72 75 right 4899
object 74 75 left 745
object 74 75 right 746
object 76 75 left 745
object 76 75 right 746
object 78 75 left 4900
object 78 75 right 4901
object 80 75 right 748
object 81 75 left 745
object 81 75 right 746
object 92 75 left 4882
object 92 75 right 4883
object 94 75 left 4876
object 94 75 right 4877
object 95 75 left 4878
object 95 75 right 4879
object 96 75 left 4902
object 96 75 right 4903
object 97 75 left 3271
object 97 75 right 3272
object 98 75 left 747
object 98 75 right 748
object 99 75 left 4906
object 99 75 right 4907
object 0 76 left 4890
object 0 76 right 4891
object 1 76 left 4878
object 1 76 right 4879
object 2 76 left 4900
object 2 76 right 4901
object 3 76 left 4902
object 3 76 right 4903
object 4 76 left 4880
object 4 76 right 4881
object 5 76 left 4894
object 5 76 right 4895
object 7 76 left 4884
object 7 76 right 4885
object 9 76 left 4882
object 9 76 right 4883
object 13 76 left 745
object 13 76 right 746
object 23 76 left 745
object 23 76 right 746
object 26 76 left 745
object 26 76 right 746
object 28 76 left 745
object 28 76 right 746
object 30 76 left 745
object 30 76 right 746
object 32 76 left 4904
object 32 76 right 4905
object 34 76 left 745
object 34 76 right 746
object 43 76 left 745
object 43 76 right 746
object 46 76 left 4894
object 46 76 right 4895
object 50 76 left 4882
object 50 76 right 4883
object 51 76 left 747
object 51 76 right 748
object 52 76 left 747
object 52 76 right 748
object 55 76 left 3271
object 55 76 right 3272
object 57 76 left 4906
object 57 76 right 4907
object 58 76 left 2665
object 59 76 left 2666
object 60 76 left 2667
object 60 76 right 2668
object 62 76 left 745
object 62 76 right 746
object 63 76 left 4880
object 63 76 right 4881
object 65 76 left 4894
object 65 76 right 4895
object 66 76 left 747
object 66 76 right 748
object 68 76 left 4886
object 68 76 right 4887
object 69 76 left 4888
object 69 76 right 4889
object 70 76 left 745
object 70 76 right 746
object 71 76 left 4896
object 71 76 right 4897
object 72 76 left 4894
object 72 76 right 4895
object 73 76 left 747
object 73 76 right 3273
object 77 76 left 745
object 77 76 right 746
object 78 76 left 3248
object 78 76 right 3249
object 79 76 left 4908
object 79 76 right 4909
object 80 76 left 745
object 80 76 right 746
object 81 76 left 4876
object 81 76 right 4877
object 82 76 left 745
object 82 76 right 746
object 88 76 left 745
object 88 76 right 746
object 90 76 left 745
object 90 76 right 746
object 92 76 left 4902
object 92 76 right 4903
object 93 76 left 4878
object 93 76 right 4879
object 94 76 left 4880
object 94 76 right 4881
object 95 76 left 4894
object 95 76 right 4895
object 96 76 left 4908
object 96 76 right 4909
object 97 76 left 4906
object 97 76 right 4907
object 99 76 left 4900
object 99 76 right 4901
object 1 77 left 4880
object 1 77 right 4881
object 3 77 left 745
object 3 77 right 746
object 5 77 left 4898
object 5 77 right 4899
object 6 77 left 4898
object 6 77 right 4899
object 8 77 left 4878
object 8 77 right 4879
object 9 77 left 4876
object 9 77 right 4877
object 10 77 left 4890
object 10 77 right 4891
object 11 77 left 4882
object 11 77 right 4883
object 12 77 left 747
object 12 77 right 748
object 14 77 left 745
object 14 77 right 746
object 25 77 left 747
object 25 77 right 748
object 32 77 left 747
object 32 77 right 748
object 35 77 left 745
object 35 77 right 746
object 36 77 left 745
object 36 77 right 746
object 38 77 left 745
object 38 77 right 746
object 41 77 left 745
object 41 77 right 746
object 43 77 left 745
object 43 77 right 746
object 45 77 left 745
object 45 77 right 746
object 49 77 left 745
object 49 77 right 746
object 51 77 left 4878
object 51 77 right 4879
object 52 77 left 4880
object 52 77 right 4881
object 54 77 left 4908
object 54 77 right 4909
object 55 77 left 4906
object 55 77 right 4907
object 57 77 left 4900
object 57 77 right 4901
object 59 77 left 745
object 59 77 right 746
object 60 77 left 4876
object 60 77 right 4877
object 61 77 left 4894
object 61 77 right 4895
object 62 77 left 4894
object 62 77 right 4895
object 63 77 left 4902
object 63 77 right 4903
object 64 77 left 4878
object 64 77 right 4879
object 65 77 left 745
object 65 77 right 746
object 68 77 left 4882
object 68 77 right 4883
object 71 77 left 747
object 71 77 right 748
object 73 77 left 3271
object 73 77 right 3272
object 74 77 left 745
object 74 77 right 746
object 75 77 left 4906
object 75 77 right 4907
object 76 77 left 747
object 76 77 right 748
object 77 77 left 4884
object 77 77 right 4885
object 78 77 left 4886
object 78 77 right 4887
object 79 77 left 745
object 79 77 right 746
object 80 77 left 4898
object 80 77 right 4899
object 81 77 left 745
object 81 77 right 746
object 83 77 left 747
object 83 77 right 748
object 91 77 left 745
object 91 77 right 3276
object 92 77 left 4908
object 92 77 right 4909
object 93 77 left 4878
object 93 77 right 4879
object 94 77 left 4878
object 94 77 right 4879
object 95 77 left 4876
object 95 77 right 4877
object 96 77 left 4898
object 96 77 right 4899
object 97 77 left 4886
object 97 77 right 4887
object 98 77 left 4908
object 98 77 right 4909
object 99 77 left 4892
object 99 77 right 4893
object 0 78 left 745
object 0 78 right 746
object 1 78 left 4894
object 1 78 right 4895
object 2 78 left 4906
object 2 78 right 4907
object 3 78 left 4888
object 3 78 right 4889
object 5 78 left 4896
object 5 78 right 4897
object 6 78 left 4894
object 6 78 right 4895
object 7 78 left 745
object 7 78 right 3273
object 8 78 left 4878
object 8 78 right 4879
object 9 78 left 4878
object 9 78 right 4879
object 10 78 left 4884
object 10 78 right 4885
object 11 78 left 745
object 11 78 right 746
object 13 78 left 745
object 13 78 right 746
object 15 78 left 4898
object 15 78 right 4899
object 16 78 left 4898
object 16 78 right 4899
object 18 78 left 745
object 18 78 right 746
object 27 78 left 745
object 27 78 right 746
object 30 78 left 747
object 30 78 right 748
object 33 78 left 745
object 33 78 right 746
object 37 78 left 745
object 37 78 right 746
object 40 78 left 747
object 40 78 right 748
object 47 78 left 747
object 47 78 right 748
object 50 78 left 4908
object 50 78 right 4909
object 51 78 left 745
object 51 78 right 746
object 52 78 left 4878
object 52 78 right 4879
object 53 78 left 4876
object 53 78 right 4877
object 56 78 left 4908
object 56 78 right 4909
object 58 78 left 745
object 58 78 right 746
object 60 78 left 747
object 60 78 right 748
object 62 78 left 4900
object 62 78 right 4901
object 63 78 left 4878
object 63 78 right 4879
object 64 78 left 4878
object 64 78 right 4879
object 65 78 left 747
object 65 78 right 748
object 69 78 left 4878
object 69 78 right 4879
object 70 78 left 4880
object 70 78 right 4881
object 72 78 left 4908
object 72 78 right 4909
object 73 78 left 4906
object 73 78 right 4907
object 75 78 left 4900
object 75 78 right 4901
object 77 78 left 4884
object 77 78 right 4885
object 78 78 left 747
object 78 78 right 748
object 79 78 left 745
object 79 78 right 746
object 80 78 left 4902
object 80 78 right 4903
object 81 78 left 4878
object 81 78 right 4879
object 82 78 left 4900
object 82 78 right 4901
object 88 78 left 745
object 88 78 right 746
object 91 78 left 3274
object 91 78 right 3275
object 93 78 left 4902
object 93 78 right 4903
object 94 78 left 4886
object 94 78 right 4887
object 95 78 left 4894
object 95 78 right 4895
object 96 78 left 4902
object 96 78 right 4903
object 97 78 left 4904
object 97 78 right 4905
object 98 78 left 4894
object 98 78 right 4895
object 99 78 left 4900
object 99 78 right 4901
object 0 79 left 745
object 0 79 right 746
object 2 79 left 4882
object 2 79 right 4883
object 4 79 left 745
object 4 79 right 746
object 7 79 left 3271
object 7 79 right 3272
object 9 79 left 4906
object 9 79 right 4907
object 10 79 left 4880
object 10 79 right 4881
object 11 79 left 4902
object 11 79 right 4903
object 12 79 left 4886
object 12 79 right 4887
object 13 79 left 4888
object 13 79 right 4889
object 14 79 left 745
object 14 79 right 746
object 15 79 left 4896
object 15 79 right 4897
object 16 79 left 4894
object 16 79 right 4895
object 20 79 left 745
object 20 79 right 746
object 45 79 left 747
object 45 79 right 748
object 48 79 left 745
object 48 79 right 746
object 55 79 left 4904
object 55 79 right 4905
object 59 79 left 745
object 59 79 right 746
object 62 79 left 745
object 62 79 right 746
object 63 79 left 4894
object 63 79 right 4895
object 67 79 left 747
object 67 79 right 748
object 68 79 left 4908
object 68 79 right 4909
object 70 79 left 4878
object 70 79 right 4879
object 71 79 left 4876
object 71 79 right 4877
object 74 79 left 4908
object 74 79 right 4909
object 78 79 left 745
object 78 79 right 746
object 79 79 left 4880
object 79 79 right 4881
object 81 79 left 4894
object 81 79 right 4895
object 82 79 left 747
object 82 79 right 748
object 90 79 left 4906
object 90 79 right 4907
object 91 79 left 4904
object 91 79 right 4905
object 93 79 left 4886
object 93 79 right 4887
object 94 79 left 4898
object 94 79 right 4899
object 95 79 left 4904
object 95 79 right 4905
object 96 79 left 747
object 96 79 right 748
object 97 79 left 4908
object 97 79 right 4909
object 98 79 left 4880
object 98 79 right 4881
object 99 79 left 4878
object 99 79 right 4879
object 1 80 left 745
object 1 80 right 746
object 3 80 left 4878
object 3 80 right 3276
object 4 80 left 4880
object 4 80 right 4881
object 5 80 left 745
object 5 80 right 746
object 6 80 left 4908
object 6 80 right 4909
object 7 80 left 4906
object 7 80 right 4907
object 9 80 left 4900
object 9 80 right 4901
object 10 80 left 4880
object 10 80 right 4881
object 11 80 left 4906
object 11 80 right 4907
object 12 80 left 4882
object 12 80 right 4883
object 14 80 left 745
object 14 80 right 3273
object 19 80 left 747
object 19 80 right 748
object 54 80 left 745
object 54 80 right 746
object 57 80 left 745
object 57 80 right 746
object 59 80 left 745
object 59 80 right 746
object 61 80 left 745
object 61 80 right 746
object 65 80 left 745
object 65 80 right 746
object 70 80 left 747
object 70 80 right 748
object 73 80 left 4904
object 73 80 right 4905
object 75 80 left 745
object 75 80 right 746
object 76 80 left 4876
object 76 80 right 4877
object 77 80 left 4894
object 77 80 right 4895
object 78 80 left 4894
object 78 80 right 4895
object 79 80 left 4902
object 79 80 right 4903
object 80 80 left 4878
object 80 80 right 4879
object 81 80 left 745
object 81 80 right 746
object 90 80 left 745
object 90 80 right 746
object 91 80 left 4888
object 91 80 right 4889
object 93 80 left 4886
object 93 80 right 4887
object 94 80 left 4904
object 94 80 right 4905
object 96 80 left 4904
object 96 80 right 4905
object 97 80 left 747
object 97 80 right 748
object 98 80 left 4878
object 98 80 right 4879
object 1 81 left 4884
object 1 81 right 4885
object 2 81 left 4908
object 2 81 right 4909
object 3 81 left 3274
object 3 81 right 3275
object 4 81 left 4878
object 4 81 right 4879
object 5 81 left 4876
object 5 81 right 4877
object 8 81 left 4908
object 8 81 right 4909
object 9 81 left 745
object 9 81 right 746
object 11 81 left 745
object 11 81 right 746
object 13 81 left 4878
object 13 81 right 4879
object 14 81 left 3271
object 14 81 right 3272
object 15 81 left 745
object 15 81 right 746
object 16 81 left 4908
object 16 81 right 4909
object 17 81 left 4906
object 17 81 right 4907
object 18 81 left 745
object 18 81 right 746
object 22 81 left 745
object 22 81 right 746
object 24 81 left 745
object 24 81 right 746
object 28 81 left 745
object 28 81 right 746
object 32 81 left 745
object 32 81 right 746
object 53 81 left 745
object 53 81 right 746
object 56 81 left 747
object 56 81 right 748
object 63 81 left 747
object 63 81 right 748
object 66 81 left 745
object 66 81 right 746
object 67 81 left 745
object 67 81 right 746
object 69 81 left 745
object 69 81 right 746
object 72 81 left 745
object 72 81 right 746
object 74 81 left 745
object 74 81 right 746
object 76 81 left 747
object 76 81 right 748
object 78 81 left 4900
object 78 81 right 4901
object 79 81 left 4878
object 79 81 right 4879
object 80 81 left 4878
object 80 81 right 4879
object 81 81 left 747
object 81 81 right 748
object 90 81 left 4890
object 90 81 right 4891
object 91 81 left 4878
object 91 81 right 4879
object 92 81 left 4900
object 92 81 right 4901
object 93 81 left 4902
object 93 81 right 4903
object 94 81 left 4880
object 94 81 right 4881
object 95 81 left 4894
object 95 81 right 4895
object 97 81 left 4884
object 97 81 right 4885
object 99 81 left 4882
object 99 81 right 4883
object 0 82 left 4904
object 0 82 right 4905
object 1 82 left 4884
object 1 82 right 4885
object 3 82 left 747
object 3 82 right 748
object 4 82 left 4906
object 4 82 right 4907
object 5 82 left 4904
object 5 82 right 4905
object 7 82 left 4886
object 7 82 right 4887
object 8 82 left 4898
object 8 82 right 4899
object 10 82 left 747
object 10 82 right 748
object 11 82 left 4884
object 11 82 right 4885
object 12 82 left 4908
object 12 82 right 4909
object 14 82 left 4878
object 14 82 right 4879
object 15 82 left 4876
object 15 82 right 4877
object 17 82 left 745
object 17 82 right 746
object 19 82 left 745
object 19 82 right 746
object 20 82 left 747
object 20 82 right 748
object 27 82 left 747
object 27 82 right 748
object 29 82 left 745
object 29 82 right 746
object 37 82 left 745
object 37 82 right 746
object 39 82 left 745
object 39 82 right 746
object 43 82 left 745
object 58 82 left 745
object 58 82 right 746
object 61 82 left 747
object 61 82 right 748
object 64 82 left 745
object 64 82 right 746
object 75 82 left 745
object 75 82 right 746
object 78 82 left 745
object 78 82 right 746
object 79 82 left 4894
object 79 82 right 4895
object 83 82 left 747
object 83 82 right 748
object 90 82 left 747
object 90 82 right 748
object 91 82 left 4880
object 91 82 right 4881
object 93 82 left 745
object 93 82 right 746
object 95 82 left 4898
object 95 82 right 4899
object 96 82 left 4898
object 96 82 right 4899
object 98 82 left 4878
object 98 82 right 4879
object 99 82 left 4876
object 99 82 right 4877
object 1 83 left 745
object 1 83 right 746
object 2 83 left 4898
object 2 83 right 4899
object 3 83 left 4900
object 3 83 right 4901
object 5 83 left 4888
object 5 83 right 4889
object 7 83 left 4886
object 7 83 right 4887
object 8 83 left 4904
object 8 83 right 4905
object 10 83 left 4904
object 10 83 right 4905
object 11 83 left 4884
object 11 83 right 4885
object 13 83 left 747
object 13 83 right 748
object 17 83 left 4904
object 17 83 right 4905
object 18 83 left 745
object 18 83 right 746
object 20 83 left 747
object 20 83 right 748
object 21 83 left 4876
object 21 83 right 4877
object 22 83 left 4878
object 22 83 right 4879
object 23 83 left 4902
object 23 83 right 4903
object 24 83 left 745
object 24 83 right 746
object 26 83 left 745
object 26 83 right 746
object 28 83 left 4900
object 28 83 right 4901
object 31 83 left 745
object 31 83 right 746
object 33 83 left 745
object 33 83 right 746
object 35 83 left 747
object 35 83 right 748
object 36 83 left 4876
object 36 83 right 4877
object 37 83 left 4878
object 37 83 right 4879
object 38 83 left 4902
object 38 83 right 4903
object 42 83 left 747
object 42 83 right 748
object 44 83 left 745
object 44 83 right 746
object 73 83 left 745
object 73 83 right 746
object 75 83 left 745
object 75 83 right 746
object 77 83 left 745
object 77 83 right 2670
object 81 83 left 745
object 81 83 right 746
object 89 83 left 745
object 89 83 right 746
object 91 83 left 4894
object 91 83 right 4895
object 92 83 left 4906
object 92 83 right 4907
object 93 83 left 4888
object 93 83 right 4889
object 94 83 left 745
object 94 83 right 746
object 95 83 left 4896
object 95 83 right 4897
object 96 83 left 4894
object 96 83 right 4895
object 97 83 right 3273
object 98 83 left 4878
object 98 83 right 4879
object 99 83 left 4878
object 99 83 right 4879
object 2 84 left 745
object 2 84 right 746
object 3 84 left 4880
object 3 84 right 4881
object 4 84 left 4890
object 4 84 right 4891
object 5 84 left 4878
object 5 84 right 4879
object 6 84 left 4900
object 6 84 right 4901
object 7 84 left 4902
object 7 84 right 4903
object 9 84 left 745
object 9 84 right 746
object 10 84 left 745
object 10 84 right 746
object 12 84 left 4898
object 12 84 right 4899
object 13 84 left 4900
object 13 84 right 4901
object 14 84 left 747
object 14 84 right 748
object 15 84 left 4886
object 15 84 right 4887
object 16 84 left 745
object 16 84 right 746
object 17 84 left 3248
object 17 84 right 3249
object 19 84 left 4902
object 19 84 right 4903
object 20 84 left 4878
object 20 84 right 4879
object 21 84 left 4886
object 21 84 right 4887
object 22 84 left 4894
object 22 84 right 4895
object 27 84 left 745
object 27 84 right 746
object 28 84 left 3248
object 28 84 right 3249
object 29 84 left 4908
object 29 84 right 4909
object 30 84 left 747
object 30 84 right 748
object 31 84 left 4876
object 31 84 right 4877
object 34 84 left 4902
object 34 84 right 4903
object 35 84 left 4878
object 35 84 right 4879
object 36 84 left 4886
object 36 84 right 4887
object 37 84 left 4894
object 37 84 right 4895
object 39 84 left 745
object 39 84 right 746
object 41 84 left 745
object 41 84 right 746
object 43 84 left 745
object 43 84 right 746
object 46 84 left 745
object 46 84 right 746
object 48 84 left 745
object 48 84 right 746
object 49 84 left 4876
object 49 84 right 4877
object 72 84 left 747
object 72 84 right 748
object 77 84 right 2669
object 79 84 left 747
object 79 84 right 748
object 90 84 left 745
object 90 84 right 746
object 92 84 left 4882
object 92 84 right 4883
object 94 84 left 745
object 94 84 right 746
object 95 84 left 745
object 95 84 right 746
object 97 84 left 3271
object 97 84 right 3272
object 98 84 left 745
object 98 84 right 746
object 99 84 left 4906
object 99 84 right 4907
object 0 85 left 745
object 0 85 right 746
object 1 85 left 745
object 1 85 right 746
object 2 85 left 3248
object 2 85 right 3249
object 3 85 left 745
object 3 85 right 746
object 5 85 left 4880
object 5 85 right 4881
object 8 85 right 3276
object 12 85 left 745
object 12 85 right 746
object 13 85 left 4880
object 13 85 right 4881
object 14 85 left 4904
object 14 85 right 4905
object 15 85 left 4902
object 15 85 right 4903
object 16 85 left 4906
object 16 85 right 4907
object 18 85 right 3276
object 19 85 left 4906
object 19 85 right 4907
object 20 85 left 4878
object 20 85 right 4879
object 21 85 left 4902
object 21 85 right 4903
object 22 85 left 4888
object 22 85 right 4889
object 23 85 left 4898
object 23 85 right 4899
object 24 85 left 4886
object 24 85 right 4887
object 25 85 left 745
object 25 85 right 746
object 26 85 left 4892
object 26 85 right 4893
object 27 85 left 4884
object 27 85 right 4885
object 28 85 left 4886
object 28 85 right 4887
object 29 85 left 745
object 29 85 right 746
object 30 85 left 4898
object 30 85 right 4899
object 33 85 right 3276
object 34 85 left 4906
object 34 85 right 4907
object 35 85 left 4878
object 35 85 right 4879
object 36 85 left 4902
object 36 85 right 4903
object 37 85 left 4888
object 37 85 right 4889
object 38 85 left 4898
object 38 85 right 4899
object 39 85 left 4886
object 39 85 right 4887
object 41 85 left 4892
object 41 85 right 4893
object 45 85 left 747
object 45 85 right 748
object 50 85 left 745
object 50 85 right 746
object 52 85 left 745
object 52 85 right 746
object 54 85 left 745
object 54 85 right 746
object 58 85 left 745
object 58 85 right 746
object 62 85 left 745
object 62 85 right 746
object 74 85 left 745
object 74 85 right 746
object 75 85 left 2665
object 76 85 left 2666
object 77 85 left 2667
object 77 85 right 2668
object 90 85 left 745
object 90 85 right 746
object 93 85 left 4878
object 93 85 right 3276
object 94 85 left 4880
object 94 85 right 4881
object 95 85 left 745
object 95 85 right 746
object 96 85 left 4908
object 96 85 right 4909
object 97 85 left 4906
object 97 85 right 4907
object 99 85 left 4900
object 99 85 right 4901
object 0 86 left 747
object 0 86 right 748
object 2 86 left 745
object 2 86 right 746
object 3 86 left 745
object 3 86 right 746
object 4 86 right 3276
object 5 86 left 4894
object 5 86 right 4895
object 6 86 left 4906
object 6 86 right 4907
object 7 86 left 745
object 7 86 right 746
object 8 86 left 3274
object 8 86 right 3275
object 9 86 left 745
object 9 86 right 746
object 10 86 left 747
object 10 86 right 748
object 12 86 left 745
object 12 86 right 746
object 15 86 left 747
object 15 86 right 748
object 18 86 left 3274
object 18 86 right 3275
object 20 86 left 4902
object 20 86 right 4903
object 21 86 left 4886
object 21 86 right 4887
object 22 86 left 4894
object 22 86 right 4895
object 23 86 left 4902
object 23 86 right 4903
object 24 86 left 4898
object 24 86 right 4899
object 25 86 left 4894
object 25 86 right 4895
object 26 86 left 4900
object 26 86 right 4901
object 27 86 left 4884
object 27 86 right 4885
object 28 86 left 745
object 28 86 right 746
object 29 86 left 745
object 29 86 right 746
object 30 86 left 4902
object 30 86 right 4903
object 31 86 left 4878
object 31 86 right 4879
object 32 86 left 4900
object 32 86 right 4901
object 33 86 left 3274
object 33 86 right 3275
object 35 86 left 4902
object 35 86 right 4903
object 36 86 left 4886
object 36 86 right 4887
object 37 86 left 4894
object 37 86 right 4895
object 38 86 left 4902
object 38 86 right 4903
object 39 86 left 4898
object 39 86 right 4899
object 40 86 left 4894
object 40 86 right 4895
object 41 86 left 4900
object 41 86 right 4901
object 42 86 left 747
object 42 86 right 748
object 44 86 left 745
object 44 86 right 746
object 49 86 left 747
object 49 86 right 748
object 50 86 left 747
object 50 86 right 748
object 57 86 left 747
object 57 86 right 748
object 59 86 left 745
object 59 86 right 746
object 83 86 left 745
object 83 86 right 746
object 85 86 left 745
object 85 86 right 746
object 89 86 left 745
object 89 86 right 746
object 91 86 left 4884
object 91 86 right 4885
object 92 86 left 4908
object 92 86 right 4909
object 93 86 left 3274
object 93 86 right 3275
object 94 86 left 4878
object 94 86 right 4879
object 95 86 left 4876
object 95 86 right 4877
object 98 86 left 4908
object 98 86 right 4909
object 99 86 left 745
object 99 86 right 746
object 1 87 left 747
object 1 87 right 748
object 3 87 left 745
object 3 87 right 746
object 4 87 left 3274
object 4 87 right 3275
object 5 87 left 4878
object 5 87 right 4879
object 6 87 left 4880
object 6 87 right 4881
object 7 87 left 4894
object 7 87 right 4895
object 9 87 left 4884
object 9 87 right 4885
object 11 87 left 4882
object 11 87 right 4883
object 13 87 left 747
object 13 87 right 748
object 16 87 left 747
object 16 87 right 748
object 17 87 left 4906
object 17 87 right 4907
object 18 87 left 4904
object 18 87 right 4905
object 20 87 left 4886
object 20 87 right 4887
object 21 87 left 4898
object 21 87 right 4899
object 22 87 left 4904
object 22 87 right 4905
object 24 87 left 4908
object 24 87 right 4909
object 25 87 left 4880
object 25 87 right 4881
object 26 87 left 4878
object 26 87 right 4879
object 27 87 left 745
object 27 87 right 746
object 28 87 left 745
object 28 87 right 746
object 29 87 left 4880
object 29 87 right 4881
object 31 87 left 4894
object 31 87 right 4895
object 32 87 left 4906
object 32 87 right 4907
object 33 87 left 4904
object 33 87 right 4905
object 34 87 left 745
object 34 87 right 746
object 35 87 left 4886
object 35 87 right 4887
object 36 87 left 4898
object 36 87 right 4899
object 37 87 left 4904
object 37 87 right 4905
object 38 87 left 745
object 38 87 right 746
object 39 87 left 4908
object 39 87 right 4909
object 40 87 left 4880
object 40 87 right 4881
object 41 87 left 4878
object 41 87 right 4879
object 42 87 left 745
object 42 87 right 746
object 43 87 left 745
object 43 87 right 746
object 45 87 left 745
object 45 87 right 746
object 46 87 right 2670
object 47 87 right 748
object 48 87 left 745
object 48 87 right 746
object 49 87 left 4876
object 49 87 right 4877
object 50 87 left 4878
object 50 87 right 4879
object 51 87 left 4902
object 51 87 right 4903
object 52 87 left 745
object 52 87 right 746
object 54 87 left 745
object 54 87 right 746
object 56 87 left 745
object 56 87 right 746
object 58 87 left 745
object 58 87 right 746
object 61 87 left 745
object 61 87 right 746
object 63 87 left 4876
object 63 87 right 4877
object 64 87 left 4878
object 64 87 right 4879
object 65 87 left 4902
object 65 87 right 4903
object 81 87 left 747
object 81 87 right 748
object 88 87 left 747
object 88 87 right 748
object 90 87 left 4904
object 90 87 right 4905
object 91 87 left 4884
object 91 87 right 4885
object 94 87 left 4906
object 94 87 right 4907
object 95 87 left 4904
object 95 87 right 4905
object 97 87 left 4886
object 97 87 right 4887
object 98 87 left 4898
object 98 87 right 4899
object 0 88 left 747
object 0 88 right 748
object 2 88 left 745
object 2 88 right 746
object 3 88 left 745
object 3 88 right 746
object 7 88 left 4898
object 7 88 right 4899
object 8 88 left 4898
object 8 88 right 4899
object 10 88 left 745
object 10 88 right 746
object 12 88 left 745
object 12 88 right 746
object 15 88 left 745
object 15 88 right 746
object 18 88 left 4888
object 18 88 right 4889
object 20 88 left 4886
object 20 88 right 4887
object 21 88 left 4904
object 21 88 right 4905
object 23 88 left 4904
object 23 88 right 4905
object 25 88 left 4878
object 25 88 right 4879
object 26 88 left 4876
object 26 88 right 4877
object 27 88 left 4894
object 27 88 right 4895
object 28 88 left 4894
object 28 88 right 4895
object 29 88 left 4902
object 29 88 right 4903
object 30 88 left 4878
object 30 88 right 4879
object 33 88 left 4888
object 33 88 right 4889
object 35 88 left 4886
object 35 88 right 4887
object 36 88 left 4904
object 36 88 right 4905
object 38 88 left 4904
object 38 88 right 4905
object 40 88 left 4878
object 40 88 right 4879
object 42 88 left 4906
object 42 88 right 4907
object 44 88 left 747
object 44 88 right 748
object 46 88 right 2669
object 47 88 left 4902
object 47 88 right 4903
object 48 88 left 4878
object 48 88 right 4879
object 49 88 left 4886
object 49 88 right 4887
object 50 88 left 4894
object 50 88 right 4895
object 60 88 left 747
object 60 88 right 748
object 61 88 left 4902
object 61 88 right 4903
object 62 88 left 4878
object 62 88 right 4879
object 63 88 left 4886
object 63 88 right 4887
object 64 88 left 4894
object 64 88 right 4895
object 65 88 left 745
object 65 88 right 746
object 68 88 left 745
object 68 88 right 746
object 70 88 left 745
object 70 88 right 746
object 76 88 left 4876
object 76 88 right 4877
object 83 88 left 745
object 83 88 right 746
object 84 88 left 4876
object 84 88 right 4877
object 85 88 left 4878
object 85 88 right 4879
object 86 88 left 4902
object 86 88 right 4903
object 87 88 left 745
object 87 88 right 746
object 89 88 left 745
object 89 88 right 746
object 92 88 left 4898
object 92 88 right 4899
object 93 88 left 4900
object 93 88 right 4901
object 94 88 left 745
object 94 88 right 746
object 95 88 left 4888
object 95 88 right 4889
object 97 88 left 4886
object 97 88 right 4887
object 98 88 left 4904
object 98 88 right 4905
object 1 89 left 747
object 1 89 right 748
object 3 89 left 747
object 3 89 right 748
object 4 89 left 4886
object 4 89 right 4887
object 5 89 left 4888
object 5 89 right 4889
object 6 89 left 745
object 6 89 right 746
object 7 89 left 4896
object 7 89 right 4897
object 8 89 left 4894
object 8 89 right 4895
object 9 89 right 3273
object 10 89 left 745
object 10 89 right 746
object 12 89 left 745
object 12 89 right 746
object 13 89 left 4900
object 13 89 right 4901
object 14 89 left 745
object 14 89 right 746
object 17 89 left 4890
object 17 89 right 4891
object 18 89 left 4878
object 18 89 right 4879
object 19 89 left 4900
object 19 89 right 4901
object 20 89 left 4902
object 20 89 right 4903
object 21 89 left 4880
object 21 89 right 4881
object 22 89 left 4894
object 22 89 right 4895
object 24 89 left 4884
object 24 89 right 4885
object 25 89 left 747
object 25 89 right 748
object 26 89 left 4882
object 26 89 right 4883
object 28 89 left 4900
object 28 89 right 4901
object 29 89 left 4878
object 29 89 right 4879
object 30 89 left 4878
object 30 89 right 4879
object 32 89 left 4890
object 32 89 right 4891
object 33 89 left 4878
object 33 89 right 4879
object 34 89 left 4900
object 34 89 right 4901
object 35 89 left 4902
object 35 89 right 4903
object 36 89 left 4880
object 36 89 right 4881
object 37 89 left 4894
object 37 89 right 4895
object 38 89 left 747
object 38 89 right 748
object 39 89 left 4884
object 39 89 right 4885
object 41 89 left 4882
object 41 89 right 4883
object 43 89 left 747
object 43 89 right 748
object 44 89 left 2665
object 45 89 left 2666
object 46 89 left 2667
object 46 89 right 2668
object 47 89 left 4906
object 47 89 right 4907
object 48 89 left 4878
object 48 89 right 4879
object 49 89 left 4902
object 49 89 right 4903
object 50 89 left 4888
object 50 89 right 4889
object 51 89 left 4898
object 51 89 right 4899
object 52 89 left 4886
object 52 89 right 4887
object 54 89 left 4892
object 54 89 right 4893
object 55 89 left 745
object 55 89 right 746
object 57 89 left 747
object 57 89 right 2664
object 59 89 left 745
object 59 89 right 746
object 60 89 right 3276
object 61 89 left 4906
object 61 89 right 4907
object 62 89 left 4878
object 62 89 right 4879
object 63 89 left 4902
object 63 89 right 4903
object 64 89 left 4888
object 64 89 right 4889
object 65 89 left 4898
object 65 89 right 4899
object 66 89 left 4886
object 66 89 right 4887
object 68 89 left 4892
object 68 89 right 4893
object 73 89 left 747
object 73 89 right 748
object 75 89 left 745
object 75 89 right 746
object 82 89 left 4902
object 82 89 right 4903
object 83 89 left 4878
object 83 89 right 4879
object 84 89 left 4886
object 84 89 right 4887
object 85 89 left 4894
object 85 89 right 4895
object 91 89 left 747
object 91 89 right 748
object 93 89 left 4880
object 93 89 right 4881
object 94 89 left 4890
object 94 89 right 4891
object 95 89 left 4878
object 95 89 right 4879
object 96 89 left 4900
object 96 89 right 4901
object 97 89 left 4876
object 97 89 right 4877
object 99 89 left 745
object 99 89 right 746
object 0 90 left 745
object 0 90 right 746
object 4 90 left 4882
object 4 90 right 4883
object 5 90 left 747
object 5 90 right 748
object 6 90 left 745
object 6 90 right 746
object 9 90 left 3271
object 9 90 right 3272
object 11 90 left 4906
object 11 90 right 4907
object 12 90 left 745
object 12 90 right 746
object 13 90 left 3248
object 13 90 right 3249
object 14 90 left 4908
object 14 90 right 4909
object 16 90 left 4876
object 16 90 right 4877
object 18 90 left 4880
object 18 90 right 4881
object 19 90 left 745
object 19 90 right 746
object 20 90 left 745
object 20 90 right 746
object 22 90 left 4898
object 22 90 right 4899
object 23 90 left 4898
object 23 90 right 4899
object 25 90 left 4878
object 25 90 right 4879
object 26 90 left 4876
object 26 90 right 4877
object 27 90 left 4890
object 27 90 right 4891
object 28 90 left 4882
object 28 90 right 4883
object 29 90 left 4894
object 29 90 right 4895
object 31 90 left 747
object 31 90 right 748
object 33 90 left 4880
object 33 90 right 4881
object 34 90 left 747
object 34 90 right 748
object 35 90 left 745
object 35 90 right 746
object 37 90 left 4898
object 37 90 right 4899
object 38 90 left 4898
object 38 90 right 4899
object 40 90 left 4878
object 40 90 right 4879
object 41 90 left 4876
object 41 90 right 4877
object 42 90 left 4890
object 42 90 right 4891
object 43 90 left 4882
object 43 90 right 4883
object 44 90 left 747
object 44 90 right 748
object 45 90 left 747
object 45 90 right 748
object 47 90 left 745
object 47 90 right 746
object 48 90 left 4902
object 48 90 right 4903
object 49 90 left 4886
object 49 90 right 4887
object 50 90 left 4894
object 50 90 right 4895
object 51 90 left 4902
object 51 90 right 4903
object 52 90 left 4898
object 52 90 right 4899
object 53 90 left 4894
object 53 90 right 4895
object 54 90 left 4900
object 54 90 right 4901
object 56 90 right 746
object 57 90 right 2663
object 58 90 left 745
object 58 90 right 746
object 60 90 left 3274
object 60 90 right 3275
object 62 90 left 4902
object 62 90 right 4903
object 63 90 left 4886
object 63 90 right 4887
object 64 90 left 4894
object 64 90 right 4895
object 65 90 left 4902
object 65 90 right 4903
object 66 90 left 4898
object 66 90 right 4899
object 67 90 left 4894
object 67 90 right 4895
object 68 90 left 4900
object 68 90 right 4901
object 70 90 left 745
object 70 90 right 746
object 72 90 left 745
object 72 90 right 746
object 74 90 left 4900
object 74 90 right 4901
object 77 90 left 745
object 77 90 right 746
object 79 90 left 745
object 79 90 right 746
object 81 90 left 745
object 81 90 right 3276
object 82 90 left 4906
object 82 90 right 4907
object 83 90 left 4878
object 83 90 right 4879
object 84 90 left 4902
object 84 90 right 4903
object 85 90 left 4888
object 85 90 right 4889
object 86 90 left 4898
object 86 90 right 4899
object 87 90 left 4886
object 87 90 right 4887
object 88 90 left 747
object 88 90 right 748
object 89 90 left 4892
object 89 90 right 4893
object 90 90 left 745
object 90 90 right 746
object 91 90 left 745
object 91 90 right 746
object 92 90 left 3248
object 92 90 right 3249
object 95 90 left 4880
object 95 90 right 4881
object 98 90 right 3276
object 3 91 left 745
object 3 91 right 746
object 5 91 left 4878
object 5 91 right 4879
object 6 91 left 4880
object 6 91 right 4881
object 8 91 left 4908
object 8 91 right 4909
object 9 91 left 4906
object 9 91 right 4907
object 11 91 left 4900
object 11 91 right 4901
object 12 91 left 4884
object 12 91 right 4885
object 13 91 left 4886
object 13 91 right 4887
object 14 91 left 745
object 14 91 right 746
object 15 91 left 4898
object 15 91 right 4899
object 17 91 left 745
object 17 91 right 746
object 18 91 left 4894
object 18 91 right 4895
object 19 91 left 4906
object 19 91 right 4907
object 20 91 left 4888
object 20 91 right 4889
object 22 91 left 4896
object 22 91 right 4897
object 23 91 left 4894
object 23 91 right 4895
object 24 91 right 3273
object 25 91 left 4878
object 25 91 right 4879
object 26 91 left 4878
object 26 91 right 4879
object 27 91 left 4884
object 27 91 right 4885
object 30 91 left 745
object 30 91 right 746
object 32 91 left 4898
object 32 91 right 4899
object 33 91 left 4894
object 33 91 right 4895
object 34 91 left 4906
object 34 91 right 4907
object 35 91 left 4888
object 35 91 right 4889
object 37 91 left 4896
object 37 91 right 4897
object 38 91 left 4894
object 38 91 right 4895
object 39 91 right 3273
object 40 91 left 4878
object 40 91 right 4879
object 41 91 left 4878
object 41 91 right 4879
object 42 91 left 4884
object 42 91 right 4885
object 45 91 left 4906
object 45 91 right 4907
object 46 91 left 4904
object 46 91 right 4905
object 47 91 left 4898
object 47 91 right 4899
object 48 91 left 4886
object 48 91 right 4887
object 49 91 left 4898
object 49 91 right 4899
object 50 91 left 4904
object 50 91 right 4905
object 52 91 left 4908
object 52 91 right 4909
object 53 91 left 4880
object 53 91 right 4881
object 54 91 left 4878
object 54 91 right 4879
object 55 91 left 2659
object 55 91 right 746
object 56 91 left 2660
object 57 91 left 2661
object 57 91 right 2662
object 59 91 left 4906
object 59 91 right 4907
object 60 91 left 4904
object 60 91 right 4905
object 62 91 left 4886
object 62 91 right 4887
object 63 91 left 4898
object 63 91 right 4899
object 64 91 left 4904
object 64 91 right 4905
object 66 91 left 4908
object 66 91 right 4909
object 67 91 left 4880
object 67 91 right 4881
object 68 91 left 4878
object 68 91 right 4879
object 69 91 left 745
object 69 91 right 746
object 73 91 left 745
object 73 91 right 746
object 74 91 left 3248
object 74 91 right 3249
object 75 91 left 4908
object 75 91 right 4909
object 76 91 left 747
object 76 91 right 748
object 77 91 left 4876
object 77 91 right 4877
object 81 91 left 3274
object 81 91 right 3275
object 83 91 left 4902
object 83 91 right 4903
object 84 91 left 4886
object 84 91 right 4887
object 85 91 left 4894
object 85 91 right 4895
object 86 91 left 4902
object 86 91 right 4903
object 87 91 left 4898
object 87 91 right 4899
object 88 91 left 4894
object 88 91 right 4895
object 89 91 left 4900
object 89 91 right 4901
object 91 91 left 745
object 91 91 right 746
object 92 91 left 745
object 92 91 right 746
object 93 91 left 745
object 93 91 right 746
object 94 91 left 745
object 94 91 right 3276
object 95 91 left 4894
object 95 91 right 4895
object 96 91 left 4906
object 96 91 right 4907
object 97 91 left 745
object 97 91 right 746
object 98 91 left 3274
object 98 91 right 3275
object 99 91 left 745
object 99 91 right 746
object 1 92 left 747
object 1 92 right 748
object 3 92 left 4900
object 3 92 right 4901
object 4 92 left 4908
object 4 92 right 4909
object 5 92 left 745
object 5 92 right 746
object 6 92 left 4878
object 6 92 right 4879
object 7 92 left 4876
object 7 92 right 4877
object 10 92 left 4908
object 10 92 right 4909
object 12 92 left 4884
object 12 92 right 4885
object 14 92 left 745
object 14 92 right 746
object 15 92 left 4902
object 15 92 right 4903
object 16 92 left 4878
object 16 92 right 4879
object 17 92 left 4900
object 17 92 right 4901
object 19 92 left 4882
object 19 92 right 4883
object 21 92 left 745
object 21 92 right 746
object 24 92 left 3271
object 24 92 right 3272
object 26 92 left 4906
object 26 92 right 4907
object 27 92 left 4880
object 27 92 right 4881
object 28 92 left 4902
object 28 92 right 4903
object 29 92 left 4886
object 29 92 right 4887
object 30 92 left 4888
object 30 92 right 4889
object 31 92 left 745
object 31 92 right 746
object 32 92 left 745
object 32 92 right 746
object 33 92 left 4894
object 33 92 right 4895
object 34 92 left 4882
object 34 92 right 4883
object 36 92 left 745
object 36 92 right 746
object 37 92 left 747
object 37 92 right 748
object 39 92 left 3271
object 39 92 right 3272
object 40 92 left 747
object 40 92 right 748
object 41 92 left 4906
object 41 92 right 4907
object 42 92 left 4880
object 42 92 right 4881
object 43 92 left 4902
object 43 92 right 4903
object 44 92 left 4886
object 44 92 right 4887
object 45 92 left 4888
object 45 92 right 4889
object 46 92 left 4888
object 46 92 right 4889
object 47 92 left 4896
object 47 92 right 4897
object 48 92 left 4886
object 48 92 right 4887
object 49 92 left 4904
object 49 92 right 4905
object 51 92 left 4904
object 51 92 right 4905
object 53 92 left 4878
object 53 92 right 4879
object 55 92 left 4906
object 55 92 right 4907
object 56 92 left 745
object 56 92 right 746
object 58 92 left 747
object 58 92 right 748
object 60 92 left 4888
object 60 92 right 4889
object 62 92 left 4886
object 62 92 right 4887
object 63 92 left 4904
object 63 92 right 4905
object 65 92 left 4904
object 65 92 right 4905
object 66 92 left 745
object 66 92 right 746
object 67 92 left 4878
object 67 92 right 4879
object 68 92 left 745
object 68 92 right 746
object 69 92 left 4906
object 69 92 right 4907
object 71 92 left 745
object 71 92 right 746
object 73 92 left 4884
object 73 92 right 4885
object 74 92 left 4886
object 74 92 right 4887
object 75 92 left 745
object 75 92 right 746
object 76 92 left 4898
object 76 92 right 4899
object 80 92 left 4906
object 80 92 right 4907
object 81 92 left 4904
object 81 92 right 4905
object 83 92 left 4886
object 83 92 right 4887
object 84 92 left 4898
object 84 92 right 4899
object 85 92 left 4904
object 85 92 right 4905
object 86 92 left 747
object 86 92 right 748
object 87 92 left 4908
object 87 92 right 4909
object 88 92 left 4880
object 88 92 right 4881
object 89 92 left 4878
object 89 92 right 4879
object 90 92 left 745
object 90 92 right 746
object 93 92 left 745
object 93 92 right 746
object 94 92 left 3274
object 94 92 right 3275
object 95 92 left 4878
object 95 92 right 4879
object 96 92 left 4880
object 96 92 right 4881
object 97 92 left 4894
object 97 92 right 4895
object 99 92 left 4884
object 99 92 right 4885
object 1 93 left 745
object 1 93 right 746
object 2 93 left 745
object 2 93 right 746
object 3 93 left 3248
object 3 93 right 3249
object 4 93 left 4908
object 4 93 right 4909
object 6 93 left 4876
object 6 93 right 4877
object 8 93 left 745
object 8 93 right 746
object 9 93 left 4904
object 9 93 right 4905
object 10 93 left 747
object 10 93 right 748
object 11 93 left 747
object 11 93 right 748
object 13 93 left 745
object 13 93 right 746
object 14 93 left 4880
object 14 93 right 4881
object 16 93 left 4894
object 16 93 right 4895
object 20 93 left 4878
object 20 93 right 3276
object 21 93 left 4880
object 21 93 right 4881
object 23 93 left 4908
object 23 93 right 4909
object 24 93 left 4906
object 24 93 right 4907
object 26 93 left 4900
object 26 93 right 4901
object 27 93 left 4880
object 27 93 right 4881
object 28 93 left 4906
object 28 93 right 4907
object 29 93 left 4882
object 29 93 right 4883
object 30 93 left 745
object 30 93 right 746
object 31 93 right 3273
object 35 93 left 4878
object 35 93 right 3276
object 36 93 left 4880
object 36 93 right 4881
object 38 93 left 4908
object 38 93 right 4909
object 39 93 left 4906
object 39 93 right 4907
object 41 93 left 4900
object 41 93 right 4901
object 42 93 left 4880
object 42 93 right 4881
object 43 93 left 4906
object 43 93 right 4907
object 44 93 left 4882
object 44 93 right 4883
object 45 93 left 4890
object 45 93 right 4891
object 46 93 left 4878
object 46 93 right 4879
object 47 93 left 4900
object 47 93 right 4901
object 48 93 left 4902
object 48 93 right 4903
object 49 93 left 4880
object 49 93 right 4881
object 50 93 left 4894
object 50 93 right 4895
object 52 93 left 4884
object 52 93 right 4885
object 54 93 left 4882
object 54 93 right 4883
object 55 93 left 747
object 55 93 right 748
object 59 93 left 4890
object 59 93 right 4891
object 60 93 left 4878
object 60 93 right 4879
object 61 93 left 4900
object 61 93 right 4901
object 62 93 left 4902
object 62 93 right 4903
object 63 93 left 4880
object 63 93 right 4881
object 64 93 left 4894
object 64 93 right 4895
object 66 93 left 4884
object 66 93 right 4885
object 68 93 left 4882
object 68 93 right 4883
object 69 93 left 745
object 69 93 right 746
object 72 93 left 745
object 72 93 right 746
object 73 93 left 4884
object 73 93 right 4885
object 74 93 left 745
object 74 93 right 746
object 75 93 left 745
object 75 93 right 746
object 76 93 left 4902
object 76 93 right 4903
object 77 93 left 4878
object 77 93 right 4879
object 78 93 left 4900
object 78 93 right 4901
object 79 93 left 745
object 79 93 right 746
object 81 93 left 4888
object 81 93 right 4889
object 83 93 left 4886
object 83 93 right 4887
object 84 93 left 4904
object 84 93 right 4905
object 86 93 left 4904
object 86 93 right 4905
object 87 93 left 745
object 87 93 right 746
object 88 93 left 4878
object 88 93 right 4879
object 89 93 left 747
object 89 93 right 748
object 90 93 left 4906
object 90 93 right 4907
object 92 93 left 745
object 92 93 right 746
object 94 93 left 745
object 94 93 right 746
object 96 93 left 747
object 96 93 right 748
object 97 93 left 4898
object 97 93 right 4899
object 98 93 left 4898
object 98 93 right 4899
object 99 93 left 745
object 99 93 right 746
object 0 94 left 747
object 0 94 right 748
object 2 94 left 4884
object 2 94 right 4885
object 3 94 left 4886
object 3 94 right 4887
object 4 94 left 745
object 4 94 right 746
object 5 94 left 4898
object 5 94 right 4899
object 7 94 left 745
object 7 94 right 746
object 10 94 left 745
object 10 94 right 746
object 11 94 left 4876
object 11 94 right 4877
object 12 94 left 4894
object 12 94 right 4895
object 13 94 left 4894
object 13 94 right 4895
object 14 94 left 4902
object 14 94 right 4903
object 15 94 left 4878
object 15 94 right 4879
object 17 94 left 747
object 17 94 right 748
object 18 94 left 4884
object 18 94 right 4885
object 19 94 left 4908
object 19 94 right 4909
object 20 94 left 3274
object 20 94 right 3275
object 21 94 left 4878
object 21 94 right 4879
object 22 94 left 4876
object 22 94 right 4877
object 25 94 left 4908
object 25 94 right 4909
object 26 94 left 745
object 26 94 right 746
object 27 94 left 745
object 27 94 right 746
object 29 94 left 745
object 29 94 right 746
object 30 94 left 4878
object 30 94 right 4879
object 31 94 left 3271
object 31 94 right 3272
object 33 94 left 4884
object 33 94 right 4885
object 34 94 left 4908
object 34 94 right 4909
object 35 94 left 3274
object 35 94 right 3275
object 36 94 left 4878
object 36 94 right 4879
object 37 94 left 4876
object 37 94 right 4877
object 40 94 left 4908
object 40 94 right 4909
object 41 94 left 745
object 41 94 right 746
object 42 94 left 745
object 42 94 right 746
object 45 94 left 4878
object 45 94 right 4879
object 46 94 left 4880
object 46 94 right 4881
object 48 94 left 745
object 48 94 right 746
object 49 94 left 4906
object 49 94 right 4907
object 50 94 left 4898
object 50 94 right 4899
object 51 94 left 4898
object 51 94 right 4899
object 53 94 left 4878
object 53 94 right 4879
object 54 94 left 4876
object 54 94 right 4877
object 55 94 left 4890
object 55 94 right 4891
object 56 94 left 4882
object 56 94 right 4883
object 60 94 left 4880
object 60 94 right 4881
object 61 94 left 747
object 61 94 right 748
object 62 94 left 745
object 62 94 right 746
object 64 94 left 4898
object 64 94 right 4899
object 65 94 left 4898
object 65 94 right 4899
object 66 94 left 745
object 66 94 right 746
object 67 94 left 4878
object 67 94 right 4879
object 68 94 left 4876
object 68 94 right 4877
object 69 94 left 4890
object 69 94 right 4891
object 70 94 left 4882
object 70 94 right 4883
object 71 94 left 747
object 71 94 right 748
object 74 94 left 745
object 74 94 right 746
object 75 94 left 4880
object 75 94 right 4881
object 77 94 left 4894
object 77 94 right 4895
object 78 94 left 745
object 78 94 right 746
object 80 94 left 4890
object 80 94 right 4891
object 81 94 left 4878
object 81 94 right 4879
object 82 94 left 4900
object 82 94 right 4901
object 83 94 left 4902
object 83 94 right 4903
object 84 94 left 4880
object 84 94 right 4881
object 85 94 left 4894
object 85 94 right 4895
object 86 94 left 747
object 86 94 right 748
object 87 94 left 4884
object 87 94 right 4885
object 89 94 left 4882
object 89 94 right 4883
object 90 94 left 747
object 90 94 right 748
object 91 94 left 747
object 91 94 right 748
object 93 94 left 745
object 93 94 right 746
object 94 94 left 4886
object 94 94 right 4887
object 95 94 left 4888
object 95 94 right 4889
object 96 94 left 745
object 96 94 right 746
object 97 94 left 4896
object 97 94 right 4897
object 98 94 left 4894
object 98 94 right 4895
object 99 94 left 747
object 99 94 right 3273
object 2 95 left 4884
object 2 95 right 4885
object 4 95 left 745
object 4 95 right 746
object 5 95 left 4902
object 5 95 right 4903
object 6 95 left 4878
object 6 95 right 4879
object 7 95 left 4900
object 7 95 right 4901
object 8 95 left 747
object 8 95 right 748
object 9 95 left 747
object 9 95 right 748
object 13 95 left 4900
object 13 95 right 4901
object 14 95 left 4878
object 14 95 right 4879
object 15 95 left 4878
object 15 95 right 4879
object 17 95 left 4904
object 17 95 right 4905
object 18 95 left 4884
object 18 95 right 4885
object 19 95 left 747
object 19 95 right 748
object 21 95 left 4906
object 21 95 right 4907
object 22 95 left 4904
object 22 95 right 4905
object 24 95 left 4886
object 24 95 right 4887
object 25 95 left 4898
object 25 95 right 4899
object 28 95 left 4884
object 28 95 right 4885
object 29 95 left 4908
object 29 95 right 4909
object 31 95 left 4878
object 31 95 right 4879
object 32 95 left 4904
object 32 95 right 4905
object 33 95 left 4884
object 33 95 right 4885
object 34 95 left 745
object 34 95 right 746
object 35 95 left 745
object 35 95 right 746
object 36 95 left 4906
object 36 95 right 4907
object 37 95 left 4904
object 37 95 right 4905
object 39 95 left 4886
object 39 95 right 4887
object 40 95 left 4898
object 40 95 right 4899
object 42 95 left 745
object 42 95 right 746
object 43 95 left 4884
object 43 95 right 4885
object 44 95 left 4908
object 44 95 right 4909
object 46 95 left 4894
object 46 95 right 4895
object 47 95 left 4906
object 47 95 right 4907
object 48 95 left 4888
object 48 95 right 4889
object 50 95 left 4896
object 50 95 right 4897
object 51 95 left 4894
object 51 95 right 4895
object 52 95 left 747
object 52 95 right 3273
object 53 95 left 4878
object 53 95 right 4879
object 54 95 left 4878
object 54 95 right 4879
object 55 95 left 4884
object 55 95 right 4885
object 57 95 left 745
object 57 95 right 746
object 58 95 left 745
object 58 95 right 746
object 60 95 left 4894
object 60 95 right 4895
object 61 95 left 4906
object 61 95 right 4907
object 62 95 left 4888
object 62 95 right 4889
object 63 95 left 745
object 63 95 right 746
object 64 95 left 4896
object 64 95 right 4897
object 65 95 left 4894
object 65 95 right 4895
object 66 95 right 3273
object 67 95 left 4878
object 67 95 right 4879
object 68 95 left 4878
object 68 95 right 4879
object 69 95 left 4884
object 69 95 right 4885
object 72 95 left 4876
object 72 95 right 4877
object 73 95 left 4894
object 73 95 right 4895
object 74 95 left 4894
object 74 95 right 4895
object 75 95 left 4902
object 75 95 right 4903
object 76 95 left 4878
object 76 95 right 4879
object 79 95 left 745
object 79 95 right 746
object 81 95 left 4880
object 81 95 right 4881
object 83 95 left 745
object 83 95 right 746
object 85 95 left 4898
object 85 95 right 4899
object 86 95 left 4898
object 86 95 right 4899
object 88 95 left 4878
object 88 95 right 4879
object 89 95 left 4876
object 89 95 right 4877
object 90 95 left 4890
object 90 95 right 4891
object 91 95 left 4882
object 91 95 right 4883
object 92 95 left 747
object 92 95 right 748
object 94 95 left 4882
object 94 95 right 4883
object 95 95 left 747
object 95 95 right 748
object 96 95 left 745
object 96 95 right 746
object 99 95 left 3271
object 99 95 right 3272
object 0 96 left 747
object 0 96 right 748
object 2 96 left 745
object 2 96 right 746
object 3 96 left 745
object 3 96 right 746
object 4 96 left 4880
object 4 96 right 4881
object 5 96 left 747
object 5 96 right 748
object 6 96 left 4894
object 6 96 right 4895
object 8 96 left 745
object 8 96 right 746
object 10 96 left 747
object 10 96 right 748
object 13 96 left 747
object 13 96 right 748
object 14 96 right 2664
object 15 96 left 745
object 15 96 right 746
object 18 96 left 747
object 18 96 right 748
object 19 96 left 4898
object 19 96 right 4899
object 20 96 left 4900
object 20 96 right 4901
object 21 96 left 745
object 21 96 right 746
object 22 96 left 4888
object 22 96 right 4889
object 24 96 left 4886
object 24 96 right 4887
object 25 96 left 4904
object 25 96 right 4905
object 26 96 left 745
object 26 96 right 746
object 27 96 left 4904
object 27 96 right 4905
object 28 96 left 4884
object 28 96 right 4885
object 29 96 left 747
object 29 96 right 748
object 32 96 left 745
object 32 96 right 746
object 34 96 left 4898
object 34 96 right 4899
object 35 96 left 4900
object 35 96 right 4901
object 36 96 left 745
object 36 96 right 746
object 37 96 left 4888
object 37 96 right 4889
object 39 96 left 4886
object 39 96 right 4887
object 40 96 left 4904
object 40 96 right 4905
object 42 96 left 4904
object 42 96 right 4905
object 43 96 left 4884
object 43 96 right 4885
object 45 96 left 745
object 45 96 right 746
object 46 96 left 747
object 46 96 right 748
object 47 96 left 4882
object 47 96 right 4883
object 49 96 left 745
object 49 96 right 746
object 50 96 left 745
object 50 96 right 746
object 51 96 left 745
object 51 96 right 746
object 52 96 left 3271
object 52 96 right 3272
object 54 96 left 4906
object 54 96 right 4907
object 55 96 left 4880
object 55 96 right 4881
object 56 96 left 4902
object 56 96 right 4903
object 57 96 left 4886
object 57 96 right 4887
object 58 96 left 4888
object 58 96 right 4889
object 59 96 left 745
object 59 96 right 746
object 60 96 left 4896
object 60 96 right 4897
object 61 96 left 4882
object 61 96 right 4883
object 63 96 left 745
object 63 96 right 746
object 66 96 left 3271
object 66 96 right 3272
object 68 96 left 4906
object 68 96 right 4907
object 69 96 left 4880
object 69 96 right 4881
object 70 96 left 4902
object 70 96 right 4903
object 71 96 left 4886
object 71 96 right 4887
object 72 96 left 4888
object 72 96 right 4889
object 73 96 left 745
object 73 96 right 746
object 74 96 left 4900
object 74 96 right 4901
object 75 96 left 4878
object 75 96 right 4879
object 76 96 left 4878
object 76 96 right 4879
object 78 96 left 745
object 78 96 right 746
object 81 96 left 4894
object 81 96 right 4895
object 82 96 left 4906
object 82 96 right 4907
object 83 96 left 4888
object 83 96 right 4889
object 85 96 left 4896
object 85 96 right 4897
object 86 96 left 4894
object 86 96 right 4895
object 87 96 right 3273
object 88 96 left 4878
object 88 96 right 4879
object 89 96 left 4878
object 89 96 right 4879
object 90 96 left 4884
object 90 96 right 4885
object 91 96 left 747
object 91 96 right 748
object 93 96 left 745
object 93 96 right 746
object 94 96 left 745
object 94 96 right 746
object 95 96 left 4898
object 95 96 right 4899
object 96 96 left 4898
object 96 96 right 4899
object 98 96 left 4908
object 98 96 right 4909
object 99 96 left 4906
object 99 96 right 4907
object 1 97 left 4876
object 1 97 right 4877
object 2 97 left 4894
object 2 97 right 4895
object 3 97 left 4894
object 3 97 right 4895
object 4 97 left 4902
object 4 97 right 4903
object 5 97 left 4878
object 5 97 right 4879
object 6 97 left 747
object 6 97 right 748
object 8 97 left 747
object 8 97 right 748
object 9 97 left 745
object 9 97 right 746
object 10 97 right 2670
object 12 97 left 745
object 12 97 right 746
object 14 97 left 745
object 14 97 right 2663
object 16 97 left 747
object 16 97 right 748
object 19 97 left 747
object 19 97 right 748
object 20 97 left 4880
object 20 97 right 4881
object 21 97 left 4890
object 21 97 right 4891
object 22 97 left 4878
object 22 97 right 4879
object 23 97 left 4900
object 23 97 right 4901
object 24 97 left 4902
object 24 97 right 4903
object 26 97 left 745
object 26 97 right 746
object 27 97 left 745
object 27 97 right 746
object 29 97 left 4898
object 29 97 right 4899
object 30 97 left 4900
object 30 97 right 4901
object 32 97 left 4886
object 32 97 right 4887
object 33 97 left 745
object 33 97 right 746
object 34 97 left 3248
object 34 97 right 3249
object 35 97 left 4880
object 35 97 right 4881
object 36 97 left 4890
object 36 97 right 4891
object 37 97 left 4878
object 37 97 right 4879
object 38 97 left 4900
object 38 97 right 4901
object 39 97 left 4902
object 39 97 right 4903
object 41 97 left 745
object 41 97 right 746
object 42 97 left 745
object 42 97 right 746
object 44 97 left 4898
object 44 97 right 4899
object 45 97 left 4900
object 45 97 right 4901
object 47 97 left 4886
object 47 97 right 4887
object 48 97 left 4878
object 48 97 right 3276
object 49 97 left 4880
object 49 97 right 4881
object 51 97 left 4908
object 51 97 right 4909
object 52 97 left 4906
object 52 97 right 4907
object 54 97 left 4900
object 54 97 right 4901
object 55 97 left 4880
object 55 97 right 4881
object 56 97 left 4906
object 56 97 right 4907
object 57 97 left 4882
object 57 97 right 4883
object 59 97 right 3273
object 60 97 left 745
object 60 97 right 746
object 62 97 left 4878
object 62 97 right 3276
object 63 97 left 4880
object 63 97 right 4881
object 65 97 left 4908
object 65 97 right 4909
object 66 97 left 4906
object 66 97 right 4907
object 68 97 left 4900
object 68 97 right 4901
object 69 97 left 4880
object 69 97 right 4881
object 70 97 left 4906
object 70 97 right 4907
object 71 97 left 4882
object 71 97 right 4883
object 73 97 right 3273
object 75 97 left 4894
object 75 97 right 4895
object 77 97 left 747
object 77 97 right 748
object 80 97 left 745
object 80 97 right 746
object 82 97 left 4882
object 82 97 right 4883
object 84 97 left 745
object 84 97 right 746
object 85 97 left 745
object 85 97 right 746
object 87 97 left 3271
object 87 97 right 3272
object 89 97 left 4906
object 89 97 right 4907
object 90 97 left 4880
object 90 97 right 4881
object 91 97 left 4902
object 91 97 right 4903
object 92 97 left 4886
object 92 97 right 4887
object 93 97 left 4888
object 93 97 right 4889
object 94 97 left 745
object 94 97 right 746
object 95 97 left 4896
object 95 97 right 4897
object 96 97 left 4894
object 96 97 right 4895
object 97 97 left 4876
object 97 97 right 4877
object 2 98 left 745
object 2 98 right 746
object 3 98 left 4900
object 3 98 right 4901
object 4 98 left 4878
object 4 98 right 4879
object 5 98 left 4878
object 5 98 right 4879
object 10 98 left 747
object 10 98 right 2669
object 12 98 left 2659
object 13 98 left 2660
object 14 98 left 2661
object 14 98 right 2662
object 15 98 left 745
object 15 98 right 746
object 18 98 left 745
object 18 98 right 746
object 19 98 left 3248
object 19 98 right 3249
object 22 98 left 4880
object 22 98 right 4881
object 23 98 left 747
object 23 98 right 748
object 25 98 left 747
object 25 98 right 3276
object 28 98 left 745
object 28 98 right 746
object 29 98 left 745
object 29 98 right 746
object 30 98 left 4880
object 30 98 right 4881
object 31 98 left 4904
object 31 98 right 4905
object 32 98 left 4902
object 32 98 right 4903
object 33 98 left 745
object 33 98 right 746
object 34 98 left 3248
object 34 98 right 3249
object 35 98 left 745
object 35 98 right 746
object 37 98 left 4880
object 37 98 right 4881
object 40 98 left 747
object 40 98 right 3276
object 43 98 left 745
object 43 98 right 746
object 44 98 left 745
object 44 98 right 746
object 45 98 left 4880
object 45 98 right 4881
object 46 98 left 4884
object 46 98 right 4885
object 47 98 left 4908
object 47 98 right 4909
object 48 98 left 3274
object 48 98 right 3275
object 49 98 left 4878
object 49 98 right 4879
object 50 98 left 4876
object 50 98 right 4877
object 52 98 left 747
object 52 98 right 748
object 53 98 left 4908
object 53 98 right 4909
object 54 98 left 745
object 54 98 right 746
object 55 98 left 745
object 55 98 right 746
object 57 98 left 745
object 57 98 right 746
object 58 98 left 4878
object 58 98 right 4879
object 59 98 left 3271
object 59 98 right 3272
object 60 98 left 4884
object 60 98 right 4885
object 61 98 left 4908
object 61 98 right 4909
object 62 98 left 3274
object 62 98 right 3275
object 63 98 left 4878
object 63 98 right 4879
object 64 98 left 4876
object 64 98 right 4877
object 67 98 left 4908
object 67 98 right 4909
object 68 98 left 745
object 68 98 right 746
object 71 98 left 747
object 71 98 right 748
object 72 98 left 4878
object 72 98 right 4879
object 73 98 left 3271
object 73 98 right 3272
object 75 98 left 4908
object 75 98 right 4909
object 76 98 left 4906
object 76 98 right 4907
object 79 98 left 745
object 79 98 right 746
object 83 98 left 4878
object 83 98 right 3276
object 84 98 left 4880
object 84 98 right 4881
object 86 98 left 4908
object 86 98 right 4909
object 87 98 left 4906
object 87 98 right 4907
object 88 98 left 745
object 88 98 right 746
object 89 98 left 4900
object 89 98 right 4901
object 90 98 left 4880
object 90 98 right 4881
object 91 98 left 4906
object 91 98 right 4907
object 92 98 left 4882
object 92 98 right 4883
object 94 98 right 3273
object 96 98 left 747
object 96 98 right 748
object 98 98 left 745
object 98 98 right 746
object 99 98 left 4904
object 99 98 right 4905
object 0 99 left 745
object 0 99 right 746
object 2 99 left 745
object 2 99 right 746
object 4 99 left 4894
object 4 99 right 4895
object 8 99 left 2665
object 8 99 right 746
object 9 99 left 2666
object 10 99 left 2667
object 10 99 right 2668
object 13 99 left 745
object 13 99 right 746
object 15 99 left 745
object 15 99 right 746
object 17 99 left 745
object 17 99 right 746
object 19 99 left 745
object 19 99 right 746
object 20 99 left 745
object 20 99 right 746
object 21 99 left 745
object 21 99 right 3276
object 22 99 left 4894
object 22 99 right 4895
object 23 99 left 4906
object 23 99 right 4907
object 24 99 left 745
object 24 99 right 746
object 25 99 left 3274
object 25 99 right 3275
object 26 99 left 745
object 26 99 right 746
object 27 99 left 747
object 27 99 right 748
object 31 99 left 747
object 31 99 right 748
object 32 99 left 747
object 32 99 right 748
object 34 99 left 745
object 34 99 right 746
object 35 99 left 745
object 35 99 right 746
object 36 99 right 3276
object 37 99 left 4894
object 37 99 right 4895
object 38 99 left 4906
object 38 99 right 4907
object 39 99 left 745
object 39 99 right 746
object 40 99 left 3274
object 40 99 right 3275
object 41 99 left 745
object 41 99 right 746
object 42 99 left 747
object 42 99 right 748
object 45 99 left 4904
object 45 99 right 4905
object 46 99 left 4884
object 46 99 right 4885
object 47 99 left 747
object 47 99 right 748
object 49 99 left 4906
object 49 99 right 4907
object 50 99 left 4904
object 50 99 right 4905
object 51 99 left 745
object 51 99 right 746
object 52 99 left 4886
object 52 99 right 4887
object 53 99 left 4898
object 53 99 right 4899
object 54 99 left 747
object 54 99 right 748
object 56 99 left 4884
object 56 99 right 4885
object 57 99 left 4908
object 57 99 right 4909
object 59 99 left 4904
object 59 99 right 4905
object 60 99 left 4884
object 60 99 right 4885
object 61 99 left 747
object 61 99 right 748
object 63 99 left 4906
object 63 99 right 4907
object 64 99 left 4904
object 64 99 right 4905
object 65 99 left 745
object 65 99 right 746
object 66 99 left 4886
object 66 99 right 4887
object 67 99 left 4898
object 67 99 right 4899
object 70 99 left 4884
object 70 99 right 4885
object 71 99 left 4908
object 71 99 right 4909
object 72 99 left 745
object 72 99 right 746
object 73 99 left 4878
object 73 99 right 4879
object 74 99 left 4876
object 74 99 right 4877
object 77 99 left 747
object 77 99 right 748
object 79 99 left 747
object 79 99 right 748
object 81 99 left 4884
object 81 99 right 4885
object 82 99 left 4908
object 82 99 right 4909
object 83 99 left 3274
object 83 99 right 3275
object 84 99 left 4878
object 84 99 right 4879
object 85 99 left 4876
object 85 99 right 4877
object 86 99 left 745
object 86 99 right 746
object 88 99 left 4908
object 88 99 right 4909
object 89 99 left 745
object 89 99 right 746
object 90 99 left 745
object 90 99 right 746
object 93 99 left 4878
object 93 99 right 4879
object 94 99 left 3271
object 94 99 right 3272
object 96 99 left 4908
object 96 99 right 4909
object 97 99 left 4906
object 97 99 right 4907
