# lod20287 — tools/dat-extract layout 이 만든다. 손으로 고치지 말 것.
size 100 100
blocked
...............................#####################......####################################.....#
........................###...##.###################......########################################.#
.##########################..#######################......#####################..###################
.###################################################......#..#######################################
.###################################################......###.######################################
.###################################################......##..############################.#########
.###################################################......#########################################.
.###############################......#.........####......##....#.#######.............#...........#.
.###############################................#..#............#.########...#....................##
.....#######..#........#....#................#..#.#..........#...##################...............#.
.....########..........#.####............#......#.#...............#################...########....##
...#.#######...........#.####..............#....#.##.............#.################...#...###.....##
.....#######...........#.####.......#...........#.#...............##################..#...#.......##
.....#######...........#.####........#..........#............#...##################...#.#.###.....#.
.....#######...........#.####..#........#.......#.#...........#...#################...#######.....##
...#.#######.........#.##..##...#...............#..#..............#################.........##....#.
#####.######................#.............#..#..##.....................#############..............##
############.....#...#......#...................#.............#............#########...#..#.......#.
############......#.........#...................#............##..........#.#########..............##
############.####.###....#..#...#####...........#.........#...#........#...##########.............#.
############.#.######....#..#...#...#...........#...........##....................................##
############.#######..####..#####....############......#..........................................##
############.#######..............................................................................#.
..#..#######.#######............................................................................#.##
....########.#######..#..........................................................................###
.....#######.........#.....................................................#########.............###
.....#######.......#.#.....................................................##########...............
.....#######...#........#.......................#...........................#######...#.#....#......
#....####################################################....##......#.###..#######.....#....#......
.....##############################################...###....#.#############.######.....#....#...##.
.....####################################################....######################.....#....#....##
.....####################################################....######################...............##
.....####################################################....######################....#..........##
.....####################################################....######################....#######....#.
...#.####################################################....######################....#.....##...##
.....#######......#......#....#.#.........#.......#######....######################....#...#.#....#.
.....############.#......#......#......................##....##.....#......#########...#...#.#....#.
.....#######..###.#......#...####.............................#..........#.#########...##.##.#....##
.....#######..###.#......#...####.....................................................##.....#....#.
.....#######..###.#.#....#.######......................................................########...##
.....#######..###.#..#...#.###....#...............................................................#.
...#.############.#......#.###.#....................#.........................................#...#.
.....#######.#....#..#...#.###.......................#................#....#########..............##
.....#########....#......##..#.#.........#..............#..............#....#######...............#.
.....#######......#.......................#.................................#######...............#.
.....#########...###.....#..................................................#######...............#.
.....#######.......................................................#........#######...............#.
...#.#######..................###...................................#.......########.....#........##
.....#######...............................................................################...#####.
.....########.......####..###..........#####...........#....................#######..###............
.....#######..........##..#............#...............#....................#######................#
.....#######...........#..#...###......#...............#...############.....#######.......#.........
....#########..........#..#####.#......#...............#.............#.#....#######.................
.....#######..............#.###.#......######..........#...##........#.#....#######......###........
.....########.................###......#..###..........####.#...######......#######..#...##.........
....########........#..#..............##..###.#...........#.#...######......#######...#..#.#........
...##########........#.#...............#..###.............#.#.########.#....#######.................
...#######.............#........##.....#..###.............#.#.###......#....#######.................
.#.##################............#......##..#.............#.#.###.....##....########.....#..........
...#######.........##.................#...................#.#.###..#####....#######.................
...#######......###.##.........#.......###..####..........#.#####..#.......#########################
#.########.....###...........................#####........#.....#..#.......######################...
...#######.....###...............................#........#........#........#####################...
...######.#....####.#........#####...............#..#####.####..####...##########################...
...#######..#######.##...........................#..#.###.#.#..........#....#####################...
...#######..####....#.....#......................#..#.###.##...........#....######################.#
.#.#######..####..#.#.....#.........................#.###.#.......######....#####################...
...#######..####..###..####.........................#.###.##......#...........#.....#...#.#######...
...#############..#...................######........#.###....#....#..............#..#.....#######...
..########.....#..#...................#.#####.......#####.........#.................#...#.#######..#
...#######.......##....#..............#.####..........................############..#.....########..
..###########..####....#..............#.#####....#................#...#.....#####...#.....########..
..#########............#..............#.####..#..#####..###.......#...#....######.#.......#######...
..##########..........................#.####..#...................#...#....######.........#######...
...................#..................####.##.#...................#...#....######.........#######.#.
.......................#...........#..##.###..#..............##.......#.##########..#.....#######...
.......................#............##........#...............#.......#.####........#....#.######...
.#.....................#....######............#.........#....##.......#.####.....#..#......######...
..#########..............#..#.####..####..#####.....#.######..#...#...#.####........#....#.######..#
...#######.......#..........#.####..#...............#.#....##.#...#...######........#.....#######...
...##.####........#....#....#.####..#...............#.######......#.................#.....#######...
...#######.#....#####..#....#.####.##...............#.######......#...#.....#...#...#.....#######...
..########..##...#..#..##...######..#...............#.######..#...#######..####..#.##.....#######..#
...########.#....#.##..#####.....#..#...............#.........##..........................#######...
...#######..######.........#.......##...............###......##...........................#######...
...#######..######.........###..#####.................#.......#...........................#######...
.#.#######..######..#............................#....#.......#...........................#######.#.
...#######..........##........................#.......#.......#......#...................########...
...#######..........#..........................#......####################################.######...
...########...#.....##.....................#..........###########################################...
...##################.################################.###########################################..
...##############################################################################################...
..###############################################################################################..#
...##############################################################################################...
..#.#############################################################################################..#
...######################################################...................#..................#....
...######################################################.............................#.............
.....#...................#..........................#......#...........#..........................#.
.......#................................................#....#.#...#........#....#...#.....#........
..#..#......#....#.#...#........#....#...#...#...#....#.....#.........#..#.........#....#........#..
floor
2 3 4 5 36 37 38 39 70 71 72 82 82 83 84 41 42 43 74 75 25 26 57 23 24 25 26 4 5 36 2 377 393 394 389 390 391 392 393 390 391 392 393 394 389 390 391 392 389 390 333 549 550 551 546 545 546 547 554 385 386 381 382 377 378 379 380 381 382 377 378 379 380 377 378 379 388 383 384 385 386 383 384 385 386 381 382 377 378 379 380 381 382 377 378 379 380 377 378 379
6 7 8 9 40 41 42 43 74 75 76 87 87 88 89 45 46 47 78 79 29 30 61 27 28 90 53 87 88 89 90 33 329 392 393 383 399 400 395 396 397 398 399 400 395 396 397 398 395 396 339 555 556 557 551 552 547 547 560 391 392 387 388 383 384 385 386 387 388 383 384 385 386 383 384 385 394 389 390 391 392 389 390 391 392 387 388 383 384 385 386 387 388 383 384 385 386 383 384 385
10 0 0 0 0 0 0 0 0 0 0 0 0 0 0 0 0 0 0 83 33 34 65 31 32 94 57 91 92 93 94 387 388 333 334 335 344 344 338 388 333 425 345 346 423 424 425 345 346 393 396 561 562 563 547 551 552 547 548 382 377 393 394 334 335 336 337 335 336 337 338 391 392 389 390 391 331 332 377 378 379 380 381 382 377 393 394 389 390 391 392 393 394 389 390 391 392 389 390 391
14 0 0 0 0 0 0 0 0 0 0 0 0 0 0 0 0 0 0 407 89 90 53 407 88 98 61 407 96 97 98 393 394 339 340 341 342 343 344 394 339 387 388 333 334 335 336 337 338 388 333 549 550 551 552 557 558 559 554 388 383 399 400 340 341 342 343 393 394 339 344 397 398 395 396 397 337 338 383 384 385 386 387 388 383 399 400 395 396 397 398 399 400 395 396 397 398 395 396 397
19 0 0 377 378 379 380 327 328 329 330 331 332 327 328 329 330 331 332 377 378 379 380 381 382 377 378 379 380 381 382 339 340 341 342 343 344 389 390 391 392 393 394 339 340 341 342 343 344 394 339 555 556 557 558 563 556 557 560 391 391 393 391 346 347 348 349 94 57 345 350 425 345 346 393 394 343 344 98 61 95 96 97 98 2 3 391 422 423 424 425 345 346 423 424 425 345 346 393 394
23 0 0 383 384 385 386 333 334 335 336 337 338 333 334 335 336 337 338 383 384 385 386 387 388 383 384 385 386 387 388 345 346 347 348 349 350 395 396 397 398 399 400 90 48 397 398 399 400 395 396 549 562 563 564 557 562 563 558 559 399 393 395 385 386 387 387 55 26 378 383 400 345 346 347 57 58 30 61 62 63 398 399 400 395 49 90 56 62 98 94 57 58 62 98 94 57 58 53 54
27 0 0 389 390 391 392 339 340 341 342 343 344 339 340 341 342 343 344 389 390 391 392 393 394 389 390 391 392 393 394 57 58 30 61 62 63 64 95 96 97 98 98 94 53 29 30 61 62 63 17 573 574 575 576 577 574 575 554 63 54 55 33 34 65 66 67 416 402 403 404 405 65 99 100 26 57 23 24 25 26 57 58 30 61 62 63 64 95 96 97 98 98 61 95 96 97 98 2 3
31 0 0 395 396 397 398 345 346 347 348 349 350 345 346 347 348 349 350 395 396 397 398 399 400 395 396 397 398 399 400 61 62 34 622 623 624 625 626 22 53 54 102 98 57 622 623 624 625 126 22 34 33 34 65 66 26 61 26 61 53 30 57 26 61 23 24 416 406 407 408 409 58 59 28 30 61 27 28 29 30 61 62 34 65 66 67 20 21 22 53 627 65 31 32 631 623 624 625 626
87 88 89 90 53 54 407 402 403 404 405 48 55 56 87 88 89 90 30 97 98 61 62 63 32 34 65 31 32 33 34 65 66 90 627 628 629 630 631 26 57 58 22 53 19 20 21 22 662 632 53 57 639 202 232 19 20 21 22 54 11 87 88 28 61 27 28 29 410 411 412 413 62 63 32 34 65 31 32 33 34 65 66 90 53 54 658 659 660 661 662 65 31 32 88 636 628 89 90 53
56 87 88 89 90 58 59 406 407 408 409 62 59 60 91 92 93 94 34 101 102 65 17 48 49 90 53 87 245 238 659 660 661 662 632 633 634 635 636 30 61 62 26 57 23 24 25 71 668 639 54 639 639 204 234 23 24 25 26 53 15 91 92 27 65 61 32 33 402 403 404 405 17 48 49 90 53 87 88 89 90 53 54 94 57 58 664 665 666 667 668 53 87 88 31 32 53 93 94 57
60 91 92 93 94 62 63 410 411 412 413 66 63 64 95 96 97 98 90 61 62 63 17 48 61 61 61 61 61 241 665 666 667 668 637 638 639 640 641 34 65 66 30 61 27 28 29 75 674 639 666 639 91 128 161 27 28 29 30 19 633 634 635 87 53 87 88 89 406 407 408 409 416 48 49 94 416 91 92 93 416 57 58 98 61 62 670 671 672 673 674 58 59 28 87 88 57 97 98 61
64 95 96 97 98 17 48 414 415 416 417 93 67 20 21 22 101 102 30 65 66 67 22 53 61 98 61 95 61 240 671 672 673 674 642 643 644 645 646 51 82 22 53 19 20 21 22 79 670 671 672 673 674 129 165 20 21 22 53 23 638 639 640 58 58 59 28 416 410 411 412 413 327 328 329 330 331 332 352 353 354 355 62 102 65 17 676 677 678 679 680 647 648 58 59 28 61 95 30 61
20 21 22 101 102 17 407 418 419 420 421 97 24 25 26 93 94 57 661 662 663 55 26 57 61 102 65 99 61 241 677 678 679 680 647 648 649 650 651 51 82 26 57 23 24 25 26 83 676 677 678 679 680 125 168 166 53 26 57 27 643 644 645 646 62 63 32 33 414 415 416 417 333 334 335 336 337 338 356 357 358 359 17 62 63 17 682 683 684 685 686 1113 1114 623 624 625 626 681 53 19
25 26 93 94 57 22 53 422 423 424 425 101 28 29 30 97 665 639 639 668 669 59 30 61 61 63 64 65 61 240 683 684 685 686 652 55 56 87 88 89 90 30 61 27 28 29 30 624 625 683 684 685 686 128 173 171 115 30 61 31 89 690 650 651 17 61 49 50 418 419 420 421 339 340 341 342 343 344 360 361 362 363 65 66 67 22 688 689 690 691 692 693 627 65 31 32 631 654 655 656
29 30 97 98 61 26 57 418 419 420 421 61 62 63 17 670 671 672 673 674 675 20 53 54 61 67 20 53 61 239 689 690 691 692 693 59 60 91 92 93 94 87 88 89 90 53 54 629 630 639 690 691 692 129 172 170 95 54 65 87 93 94 655 656 17 48 49 50 422 423 424 425 345 346 347 348 349 350 364 365 366 367 53 54 55 26 694 695 696 697 698 699 65 53 87 88 636 668 669 88
93 94 57 58 59 30 61 422 423 424 425 65 66 67 22 676 677 678 679 680 681 94 57 58 61 61 94 61 61 237 695 696 697 698 699 63 64 95 96 97 98 91 92 93 94 57 58 639 635 636 696 663 127 124 161 159 639 54 26 667 54 55 639 92 22 53 54 55 56 62 98 94 57 58 97 98 67 416 368 369 370 405 33 58 59 30 61 62 63 64 95 91 53 58 65 31 32 653 675 92
97 98 61 62 63 34 407 352 353 354 355 53 54 55 26 682 683 684 685 686 687 98 61 639 101 639 202 232 62 63 97 98 639 62 63 67 20 21 22 101 102 95 96 97 98 61 62 57 95 135 639 102 126 125 160 158 19 53 672 54 26 26 639 96 30 57 62 639 20 684 102 98 61 62 101 102 24 416 372 373 374 409 89 62 63 34 65 66 67 20 21 95 58 59 53 87 88 90 681 96
84 407 95 96 97 407 364 356 357 358 359 90 53 87 30 688 689 690 691 692 693 84 639 95 94 639 204 234 95 96 97 54 639 639 87 24 25 26 93 94 57 99 100 101 102 65 17 639 99 639 94 57 131 128 161 159 639 53 639 54 54 681 29 22 30 61 90 639 94 57 57 84 95 95 643 61 28 29 406 407 408 413 93 60 87 88 89 90 53 87 25 97 647 648 58 59 28 625 626 100
327 328 329 330 331 332 382 360 361 362 363 94 57 91 34 694 695 696 697 698 699 639 90 25 98 131 128 161 159 26 57 58 59 60 91 28 29 30 97 98 61 53 54 61 62 63 17 65 29 639 201 202 179 180 160 158 31 53 639 684 61 687 33 93 34 65 66 102 98 61 61 89 90 25 684 61 32 89 410 411 412 413 63 64 91 92 93 87 88 89 90 57 652 653 654 655 656 630 631 30
333 334 335 336 337 338 388 364 365 366 367 98 61 95 90 53 54 57 84 95 61 93 94 29 30 130 129 165 163 30 61 62 63 64 95 96 97 91 92 95 639 57 58 65 66 67 22 30 33 28 203 204 181 182 165 163 87 689 66 684 61 26 89 97 90 53 54 57 84 95 61 93 94 29 233 65 580 581 582 583 584 583 586 20 95 96 97 91 92 93 94 61 65 66 632 633 634 635 636 653
339 340 341 342 343 344 394 368 369 370 371 102 65 61 61 61 61 61 61 61 242 97 98 33 34 137 136 164 162 34 65 66 67 20 639 22 87 95 96 639 639 639 639 53 54 55 26 34 89 639 130 129 190 106 210 211 107 108 116 119 107 108 111 107 107 108 116 119 115 107 108 111 107 232 233 62 601 602 603 604 605 604 607 20 21 201 202 107 108 111 107 232 233 56 637 638 639 640 641 90
345 346 347 348 349 350 400 372 373 374 375 57 58 61 98 61 62 61 93 61 241 201 202 115 116 175 176 214 215 115 116 119 115 107 108 111 107 115 107 108 111 107 115 116 119 115 107 108 111 107 183 184 105 106 212 213 109 110 118 121 109 110 113 109 109 110 118 121 117 109 110 113 109 234 235 53 587 588 589 590 591 590 593 25 26 203 204 109 110 113 109 234 235 101 642 643 644 645 646 94
57 48 49 30 61 27 407 402 403 404 405 61 62 61 102 65 17 65 97 98 240 203 204 117 118 177 178 216 217 117 118 121 117 109 110 113 109 117 109 110 113 109 117 118 121 117 109 110 113 109 185 186 106 103 212 224 224 106 103 191 149 150 155 156 141 144 145 146 145 146 141 144 156 205 206 58 594 595 596 597 598 597 600 29 30 228 229 141 144 226 224 161 159 54 647 648 649 650 651 98
56 87 88 89 90 669 32 406 407 408 409 65 17 61 62 63 17 53 53 61 239 228 229 141 144 145 146 149 150 155 156 141 144 141 144 145 146 144 141 144 145 146 149 150 145 146 141 144 145 146 141 144 145 146 149 150 226 224 188 189 151 152 153 154 142 143 147 148 147 148 142 143 154 207 208 62 601 602 603 604 605 604 607 33 34 88 231 142 143 225 223 160 158 58 652 653 654 655 656 102
60 91 92 93 94 675 88 410 411 412 413 63 17 61 61 61 61 61 61 61 237 230 231 142 143 147 148 151 152 142 143 147 148 115 152 147 148 143 142 143 147 148 151 152 147 148 142 143 147 148 142 143 147 148 151 152 225 223 173 171 62 63 17 48 66 67 22 53 54 55 56 87 101 102 65 17 608 609 610 611 612 611 614 89 90 61 99 89 90 130 129 164 162 62 93 94 89 90 21 22
64 95 96 97 98 681 28 414 415 416 417 67 22 53 54 55 639 639 58 59 60 91 639 639 63 17 82 93 94 57 95 59 28 29 87 88 639 639 53 54 58 59 30 29 30 61 62 24 25 26 82 93 94 57 58 59 130 129 172 170 66 67 22 53 54 55 26 57 58 59 60 91 61 62 63 17 615 616 617 618 619 618 621 29 87 88 89 90 53 132 134 161 159 66 97 98 93 94 25 26
20 21 22 101 102 687 407 418 419 420 421 55 26 57 58 59 30 61 62 63 64 95 639 66 67 22 82 97 98 61 639 63 32 33 91 92 93 94 57 639 62 63 34 33 34 65 66 28 29 30 82 97 98 61 62 63 228 229 205 206 54 55 26 57 58 59 30 61 62 63 64 95 65 66 67 22 82 416 414 415 416 417 32 33 91 92 93 94 57 135 133 160 158 56 101 102 97 98 29 30
25 26 93 94 57 693 49 422 423 424 425 59 30 61 62 63 34 65 58 67 20 21 53 54 55 26 87 101 102 65 17 48 49 50 95 96 97 98 61 62 96 97 54 33 34 65 31 32 33 34 87 101 102 65 17 48 230 231 207 208 58 59 30 61 62 63 639 639 66 67 20 21 684 684 55 26 87 416 418 419 420 421 49 50 639 96 97 98 61 137 136 173 171 652 639 56 101 639 33 34
29 30 97 98 61 61 62 402 403 404 405 91 29 30 61 62 63 17 26 87 101 26 93 94 57 58 59 28 30 61 27 28 29 30 99 100 101 102 65 17 26 57 58 89 90 53 87 88 89 90 30 97 91 29 30 61 62 63 17 30 97 91 29 30 61 62 63 17 26 87 101 26 93 94 57 684 59 28 422 423 424 425 29 622 639 624 625 639 65 138 139 172 170 89 90 639 87 88 89 639
627 628 629 630 631 65 66 406 407 408 409 407 33 34 65 407 67 22 58 407 28 30 97 407 61 62 63 407 34 65 31 407 33 34 29 407 61 62 63 407 30 61 62 407 94 57 91 407 93 407 34 101 95 33 34 65 537 538 539 540 541 542 33 34 65 66 67 22 58 59 28 30 97 98 61 62 63 416 402 403 404 405 33 55 56 87 88 89 90 644 229 205 206 93 94 644 91 88 89 639
632 633 634 635 636 53 407 410 411 412 413 380 381 382 327 328 329 330 331 332 377 378 379 380 381 382 377 378 379 380 381 382 327 328 329 330 331 332 377 378 379 380 381 382 377 378 379 380 381 382 407 407 99 89 90 53 543 544 545 546 547 548 89 90 407 54 55 26 416 63 32 34 416 102 65 17 416 49 406 407 408 409 89 59 60 91 92 93 94 644 231 207 208 38 644 61 95 92 93 94
637 638 639 640 641 54 58 414 415 416 417 386 387 388 333 334 335 336 337 338 383 384 385 386 387 388 383 384 385 386 387 388 333 334 335 336 337 338 383 384 385 386 387 388 383 384 385 386 387 388 379 380 381 382 377 378 549 550 551 552 553 554 329 330 331 332 377 378 379 380 381 382 377 378 379 380 381 382 410 411 412 413 93 63 64 95 96 97 98 36 37 38 39 644 102 65 99 100 101 102
642 643 644 645 646 58 62 418 419 420 421 392 393 394 339 340 341 342 343 344 389 390 391 392 393 394 389 390 391 392 393 394 339 340 341 342 343 344 389 390 391 392 393 394 389 390 391 392 393 394 385 386 387 388 383 384 555 556 557 558 559 560 335 336 337 338 383 384 385 386 387 388 383 384 385 386 387 388 414 415 416 417 97 67 20 21 22 101 102 644 41 42 43 61 644 63 29 30 61 62
647 648 649 650 651 62 96 422 423 424 425 398 399 400 345 346 347 348 349 350 395 396 397 398 399 400 395 396 397 398 399 400 345 346 347 348 349 350 395 396 397 398 399 400 395 396 397 398 399 400 391 392 393 394 389 390 561 562 563 564 565 566 341 342 343 344 389 390 391 392 393 394 389 390 391 406 406 394 418 419 420 421 101 24 25 26 93 94 57 44 45 46 47 88 89 90 53 65 17 48
99 100 101 102 65 17 407 402 403 404 405 101 102 65 17 26 57 58 26 57 58 51 57 58 59 30 61 62 63 64 65 66 58 51 57 58 59 30 91 89 65 630 631 55 56 87 88 89 90 48 397 398 399 400 395 396 555 556 557 558 559 560 347 348 349 350 395 396 397 386 386 386 388 386 397 398 386 386 388 423 424 425 67 644 29 30 97 98 61 48 49 50 639 92 93 94 57 63 17 48
29 639 61 62 63 17 30 406 407 408 409 61 62 63 17 30 245 238 664 665 666 667 668 669 63 61 62 51 61 62 63 34 245 238 201 202 232 233 95 93 53 2 636 59 60 91 92 93 94 53 29 30 61 62 63 17 573 574 575 576 577 578 62 63 17 30 61 62 30 61 62 51 61 62 51 406 387 385 384 387 385 409 59 60 659 660 661 662 663 57 58 59 60 96 639 98 61 67 22 53
33 34 65 66 67 22 34 410 411 412 413 26 57 93 93 93 93 242 670 671 672 673 674 675 17 65 93 93 93 93 93 93 93 241 203 204 234 235 90 97 57 2 65 63 64 95 96 97 98 57 622 623 624 625 626 22 34 65 66 99 100 26 57 23 24 25 65 66 34 65 66 61 62 51 61 61 387 385 387 385 384 413 63 64 56 87 88 89 90 61 62 63 30 100 639 102 65 55 26 57
88 89 639 95 96 97 98 414 415 416 417 30 61 93 28 29 93 242 676 677 678 679 680 681 22 49 93 65 66 67 22 53 54 240 132 134 169 167 642 2 95 93 53 67 20 21 22 101 102 61 627 628 629 630 631 97 201 202 232 233 28 30 61 27 28 29 70 71 658 659 660 661 662 32 20 65 580 581 582 583 584 583 586 20 60 91 92 93 94 644 66 67 644 20 21 22 53 59 30 61
92 93 94 21 22 101 407 418 419 420 421 34 65 93 32 33 93 241 682 683 684 685 686 687 29 54 93 61 27 28 29 70 93 239 135 133 168 166 647 648 90 97 57 24 25 26 93 94 57 65 632 633 634 635 636 101 203 204 109 234 235 34 65 31 32 33 74 75 664 665 666 667 668 661 679 53 587 588 589 590 591 590 593 25 64 95 96 97 98 56 26 57 23 24 25 26 57 63 34 65
96 97 98 26 93 94 57 422 423 424 425 90 53 93 88 89 93 240 688 689 690 691 692 693 33 91 93 65 31 93 93 93 93 237 137 136 173 171 59 664 665 666 667 28 29 30 97 98 61 49 637 638 639 640 641 37 127 124 105 172 170 90 53 87 88 89 78 79 670 671 672 673 674 63 668 58 594 595 596 597 598 597 600 29 20 21 22 101 102 658 659 660 661 662 663 30 61 17 48 49
22 101 102 30 97 98 61 352 353 354 355 94 57 93 92 93 93 239 84 95 93 53 87 88 89 95 93 53 87 93 241 78 66 102 138 139 160 158 92 670 671 672 673 674 675 29 30 22 53 54 642 643 644 645 646 98 126 125 106 161 159 94 57 91 92 93 82 83 676 677 678 679 680 661 20 62 601 602 603 604 605 604 607 33 25 26 93 94 57 55 56 87 88 89 90 29 30 22 53 54
93 94 57 34 101 102 65 356 357 358 359 98 61 93 96 97 93 237 89 90 97 57 91 92 93 90 93 57 91 93 240 82 201 639 179 180 165 163 96 676 677 678 679 680 681 33 34 65 17 48 647 648 649 650 651 102 131 128 103 160 158 98 61 95 96 622 623 624 625 683 684 685 686 102 65 17 608 609 610 611 612 611 614 644 87 88 89 90 61 59 60 91 92 93 94 33 34 65 17 48
97 665 666 667 668 669 407 360 361 362 363 102 65 201 202 116 232 233 93 94 639 639 95 96 97 94 93 61 95 93 239 87 203 204 181 182 164 162 100 682 683 684 685 686 687 639 639 63 17 48 652 653 654 655 656 62 130 129 104 165 163 102 65 99 100 627 628 629 630 631 690 691 692 679 63 17 615 616 617 618 619 618 619 29 91 92 93 94 626 63 64 95 96 97 98 50 51 63 17 48
670 671 672 673 674 675 17 364 365 366 367 7 8 203 204 118 234 235 97 98 94 639 100 101 102 98 93 99 100 93 237 97 130 129 190 106 165 163 30 688 689 690 691 692 693 50 639 67 22 53 62 29 639 639 62 63 132 134 103 164 162 7 8 9 40 632 633 634 635 636 696 663 698 699 679 97 98 407 410 411 412 413 63 64 95 96 97 98 17 67 20 21 22 101 102 50 51 67 22 53
676 677 678 679 680 681 22 368 369 370 371 65 66 127 124 106 173 171 53 48 49 65 66 67 639 48 201 202 107 108 183 107 183 184 105 106 164 162 639 65 66 67 22 53 54 55 56 55 26 57 66 33 639 37 66 67 135 133 104 169 167 65 66 67 67 637 638 639 640 641 49 65 66 67 679 84 95 95 414 415 416 417 67 20 21 22 101 102 17 24 25 26 679 94 57 55 56 55 26 639
682 683 684 685 686 687 38 372 373 374 375 5 36 126 125 103 172 170 57 48 49 53 54 55 89 55 639 204 109 110 185 109 185 186 106 103 172 170 90 53 639 639 26 57 639 59 60 59 30 61 2 3 4 5 36 37 137 136 106 168 166 5 36 37 55 642 643 644 645 646 55 56 87 88 89 90 90 25 418 419 420 421 24 25 26 93 94 57 22 28 29 30 679 679 679 59 60 59 30 61
688 689 690 691 692 693 407 402 403 404 405 9 40 131 128 104 214 215 115 116 119 115 107 108 111 107 175 176 199 196 141 144 145 146 226 224 214 215 107 108 111 107 115 116 119 115 107 108 111 639 111 107 107 108 111 107 175 176 103 173 171 9 55 56 87 88 89 649 650 651 59 60 91 92 93 94 94 29 422 423 424 425 28 29 30 97 98 61 26 57 58 22 22 679 679 63 64 63 34 65
10 38 12 13 44 45 46 406 407 408 409 3 4 130 129 105 216 217 117 118 121 117 109 110 113 109 177 178 197 198 142 143 147 148 225 223 216 217 109 110 113 109 117 118 121 117 109 110 113 109 113 109 109 110 113 109 177 178 104 172 170 3 59 60 91 92 93 94 655 656 63 64 95 96 97 98 98 407 402 403 404 405 48 49 21 22 53 59 30 61 64 64 22 679 679 679 48 49 48 49
14 15 16 17 48 49 50 410 411 412 413 7 8 228 229 149 150 155 156 141 144 145 146 145 103 155 156 144 205 206 56 75 53 54 228 229 149 150 155 156 141 144 145 146 141 144 145 146 155 156 145 145 145 156 141 144 145 146 146 205 206 7 63 64 95 96 97 98 65 6 67 20 21 22 679 102 22 53 406 407 408 409 53 54 652 653 654 655 656 95 96 97 54 55 56 87 48 49 53 54
19 20 21 22 53 54 55 414 415 416 417 22 87 230 231 151 152 153 154 142 143 147 148 147 134 161 154 143 207 208 60 79 80 91 230 231 151 152 153 154 142 143 147 148 87 87 87 87 87 87 87 87 87 87 87 143 147 148 148 207 208 22 67 20 21 22 101 102 58 10 24 25 26 93 679 57 26 407 410 411 412 413 80 91 644 90 53 89 90 25 26 57 58 59 60 91 92 26 57 58
87 88 89 90 631 37 407 352 353 354 355 84 82 83 84 41 42 43 74 75 25 26 62 127 124 169 170 4 5 36 2 3 4 63 32 33 667 668 669 71 72 73 639 53 19 20 65 31 32 59 28 47 669 667 668 669 38 39 70 71 72 82 24 25 26 93 94 57 74 75 28 29 30 97 98 61 26 407 352 353 354 355 4 627 644 629 630 631 70 71 72 73 22 53 55 56 87 88 89 90
91 92 93 38 636 41 42 356 357 358 359 89 87 88 89 45 46 47 627 628 629 630 631 126 125 168 166 53 88 639 2792 2793 2794 48 49 50 63 32 33 75 76 77 26 57 23 24 53 87 59 28 59 28 59 28 674 675 42 43 74 75 76 87 28 29 30 97 98 61 78 79 29 201 202 232 233 90 53 87 356 357 358 359 54 632 633 634 635 636 787 788 789 790 791 792 59 60 91 92 93 679
95 96 97 98 38 45 46 360 361 362 363 55 56 87 88 89 90 669 632 633 634 635 636 131 128 173 171 48 63 32 2795 2796 2797 639 62 63 48 49 50 79 80 81 30 61 245 238 58 59 59 28 47 59 59 28 47 681 46 47 78 79 80 91 91 92 93 49 50 51 82 243 238 203 204 234 235 94 57 91 360 361 362 363 58 637 638 639 640 641 794 795 796 797 798 799 63 64 95 96 97 98
21 22 101 102 93 49 50 364 365 366 367 59 60 91 92 93 94 675 637 638 639 640 641 130 129 172 170 95 48 49 2798 2799 2800 639 63 32 63 32 33 83 84 61 61 61 61 242 682 53 87 88 59 59 59 59 28 687 50 51 82 83 84 61 61 61 61 61 61 61 61 61 241 127 124 161 159 98 61 95 364 365 366 367 62 642 643 644 645 646 801 61 61 804 805 806 67 20 21 22 101 102
26 93 94 94 88 54 407 368 369 370 371 63 64 95 96 97 98 681 642 643 644 645 646 127 124 161 159 99 100 639 2801 2802 2803 639 639 49 48 49 50 88 89 61 90 53 61 242 688 58 59 28 59 59 28 59 28 693 55 56 87 88 89 61 25 26 57 58 59 60 91 92 240 127 124 160 158 102 65 407 368 369 370 371 17 647 644 649 650 651 808 61 810 811 812 813 24 25 26 93 94 57
30 97 98 61 57 58 59 372 373 374 375 67 20 21 22 101 102 687 647 648 649 650 651 126 125 160 158 19 20 48 49 639 639 32 61 62 61 639 63 90 93 61 94 57 61 241 93 94 57 58 59 28 59 28 28 58 59 639 91 92 93 61 29 30 61 62 63 64 95 96 239 126 125 165 163 22 53 19 372 373 374 375 55 56 87 88 89 90 815 816 817 818 819 820 28 29 30 97 98 61
27 28 29 30 61 402 403 404 405 96 97 24 25 26 93 94 57 693 21 22 101 102 65 131 128 165 163 23 24 61 63 32 33 49 50 60 91 639 93 94 97 61 98 61 61 240 639 98 2 639 27 59 59 28 31 32 32 631 95 96 97 61 33 34 61 61 61 61 61 61 237 131 128 164 162 26 57 23 402 403 404 405 59 60 91 92 93 644 822 823 824 825 826 827 95 96 97 98 679 679
31 32 33 34 407 406 407 408 409 22 53 28 29 30 97 98 61 25 26 93 639 57 58 132 134 161 159 639 28 647 48 49 50 62 63 64 95 96 97 98 53 61 102 65 61 239 101 102 6 7 31 32 33 53 87 88 88 636 21 22 53 61 49 26 61 242 24 25 26 93 94 130 129 169 167 30 61 27 406 407 408 409 63 64 95 96 97 98 829 830 831 832 833 834 99 100 101 102 6 679
87 88 89 90 53 410 411 412 413 26 57 48 49 30 61 27 28 29 30 97 98 61 62 135 133 160 639 639 32 33 61 62 63 90 639 20 21 22 101 102 57 61 22 53 61 237 21 22 10 11 87 88 89 58 59 28 28 31 25 26 57 61 49 30 61 240 28 29 30 97 98 137 136 168 166 34 65 407 410 411 412 413 67 20 21 22 101 644 25 26 57 58 22 53 19 20 21 22 10 11
91 92 93 94 57 414 415 416 417 30 61 62 33 34 65 31 32 33 243 238 102 65 17 137 136 165 163 87 88 89 90 53 639 639 24 25 26 93 94 57 61 201 202 232 233 24 25 26 14 15 91 92 93 642 58 59 65 31 32 30 61 61 33 34 61 239 32 33 201 202 111 183 184 173 171 90 53 87 414 415 416 417 24 25 26 93 94 57 29 644 61 62 26 57 23 24 25 26 14 15
95 96 97 98 61 418 419 420 421 34 65 93 93 93 93 93 93 93 93 242 202 107 107 175 176 210 211 107 108 111 107 115 116 119 28 29 30 97 639 61 111 107 204 234 235 28 29 30 19 20 95 96 97 647 648 48 53 87 88 34 65 61 89 90 61 237 88 89 203 204 113 185 186 172 170 94 57 91 418 419 420 421 28 29 30 97 98 61 33 34 65 66 30 61 27 28 29 30 19 20
99 100 101 102 407 422 423 424 425 51 82 93 94 57 58 59 28 29 61 241 204 109 109 177 178 212 213 109 110 113 109 117 118 121 117 109 110 113 109 110 113 109 212 214 215 111 107 108 232 233 99 100 101 102 65 17 58 639 28 51 639 201 202 232 233 20 48 29 127 124 192 193 145 205 206 206 61 95 422 423 424 425 407 102 65 17 407 49 50 51 407 22 53 19 407 21 22 679 23 24
639 30 61 62 63 402 403 404 405 51 82 93 98 61 62 63 32 33 34 240 229 156 145 226 224 190 191 149 150 155 156 141 144 145 146 149 150 155 141 144 145 226 224 216 217 113 109 110 234 235 29 30 61 62 63 17 243 238 50 51 82 203 204 234 235 639 116 239 126 125 194 195 147 207 208 208 65 407 377 378 379 380 381 382 377 378 379 380 381 382 377 378 379 380 381 382 26 57 639 639
33 639 65 66 67 406 407 408 409 56 87 93 102 65 17 48 49 50 93 239 231 154 147 225 223 188 189 151 152 153 154 142 143 147 148 151 152 153 142 143 147 225 223 104 105 106 103 103 161 159 33 34 65 61 61 61 61 241 55 56 87 127 124 210 211 111 107 119 179 180 168 166 30 61 62 63 64 65 383 384 385 386 387 388 383 384 385 386 387 388 383 384 385 386 387 388 30 61 31 32
89 90 53 54 55 410 411 412 413 60 91 93 62 63 17 93 93 93 93 237 201 202 639 175 176 161 159 53 54 55 89 90 55 56 639 88 89 90 59 60 91 228 229 149 150 155 220 222 161 159 89 90 53 61 55 26 61 242 59 60 202 639 125 212 213 113 109 121 193 182 172 170 53 54 66 67 20 53 389 390 391 392 393 394 389 390 391 392 393 394 389 390 391 392 393 394 54 65 87 88
93 94 33 58 407 414 415 416 417 64 95 93 66 67 22 93 241 55 56 62 203 204 109 177 178 160 158 639 58 59 93 94 59 639 91 92 93 94 63 64 95 230 231 151 152 153 219 221 160 158 93 94 57 61 59 30 61 240 63 64 95 639 229 226 224 193 193 193 193 193 205 206 627 628 629 630 631 57 395 396 397 398 399 400 395 396 397 398 399 400 395 396 397 398 399 400 58 53 91 92
97 98 89 62 63 418 419 420 421 20 21 93 54 55 26 93 240 67 20 53 131 128 199 196 141 205 206 61 62 63 97 98 63 64 95 96 97 98 67 20 21 95 96 97 98 61 131 128 165 93 97 98 61 61 63 34 61 239 67 20 21 230 231 225 223 194 195 147 148 148 207 208 632 633 634 635 636 61 62 63 97 98 61 62 63 34 65 66 67 20 21 407 352 353 354 355 62 57 639 96
84 95 33 96 97 422 423 424 425 88 89 93 53 87 30 93 239 98 94 57 132 134 197 198 142 207 208 95 95 639 97 54 67 20 21 22 101 102 62 63 32 33 34 244 238 58 61 129 164 93 84 95 95 61 97 54 61 240 87 88 89 639 53 126 125 160 158 98 94 57 57 84 637 638 639 640 641 95 95 96 97 54 55 56 87 88 89 90 53 87 25 99 356 357 358 359 17 84 95 95
89 90 89 26 57 402 403 404 405 92 93 93 93 91 61 93 237 102 98 61 639 133 161 159 98 55 56 639 88 89 90 58 24 25 26 93 94 57 17 61 61 61 61 61 242 630 127 124 169 93 89 90 25 61 57 58 61 239 93 639 639 94 639 132 134 165 163 102 98 61 61 89 642 643 644 645 646 90 25 26 57 58 59 60 201 202 232 233 88 89 90 407 360 361 362 363 17 89 90 25
93 639 29 30 97 406 407 408 409 96 639 98 639 202 232 233 54 57 84 95 137 136 160 158 30 59 60 91 92 93 94 89 28 29 30 97 98 61 17 61 49 50 51 82 241 33 126 125 168 166 93 94 29 61 61 62 61 237 93 96 639 639 639 135 133 164 162 57 84 95 61 93 647 648 649 650 651 94 29 30 61 62 63 64 203 204 234 235 92 93 94 57 364 365 366 367 22 93 639 29
97 98 33 34 101 410 411 412 413 22 101 639 203 204 234 235 58 61 89 90 138 139 165 163 34 63 64 95 96 97 98 93 94 20 21 22 87 95 22 61 54 55 56 87 240 63 131 128 173 171 97 98 639 201 202 232 233 20 21 22 639 102 65 137 136 169 167 61 89 90 65 97 98 33 34 65 97 98 33 34 243 238 67 20 127 124 165 163 96 97 98 61 368 369 370 371 26 97 639 33
639 639 61 89 90 414 415 416 417 93 94 57 127 124 214 215 108 108 111 107 175 176 164 162 90 67 20 21 22 101 102 97 98 627 628 629 630 631 26 61 58 59 61 61 239 33 130 129 172 170 53 48 49 639 204 234 235 25 26 93 94 57 58 138 139 168 166 61 93 94 53 61 61 61 61 61 61 61 61 61 61 242 201 202 179 180 164 162 100 101 102 65 372 373 374 375 30 53 48 49
639 66 67 93 416 387 385 384 413 63 64 61 130 129 216 217 109 110 113 109 177 178 164 162 57 24 25 26 93 94 57 101 102 632 633 634 635 636 30 61 62 63 61 61 241 92 132 134 214 215 107 108 202 175 176 210 211 107 108 111 107 119 115 175 176 173 171 65 97 98 33 61 93 94 57 58 57 48 49 30 61 241 203 204 181 182 161 159 30 61 62 407 402 403 404 405 34 57 48 49
87 23 27 580 581 582 583 584 583 586 20 233 175 176 190 191 141 156 145 146 226 224 169 167 61 28 29 30 97 98 61 94 57 637 638 639 640 641 34 61 66 67 61 61 240 96 135 133 216 217 109 110 113 177 178 212 213 109 110 113 109 121 117 177 178 172 170 53 53 48 49 61 97 98 61 62 61 62 33 34 65 240 228 229 220 222 160 158 34 65 66 67 406 407 408 409 54 61 62 33
66 67 95 608 588 589 590 591 590 593 21 93 202 223 188 189 142 154 147 148 225 223 168 166 65 17 65 28 29 30 97 98 61 642 643 644 645 646 88 61 90 53 61 61 239 639 137 136 199 196 141 144 145 146 149 150 155 156 149 150 155 156 145 220 222 169 167 53 54 55 56 61 101 102 65 17 65 66 89 90 61 239 230 231 219 221 165 163 90 53 54 55 410 411 412 413 58 65 66 89
23 27 4 594 595 596 597 598 597 600 26 203 204 178 164 162 639 66 630 639 130 129 173 171 639 17 82 93 94 57 58 59 28 647 648 649 650 651 92 61 87 61 61 61 237 639 138 139 197 198 142 143 147 148 151 152 153 154 151 152 153 154 147 219 221 168 166 57 58 59 60 61 61 62 63 61 61 61 61 61 61 237 28 33 132 134 164 162 53 54 58 59 414 415 416 417 62 82 93 94
30 87 94 601 602 603 604 605 604 607 30 228 229 141 205 632 633 634 635 636 127 124 172 170 67 22 82 94 57 58 62 63 34 243 238 92 93 94 57 639 202 232 233 33 34 65 127 124 161 159 82 97 98 61 62 63 32 33 34 53 54 55 26 138 139 173 171 61 62 63 64 61 65 66 67 61 241 97 98 61 62 63 32 33 130 133 161 159 57 58 62 407 418 419 420 421 66 82 97 98
639 30 639 608 609 610 611 612 611 614 34 17 231 142 207 637 638 639 640 641 132 134 169 167 55 26 87 58 59 61 61 61 61 61 241 96 97 58 59 203 204 234 235 639 34 65 126 125 160 158 87 101 102 65 17 48 49 50 51 57 58 59 30 131 128 172 170 65 66 67 20 61 53 54 55 61 240 101 664 665 666 667 668 669 137 136 160 158 61 62 96 97 422 423 424 425 31 87 101 102
30 639 17 615 616 617 618 619 618 621 633 634 635 207 208 642 643 644 645 639 135 133 168 166 639 58 59 62 63 61 33 91 92 61 240 100 101 201 202 175 176 210 211 107 108 111 107 184 165 163 30 97 91 29 30 61 62 63 17 243 238 91 29 130 129 161 159 17 26 87 101 61 93 94 57 61 239 28 670 671 672 673 674 675 138 139 165 163 65 17 26 57 352 353 354 355 87 30 97 91
34 639 30 98 407 410 373 374 405 637 638 639 640 641 61 647 648 649 650 651 137 136 173 171 61 639 63 17 48 61 50 95 96 61 241 30 61 203 204 177 178 212 213 109 110 113 109 186 164 162 34 101 95 33 61 61 61 61 61 61 241 201 202 175 176 160 158 22 58 59 28 61 61 98 61 61 237 32 676 677 678 679 680 681 127 124 164 162 63 17 30 61 356 357 358 359 91 34 101 95
90 61 32 95 356 414 353 354 409 642 643 644 645 646 53 54 55 26 62 63 138 139 172 170 65 17 48 27 28 61 30 99 100 61 240 34 65 127 124 190 191 141 144 149 150 155 156 146 205 206 90 61 99 89 61 53 54 55 26 90 240 203 204 177 178 165 163 26 62 63 32 34 201 202 232 233 48 49 682 683 684 685 686 687 126 125 169 167 67 22 34 407 360 361 362 363 95 90 61 99
87 639 32 90 407 356 357 358 413 63 88 649 650 651 54 32 59 30 17 48 126 125 160 158 63 17 48 31 32 61 34 29 30 61 239 90 53 126 125 188 189 142 143 151 152 153 154 148 207 208 87 88 89 90 61 54 58 59 30 87 239 228 229 226 224 164 162 30 17 48 49 90 203 204 234 235 48 49 688 689 690 691 692 693 130 129 168 166 55 26 57 58 364 365 366 367 99 87 88 89
91 639 93 94 57 360 361 362 363 91 92 26 62 88 58 88 63 243 238 48 131 128 165 163 67 22 53 87 88 61 61 33 61 61 237 94 57 131 128 173 171 33 34 65 658 659 660 661 662 663 91 92 93 94 57 61 61 61 61 61 237 230 231 225 223 214 215 107 115 116 119 202 183 184 214 215 107 108 111 107 107 108 119 115 183 184 173 171 59 30 61 62 368 369 370 371 29 91 639 93
95 639 639 98 61 364 365 366 367 95 96 97 93 93 93 93 93 93 241 202 130 129 164 162 233 26 57 58 639 201 639 232 233 102 97 98 61 130 129 161 159 66 87 88 664 665 666 667 668 669 55 56 87 88 89 90 96 97 54 95 96 97 98 130 129 216 217 109 117 118 121 117 185 186 216 217 109 110 113 109 109 110 121 117 185 186 172 170 63 34 65 66 372 373 374 375 53 95 639 97
27 27 639 102 65 368 369 370 371 99 100 101 93 65 17 26 57 58 240 204 113 212 210 211 639 30 61 62 63 639 204 234 235 33 84 95 95 130 129 160 158 57 91 92 670 671 672 673 674 675 59 60 91 92 93 94 26 57 58 99 100 101 102 131 128 199 196 149 150 155 156 141 144 145 146 149 150 155 156 141 144 145 146 145 146 156 205 206 97 54 94 407 402 403 404 405 57 99 100 639
31 31 30 62 407 372 373 374 375 29 30 61 93 63 17 30 61 62 239 229 141 226 212 214 215 115 639 119 115 179 180 214 215 107 108 111 107 175 176 165 163 61 95 96 676 677 678 679 680 681 63 64 95 96 97 98 30 61 62 29 30 61 62 228 229 205 206 151 152 153 154 142 143 147 148 151 152 153 154 142 143 147 148 147 148 154 207 208 57 58 98 61 406 407 408 409 61 29 30 61
87 87 6 66 67 402 403 404 405 99 100 26 93 93 93 93 93 93 237 231 142 225 223 216 217 117 118 121 117 181 182 216 217 109 110 113 109 177 178 164 162 65 99 100 682 683 684 685 686 687 67 20 21 22 101 102 34 65 66 99 100 26 57 230 231 207 208 66 34 65 66 61 62 63 17 48 49 50 51 26 57 23 24 25 93 94 29 30 61 62 102 65 410 411 412 413 65 33 34 65
62 639 27 95 96 406 407 408 409 59 28 30 61 27 28 29 70 71 48 49 50 228 229 141 144 145 141 144 145 146 149 150 155 156 149 150 155 156 156 205 206 53 19 20 688 689 690 691 692 693 24 25 26 93 94 57 98 61 2 59 28 30 61 27 28 29 70 71 48 49 50 65 66 67 22 53 54 55 56 30 61 27 28 29 97 98 33 34 65 66 22 53 414 415 416 417 53 62 639 64
639 67 31 21 22 410 411 412 413 63 32 34 65 31 32 33 74 75 53 54 55 230 231 142 143 147 142 143 147 148 151 152 153 154 151 152 153 154 154 207 208 57 23 24 694 695 696 697 698 699 28 29 30 97 98 61 102 65 6 63 32 34 65 31 32 33 74 75 53 54 55 53 54 55 26 57 58 67 20 34 65 31 32 33 67 22 53 54 55 56 26 407 418 419 420 421 57 639 67 20
23 639 87 26 407 414 415 416 417 48 49 90 53 87 88 89 78 79 80 91 89 90 53 87 30 61 62 98 94 90 53 87 88 89 55 26 57 58 59 60 30 61 27 28 29 30 61 17 48 49 23 24 25 26 93 94 407 58 10 48 407 90 53 87 407 89 78 79 407 91 89 90 407 87 30 61 407 98 94 90 407 87 88 89 55 26 57 58 407 60 407 61 422 423 424 425 61 23 24 25
27 31 4 30 97 418 419 420 421 48 49 94 57 91 92 93 82 83 84 95 93 94 57 91 34 65 66 102 98 94 57 91 92 93 59 30 61 91 92 93 94 57 58 59 28 29 30 22 53 54 27 28 29 30 97 407 377 378 379 380 381 382 377 378 379 380 381 382 327 328 329 330 331 332 327 328 329 330 331 332 377 378 379 380 381 382 377 378 379 380 381 382 377 378 379 380 30 27 28 29
31 87 33 34 101 422 423 424 425 407 54 407 61 95 96 407 87 88 89 407 97 91 92 407 94 89 90 407 54 55 26 407 96 97 63 407 65 95 96 407 98 61 62 407 32 33 407 407 407 48 407 32 33 34 407 102 383 384 385 386 387 388 383 384 385 386 387 388 333 334 335 336 337 338 333 334 335 336 337 338 383 384 385 386 387 388 383 384 385 386 387 388 383 384 385 386 34 31 32 33
87 88 89 90 407 377 378 379 380 381 382 377 378 379 380 381 382 327 328 329 330 331 332 377 378 379 380 381 382 377 378 379 380 381 382 377 378 379 380 381 382 327 328 329 330 331 332 377 378 379 377 378 379 380 381 382 389 390 391 392 393 394 389 390 391 392 393 394 339 340 341 342 343 344 339 340 341 342 343 344 389 390 391 392 393 394 389 390 391 392 393 394 389 390 391 392 51 87 88 89
62 29 30 61 407 383 384 385 386 387 388 383 384 385 386 387 388 333 334 335 336 337 338 383 384 385 386 387 388 383 384 385 386 387 388 383 384 385 386 387 388 333 334 335 336 337 338 383 384 385 383 384 385 386 387 388 395 396 397 398 399 400 395 396 397 398 399 400 345 346 347 348 349 350 345 346 347 348 349 350 395 396 397 398 399 400 395 396 397 398 399 400 395 396 397 398 51 92 29 30
639 33 34 65 407 389 390 391 392 393 394 389 390 391 392 393 394 339 340 341 342 343 344 389 390 391 392 393 394 389 390 391 392 393 394 389 390 391 392 393 394 339 340 341 342 343 344 389 390 391 389 390 391 392 393 394 22 65 66 33 34 65 66 67 67 20 21 22 53 48 49 65 66 67 33 84 95 95 96 97 54 65 31 32 58 51 57 33 34 65 66 67 22 53 54 55 56 639 33 34
2 639 4 5 36 395 396 397 398 399 400 395 396 397 398 399 400 345 346 347 348 349 350 395 396 397 398 399 400 395 396 397 398 399 400 395 396 397 398 399 400 345 346 347 348 349 350 395 396 397 395 396 397 398 399 400 38 61 2 3 4 5 36 37 55 24 25 26 57 48 49 53 54 55 89 89 90 25 26 57 58 62 30 61 62 51 61 89 90 53 54 55 26 57 58 59 60 2 639 4
6 7 8 9 40 41 42 65 6 7 8 9 40 41 59 28 29 30 61 62 33 57 23 24 25 93 94 29 30 61 62 66 34 65 66 61 62 93 94 57 58 59 30 61 62 63 64 63 34 65 6 7 8 9 40 41 42 65 95 96 97 98 61 2 59 61 27 28 29 97 98 33 34 65 66 71 639 49 50 65 66 97 98 61 62 63 34 65 66 67 48 49 48 49 10 63 64 6 7 8
10 11 12 13 44 45 46 97 98 61 2 3 4 5 639 96 97 98 61 2 59 61 27 28 29 97 98 33 34 65 66 71 48 49 50 65 66 97 98 61 62 63 34 65 66 67 48 49 48 49 49 50 65 66 97 98 61 62 63 34 101 102 65 6 639 65 31 32 33 67 639 53 54 55 639 75 53 54 639 53 54 84 95 95 96 97 54 55 56 87 48 49 53 54 14 67 48 10 11 12
14 15 16 17 48 49 50 101 102 65 6 7 8 9 21 22 101 102 65 6 639 65 31 32 33 67 22 53 54 55 639 75 53 54 639 53 54 84 95 95 96 97 54 639 56 87 48 49 53 54 54 639 53 54 84 95 95 96 97 54 94 57 58 10 48 53 87 88 89 55 26 57 58 59 60 79 80 91 89 90 53 89 90 25 26 57 58 59 60 91 92 26 57 58 19 87 48 14 639 16
19 639 21 22 53 54 55 639 639 639 21 22 53 54 26 93 94 57 58 10 48 53 87 88 89 55 26 57 58 59 60 79 80 91 89 90 53 89 90 25 26 57 58 59 60 91 92 26 57 58 91 89 90 53 89 90 25 26 57 58 21 22 53 639 26 93 94 57 58 639 48 53 87 88 89 55 26 57 58 59 60 79 80 91 89 90 639 639 90 25 26 57 58 59 639 639 92 19 639 21
tile 2 0 0
tile 3 56 0
tile 4 112 0
tile 5 168 0
tile 6 224 0
tile 7 280 0
tile 8 336 0
tile 9 392 0
tile 10 448 0
tile 11 504 0
tile 12 560 0
tile 13 616 0
tile 14 672 0
tile 15 728 0
tile 16 784 0
tile 17 840 0
tile 19 896 0
tile 20 952 0
tile 21 1008 0
tile 22 1064 0
tile 23 1120 0
tile 24 1176 0
tile 25 1232 0
tile 26 0 27
tile 27 56 27
tile 28 112 27
tile 29 168 27
tile 30 224 27
tile 31 280 27
tile 32 336 27
tile 33 392 27
tile 34 448 27
tile 36 504 27
tile 37 560 27
tile 38 616 27
tile 39 672 27
tile 40 728 27
tile 41 784 27
tile 42 840 27
tile 43 896 27
tile 44 952 27
tile 45 1008 27
tile 46 1064 27
tile 47 1120 27
tile 48 1176 27
tile 49 1232 27
tile 50 0 54
tile 51 56 54
tile 53 112 54
tile 54 168 54
tile 55 224 54
tile 56 280 54
tile 57 336 54
tile 58 392 54
tile 59 448 54
tile 60 504 54
tile 61 560 54
tile 62 616 54
tile 63 672 54
tile 64 728 54
tile 65 784 54
tile 66 840 54
tile 67 896 54
tile 70 952 54
tile 71 1008 54
tile 72 1064 54
tile 73 1120 54
tile 74 1176 54
tile 75 1232 54
tile 76 0 81
tile 77 56 81
tile 78 112 81
tile 79 168 81
tile 80 224 81
tile 81 280 81
tile 82 336 81
tile 83 392 81
tile 84 448 81
tile 87 504 81
tile 88 560 81
tile 89 616 81
tile 90 672 81
tile 91 728 81
tile 92 784 81
tile 93 840 81
tile 94 896 81
tile 95 952 81
tile 96 1008 81
tile 97 1064 81
tile 98 1120 81
tile 99 1176 81
tile 100 1232 81
tile 101 0 108
tile 102 56 108
tile 103 112 108
tile 104 168 108
tile 105 224 108
tile 106 280 108
tile 107 336 108
tile 108 392 108
tile 109 448 108
tile 110 504 108
tile 111 560 108
tile 113 616 108
tile 115 672 108
tile 116 728 108
tile 117 784 108
tile 118 840 108
tile 119 896 108
tile 121 952 108
tile 124 1008 108
tile 125 1064 108
tile 126 1120 108
tile 127 1176 108
tile 128 1232 108
tile 129 0 135
tile 130 56 135
tile 131 112 135
tile 132 168 135
tile 133 224 135
tile 134 280 135
tile 135 336 135
tile 136 392 135
tile 137 448 135
tile 138 504 135
tile 139 560 135
tile 141 616 135
tile 142 672 135
tile 143 728 135
tile 144 784 135
tile 145 840 135
tile 146 896 135
tile 147 952 135
tile 148 1008 135
tile 149 1064 135
tile 150 1120 135
tile 151 1176 135
tile 152 1232 135
tile 153 0 162
tile 154 56 162
tile 155 112 162
tile 156 168 162
tile 158 224 162
tile 159 280 162
tile 160 336 162
tile 161 392 162
tile 162 448 162
tile 163 504 162
tile 164 560 162
tile 165 616 162
tile 166 672 162
tile 167 728 162
tile 168 784 162
tile 169 840 162
tile 170 896 162
tile 171 952 162
tile 172 1008 162
tile 173 1064 162
tile 175 1120 162
tile 176 1176 162
tile 177 1232 162
tile 178 0 189
tile 179 56 189
tile 180 112 189
tile 181 168 189
tile 182 224 189
tile 183 280 189
tile 184 336 189
tile 185 392 189
tile 186 448 189
tile 188 504 189
tile 189 560 189
tile 190 616 189
tile 191 672 189
tile 192 728 189
tile 193 784 189
tile 194 840 189
tile 195 896 189
tile 196 952 189
tile 197 1008 189
tile 198 1064 189
tile 199 1120 189
tile 201 1176 189
tile 202 1232 189
tile 203 0 216
tile 204 56 216
tile 205 112 216
tile 206 168 216
tile 207 224 216
tile 208 280 216
tile 210 336 216
tile 211 392 216
tile 212 448 216
tile 213 504 216
tile 214 560 216
tile 215 616 216
tile 216 672 216
tile 217 728 216
tile 219 784 216
tile 220 840 216
tile 221 896 216
tile 222 952 216
tile 223 1008 216
tile 224 1064 216
tile 225 1120 216
tile 226 1176 216
tile 228 1232 216
tile 229 0 243
tile 230 56 243
tile 231 112 243
tile 232 168 243
tile 233 224 243
tile 234 280 243
tile 235 336 243
tile 237 392 243
tile 238 448 243
tile 239 504 243
tile 240 560 243
tile 241 616 243
tile 242 672 243
tile 243 728 243
tile 244 784 243
tile 245 840 243
tile 327 896 243
tile 328 952 243
tile 329 1008 243
tile 330 1064 243
tile 331 1120 243
tile 332 1176 243
tile 333 1232 243
tile 334 0 270
tile 335 56 270
tile 336 112 270
tile 337 168 270
tile 338 224 270
tile 339 280 270
tile 340 336 270
tile 341 392 270
tile 342 448 270
tile 343 504 270
tile 344 560 270
tile 345 616 270
tile 346 672 270
tile 347 728 270
tile 348 784 270
tile 349 840 270
tile 350 896 270
tile 352 952 270
tile 353 1008 270
tile 354 1064 270
tile 355 1120 270
tile 356 1176 270
tile 357 1232 270
tile 358 0 297
tile 359 56 297
tile 360 112 297
tile 361 168 297
tile 362 224 297
tile 363 280 297
tile 364 336 297
tile 365 392 297
tile 366 448 297
tile 367 504 297
tile 368 560 297
tile 369 616 297
tile 370 672 297
tile 371 728 297
tile 372 784 297
tile 373 840 297
tile 374 896 297
tile 375 952 297
tile 377 1008 297
tile 378 1064 297
tile 379 1120 297
tile 380 1176 297
tile 381 1232 297
tile 382 0 324
tile 383 56 324
tile 384 112 324
tile 385 168 324
tile 386 224 324
tile 387 280 324
tile 388 336 324
tile 389 392 324
tile 390 448 324
tile 391 504 324
tile 392 560 324
tile 393 616 324
tile 394 672 324
tile 395 728 324
tile 396 784 324
tile 397 840 324
tile 398 896 324
tile 399 952 324
tile 400 1008 324
tile 402 1064 324
tile 403 1120 324
tile 404 1176 324
tile 405 1232 324
tile 406 0 351
tile 407 56 351
tile 408 112 351
tile 409 168 351
tile 410 224 351
tile 411 280 351
tile 412 336 351
tile 413 392 351
tile 414 448 351
tile 415 504 351
tile 416 560 351
tile 417 616 351
tile 418 672 351
tile 419 728 351
tile 420 784 351
tile 421 840 351
tile 422 896 351
tile 423 952 351
tile 424 1008 351
tile 425 1064 351
tile 537 1120 351
tile 538 1176 351
tile 539 1232 351
tile 540 0 378
tile 541 56 378
tile 542 112 378
tile 543 168 378
tile 544 224 378
tile 545 280 378
tile 546 336 378
tile 547 392 378
tile 548 448 378
tile 549 504 378
tile 550 560 378
tile 551 616 378
tile 552 672 378
tile 553 728 378
tile 554 784 378
tile 555 840 378
tile 556 896 378
tile 557 952 378
tile 558 1008 378
tile 559 1064 378
tile 560 1120 378
tile 561 1176 378
tile 562 1232 378
tile 563 0 405
tile 564 56 405
tile 565 112 405
tile 566 168 405
tile 573 224 405
tile 574 280 405
tile 575 336 405
tile 576 392 405
tile 577 448 405
tile 578 504 405
tile 580 560 405
tile 581 616 405
tile 582 672 405
tile 583 728 405
tile 584 784 405
tile 586 840 405
tile 587 896 405
tile 588 952 405
tile 589 1008 405
tile 590 1064 405
tile 591 1120 405
tile 593 1176 405
tile 594 1232 405
tile 595 0 432
tile 596 56 432
tile 597 112 432
tile 598 168 432
tile 600 224 432
tile 601 280 432
tile 602 336 432
tile 603 392 432
tile 604 448 432
tile 605 504 432
tile 607 560 432
tile 608 616 432
tile 609 672 432
tile 610 728 432
tile 611 784 432
tile 612 840 432
tile 614 896 432
tile 615 952 432
tile 616 1008 432
tile 617 1064 432
tile 618 1120 432
tile 619 1176 432
tile 621 1232 432
tile 622 0 459
tile 623 56 459
tile 624 112 459
tile 625 168 459
tile 626 224 459
tile 627 280 459
tile 628 336 459
tile 629 392 459
tile 630 448 459
tile 631 504 459
tile 632 560 459
tile 633 616 459
tile 634 672 459
tile 635 728 459
tile 636 784 459
tile 637 840 459
tile 638 896 459
tile 639 952 459
tile 640 1008 459
tile 641 1064 459
tile 642 1120 459
tile 643 1176 459
tile 644 1232 459
tile 645 0 486
tile 646 56 486
tile 647 112 486
tile 648 168 486
tile 649 224 486
tile 650 280 486
tile 651 336 486
tile 652 392 486
tile 653 448 486
tile 654 504 486
tile 655 560 486
tile 656 616 486
tile 658 672 486
tile 659 728 486
tile 660 784 486
tile 661 840 486
tile 662 896 486
tile 663 952 486
tile 664 1008 486
tile 665 1064 486
tile 666 1120 486
tile 667 1176 486
tile 668 1232 486
tile 669 0 513
tile 670 56 513
tile 671 112 513
tile 672 168 513
tile 673 224 513
tile 674 280 513
tile 675 336 513
tile 676 392 513
tile 677 448 513
tile 678 504 513
tile 679 560 513
tile 680 616 513
tile 681 672 513
tile 682 728 513
tile 683 784 513
tile 684 840 513
tile 685 896 513
tile 686 952 513
tile 687 1008 513
tile 688 1064 513
tile 689 1120 513
tile 690 1176 513
tile 691 1232 513
tile 692 0 540
tile 693 56 540
tile 694 112 540
tile 695 168 540
tile 696 224 540
tile 697 280 540
tile 698 336 540
tile 699 392 540
tile 787 448 540
tile 788 504 540
tile 789 560 540
tile 790 616 540
tile 791 672 540
tile 792 728 540
tile 794 784 540
tile 795 840 540
tile 796 896 540
tile 797 952 540
tile 798 1008 540
tile 799 1064 540
tile 801 1120 540
tile 804 1176 540
tile 805 1232 540
tile 806 0 567
tile 808 56 567
tile 810 112 567
tile 811 168 567
tile 812 224 567
tile 813 280 567
tile 815 336 567
tile 816 392 567
tile 817 448 567
tile 818 504 567
tile 819 560 567
tile 820 616 567
tile 822 672 567
tile 823 728 567
tile 824 784 567
tile 825 840 567
tile 826 896 567
tile 827 952 567
tile 829 1008 567
tile 830 1064 567
tile 831 1120 567
tile 832 1176 567
tile 833 1232 567
tile 834 0 594
tile 1113 56 594
tile 1114 112 594
tile 2792 168 594
tile 2793 224 594
tile 2794 280 594
tile 2795 336 594
tile 2796 392 594
tile 2797 448 594
tile 2798 504 594
tile 2799 560 594
tile 2800 616 594
tile 2801 672 594
tile 2802 728 594
tile 2803 784 594
picture 75 1596 967 40 0
picture 76 1596 557 41 0
picture 77 1568 184 45 0
picture 78 1540 813 46 0
picture 79 1540 859 46 0
picture 80 1484 214 52 0
picture 185 1456 386 54 0
picture 186 1456 440 54 0
picture 189 1456 494 54 0
picture 190 1456 548 54 0
picture 191 1456 602 54 0
picture 192 1456 656 54 0
picture 195 1456 710 54 0
picture 196 1456 764 54 0
picture 203 1596 598 41 0
picture 204 1512 719 49 0
picture 205 1624 433 37 0
picture 206 1540 147 48 0
picture 207 1596 639 41 0
picture 208 1540 195 48 0
picture 209 1568 229 45 0
picture 210 1596 473 42 0
picture 211 1512 768 49 0
picture 212 1568 544 44 0
picture 213 1512 817 49 0
picture 214 1568 588 44 0
picture 215 1624 240 39 0
picture 216 1540 531 47 0
picture 217 1624 0 40 0
picture 218 1596 0 43 0
picture 219 1624 357 38 0
picture 220 1596 43 43 0
picture 221 1568 274 45 0
picture 222 1596 515 42 0
picture 223 1512 866 49 0
picture 224 1568 632 44 0
picture 225 1512 915 49 0
picture 226 1568 676 44 0
picture 227 1624 642 31 0
picture 228 1456 56 55 0
picture 229 1540 243 48 0
picture 230 1540 578 47 0
picture 231 1540 625 47 0
picture 232 1624 610 32 0
picture 233 1596 86 43 0
picture 234 1624 40 40 0
picture 235 1456 818 54 0
picture 236 1456 872 54 0
picture 237 1456 111 55 0
picture 238 1456 166 55 0
picture 239 1624 506 35 0
picture 240 1400 788 59 0
picture 241 1624 470 36 0
picture 242 1568 319 45 0
picture 243 1456 221 55 0
picture 245 1372 455 64 0
picture 246 1624 395 38 0
picture 247 1484 266 52 0
picture 248 1400 965 58 0
picture 249 1372 519 64 0
picture 250 1400 847 59 0
picture 251 1428 0 58 0
picture 252 1428 58 58 0
picture 253 1540 672 47 0
picture 254 1624 279 39 0
picture 255 1400 0 61 0
picture 256 1624 318 39 0
picture 257 1344 564 65 0
picture 258 1344 629 65 0
picture 259 1344 694 65 0
picture 260 1344 759 65 0
picture 261 1400 906 59 0
picture 262 1512 964 49 0
picture 329 1540 291 48 0
picture 330 1540 339 48 0
picture 331 1540 905 46 0
picture 332 1540 951 46 0
picture 333 1540 719 47 0
picture 334 1540 387 48 0
picture 335 1540 766 47 0
picture 336 1540 435 48 0
picture 339 1568 364 45 0
picture 341 1512 669 50 0
picture 342 1428 116 58 0
picture 343 1372 837 62 0
picture 344 1428 869 56 0
picture 345 1484 318 52 0
picture 346 1596 680 41 0
picture 349 1596 721 41 0
picture 350 1484 370 52 0
picture 351 1484 422 52 0
picture 352 1568 0 46 0
picture 353 1568 409 45 0
picture 354 1568 720 44 0
picture 356 1484 474 52 0
picture 357 1484 526 52 0
picture 358 1596 762 41 0
picture 359 1484 578 52 0
picture 360 1484 630 52 0
picture 361 1596 803 41 0
picture 362 1484 682 52 0
picture 363 1484 734 52 0
picture 364 1568 46 46 0
picture 415 1176 0 98 0
picture 416 1176 98 98 0
picture 737 1372 583 64 0
picture 738 1316 612 74 0
picture 739 1316 686 74 0
picture 740 1372 647 64 0
picture 745 1596 844 41 0
picture 746 1568 764 44 0
picture 747 1568 808 44 0
picture 748 1596 885 41 0
picture 754 1540 483 48 0
picture 760 1428 812 57 0
picture 787 1372 899 62 0
picture 788 1316 312 75 0
picture 789 1428 174 58 0
picture 790 1512 312 51 0
picture 791 1344 824 65 0
picture 792 1484 786 52 0
picture 793 1484 838 52 0
picture 794 1344 889 65 0
picture 795 1512 363 51 0
picture 796 1428 232 58 0
picture 797 1316 387 75 0
picture 798 1372 961 62 0
picture 2041 1484 890 52 0
picture 2042 1400 488 60 0
picture 2043 1624 701 27 0
picture 2044 1624 728 27 0
picture 2045 1400 548 60 0
picture 2046 1484 942 52 0
picture 2131 1568 454 45 0
picture 2132 1232 552 90 0
picture 2133 1260 0 88 0
picture 2134 1428 290 58 0
picture 2135 1624 755 27 0
picture 2136 1316 760 74 0
picture 2137 1288 243 80 0
picture 2138 1624 576 34 0
picture 2515 1344 954 65 0
picture 2516 1316 0 78 0
picture 2517 1148 103 102 0
picture 2518 1232 642 90 0
picture 2519 1400 61 61 0
picture 2520 1596 129 43 0
picture 2521 1316 834 72 0
picture 2522 1260 264 84 0
picture 2523 1260 932 81 0
picture 2524 1428 348 58 0
picture 2525 1596 172 43 0
picture 2526 1428 925 56 0
picture 2527 1372 0 65 0
picture 2528 1344 428 68 0
picture 2529 1428 406 58 0
picture 2530 1372 65 65 0
picture 2531 1316 78 78 0
picture 2532 1288 323 79 0
picture 2533 1288 402 79 0
picture 2534 1512 414 51 0
picture 2535 1540 0 49 0
picture 2536 1316 462 75 0
picture 2537 1260 348 84 0
picture 2538 1260 88 88 0
picture 2539 1372 711 63 0
picture 2540 1372 130 65 0
picture 2541 1176 386 93 0
picture 2542 1148 205 102 0
picture 2543 1232 732 90 0
picture 2544 1288 0 81 0
picture 2545 1400 122 61 0
picture 2546 1232 822 90 0
picture 2547 1148 307 102 0
picture 2548 1316 156 78 0
picture 2549 1372 195 65 0
picture 2550 1428 464 58 0
picture 2551 1288 81 81 0
picture 2552 1260 432 84 0
picture 2553 1316 906 72 0
picture 2554 1596 215 43 0
picture 2555 1428 522 58 0
picture 2556 1344 496 68 0
picture 2557 1372 260 65 0
picture 2558 1456 0 56 0
picture 2559 1596 258 43 0
picture 2560 1512 465 51 0
picture 2561 1288 481 79 0
picture 2562 1288 560 79 0
picture 2563 1316 234 78 0
picture 2564 1372 325 65 0
picture 2565 1372 774 63 0
picture 2566 1260 176 88 0
picture 2567 1260 516 84 0
picture 2568 1316 537 75 0
picture 2569 1540 49 49 0
picture 2570 1288 162 81 0
picture 2571 1232 912 90 0
picture 2572 1148 409 102 0
picture 2573 1176 479 93 0
picture 2574 1372 390 65 0
picture 2600 1148 511 102 0
picture 2601 924 768 147 0
picture 2602 924 620 148 0
picture 2603 1148 613 102 0
picture 2604 1456 926 54 0
picture 2605 1624 782 27 0
picture 2606 1344 144 71 0
picture 2607 1148 715 100 0
picture 2608 1064 576 112 0
picture 2609 1176 196 95 0
picture 2610 1428 580 58 0
picture 2611 1624 809 27 0
picture 2612 1344 215 71 0
picture 2613 1260 600 84 0
picture 2614 1176 572 93 0
picture 2615 1260 768 82 0
picture 2616 1428 638 58 0
picture 2617 1624 836 27 0
picture 2618 1176 665 93 0
picture 2619 1120 214 106 0
picture 2620 1092 544 107 0
picture 2621 1176 758 93 0
picture 2622 1512 516 51 0
picture 2623 1624 863 27 0
picture 2624 1176 851 93 0
picture 2625 1120 320 106 0
picture 2626 1036 888 116 0
picture 2627 1120 744 104 0
picture 2628 1400 183 61 0
picture 2629 1428 696 58 0
picture 2630 1176 291 95 0
picture 2631 1064 688 112 0
picture 2632 1148 815 100 0
picture 2633 1344 286 71 0
picture 2634 1624 890 27 0
picture 2635 1428 754 58 0
picture 2636 1260 850 82 0
picture 2637 1204 0 93 0
picture 2638 1260 684 84 0
picture 2639 1344 357 71 0
picture 2640 1624 917 27 0
picture 2641 1512 567 51 0
picture 2642 1204 93 93 0
picture 2643 1092 651 107 0
picture 2644 1120 426 106 0
picture 2645 1204 186 93 0
picture 2646 1624 944 27 0
picture 2647 1400 244 61 0
picture 2648 1120 848 104 0
picture 2649 1064 0 116 0
picture 2650 1120 532 106 0
picture 2651 1204 279 93 0
picture 2652 1624 971 27 0
picture 2653 616 360 178 0
picture 2654 336 207 206 0
picture 2655 28 259 233 0
picture 2656 28 492 233 0
picture 2657 364 0 205 0
picture 2658 700 0 177 0
picture 2659 560 386 184 0
picture 2660 140 0 211 0
picture 2661 84 458 228 0
picture 2662 56 694 229 0
picture 2663 252 633 210 0
picture 2664 560 570 184 0
picture 2665 840 163 161 0
picture 2666 560 754 184 0
picture 2667 308 210 208 0
picture 2668 336 0 207 0
picture 2669 616 181 179 0
picture 2670 840 324 158 0
picture 2671 840 482 155 0
picture 2672 140 211 211 0
picture 2673 448 816 203 0
picture 2674 728 0 176 0
picture 2675 980 574 141 0
picture 2676 1092 758 107 0
picture 2677 1400 305 61 0
picture 2678 840 637 155 0
picture 2679 140 422 211 0
picture 2680 476 0 203 0
picture 2681 728 176 176 0
picture 2682 980 715 141 0
picture 2683 1092 865 107 0
picture 2685 1400 366 61 0
picture 2686 1064 800 109 0
picture 2687 952 291 144 0
picture 2688 616 538 178 0
picture 2689 364 820 204 0
picture 2690 140 633 211 0
picture 2691 840 792 155 0
picture 2692 1400 427 61 0
picture 2693 1064 909 109 0
picture 2694 952 435 144 0
picture 2695 616 716 178 0
picture 2696 392 0 204 0
picture 2697 168 0 211 0
picture 2698 868 0 155 0
picture 2699 868 155 155 0
picture 2700 168 211 211 0
picture 2701 476 203 203 0
picture 2702 728 352 176 0
picture 2703 1652 211 21 0
picture 2704 1652 232 18 0
picture 2705 952 0 146 0
picture 2706 532 780 194 0
picture 2707 532 0 195 0
picture 2708 728 528 176 0
picture 2709 1652 189 22 0
picture 2710 1652 285 16 0
picture 2712 868 310 155 0
picture 2713 168 422 211 0
picture 2714 476 406 203 0
picture 2715 728 704 176 0
picture 2716 980 856 141 0
picture 2717 1120 0 107 0
picture 2725 1092 0 109 0
picture 2726 952 579 144 0
picture 2727 644 0 178 0
picture 2728 392 204 204 0
picture 2729 168 633 211 0
picture 2730 868 465 155 0
picture 2732 1092 109 109 0
picture 2733 952 723 144 0
picture 2734 644 178 178 0
picture 2735 392 408 204 0
picture 2736 196 0 211 0
picture 2737 868 620 155 0
picture 2739 700 177 177 0
picture 2740 364 205 205 0
picture 2741 84 686 223 0
picture 2742 336 413 206 0
picture 2744 644 356 178 0
picture 2745 392 612 204 0
picture 2746 196 211 211 0
picture 2747 868 775 155 0
picture 2750 308 418 208 0
picture 2751 112 0 223 0
picture 2752 392 816 204 0
picture 2753 756 0 176 0
picture 2755 896 0 155 0
picture 2756 196 422 211 0
picture 2757 476 609 203 0
picture 2758 756 176 176 0
picture 2759 1092 218 109 0
picture 2760 952 867 144 0
picture 2761 644 534 178 0
picture 2762 420 0 204 0
picture 2763 196 633 211 0
picture 2764 896 155 155 0
picture 2766 1092 327 109 0
picture 2767 980 0 144 0
picture 2768 644 712 178 0
picture 2769 420 204 204 0
picture 2770 224 0 211 0
picture 2771 896 310 155 0
picture 2774 896 465 155 0
picture 2775 224 211 211 0
picture 2776 476 812 203 0
picture 2777 756 352 176 0
picture 2778 1008 0 141 0
picture 2779 1120 107 107 0
picture 2787 700 354 177 0
picture 2788 364 410 205 0
picture 2789 112 223 223 0
picture 2790 336 619 206 0
picture 2792 672 0 178 0
picture 2793 420 408 204 0
picture 2794 280 0 210 0
picture 2795 896 620 155 0
picture 2798 308 626 208 0
picture 2799 112 446 223 0
picture 2800 420 612 204 0
picture 2801 756 528 176 0
picture 2803 896 775 155 0
picture 2804 224 422 211 0
picture 2805 504 0 203 0
picture 2806 756 704 176 0
picture 2807 1652 316 13 0
picture 2808 672 178 178 0
picture 2809 420 816 204 0
picture 2810 224 633 211 0
picture 2811 812 667 163 0
picture 2812 924 0 155 0
picture 2813 252 0 211 0
picture 2814 504 203 203 0
picture 2815 784 0 176 0
picture 2816 1652 268 17 0
picture 2817 1652 354 9 0
picture 2818 672 356 178 0
picture 2819 448 0 204 0
picture 2820 280 210 210 0
picture 2821 812 830 163 0
picture 2824 924 155 155 0
picture 2825 252 211 211 0
picture 2826 504 406 203 0
picture 2827 784 176 176 0
picture 2828 672 534 178 0
picture 2829 448 204 204 0
picture 2830 280 420 210 0
picture 2831 840 0 163 0
picture 2834 924 310 155 0
picture 2835 252 422 211 0
picture 2836 504 609 203 0
picture 2837 784 352 176 0
picture 2838 1652 250 18 0
picture 2839 672 712 178 0
picture 2840 448 408 204 0
picture 2841 280 630 210 0
picture 2842 924 465 155 0
picture 2843 1652 301 15 0
picture 2844 700 531 177 0
picture 2845 532 195 195 0
picture 2846 560 194 192 0
picture 2847 980 288 143 0
picture 3040 1652 329 13 0
picture 3041 700 708 177 0
picture 3042 364 615 205 0
picture 3043 28 725 232 0
picture 3044 56 0 232 0
picture 3045 448 612 204 0
picture 3046 784 528 176 0
picture 3047 1652 342 12 0
picture 3236 1064 463 113 0
picture 3237 308 0 210 0
picture 3238 84 0 229 0
picture 3239 84 229 229 0
picture 3240 112 669 215 0
picture 3241 1036 131 129 0
picture 3242 1624 80 40 0
picture 3243 1596 301 43 0
picture 3244 1624 120 40 0
picture 3245 1596 344 43 0
picture 3246 1596 387 43 0
picture 3247 1624 160 40 0
picture 3248 1596 430 43 0
picture 3249 1624 200 40 0
picture 3251 1204 558 92 0
picture 3256 1204 650 92 0
picture 3259 1204 742 92 0
picture 3260 1204 834 92 0
picture 3262 1204 926 92 0
picture 3263 1232 0 92 0
picture 3264 1232 92 92 0
picture 3265 1232 184 92 0
picture 3267 1232 276 92 0
picture 3268 1036 388 127 0
picture 3269 1036 0 131 0
picture 3270 1148 0 103 0
picture 3271 1036 641 125 0
picture 3272 1036 515 126 0
picture 3273 1120 638 106 0
picture 3274 1064 348 115 0
picture 3275 1036 766 122 0
picture 3276 1148 915 99 0
picture 3277 1512 0 52 0
picture 3278 1400 608 60 0
picture 3279 1652 0 27 0
picture 3280 1652 27 27 0
picture 3281 1400 668 60 0
picture 3282 1512 52 52 0
picture 3283 1512 104 52 0
picture 3284 1288 639 79 0
picture 3285 1288 718 79 0
picture 3286 1652 54 27 0
picture 3287 1652 81 27 0
picture 3288 1288 797 79 0
picture 3289 1288 876 79 0
picture 3290 1512 156 52 0
picture 3927 1512 208 52 0
picture 3928 1484 108 53 0
picture 3933 1484 161 53 0
picture 3934 1512 260 52 0
picture 3935 1484 0 54 0
picture 3936 1484 54 54 0
picture 3937 1456 276 55 0
picture 3938 1456 331 55 0
picture 4056 1568 92 46 0
picture 4057 1400 728 60 0
picture 4058 1568 852 44 0
picture 4062 1624 541 35 0
picture 4063 1540 98 49 0
picture 4064 1568 896 44 0
picture 4074 1008 281 137 0
picture 4075 1008 418 136 0
picture 4076 1624 673 28 0
picture 4434 1652 108 27 0
picture 4435 1596 926 41 0
picture 4436 1652 135 27 0
picture 4437 1652 162 27 0
picture 4438 1512 618 51 0
picture 4439 1568 499 45 0
picture 4440 1344 0 72 0
picture 4441 1232 368 92 0
picture 4442 1204 372 93 0
picture 4443 1064 116 116 0
picture 4444 1036 260 128 0
picture 4445 812 501 166 0
picture 4446 560 0 194 0
picture 4447 56 232 232 0
picture 4448 56 464 230 0
picture 4449 504 812 201 0
picture 4450 784 704 173 0
picture 4451 952 146 145 0
picture 4452 1064 232 116 0
picture 4725 1092 436 108 0
picture 4726 980 144 144 0
picture 4727 812 0 167 0
picture 4728 532 390 195 0
picture 4729 532 585 195 0
picture 4730 1008 554 132 0
picture 4731 812 167 167 0
picture 4732 588 0 181 0
picture 4733 588 181 181 0
picture 4734 588 362 181 0
picture 4735 1008 686 132 0
picture 4736 812 334 167 0
picture 4737 588 543 181 0
picture 4738 588 724 181 0
picture 4739 616 0 181 0
picture 4740 1008 818 132 0
picture 4741 0 616 259 0
picture 4742 0 0 308 0
picture 4743 0 308 308 0
picture 4744 28 0 259 0
picture 4825 1568 940 44 0
picture 4826 1008 141 140 0
picture 4827 980 431 143 0
picture 4828 1568 138 46 0
picture 4873 1344 72 72 0
picture 4874 1232 460 92 0
picture 4875 1204 465 93 0
object 3 0 left 747
object 3 0 right 748
object 11 0 left 747
object 11 0 right 748
object 14 0 left 747
object 14 0 right 748
object 22 0 right 748
object 26 0 right 3276
object 31 0 right 2646
object 51 0 left 241
object 51 0 right 242
object 58 0 left 247
object 58 0 right 248
object 7 1 right 3273
object 8 1 right 3276
object 19 1 right 3273
object 21 1 right 3270
object 24 1 left 331
object 24 1 right 332
object 25 1 left 331
object 25 1 right 332
object 26 1 left 3274
object 26 1 right 3275
object 29 1 right 3273
object 30 1 left 2131
object 31 1 left 2132
object 31 1 right 2645
object 51 1 left 241
object 51 1 right 242
object 58 1 left 247
object 58 1 right 248
object 2 2 right 2134
object 6 2 right 2610
object 7 2 left 3271
object 7 2 right 3272
object 8 2 left 3274
object 8 2 right 3275
object 10 2 right 2616
object 14 2 right 2622
object 18 2 right 2628
object 19 2 left 3271
object 19 2 right 3272
object 21 2 left 3268
object 21 2 right 3269
object 22 2 right 2616
object 26 2 right 2622
object 29 2 left 3271
object 29 2 right 3272
object 30 2 right 2628
object 51 2 left 241
object 51 2 right 242
object 58 2 left 247
object 58 2 right 248
object 1 3 left 2131
object 2 3 left 2132
object 2 3 right 2133
object 3 3 left 2605
object 4 3 left 2606
object 5 3 left 2607
object 6 3 left 2608
object 6 3 right 2609
object 7 3 left 2611
object 8 3 left 2612
object 9 3 left 2613
object 10 3 left 2614
object 10 3 right 2615
object 11 3 left 2617
object 12 3 left 2618
object 13 3 left 2619
object 14 3 left 2620
object 14 3 right 2621
object 15 3 left 2623
object 16 3 left 2624
object 17 3 left 2625
object 18 3 left 2626
object 18 3 right 2627
object 19 3 left 2611
object 20 3 left 2612
object 21 3 left 2613
object 22 3 left 2614
object 22 3 right 2615
object 23 3 left 2617
object 24 3 left 2618
object 25 3 left 2619
object 26 3 left 2620
object 26 3 right 2621
object 27 3 left 2623
object 28 3 left 2624
object 29 3 left 2625
object 30 3 left 2626
object 30 3 right 2627
object 48 3 right 2134
object 51 3 left 241
object 51 3 right 242
object 58 3 left 247
object 58 3 right 248
object 2 4 right 2634
object 47 4 left 2131
object 48 4 left 2132
object 48 4 right 2133
object 49 4 left 2135
object 50 4 right 2138
object 51 4 left 241
object 51 4 right 242
object 58 4 left 247
object 58 4 right 248
object 67 4 right 2046
object 68 4 right 2138
object 78 4 left 2525
object 79 4 left 2526
object 80 4 left 2527
object 81 4 left 2528
object 81 4 right 2529
object 82 4 left 2520
object 83 4 left 2521
object 84 4 left 2522
object 85 4 left 2523
object 85 4 right 2524
object 2 5 right 2633
object 43 5 left 787
object 44 5 left 788
object 44 5 right 789
object 50 5 left 2136
object 50 5 right 2137
object 51 5 left 241
object 51 5 right 242
object 58 5 right 248
object 63 5 left 2044
object 67 5 left 2135
object 67 5 right 2045
object 68 5 left 2136
object 68 5 right 2137
object 75 5 left 2521
object 76 5 left 2522
object 77 5 left 2523
object 77 5 right 2524
object 78 5 left 2515
object 79 5 left 2516
object 86 5 left 790
object 87 5 left 791
object 87 5 right 792
object 88 5 left 2515
object 89 5 left 2516
object 91 5 left 2518
object 91 5 right 2519
object 92 5 left 787
object 93 5 left 788
object 93 5 right 789
object 94 5 left 2530
object 94 5 right 2622
object 95 5 left 2531
object 96 5 left 2532
object 96 5 right 2616
object 97 5 left 2533
object 97 5 right 2534
object 98 5 left 790
object 99 5 left 791
object 99 5 right 792
object 2 6 right 2632
object 31 6 right 798
object 32 6 left 2535
object 33 6 left 2536
object 34 6 left 2537
object 35 6 left 2538
object 35 6 right 2539
object 36 6 left 2515
object 37 6 left 2516
object 39 6 left 2518
object 39 6 right 2519
object 40 6 left 2520
object 41 6 left 2521
object 42 6 left 2522
object 43 6 left 2523
object 43 6 right 2524
object 44 6 left 2525
object 45 6 left 2540
object 46 6 left 2541
object 47 6 left 2542
object 47 6 right 2529
object 48 6 left 2543
object 48 6 right 2544
object 49 6 left 787
object 49 6 right 792
object 50 6 left 788
object 50 6 right 789
object 51 6 left 241
object 51 6 right 242
object 58 6 left 787
object 58 6 right 248
object 59 6 left 788
object 59 6 right 789
object 60 6 left 790
object 61 6 left 791
object 61 6 right 792
object 62 6 left 2540
object 63 6 left 2541
object 64 6 left 2542
object 64 6 right 2544
object 65 6 left 2543
object 65 6 right 2544
object 66 6 left 2041
object 67 6 left 2042
object 67 6 right 2043
object 72 6 left 2525
object 73 6 left 2526
object 74 6 left 2527
object 75 6 left 2528
object 75 6 right 2529
object 76 6 left 2530
object 77 6 left 2531
object 78 6 left 2532
object 79 6 left 2533
object 79 6 right 2534
object 80 6 left 2520
object 81 6 left 2521
object 82 6 left 2522
object 83 6 left 2523
object 83 6 right 2524
object 84 6 left 2515
object 85 6 left 2516
object 87 6 left 2518
object 87 6 right 2519
object 88 6 left 2525
object 89 6 left 2526
object 90 6 left 2527
object 90 6 right 2517
object 91 6 left 2528
object 91 6 right 2529
object 92 6 left 787
object 92 6 right 2529
object 93 6 left 788
object 93 6 right 789
object 94 6 left 790
object 95 6 left 791
object 95 6 right 792
object 96 6 left 2520
object 97 6 left 2521
object 98 6 left 2522
object 1 7 left 2629
object 2 7 left 2630
object 2 7 right 2631
object 31 7 left 796
object 31 7 right 797
object 34 7 left 745
object 34 7 right 746
object 35 7 left 745
object 35 7 right 746
object 38 7 right 2517
object 45 7 left 747
object 45 7 right 748
object 46 7 left 745
object 46 7 right 746
object 48 7 left 219
object 48 7 right 220
object 49 7 left 3935
object 50 7 left 343
object 50 7 right 344
object 51 7 left 243
object 51 7 right 242
object 58 7 left 249
object 58 7 right 250
object 59 7 left 343
object 59 7 right 344
object 64 7 left 343
object 64 7 right 344
object 67 7 right 2634
object 72 7 right 795
object 77 7 right 3270
object 80 7 left 747
object 80 7 right 748
object 85 7 left 747
object 85 7 right 748
object 86 7 right 2517
object 94 7 left 745
object 94 7 right 746
object 96 7 left 747
object 96 7 right 748
object 98 7 left 349
object 98 7 right 350
object 99 7 right 3273
object 1 8 left 2530
object 2 8 left 2531
object 3 8 left 2532
object 4 8 left 2533
object 4 8 right 2534
object 6 8 right 2634
object 11 8 right 2549
object 12 8 left 2515
object 13 8 left 2516
object 15 8 left 2518
object 15 8 right 2519
object 16 8 left 2520
object 17 8 left 2521
object 18 8 left 2522
object 19 8 left 2523
object 19 8 right 2524
object 20 8 left 2525
object 21 8 left 2526
object 22 8 left 2527
object 23 8 left 2528
object 23 8 right 2529
object 24 8 left 2540
object 25 8 left 2541
object 26 8 left 2542
object 27 8 left 2543
object 27 8 right 2544
object 28 8 left 2530
object 29 8 left 2531
object 30 8 left 2532
object 31 8 left 2533
object 31 8 right 2534
object 47 8 left 747
object 47 8 right 748
object 48 8 left 217
object 48 8 right 218
object 50 8 right 3273
object 51 8 left 335
object 51 8 right 336
object 52 8 left 745
object 52 8 right 746
object 54 8 left 3246
object 54 8 right 3247
object 56 8 right 748
object 59 8 right 746
object 61 8 right 3273
object 64 8 left 343
object 64 8 right 344
object 67 8 right 2633
object 72 8 left 793
object 72 8 right 794
object 73 8 left 343
object 73 8 right 344
object 77 8 left 3268
object 77 8 right 3269
object 98 8 left 361
object 98 8 right 362
object 99 8 left 3271
object 99 8 right 3272
object 6 9 right 2633
object 11 9 right 2548
object 14 9 right 2517
object 45 9 left 3927
object 45 9 right 3928
object 47 9 left 747
object 47 9 right 748
object 48 9 left 215
object 48 9 right 216
object 49 9 left 745
object 49 9 right 746
object 50 9 left 3271
object 50 9 right 3272
object 51 9 left 745
object 51 9 right 746
object 52 9 left 747
object 52 9 right 748
object 61 9 left 3271
object 61 9 right 3272
object 65 9 left 343
object 65 9 right 344
object 67 9 right 2632
object 75 9 right 2622
object 79 9 right 2616
object 80 9 right 2046
object 81 9 right 2046
object 82 9 right 2554
object 97 9 left 745
object 97 9 right 746
object 98 9 left 349
object 98 9 right 350
object 99 9 right 3276
object 3 10 right 3273
object 6 10 right 2632
object 12 10 left 2547
object 18 10 right 746
object 25 10 left 2843
object 26 10 left 2844
object 27 10 left 2845
object 28 10 left 2846
object 28 10 right 2847
object 29 10 left 3242
object 29 10 right 3243
object 41 10 left 3933
object 41 10 right 3934
object 48 10 left 219
object 48 10 right 220
object 49 10 left 745
object 49 10 right 746
object 50 10 right 746
object 51 10 left 747
object 51 10 right 748
object 58 10 left 747
object 58 10 right 748
object 63 10 left 747
object 63 10 right 748
object 66 10 left 2629
object 67 10 left 2630
object 67 10 right 2631
object 72 10 left 2617
object 73 10 left 2618
object 74 10 left 2619
object 75 10 left 2620
object 75 10 right 2621
object 76 10 left 2611
object 77 10 left 2612
object 78 10 left 2613
object 79 10 left 2614
object 79 10 right 2615
object 80 10 left 2044
object 80 10 right 2045
object 81 10 left 2044
object 81 10 right 2045
object 82 10 right 2553
object 90 10 right 4452
object 91 10 left 4873
object 92 10 left 4874
object 92 10 right 4875
object 93 10 left 333
object 93 10 right 334
object 97 10 left 747
object 97 10 right 748
object 98 10 left 361
object 98 10 right 362
object 99 10 left 3274
object 99 10 right 3275
object 3 11 left 3271
object 3 11 right 3272
object 5 11 left 2629
object 6 11 left 2630
object 6 11 right 2631
object 11 11 left 2545
object 11 11 right 2546
object 25 11 left 2807
object 26 11 left 2808
object 27 11 left 2809
object 28 11 left 2810
object 28 11 right 2811
object 29 11 left 3242
object 29 11 right 3243
object 37 11 right 2670
object 43 11 left 3927
object 43 11 right 3928
object 48 11 left 215
object 48 11 right 216
object 50 11 left 335
object 50 11 right 336
object 64 11 left 745
object 64 11 right 746
object 65 11 left 329
object 65 11 right 330
object 67 11 right 2646
object 82 11 right 2552
object 83 11 right 3273
object 90 11 right 4451
object 91 11 left 4437
object 92 11 left 4438
object 92 11 right 4439
object 93 11 left 3242
object 93 11 right 3243
object 98 11 left 349
object 98 11 right 350
object 6 12 right 2652
object 11 12 right 2554
object 25 12 left 2838
object 26 12 left 2839
object 27 12 left 2840
object 28 12 left 2841
object 28 12 right 2842
object 29 12 left 3242
object 29 12 right 3243
object 37 12 right 2669
object 48 12 left 219
object 48 12 right 220
object 50 12 left 329
object 50 12 right 330
object 62 12 right 2670
object 67 12 right 2645
object 82 12 left 2550
object 82 12 right 2551
object 83 12 left 3271
object 83 12 right 3272
object 90 12 right 4450
object 98 12 left 349
object 98 12 right 350
object 6 13 right 2651
object 11 13 right 2553
object 17 13 left 745
object 17 13 right 746
object 18 13 left 747
object 18 13 right 748
object 25 13 left 2838
object 26 13 left 2839
object 27 13 left 2840
object 28 13 left 2841
object 28 13 right 2842
object 29 13 left 3242
object 29 13 right 3243
object 32 13 right 2664
object 35 13 left 2665
object 36 13 left 2666
object 37 13 left 2667
object 37 13 right 2668
object 48 13 left 217
object 48 13 right 218
object 50 13 left 745
object 50 13 right 746
object 51 13 right 2664
object 62 13 right 2669
object 65 13 left 343
object 65 13 right 344
object 67 13 right 2644
object 82 13 right 2564
object 90 13 right 4449
object 91 13 left 4434
object 92 13 left 4435
object 92 13 right 4436
object 98 13 left 349
object 98 13 right 350
object 99 13 right 3270
object 3 14 right 3276
object 6 14 right 2650
object 11 14 right 2552
object 21 14 right 3270
object 25 14 left 2838
object 26 14 left 2839
object 27 14 left 2840
object 28 14 left 2841
object 28 14 right 2842
object 29 14 left 3244
object 29 14 right 3245
object 32 14 right 2663
object 40 14 left 3933
object 40 14 right 3934
object 48 14 left 215
object 48 14 right 216
object 49 14 left 745
object 49 14 right 746
object 51 14 right 2663
object 60 14 left 2665
object 61 14 left 2666
object 62 14 left 2667
object 62 14 right 2668
object 66 14 left 2641
object 67 14 left 2642
object 67 14 right 2643
object 82 14 right 2563
object 86 14 left 4443
object 87 14 left 4444
object 88 14 left 4445
object 89 14 left 4446
object 90 14 left 4447
object 90 14 right 4448
object 91 14 left 4440
object 92 14 left 4441
object 92 14 right 4442
object 93 14 left 3242
object 93 14 right 3243
object 98 14 left 361
object 98 14 right 362
object 99 14 left 3268
object 99 14 right 3269
object 3 15 left 3274
object 3 15 right 3275
object 5 15 left 2647
object 6 15 left 2648
object 6 15 right 2649
object 11 15 left 2550
object 11 15 right 2551
object 12 15 left 747
object 12 15 right 748
object 21 15 left 3268
object 21 15 right 3269
object 23 15 left 2692
object 24 15 left 2693
object 25 15 left 2694
object 26 15 left 2695
object 27 15 left 2696
object 28 15 left 2697
object 28 15 right 2698
object 29 15 left 3244
object 29 15 right 3245
object 30 15 left 2659
object 31 15 left 2660
object 32 15 left 2661
object 32 15 right 2662
object 47 15 left 747
object 47 15 right 748
object 48 15 left 215
object 48 15 right 216
object 49 15 left 2659
object 50 15 left 2660
object 51 15 left 2661
object 51 15 right 2662
object 56 15 left 745
object 56 15 right 746
object 58 15 left 747
object 58 15 right 748
object 62 15 left 747
object 62 15 right 748
object 66 15 left 2530
object 67 15 left 2531
object 68 15 left 2532
object 69 15 left 2533
object 69 15 right 2534
object 70 15 left 2530
object 71 15 left 2531
object 72 15 left 2532
object 73 15 left 2533
object 73 15 right 2534
object 74 15 left 79
object 74 15 right 80
object 75 15 left 77
object 75 15 right 78
object 76 15 left 2041
object 77 15 left 2042
object 77 15 right 2043
object 82 15 left 2570
object 82 15 right 2571
object 83 15 right 3270
object 84 15 left 747
object 84 15 right 748
object 86 15 left 3246
object 86 15 right 3247
object 87 15 left 3248
object 87 15 right 3249
object 88 15 left 3246
object 88 15 right 3247
object 90 15 left 3248
object 90 15 right 3249
object 91 15 left 3246
object 91 15 right 3247
object 92 15 left 335
object 92 15 right 336
object 93 15 left 341
object 93 15 right 342
object 98 15 left 349
object 98 15 right 350
object 99 15 right 3276
object 0 16 right 2046
object 4 16 right 2616
object 6 16 right 2138
object 11 16 right 2559
object 18 16 right 2664
object 23 16 left 747
object 23 16 right 748
object 24 16 right 3260
object 25 16 left 745
object 25 16 right 746
object 27 16 left 3246
object 27 16 right 3247
object 28 16 left 343
object 28 16 right 344
object 32 16 left 747
object 32 16 right 748
object 42 16 left 3927
object 42 16 right 3928
object 45 16 left 3933
object 45 16 right 3934
object 48 16 left 219
object 48 16 right 220
object 49 16 left 737
object 49 16 right 738
object 50 16 left 745
object 50 16 right 746
object 58 16 left 747
object 58 16 right 748
object 61 16 right 746
object 62 16 left 747
object 62 16 right 748
object 67 16 left 747
object 67 16 right 748
object 69 16 left 745
object 69 16 right 746
object 71 16 left 331
object 71 16 right 332
object 72 16 left 335
object 72 16 right 336
object 73 16 left 331
object 73 16 right 332
object 74 16 left 343
object 74 16 right 344
object 76 16 left 2041
object 77 16 left 2042
object 77 16 right 2043
object 82 16 left 2560
object 82 16 right 2564
object 83 16 left 3268
object 83 16 right 3269
object 84 16 left 745
object 84 16 right 746
object 87 16 right 3273
object 90 16 right 3270
object 98 16 left 349
object 98 16 right 350
object 99 16 left 3274
object 99 16 right 3275
object 0 17 left 2044
object 0 17 right 2045
object 1 17 left 2611
object 2 17 left 2612
object 3 17 left 2613
object 4 17 left 2614
object 4 17 right 2615
object 5 17 left 2135
object 6 17 left 2136
object 6 17 right 2137
object 11 17 right 2558
object 18 17 right 2663
object 21 17 left 415
object 21 17 right 416
object 22 17 left 745
object 22 17 right 746
object 24 17 left 747
object 24 17 right 748
object 25 17 left 747
object 25 17 right 748
object 28 17 left 219
object 28 17 right 220
object 32 17 left 745
object 32 17 right 746
object 33 17 left 745
object 33 17 right 746
object 47 17 left 745
object 47 17 right 746
object 48 17 left 219
object 48 17 right 220
object 49 17 left 745
object 49 17 right 746
object 56 17 left 745
object 56 17 right 746
object 58 17 left 745
object 58 17 right 746
object 61 17 right 3273
object 62 17 left 219
object 62 17 right 220
object 67 17 left 747
object 67 17 right 748
object 73 17 right 3273
object 74 17 left 747
object 74 17 right 748
object 75 17 left 329
object 75 17 right 330
object 77 17 right 2134
object 82 17 left 796
object 82 17 right 2563
object 83 17 left 331
object 83 17 right 332
object 87 17 left 3271
object 87 17 right 3272
object 90 17 left 3268
object 90 17 right 3269
object 98 17 left 349
object 98 17 right 350
object 99 17 right 3273
object 11 18 right 2557
object 16 18 left 2659
object 17 18 left 2660
object 18 18 left 2661
object 18 18 right 2662
object 21 18 left 747
object 21 18 right 748
object 28 18 left 207
object 28 18 right 208
object 48 18 left 219
object 48 18 right 220
object 49 18 left 745
object 49 18 right 746
object 58 18 left 745
object 58 18 right 746
object 59 18 left 745
object 59 18 right 746
object 61 18 left 3271
object 61 18 right 3272
object 62 18 left 217
object 62 18 right 218
object 73 18 left 3271
object 73 18 right 3272
object 74 18 left 745
object 74 18 right 746
object 76 18 left 2131
object 77 18 left 2132
object 77 18 right 2133
object 82 18 left 79
object 82 18 right 80
object 83 18 left 335
object 83 18 right 336
object 84 18 right 3273
object 97 18 left 747
object 97 18 right 748
object 98 18 left 349
object 98 18 right 350
object 99 18 left 3271
object 99 18 right 3272
object 11 19 left 2555
object 11 19 right 2556
object 20 19 left 2677
object 25 19 left 737
object 25 19 right 738
object 28 19 left 205
object 28 19 right 206
object 32 19 left 233
object 32 19 right 234
object 33 19 left 209
object 33 19 right 210
object 34 19 left 211
object 34 19 right 212
object 35 19 left 213
object 35 19 right 214
object 36 19 left 231
object 40 19 left 747
object 40 19 right 748
object 48 19 left 217
object 48 19 right 218
object 59 19 left 745
object 59 19 right 746
object 60 19 left 745
object 62 19 right 216
object 71 19 left 195
object 71 19 right 196
object 75 19 left 255
object 75 19 right 256
object 76 19 right 254
object 77 19 left 253
object 77 19 right 254
object 78 19 left 253
object 78 19 right 254
object 79 19 left 253
object 79 19 right 254
object 80 19 left 253
object 80 19 right 254
object 81 19 left 253
object 81 19 right 254
object 82 19 left 253
object 82 19 right 254
object 83 19 left 251
object 83 19 right 252
object 84 19 left 3271
object 84 19 right 3272
object 98 19 left 361
object 98 19 right 362
object 99 19 left 747
object 99 19 right 748
object 11 20 right 2564
object 13 20 right 2710
object 15 20 right 2817
object 16 20 right 2704
object 17 20 right 2704
object 18 20 right 2704
object 19 20 right 2676
object 20 20 left 331
object 20 20 right 332
object 25 20 left 215
object 25 20 right 216
object 28 20 left 203
object 28 20 right 204
object 32 20 left 203
object 32 20 right 204
object 34 20 left 747
object 34 20 right 748
object 36 20 left 219
object 36 20 right 220
object 39 20 left 745
object 39 20 right 746
object 40 20 left 747
object 40 20 right 748
object 41 20 left 745
object 41 20 right 746
object 42 20 left 747
object 42 20 right 748
object 48 20 left 215
object 48 20 right 216
object 49 20 left 745
object 49 20 right 746
object 60 20 left 221
object 60 20 right 222
object 61 20 left 223
object 61 20 right 224
object 98 20 left 361
object 98 20 right 362
object 11 21 right 2563
object 13 21 right 2709
object 14 21 right 2703
object 15 21 right 2816
object 16 21 right 2703
object 17 21 right 2703
object 18 21 right 2703
object 19 21 right 2675
object 22 21 left 221
object 22 21 right 222
object 23 21 left 223
object 23 21 right 224
object 24 21 left 225
object 24 21 right 226
object 25 21 left 229
object 25 21 right 230
object 28 21 left 227
object 28 21 right 228
object 29 21 left 221
object 29 21 right 222
object 30 21 left 223
object 30 21 right 224
object 31 21 left 225
object 31 21 right 226
object 32 21 left 229
object 32 21 right 230
object 37 21 left 223
object 37 21 right 224
object 38 21 left 221
object 38 21 right 222
object 39 21 left 223
object 39 21 right 224
object 40 21 left 225
object 40 21 right 226
object 41 21 left 223
object 41 21 right 224
object 42 21 left 225
object 42 21 right 226
object 43 21 left 221
object 43 21 right 222
object 44 21 left 223
object 44 21 right 224
object 45 21 left 225
object 45 21 right 226
object 46 21 left 221
object 46 21 right 222
object 47 21 left 223
object 47 21 right 224
object 48 21 left 229
object 48 21 right 230
object 55 21 left 189
object 55 21 right 190
object 98 21 left 349
object 98 21 right 350
object 0 22 left 2515
object 1 22 left 2516
object 3 22 left 2518
object 3 22 right 2519
object 4 22 left 79
object 4 22 right 80
object 6 22 right 2646
object 11 22 right 2562
object 13 22 right 2708
object 14 22 right 2702
object 15 22 right 2815
object 16 22 right 2702
object 17 22 right 2702
object 18 22 right 2702
object 19 22 right 2674
object 97 22 right 2670
object 98 22 left 349
object 98 22 right 350
object 99 22 right 3270
object 2 23 right 2517
object 4 23 right 3276
object 6 23 right 2645
object 11 23 left 2560
object 11 23 right 2561
object 13 23 right 2707
object 14 23 right 2701
object 15 23 right 2814
object 16 23 right 2701
object 17 23 right 2701
object 18 23 right 2701
object 19 23 right 2673
object 97 23 right 2669
object 98 23 left 349
object 98 23 right 350
object 99 23 left 3268
object 99 23 right 3269
object 4 24 left 3274
object 4 24 right 3275
object 6 24 right 2644
object 11 24 right 2554
object 13 24 left 2705
object 13 24 right 2706
object 14 24 left 2699
object 14 24 right 2700
object 15 24 left 2812
object 15 24 right 2813
object 16 24 left 2699
object 16 24 right 2700
object 17 24 left 2699
object 17 24 right 2700
object 18 24 left 2699
object 18 24 right 2700
object 19 24 left 2671
object 19 24 right 2672
object 22 24 left 737
object 22 24 right 738
object 95 24 left 2665
object 96 24 left 2666
object 97 24 left 2667
object 97 24 right 2668
object 98 24 left 349
object 98 24 right 350
object 99 24 left 341
object 99 24 right 342
object 5 25 left 2641
object 6 25 left 2642
object 6 25 right 2643
object 11 25 right 2553
object 13 25 left 3248
object 13 25 right 3249
object 14 25 left 3248
object 14 25 right 3249
object 15 25 left 3248
object 15 25 right 3249
object 16 25 left 747
object 16 25 right 748
object 17 25 left 747
object 17 25 right 748
object 18 25 left 3248
object 18 25 right 3249
object 19 25 left 3248
object 19 25 right 3270
object 21 25 left 3272
object 21 25 right 3273
object 22 25 left 745
object 22 25 right 746
object 23 25 left 747
object 23 25 right 748
object 36 25 left 745
object 36 25 right 746
object 37 25 left 747
object 37 25 right 748
object 73 25 left 747
object 73 25 right 748
object 75 25 left 257
object 75 25 right 258
object 76 25 left 261
object 76 25 right 262
object 77 25 left 261
object 77 25 right 262
object 78 25 left 261
object 78 25 right 262
object 79 25 left 261
object 79 25 right 262
object 80 25 left 261
object 80 25 right 262
object 81 25 left 261
object 81 25 right 262
object 82 25 left 261
object 82 25 right 262
object 83 25 left 259
object 83 25 right 260
object 97 25 left 345
object 97 25 right 346
object 98 25 left 359
object 98 25 right 360
object 99 25 left 335
object 99 25 right 336
object 6 26 right 2640
object 11 26 right 2552
object 15 26 right 3270
object 16 26 right 3247
object 19 26 left 3268
object 19 26 right 3269
object 21 26 left 3271
object 22 26 left 747
object 22 26 right 748
object 30 26 left 745
object 30 26 right 746
object 38 26 right 746
object 39 26 left 745
object 39 26 right 746
object 40 26 left 745
object 48 26 right 3273
object 75 26 left 343
object 75 26 right 344
object 76 26 left 3277
object 77 26 left 3278
object 77 26 right 3279
object 82 26 right 2574
object 83 26 left 343
object 83 26 right 344
object 84 26 left 333
object 84 26 right 334
object 86 26 right 3270
object 87 26 left 745
object 87 26 right 746
object 89 26 left 745
object 89 26 right 746
object 0 27 right 3270
object 6 27 right 2639
object 11 27 left 2550
object 11 27 right 2551
object 15 27 left 3268
object 15 27 right 3269
object 18 27 left 3248
object 18 27 right 3249
object 24 27 left 335
object 48 27 left 3271
object 48 27 right 3272
object 64 27 left 747
object 64 27 right 748
object 66 27 left 747
object 66 27 right 748
object 67 27 left 747
object 67 27 right 748
object 69 27 right 3276
object 71 27 right 3273
object 72 27 left 745
object 72 27 right 746
object 73 27 left 745
object 73 27 right 746
object 77 27 right 3286
object 82 27 right 2573
object 84 27 left 745
object 84 27 right 746
object 86 27 left 3268
object 86 27 right 3269
object 88 27 right 4058
object 93 27 right 4064
object 94 27 left 747
object 94 27 right 748
object 97 27 left 745
object 97 27 right 746
object 0 28 left 3268
object 0 28 right 3269
object 5 28 right 754
object 6 28 right 2638
object 11 28 left 79
object 11 28 right 80
object 14 28 right 2610
object 18 28 right 2616
object 22 28 right 2628
object 26 28 right 2622
object 30 28 right 2610
object 34 28 right 2622
object 38 28 right 2610
object 42 28 right 2628
object 46 28 right 2622
object 48 28 right 3290
object 49 28 right 3282
object 51 28 left 333
object 51 28 right 334
object 52 28 left 331
object 52 28 right 332
object 53 28 left 331
object 53 28 right 332
object 54 28 left 331
object 54 28 right 332
object 55 28 left 343
object 55 28 right 344
object 56 28 left 239
object 56 28 right 240
object 61 28 left 245
object 61 28 right 246
object 62 28 left 343
object 62 28 right 344
object 64 28 right 3276
object 69 28 left 3274
object 69 28 right 3275
object 71 28 left 3271
object 71 28 right 3272
object 72 28 left 341
object 73 28 left 339
object 75 28 left 745
object 75 28 right 746
object 76 28 left 3283
object 77 28 left 3284
object 77 28 right 3285
object 82 28 right 2572
object 84 28 left 747
object 84 28 right 748
object 87 28 left 745
object 87 28 right 746
object 88 28 left 4056
object 88 28 right 4057
object 93 28 left 4062
object 93 28 right 4063
object 95 28 left 747
object 95 28 right 748
object 99 28 left 747
object 99 28 right 748
object 5 29 left 2635
object 6 29 left 2636
object 6 29 right 2637
object 11 29 left 2605
object 12 29 left 2606
object 13 29 left 2607
object 14 29 left 2608
object 14 29 right 2609
object 15 29 left 2611
object 16 29 left 2612
object 17 29 left 2613
object 18 29 left 2614
object 18 29 right 2615
object 19 29 left 2623
object 20 29 left 2624
object 21 29 left 2625
object 22 29 left 2626
object 22 29 right 2627
object 23 29 left 2617
object 24 29 left 2618
object 25 29 left 2619
object 26 29 left 2620
object 26 29 right 2621
object 27 29 left 2605
object 28 29 left 2606
object 29 29 left 2607
object 30 29 left 2608
object 30 29 right 2609
object 31 29 left 2617
object 32 29 left 2618
object 33 29 left 2619
object 34 29 left 2620
object 34 29 right 2621
object 35 29 left 2605
object 36 29 left 2606
object 37 29 left 2607
object 38 29 left 2608
object 38 29 right 2609
object 39 29 left 2623
object 40 29 left 2624
object 41 29 left 2625
object 42 29 left 2626
object 42 29 right 2627
object 43 29 left 2617
object 44 29 left 2618
object 45 29 left 2619
object 46 29 left 2620
object 46 29 right 2621
object 47 29 left 3287
object 48 29 left 3288
object 48 29 right 3289
object 49 29 left 3280
object 49 29 right 3281
object 50 29 right 2046
object 54 29 right 2628
object 55 29 right 2046
object 56 29 left 241
object 56 29 right 242
object 61 29 left 247
object 61 29 right 248
object 63 29 right 3290
object 64 29 left 3274
object 64 29 right 3275
object 67 29 right 2616
object 71 29 right 2622
object 75 29 right 2610
object 77 29 right 2138
object 82 29 left 2570
object 82 29 right 2571
object 88 29 left 747
object 88 29 right 4058
object 89 29 left 747
object 89 29 right 748
object 93 29 right 4064
object 95 29 left 745
object 95 29 right 746
object 97 29 left 357
object 97 29 right 358
object 98 29 left 351
object 98 29 right 352
object 99 29 left 747
object 99 29 right 748
object 6 30 right 2634
object 50 30 left 2044
object 50 30 right 2045
object 51 30 left 2623
object 52 30 left 2624
object 53 30 left 2625
object 54 30 left 2626
object 54 30 right 2627
object 55 30 left 2044
object 55 30 right 2045
object 56 30 left 241
object 56 30 right 242
object 61 30 left 247
object 61 30 right 248
object 62 30 left 3287
object 63 30 left 3288
object 63 30 right 3289
object 64 30 left 2611
object 65 30 left 2612
object 66 30 left 2613
object 67 30 left 2614
object 67 30 right 2615
object 68 30 left 2617
object 69 30 left 2618
object 70 30 left 2619
object 71 30 left 2620
object 71 30 right 2621
object 72 30 left 2605
object 73 30 left 2606
object 74 30 left 2607
object 75 30 left 2608
object 75 30 right 2609
object 76 30 left 2135
object 77 30 left 2136
object 77 30 right 2137
object 82 30 right 2564
object 88 30 left 4056
object 88 30 right 4057
object 89 30 left 745
object 89 30 right 746
object 93 30 left 4062
object 93 30 right 4063
object 94 30 left 745
object 94 30 right 746
object 97 30 left 745
object 97 30 right 746
object 98 30 left 361
object 98 30 right 362
object 99 30 left 343
object 99 30 right 344
object 6 31 right 2633
object 56 31 left 241
object 56 31 right 242
object 61 31 left 247
object 61 31 right 248
object 82 31 right 2563
object 87 31 right 4076
object 93 31 left 745
object 93 31 right 746
object 98 31 left 349
object 98 31 right 350
object 3 32 right 2670
object 6 32 right 2632
object 56 32 left 241
object 56 32 right 242
object 61 32 left 247
object 61 32 right 248
object 82 32 right 2562
object 87 32 left 4074
object 87 32 right 4075
object 89 32 left 747
object 89 32 right 748
object 94 32 left 745
object 94 32 right 746
object 98 32 left 349
object 98 32 right 350
object 3 33 right 2669
object 5 33 left 2629
object 6 33 left 2630
object 6 33 right 2631
object 56 33 left 241
object 56 33 right 242
object 61 33 left 247
object 61 33 right 248
object 82 33 left 2560
object 82 33 right 2561
object 87 33 left 353
object 87 33 right 354
object 88 33 left 345
object 88 33 right 346
object 89 33 left 357
object 89 33 right 358
object 90 33 left 345
object 90 33 right 346
object 91 33 left 357
object 91 33 right 358
object 92 33 left 345
object 92 33 right 346
object 93 33 left 363
object 93 33 right 364
object 94 33 right 4076
object 98 33 left 349
object 98 33 right 350
object 99 33 right 3276
object 1 34 left 2665
object 2 34 left 2666
object 3 34 left 2667
object 3 34 right 2668
object 6 34 right 2652
object 11 34 right 2549
object 12 34 left 2535
object 13 34 left 2536
object 14 34 left 2537
object 15 34 left 2538
object 15 34 right 2539
object 16 34 left 2530
object 17 34 left 2531
object 18 34 left 2532
object 19 34 left 2533
object 19 34 right 2534
object 20 34 left 2525
object 21 34 left 2526
object 22 34 left 2527
object 23 34 left 2528
object 23 34 right 2529
object 24 34 left 2520
object 25 34 left 2521
object 26 34 left 2522
object 27 34 left 2523
object 27 34 right 2524
object 28 34 left 2515
object 29 34 left 2516
object 31 34 left 2518
object 31 34 right 2519
object 32 34 left 2525
object 33 34 left 2526
object 34 34 left 2527
object 35 34 left 2528
object 35 34 right 2529
object 36 34 left 2520
object 37 34 left 2521
object 38 34 left 2522
object 39 34 left 2523
object 39 34 right 2524
object 40 34 left 2515
object 41 34 left 2516
object 43 34 left 2518
object 43 34 right 2519
object 44 34 left 2540
object 45 34 left 2541
object 46 34 left 2542
object 47 34 left 2543
object 47 34 right 2544
object 48 34 left 787
object 49 34 left 788
object 49 34 right 789
object 56 34 left 241
object 56 34 right 242
object 61 34 left 247
object 61 34 right 248
object 82 34 right 795
object 83 34 left 747
object 83 34 right 748
object 87 34 left 361
object 87 34 right 362
object 92 34 left 747
object 92 34 right 748
object 93 34 left 349
object 93 34 right 350
object 94 34 left 4074
object 94 34 right 4075
object 98 34 left 361
object 98 34 right 362
object 99 34 left 3274
object 99 34 right 3275
object 1 35 left 747
object 1 35 right 748
object 6 35 right 2651
object 11 35 right 2548
object 18 35 left 217
object 18 35 right 218
object 20 35 left 747
object 20 35 right 748
object 30 35 right 2517
object 32 35 right 2779
object 42 35 right 2517
object 46 35 left 747
object 46 35 right 748
object 50 35 left 2540
object 51 35 left 2541
object 52 35 left 2542
object 53 35 left 2543
object 53 35 right 2544
object 54 35 left 787
object 55 35 left 788
object 55 35 right 789
object 56 35 left 241
object 56 35 right 242
object 61 35 left 247
object 61 35 right 248
object 62 35 left 2520
object 63 35 left 2521
object 64 35 left 2522
object 65 35 left 2523
object 65 35 right 2524
object 66 35 left 2515
object 67 35 left 2516
object 69 35 left 2518
object 69 35 right 2519
object 70 35 left 2536
object 71 35 left 2537
object 72 35 left 2538
object 72 35 right 2539
object 73 35 left 2536
object 74 35 left 2537
object 75 35 left 2538
object 75 35 right 2539
object 82 35 left 793
object 82 35 right 794
object 87 35 left 349
object 87 35 right 350
object 91 35 right 2604
object 93 35 left 349
object 93 35 right 350
object 94 35 left 747
object 94 35 right 748
object 98 35 left 349
object 98 35 right 350
object 6 36 right 2650
object 12 36 left 2547
object 14 36 left 2739
object 15 36 left 2740
object 16 36 left 2741
object 16 36 right 2742
object 18 36 left 215
object 18 36 right 216
object 32 36 right 2778
object 33 36 left 3248
object 33 36 right 3249
object 55 36 left 343
object 55 36 right 344
object 56 36 left 243
object 56 36 right 242
object 61 36 left 249
object 61 36 right 250
object 62 36 left 335
object 62 36 right 336
object 68 36 left 747
object 68 36 right 2517
object 69 36 left 745
object 69 36 right 746
object 76 36 left 3277
object 76 36 right 78
object 77 36 left 3278
object 77 36 right 3279
object 82 36 left 79
object 82 36 right 80
object 83 36 left 335
object 83 36 right 336
object 87 36 left 349
object 87 36 right 350
object 88 36 right 3273
object 91 36 right 2603
object 93 36 left 361
object 93 36 right 362
object 94 36 left 747
object 94 36 right 748
object 98 36 left 349
object 98 36 right 350
object 99 36 right 3273
object 2 37 left 745
object 2 37 right 746
object 5 37 left 2647
object 6 37 left 2648
object 6 37 right 2649
object 11 37 left 2545
object 11 37 right 2546
object 14 37 left 2818
object 15 37 left 2819
object 16 37 left 2820
object 16 37 right 2821
object 18 37 left 217
object 18 37 right 218
object 29 37 right 2658
object 30 37 right 2837
object 31 37 right 2806
object 32 37 right 2777
object 33 37 right 3245
object 55 37 right 746
object 62 37 left 343
object 62 37 right 344
object 73 37 left 195
object 73 37 right 196
object 75 37 left 255
object 75 37 right 256
object 76 37 right 254
object 77 37 left 253
object 77 37 right 254
object 78 37 left 253
object 78 37 right 254
object 79 37 left 253
object 79 37 right 254
object 80 37 left 253
object 80 37 right 254
object 81 37 left 253
object 81 37 right 254
object 82 37 left 253
object 82 37 right 254
object 83 37 left 251
object 83 37 right 252
object 86 37 right 4076
object 87 37 left 361
object 87 37 right 362
object 88 37 left 3271
object 88 37 right 3272
object 89 37 left 747
object 89 37 right 748
object 90 37 left 2600
object 91 37 left 2601
object 91 37 right 2602
object 92 37 left 745
object 92 37 right 746
object 93 37 left 349
object 93 37 right 350
object 98 37 left 349
object 98 37 right 350
object 99 37 left 3271
object 99 37 right 3272
object 6 38 right 2634
object 11 38 right 2554
object 14 38 left 2744
object 15 38 left 2745
object 16 38 left 2746
object 16 38 right 2747
object 18 38 left 215
object 18 38 right 216
object 21 38 right 2664
object 29 38 right 2657
object 30 38 right 2836
object 31 38 right 2805
object 32 38 right 2776
object 48 38 left 747
object 48 38 right 748
object 49 38 left 745
object 49 38 right 746
object 63 38 left 747
object 63 38 right 748
object 64 38 left 745
object 64 38 right 746
object 74 38 left 745
object 74 38 right 746
object 86 38 left 4074
object 86 38 right 4075
object 87 38 left 349
object 87 38 right 350
object 93 38 left 349
object 93 38 right 350
object 94 38 right 4076
object 97 38 left 745
object 97 38 right 746
object 98 38 left 361
object 98 38 right 362
object 99 38 right 3270
object 6 39 right 2633
object 11 39 right 2553
object 14 39 left 2744
object 15 39 left 2745
object 16 39 left 2746
object 16 39 right 2747
object 18 39 left 219
object 18 39 right 220
object 21 39 right 2663
object 27 39 left 2653
object 28 39 left 2654
object 29 39 left 2655
object 29 39 right 2656
object 30 39 left 2834
object 30 39 right 2835
object 31 39 left 2803
object 31 39 right 2804
object 32 39 left 2774
object 32 39 right 2775
object 33 39 left 3242
object 33 39 right 3243
object 48 39 left 747
object 48 39 right 748
object 87 39 right 356
object 88 39 left 345
object 88 39 right 346
object 89 39 left 345
object 89 39 right 346
object 90 39 left 357
object 90 39 right 358
object 91 39 left 345
object 91 39 right 346
object 92 39 left 345
object 92 39 right 346
object 93 39 left 359
object 93 39 right 360
object 94 39 left 4074
object 94 39 right 4075
object 98 39 left 349
object 98 39 right 350
object 99 39 left 3268
object 99 39 right 3269
object 3 40 right 3273
object 6 40 right 2632
object 11 40 right 2552
object 14 40 left 2744
object 15 40 left 2745
object 16 40 left 2746
object 16 40 right 2747
object 18 40 left 217
object 18 40 right 218
object 19 40 left 2659
object 20 40 left 2660
object 21 40 left 2661
object 21 40 right 2662
object 27 40 left 2792
object 28 40 left 2793
object 29 40 left 2794
object 29 40 right 2795
object 30 40 left 3248
object 30 40 right 3249
object 31 40 left 3248
object 31 40 right 3270
object 32 40 left 3248
object 32 40 right 3249
object 34 40 left 737
object 34 40 right 738
object 49 40 left 745
object 49 40 right 746
object 53 40 right 2670
object 94 40 right 3270
object 98 40 left 349
object 98 40 right 350
object 3 41 left 3271
object 3 41 right 3272
object 5 41 left 2629
object 6 41 left 2630
object 6 41 right 2631
object 11 41 left 2550
object 11 41 right 2551
object 12 41 left 2725
object 13 41 left 2726
object 14 41 left 2727
object 15 41 left 2728
object 16 41 left 2729
object 16 41 right 2730
object 18 41 left 215
object 18 41 right 216
object 27 41 left 2792
object 28 41 left 2793
object 29 41 left 2794
object 29 41 right 2795
object 30 41 left 3244
object 30 41 right 3245
object 31 41 left 3268
object 31 41 right 3269
object 33 41 left 747
object 33 41 right 748
object 53 41 right 2669
object 71 41 right 2664
object 83 41 left 747
object 83 41 right 748
object 94 41 left 3268
object 94 41 right 3269
object 98 41 left 361
object 98 41 right 362
object 99 41 right 3276
object 2 42 left 745
object 2 42 right 746
object 6 42 right 2640
object 11 42 right 2559
object 12 42 right 3273
object 13 42 left 329
object 13 42 right 330
object 18 42 left 219
object 18 42 right 220
object 20 42 left 747
object 20 42 right 748
object 21 42 left 415
object 21 42 right 416
object 22 42 left 747
object 22 42 right 748
object 27 42 left 2792
object 28 42 left 2793
object 29 42 left 2794
object 29 42 right 2795
object 30 42 left 3244
object 30 42 right 3245
object 31 42 right 3273
object 42 42 right 2664
object 45 42 left 747
object 45 42 right 748
object 46 42 left 747
object 46 42 right 748
object 51 42 left 2665
object 52 42 left 2666
object 53 42 left 2667
object 53 42 right 2668
object 71 42 right 2663
object 73 42 left 747
object 73 42 right 748
object 75 42 left 257
object 75 42 right 258
object 76 42 left 261
object 76 42 right 262
object 77 42 left 261
object 77 42 right 262
object 78 42 left 261
object 78 42 right 262
object 79 42 left 261
object 79 42 right 262
object 80 42 left 261
object 80 42 right 262
object 81 42 left 261
object 81 42 right 262
object 82 42 left 261
object 82 42 right 262
object 83 42 left 259
object 83 42 right 260
object 97 42 left 747
object 97 42 right 748
object 98 42 left 361
object 98 42 right 362
object 99 42 left 3274
object 99 42 right 3275
object 6 43 right 2639
object 11 43 right 2558
object 12 43 left 3271
object 12 43 right 3272
object 13 43 left 739
object 13 43 right 740
object 17 43 left 747
object 17 43 right 748
object 18 43 left 217
object 18 43 right 218
object 21 43 left 745
object 21 43 right 746
object 25 43 left 2766
object 26 43 left 2767
object 27 43 left 2768
object 28 43 left 2769
object 29 43 left 2770
object 29 43 right 2771
object 30 43 left 3242
object 30 43 right 3243
object 31 43 left 3271
object 31 43 right 3272
object 42 43 right 2663
object 46 43 left 745
object 46 43 right 746
object 52 43 left 747
object 52 43 right 748
object 53 43 left 745
object 53 43 right 746
object 56 43 left 185
object 56 43 right 186
object 69 43 left 2659
object 70 43 left 2660
object 71 43 left 2661
object 71 43 right 2662
object 74 43 left 747
object 74 43 right 748
object 77 43 right 2646
object 82 43 right 795
object 97 43 left 745
object 97 43 right 746
object 98 43 left 349
object 98 43 right 350
object 6 44 right 2638
object 11 44 right 2557
object 18 44 left 215
object 18 44 right 216
object 19 44 right 3273
object 25 44 left 747
object 25 44 right 748
object 26 44 right 3264
object 29 44 left 3248
object 29 44 right 3249
object 38 44 left 745
object 38 44 right 746
object 40 44 left 2659
object 41 44 left 2660
object 42 44 left 2661
object 42 44 right 2662
object 52 44 left 745
object 52 44 right 746
object 74 44 left 745
object 74 44 right 746
object 77 44 right 2645
object 82 44 left 793
object 82 44 right 794
object 92 44 left 747
object 92 44 right 748
object 98 44 left 349
object 98 44 right 350
object 99 44 left 747
object 99 44 right 748
object 3 45 right 2664
object 5 45 left 2635
object 6 45 left 2636
object 6 45 right 2637
object 11 45 left 2555
object 11 45 right 2556
object 12 45 left 223
object 12 45 right 224
object 13 45 left 3935
object 13 45 right 3936
object 17 45 left 3937
object 17 45 right 3938
object 18 45 left 229
object 18 45 right 230
object 19 45 left 3271
object 19 45 right 3272
object 25 45 left 739
object 25 45 right 740
object 26 45 left 747
object 26 45 right 748
object 40 45 left 745
object 40 45 right 746
object 41 45 left 747
object 41 45 right 748
object 44 45 left 745
object 44 45 right 746
object 68 45 right 2670
object 77 45 right 2644
object 82 45 left 75
object 82 45 right 76
object 92 45 left 747
object 92 45 right 748
object 93 45 left 747
object 93 45 right 748
object 94 45 left 747
object 94 45 right 748
object 98 45 left 349
object 98 45 right 350
object 3 46 right 2663
object 6 46 right 2646
object 11 46 right 2574
object 49 46 left 745
object 49 46 right 746
object 68 46 right 2669
object 76 46 left 2641
object 77 46 left 2642
object 77 46 right 2643
object 82 46 right 2569
object 83 46 right 3270
object 89 46 right 3273
object 93 46 left 747
object 93 46 right 748
object 94 46 left 747
object 94 46 right 748
object 98 46 left 349
object 98 46 right 350
object 99 46 right 3273
object 1 47 left 2659
object 2 47 left 2660
object 3 47 left 2661
object 3 47 right 2662
object 6 47 right 2645
object 11 47 right 2573
object 30 47 left 209
object 30 47 right 210
object 31 47 left 211
object 31 47 right 212
object 32 47 left 213
object 32 47 right 214
object 66 47 left 2665
object 67 47 left 2666
object 68 47 left 2667
object 68 47 right 2668
object 75 47 right 3270
object 76 47 left 2041
object 77 47 left 2042
object 77 47 right 3286
object 82 47 right 2568
object 83 47 left 3268
object 83 47 right 3269
object 85 47 left 745
object 85 47 right 746
object 89 47 left 3271
object 89 47 right 3272
object 93 47 left 747
object 93 47 right 748
object 94 47 left 747
object 94 47 right 748
object 95 47 left 747
object 95 47 right 748
object 98 47 left 349
object 98 47 right 350
object 99 47 left 3271
object 99 47 right 3272
object 0 48 left 747
object 0 48 right 748
object 6 48 right 2644
object 11 48 right 2572
object 74 48 left 747
object 74 48 right 748
object 75 48 left 3268
object 75 48 right 3269
object 76 48 left 3283
object 77 48 left 3284
object 77 48 right 3285
object 82 48 right 2567
object 83 48 left 357
object 83 48 right 358
object 84 48 left 345
object 84 48 right 346
object 85 48 left 345
object 85 48 right 346
object 86 48 left 345
object 86 48 right 346
object 87 48 left 357
object 87 48 right 358
object 88 48 left 357
object 88 48 right 358
object 89 48 left 345
object 89 48 right 346
object 90 48 left 345
object 90 48 right 346
object 94 48 left 345
object 94 48 right 346
object 95 48 left 357
object 95 48 right 358
object 96 48 left 345
object 96 48 right 346
object 97 48 left 345
object 97 48 right 346
object 98 48 left 359
object 98 48 right 360
object 1 49 left 745
object 1 49 right 746
object 5 49 left 2641
object 6 49 left 2642
object 6 49 right 2643
object 11 49 left 2570
object 11 49 right 2571
object 13 49 right 748
object 20 49 left 209
object 20 49 right 210
object 21 49 left 211
object 21 49 right 212
object 22 49 left 213
object 22 49 right 214
object 23 49 left 231
object 23 49 right 232
object 26 49 left 233
object 26 49 right 234
object 27 49 left 209
object 27 49 right 210
object 28 49 left 211
object 28 49 right 212
object 39 49 left 233
object 39 49 right 234
object 40 49 left 213
object 40 49 right 214
object 41 49 left 209
object 41 49 right 210
object 42 49 left 211
object 42 49 right 212
object 43 49 left 213
object 43 49 right 214
object 55 49 left 231
object 55 49 right 232
object 74 49 left 745
object 74 49 right 746
object 76 49 left 3277
object 77 49 left 3278
object 77 49 right 3279
object 82 49 left 2565
object 82 49 right 2566
object 83 49 left 747
object 83 49 right 748
object 85 49 left 335
object 85 49 right 336
object 86 49 left 343
object 86 49 right 344
object 87 49 left 335
object 87 49 right 336
object 88 49 left 747
object 88 49 right 748
object 99 49 right 3270
object 6 50 right 2634
object 11 50 right 2549
object 22 50 left 415
object 22 50 right 416
object 23 50 left 219
object 23 50 right 220
object 26 50 left 203
object 26 50 right 204
object 39 50 left 205
object 39 50 right 206
object 42 50 left 747
object 42 50 right 748
object 55 50 left 205
object 55 50 right 206
object 68 50 left 745
object 68 50 right 746
object 77 50 right 2646
object 82 50 right 795
object 84 50 left 747
object 84 50 right 748
object 90 50 right 3273
object 99 50 left 3268
object 99 50 right 3269
object 4 51 right 3270
object 6 51 right 2633
object 11 51 right 2548
object 23 51 left 217
object 23 51 right 218
object 26 51 left 207
object 26 51 right 208
object 27 51 right 3273
object 29 51 left 747
object 29 51 right 748
object 39 51 left 203
object 39 51 right 204
object 55 51 left 207
object 55 51 right 208
object 68 51 left 209
object 68 51 right 210
object 69 51 left 211
object 69 51 right 212
object 70 51 left 213
object 70 51 right 214
object 77 51 right 2645
object 82 51 left 793
object 82 51 right 794
object 90 51 left 3271
object 90 51 right 3272
object 99 51 left 745
object 99 51 right 746
object 4 52 left 3268
object 4 52 right 3269
object 6 52 right 2632
object 12 52 left 2547
object 23 52 left 215
object 23 52 right 216
object 26 52 left 205
object 26 52 right 206
object 27 52 left 3271
object 27 52 right 3272
object 29 52 right 4828
object 33 52 left 745
object 33 52 right 746
object 55 52 left 205
object 55 52 right 206
object 59 52 right 3270
object 69 52 right 2717
object 71 52 left 343
object 71 52 right 344
object 77 52 right 2644
object 82 52 right 2554
object 5 53 left 2629
object 6 53 left 2630
object 6 53 right 2631
object 11 53 left 2545
object 11 53 right 2546
object 12 53 right 3276
object 26 53 left 203
object 26 53 right 204
object 28 53 left 4825
object 29 53 left 4826
object 29 53 right 4827
object 33 53 left 747
object 33 53 right 748
object 42 53 left 2739
object 43 53 left 2740
object 44 53 left 2741
object 44 53 right 2742
object 55 53 left 203
object 55 53 right 204
object 59 53 left 3268
object 59 53 right 3269
object 69 53 right 2716
object 70 53 left 3256
object 71 53 left 235
object 71 53 right 236
object 76 53 left 2641
object 77 53 left 2642
object 77 53 right 2643
object 82 53 right 2553
object 86 53 right 2670
object 91 53 right 3241
object 6 54 right 3286
object 11 54 right 798
object 12 54 left 3274
object 12 54 right 3275
object 21 54 right 2670
object 29 54 left 747
object 29 54 right 748
object 33 54 left 747
object 33 54 right 748
object 34 54 left 747
object 34 54 right 748
object 38 54 right 3273
object 39 54 left 203
object 39 54 right 204
object 42 54 left 2818
object 43 54 left 2819
object 44 54 left 2820
object 44 54 right 2821
object 46 54 left 747
object 46 54 right 3273
object 55 54 left 227
object 55 54 right 228
object 56 54 left 211
object 56 54 right 212
object 57 54 left 213
object 57 54 right 214
object 58 54 left 231
object 58 54 right 232
object 64 54 right 2658
object 65 54 right 2758
object 66 54 right 2827
object 67 54 right 2758
object 68 54 right 2758
object 69 54 right 2715
object 77 54 right 2640
object 82 54 right 2552
object 84 54 left 747
object 84 54 right 748
object 86 54 right 2669
object 91 54 right 3240
object 0 55 left 747
object 0 55 right 748
object 4 55 right 2134
object 5 55 left 3283
object 6 55 left 3284
object 6 55 right 3285
object 11 55 left 796
object 11 55 right 797
object 12 55 right 3273
object 17 55 left 745
object 17 55 right 746
object 18 55 left 747
object 18 55 right 748
object 21 55 right 2669
object 23 55 left 219
object 23 55 right 220
object 31 55 left 745
object 31 55 right 746
object 32 55 left 747
object 32 55 right 748
object 37 55 left 747
object 37 55 right 748
object 38 55 left 3271
object 38 55 right 3272
object 39 55 left 205
object 39 55 right 206
object 42 55 left 2744
object 43 55 left 2745
object 44 55 left 2746
object 44 55 right 2747
object 46 55 left 3271
object 46 55 right 3272
object 57 55 left 745
object 57 55 right 746
object 58 55 left 219
object 58 55 right 220
object 64 55 right 2657
object 65 55 right 2757
object 66 55 right 2826
object 67 55 right 2757
object 68 55 right 2757
object 69 55 right 2714
object 77 55 right 2639
object 82 55 left 2550
object 82 55 right 2551
object 84 55 left 2665
object 85 55 left 2666
object 86 55 left 2667
object 86 55 right 2668
object 89 55 left 3236
object 90 55 left 3237
object 91 55 left 3238
object 91 55 right 3239
object 3 56 left 2131
object 4 56 left 2132
object 4 56 right 2133
object 9 56 left 790
object 10 56 left 791
object 10 56 right 792
object 11 56 left 79
object 11 56 right 80
object 12 56 left 3271
object 12 56 right 3272
object 19 56 left 2665
object 20 56 left 2666
object 21 56 left 2667
object 21 56 right 2668
object 23 56 left 217
object 23 56 right 218
object 37 56 left 745
object 37 56 right 746
object 39 56 left 203
object 39 56 right 204
object 42 56 left 2744
object 43 56 left 2745
object 44 56 left 2746
object 44 56 right 2747
object 46 56 left 745
object 46 56 right 746
object 49 56 left 747
object 49 56 right 748
object 58 56 left 217
object 58 56 right 218
object 62 56 left 2653
object 63 56 left 2654
object 64 56 left 2655
object 64 56 right 2656
object 65 56 left 2755
object 65 56 right 2756
object 66 56 left 2824
object 66 56 right 2825
object 67 56 left 2755
object 67 56 right 2756
object 68 56 left 2755
object 68 56 right 2756
object 69 56 left 2712
object 69 56 right 2713
object 71 56 left 237
object 71 56 right 238
object 77 56 right 2638
object 82 56 right 2549
object 87 56 left 745
object 87 56 right 746
object 98 56 left 745
object 98 56 right 746
object 99 56 left 745
object 99 56 right 746
object 1 57 right 3273
object 4 57 right 2652
object 9 57 right 2574
object 20 57 left 745
object 20 57 right 746
object 23 57 left 215
object 23 57 right 216
object 27 57 left 745
object 27 57 right 746
object 28 57 left 745
object 28 57 right 746
object 32 57 left 75
object 32 57 right 76
object 33 57 left 75
object 33 57 right 76
object 39 57 left 207
object 39 57 right 208
object 42 57 left 2744
object 43 57 left 2745
object 44 57 left 2746
object 44 57 right 2747
object 58 57 left 215
object 58 57 right 216
object 62 57 left 2744
object 63 57 left 2745
object 64 57 left 2746
object 64 57 right 2747
object 66 57 left 3248
object 66 57 right 3249
object 70 57 right 3276
object 71 57 left 737
object 71 57 right 738
object 76 57 left 2635
object 77 57 left 2636
object 77 57 right 2637
object 82 57 right 2548
object 99 57 left 745
object 99 57 right 746
object 1 58 left 3271
object 1 58 right 3272
object 4 58 right 2651
object 9 58 right 2573
object 10 58 left 209
object 10 58 right 210
object 11 58 left 211
object 11 58 right 212
object 12 58 left 213
object 12 58 right 214
object 13 58 left 213
object 13 58 right 214
object 14 58 left 209
object 14 58 right 210
object 15 58 left 211
object 15 58 right 212
object 16 58 left 213
object 16 58 right 214
object 17 58 left 209
object 17 58 right 210
object 18 58 left 211
object 18 58 right 212
object 19 58 left 213
object 19 58 right 214
object 20 58 left 231
object 20 58 right 232
object 27 58 left 747
object 27 58 right 748
object 29 58 left 747
object 29 58 right 748
object 33 58 left 79
object 33 58 right 80
object 34 58 left 747
object 34 58 right 748
object 40 58 left 2732
object 41 58 left 2733
object 42 58 left 2734
object 43 58 left 2735
object 44 58 left 2736
object 44 58 right 2737
object 58 58 left 219
object 58 58 right 220
object 62 58 left 2744
object 63 58 left 2745
object 64 58 left 2746
object 64 58 right 2747
object 69 58 left 745
object 69 58 right 746
object 70 58 left 3274
object 70 58 right 3275
object 71 58 left 215
object 71 58 right 216
object 77 58 right 2634
object 83 58 left 2547
object 87 58 left 747
object 87 58 right 748
object 89 58 left 737
object 89 58 right 738
object 4 59 right 2650
object 9 59 right 2572
object 19 59 left 2677
object 20 59 left 203
object 20 59 right 204
object 21 59 right 3273
object 31 59 right 3273
object 32 59 left 745
object 32 59 right 746
object 33 59 left 747
object 33 59 right 748
object 38 59 left 415
object 38 59 right 416
object 40 59 left 745
object 40 59 right 746
object 41 59 right 3262
object 47 59 right 3273
object 58 59 left 217
object 58 59 right 218
object 62 59 left 2744
object 63 59 left 2745
object 64 59 left 2746
object 64 59 right 2747
object 66 59 left 745
object 66 59 right 746
object 67 59 left 233
object 67 59 right 234
object 68 59 left 209
object 68 59 right 210
object 69 59 left 211
object 69 59 right 212
object 70 59 left 213
object 70 59 right 214
object 71 59 left 229
object 71 59 right 230
object 77 59 right 2633
object 82 59 left 2545
object 82 59 right 2546
object 89 59 left 745
object 89 59 right 746
object 90 59 left 745
object 90 59 right 746
object 0 60 right 3270
object 2 60 right 3276
object 3 60 left 2647
object 4 60 left 2648
object 4 60 right 2649
object 9 60 left 2570
object 9 60 right 2571
object 16 60 right 2817
object 17 60 right 2704
object 18 60 right 2683
object 19 60 left 3251
object 20 60 left 235
object 20 60 right 236
object 21 60 left 3271
object 21 60 right 3272
object 31 60 left 3271
object 31 60 right 3272
object 38 60 left 745
object 38 60 right 746
object 39 60 left 227
object 39 60 right 228
object 40 60 left 221
object 40 60 right 222
object 41 60 left 3935
object 41 60 right 3936
object 44 60 left 3937
object 44 60 right 3938
object 45 60 left 221
object 45 60 right 222
object 46 60 left 231
object 46 60 right 232
object 47 60 left 3271
object 47 60 right 3272
object 48 60 left 747
object 48 60 right 748
object 58 60 left 219
object 58 60 right 220
object 60 60 left 2725
object 61 60 left 2726
object 62 60 left 2727
object 63 60 left 2728
object 64 60 left 2729
object 64 60 right 2730
object 67 60 left 219
object 67 60 right 220
object 75 60 left 335
object 75 60 right 336
object 77 60 right 2632
object 82 60 left 79
object 82 60 right 80
object 85 60 right 2628
object 89 60 right 2622
object 93 60 right 2616
object 95 60 right 3290
object 96 60 right 2554
object 97 60 left 790
object 98 60 left 791
object 98 60 right 792
object 99 60 left 79
object 99 60 right 80
object 0 61 left 3268
object 0 61 right 3269
object 2 61 left 3274
object 2 61 right 3275
object 4 61 right 2640
object 9 61 right 2549
object 15 61 right 3047
object 16 61 right 2816
object 17 61 right 2703
object 18 61 right 2682
object 45 61 left 739
object 45 61 right 740
object 46 61 left 227
object 46 61 right 228
object 47 61 left 225
object 47 61 right 226
object 48 61 left 225
object 48 61 right 226
object 49 61 left 231
object 49 61 right 232
object 57 61 left 745
object 57 61 right 746
object 58 61 left 217
object 58 61 right 218
object 60 61 left 745
object 60 61 right 746
object 61 61 right 3259
object 64 61 left 343
object 64 61 right 344
object 67 61 left 217
object 67 61 right 218
object 75 61 left 343
object 75 61 right 344
object 76 61 left 2629
object 77 61 left 2630
object 77 61 right 2631
object 82 61 left 2623
object 83 61 left 2624
object 84 61 left 2625
object 85 61 left 2626
object 85 61 right 2627
object 86 61 left 2617
object 87 61 left 2618
object 88 61 left 2619
object 89 61 left 2620
object 89 61 right 2621
object 90 61 left 2611
object 91 61 left 2612
object 92 61 left 2613
object 93 61 left 2614
object 93 61 right 2615
object 94 61 left 3287
object 95 61 left 3288
object 95 61 right 3289
object 96 61 right 2553
object 97 61 left 747
object 97 61 right 748
object 0 62 left 745
object 0 62 right 746
object 4 62 right 2639
object 9 62 right 2548
object 15 62 right 3046
object 16 62 right 2815
object 17 62 right 2702
object 18 62 right 2681
object 49 62 left 207
object 49 62 right 208
object 58 62 left 215
object 58 62 right 216
object 65 62 left 745
object 65 62 right 746
object 67 62 left 215
object 67 62 right 216
object 77 62 right 2652
object 96 62 right 2552
object 98 62 left 747
object 98 62 right 748
object 99 62 left 745
object 99 62 right 746
object 1 63 left 747
object 1 63 right 748
object 4 63 right 2638
object 10 63 left 2547
object 15 63 right 3045
object 16 63 right 2814
object 17 63 right 2701
object 18 63 right 2680
object 20 63 left 237
object 20 63 right 238
object 29 63 left 209
object 29 63 right 210
object 30 63 left 211
object 30 63 right 212
object 31 63 left 209
object 31 63 right 210
object 32 63 left 211
object 32 63 right 212
object 33 63 left 213
object 33 63 right 214
object 49 63 left 205
object 49 63 right 206
object 54 63 left 2787
object 55 63 left 2788
object 56 63 left 2789
object 56 63 right 2790
object 58 63 left 219
object 58 63 right 220
object 59 63 left 221
object 59 63 right 222
object 60 63 left 223
object 60 63 right 224
object 61 63 left 3935
object 61 63 right 3936
object 64 63 left 3937
object 64 63 right 3938
object 65 63 left 221
object 65 63 right 222
object 66 63 left 223
object 66 63 right 224
object 67 63 left 229
object 67 63 right 230
object 71 63 left 233
object 71 63 right 234
object 72 63 left 209
object 72 63 right 210
object 73 63 left 211
object 73 63 right 212
object 74 63 left 213
object 74 63 right 214
object 75 63 left 209
object 75 63 right 210
object 76 63 left 209
object 76 63 right 210
object 77 63 right 2651
object 96 63 left 2550
object 96 63 right 2551
object 3 64 left 2635
object 4 64 left 2636
object 4 64 right 2637
object 9 64 left 2545
object 9 64 right 2546
object 12 64 left 3040
object 13 64 left 3041
object 14 64 left 3042
object 15 64 left 3043
object 15 64 right 3044
object 16 64 left 2812
object 16 64 right 2813
object 17 64 left 2699
object 17 64 right 2700
object 18 64 left 2678
object 18 64 right 2679
object 20 64 left 203
object 20 64 right 204
object 21 64 left 737
object 21 64 right 738
object 22 64 left 747
object 22 64 right 748
object 34 64 left 745
object 34 64 right 746
object 38 64 left 745
object 38 64 right 746
object 49 64 left 203
object 49 64 right 204
object 54 64 left 2792
object 55 64 left 2793
object 56 64 left 2794
object 56 64 right 2795
object 57 64 left 3244
object 57 64 right 3245
object 58 64 left 217
object 58 64 right 218
object 59 64 right 3273
object 60 64 left 739
object 60 64 right 740
object 61 64 left 747
object 61 64 right 748
object 71 64 left 217
object 71 64 right 218
object 73 64 left 745
object 73 64 right 746
object 77 64 right 2650
object 96 64 right 2569
object 97 64 right 3273
object 99 64 right 3276
object 1 65 right 3276
object 2 65 left 747
object 2 65 right 748
object 4 65 right 2646
object 9 65 right 2554
object 12 65 left 2838
object 13 65 left 2839
object 14 65 left 2840
object 15 65 left 2841
object 15 65 right 2842
object 16 65 left 3244
object 16 65 right 3245
object 17 65 left 3248
object 17 65 right 3249
object 18 65 left 3246
object 18 65 right 3270
object 20 65 left 207
object 20 65 right 208
object 26 65 left 219
object 26 65 right 220
object 27 65 left 745
object 27 65 right 746
object 33 65 left 745
object 33 65 right 746
object 49 65 left 207
object 49 65 right 208
object 54 65 left 2828
object 55 65 left 2829
object 56 65 left 2830
object 56 65 right 2831
object 57 65 left 3242
object 57 65 right 3243
object 58 65 left 215
object 58 65 right 216
object 59 65 left 3271
object 59 65 right 3272
object 61 65 left 745
object 61 65 right 746
object 71 65 left 215
object 71 65 right 216
object 76 65 left 2647
object 77 65 left 2648
object 77 65 right 2649
object 96 65 right 2568
object 97 65 left 3271
object 97 65 right 3272
object 99 65 left 3274
object 99 65 right 3275
object 1 66 left 3274
object 1 66 right 3275
object 2 66 left 747
object 2 66 right 748
object 4 66 right 2645
object 9 66 right 2553
object 12 66 left 2838
object 13 66 left 2839
object 14 66 left 2840
object 15 66 left 2841
object 15 66 right 2842
object 16 66 left 3242
object 16 66 right 3243
object 18 66 left 3268
object 18 66 right 3269
object 20 66 left 205
object 20 66 right 206
object 26 66 left 217
object 26 66 right 218
object 54 66 left 2792
object 55 66 left 2793
object 56 66 left 2794
object 56 66 right 2795
object 57 66 left 3244
object 57 66 right 3245
object 58 66 left 217
object 58 66 right 218
object 59 66 right 3276
object 66 66 left 233
object 66 66 right 234
object 67 66 left 209
object 67 66 right 210
object 68 66 left 211
object 68 66 right 212
object 69 66 left 213
object 69 66 right 214
object 70 66 left 211
object 70 66 right 212
object 71 66 left 229
object 71 66 right 230
object 76 66 left 2515
object 77 66 left 2516
object 79 66 left 2518
object 79 66 right 2519
object 80 66 left 2540
object 81 66 left 2541
object 82 66 left 2542
object 83 66 left 2543
object 83 66 right 2544
object 84 66 left 2520
object 85 66 left 2521
object 86 66 left 2522
object 87 66 left 2523
object 87 66 right 2524
object 88 66 left 787
object 89 66 left 788
object 89 66 right 789
object 90 66 left 75
object 90 66 right 76
object 91 66 right 3286
object 96 66 right 2567
object 98 66 left 747
object 98 66 right 748
object 2 67 left 747
object 2 67 right 748
object 4 67 right 2644
object 9 67 right 2552
object 12 67 left 2838
object 13 67 left 2839
object 14 67 left 2840
object 15 67 left 2841
object 15 67 right 2842
object 16 67 left 3244
object 16 67 right 3245
object 18 67 left 233
object 18 67 right 234
object 19 67 left 209
object 19 67 right 210
object 20 67 left 229
object 20 67 right 230
object 23 67 left 233
object 23 67 right 234
object 24 67 left 209
object 24 67 right 210
object 25 67 left 213
object 25 67 right 214
object 26 67 left 229
object 26 67 right 230
object 29 67 left 745
object 29 67 right 746
object 54 67 left 2792
object 55 67 left 2793
object 56 67 left 2794
object 56 67 right 2795
object 57 67 left 3242
object 57 67 right 3243
object 58 67 left 215
object 58 67 right 216
object 59 67 left 3274
object 59 67 right 3275
object 61 67 left 745
object 61 67 right 746
object 66 67 left 207
object 66 67 right 208
object 69 67 left 745
object 69 67 right 746
object 78 67 right 2517
object 79 67 left 747
object 79 67 right 748
object 81 67 right 3273
object 84 67 left 219
object 84 67 right 220
object 88 67 left 343
object 88 67 right 344
object 90 67 left 3283
object 91 67 left 3284
object 91 67 right 3285
object 96 67 left 2565
object 96 67 right 2566
object 2 68 right 3273
object 3 68 left 2641
object 4 68 left 2642
object 4 68 right 2643
object 9 68 left 2550
object 9 68 right 2551
object 10 68 left 2685
object 11 68 left 2686
object 12 68 left 2687
object 13 68 left 2688
object 14 68 left 2689
object 15 68 left 2690
object 15 68 right 2691
object 16 68 left 3242
object 16 68 right 3243
object 18 68 left 219
object 18 68 right 220
object 20 68 left 747
object 20 68 right 748
object 27 68 left 747
object 27 68 right 748
object 28 68 left 745
object 28 68 right 746
object 40 68 left 4731
object 41 68 left 4732
object 42 68 left 4733
object 43 68 left 4734
object 43 68 right 4735
object 44 68 left 3242
object 44 68 right 3273
object 46 68 right 3243
object 54 68 left 2792
object 55 68 left 2793
object 56 68 left 2794
object 56 68 right 2795
object 57 68 left 3244
object 57 68 right 3245
object 59 68 left 745
object 59 68 right 746
object 60 68 left 745
object 60 68 right 746
object 61 68 left 415
object 61 68 right 416
object 62 68 left 747
object 62 68 right 748
object 66 68 left 205
object 66 68 right 206
object 81 68 left 3271
object 81 68 right 3272
object 82 68 left 747
object 82 68 right 748
object 84 68 left 217
object 84 68 right 218
object 88 68 right 3273
object 91 68 right 2652
object 96 68 right 2549
object 99 68 right 3273
object 1 69 left 747
object 1 69 right 748
object 2 69 left 3271
object 2 69 right 3272
object 4 69 right 2633
object 9 69 right 2559
object 10 69 left 745
object 10 69 right 746
object 11 69 left 3248
object 11 69 right 3267
object 12 69 left 745
object 12 69 right 746
object 15 69 left 343
object 15 69 right 344
object 17 69 right 3273
object 18 69 left 217
object 18 69 right 218
object 28 69 left 745
object 28 69 right 746
object 30 69 left 747
object 30 69 right 748
object 40 69 left 4736
object 41 69 left 4737
object 42 69 left 4738
object 43 69 left 4739
object 43 69 right 4740
object 44 69 left 3271
object 44 69 right 3272
object 52 69 left 2759
object 53 69 left 2760
object 54 69 left 2761
object 55 69 left 2762
object 56 69 left 2763
object 56 69 right 2764
object 57 69 left 3242
object 57 69 right 3243
object 60 69 left 747
object 60 69 right 748
object 61 69 left 747
object 61 69 right 748
object 62 69 left 745
object 62 69 right 746
object 66 69 right 204
object 83 69 left 745
object 83 69 right 746
object 84 69 left 215
object 84 69 right 216
object 88 69 left 3271
object 88 69 right 3272
object 91 69 right 2651
object 96 69 right 2548
object 98 69 left 747
object 98 69 right 748
object 99 69 left 3271
object 99 69 right 3272
object 1 70 left 745
object 1 70 right 746
object 4 70 right 2632
object 9 70 right 2558
object 11 70 left 745
object 11 70 right 746
object 17 70 left 3271
object 17 70 right 3272
object 18 70 left 215
object 18 70 right 216
object 23 70 left 207
object 23 70 right 208
object 32 70 left 745
object 32 70 right 746
object 40 70 left 4736
object 41 70 left 4737
object 42 70 left 4738
object 43 70 left 4739
object 43 70 right 4740
object 44 70 right 3270
object 52 70 left 747
object 52 70 right 748
object 53 70 right 3263
object 60 70 left 745
object 60 70 right 746
object 81 70 left 2677
object 84 70 left 215
object 84 70 right 216
object 91 70 right 2650
object 97 70 left 2547
object 97 70 right 3273
object 98 70 left 745
object 98 70 right 746
object 0 71 left 747
object 0 71 right 748
object 1 71 left 747
object 1 71 right 748
object 2 71 left 329
object 2 71 right 330
object 3 71 left 2629
object 4 71 left 2630
object 4 71 right 2631
object 9 71 right 2557
object 10 71 left 223
object 10 71 right 224
object 11 71 left 225
object 11 71 right 226
object 12 71 left 3935
object 12 71 right 3936
object 15 71 left 3937
object 15 71 right 3938
object 16 71 left 739
object 16 71 right 740
object 17 71 left 221
object 17 71 right 222
object 18 71 left 229
object 18 71 right 230
object 23 71 left 205
object 23 71 right 206
object 40 71 left 4736
object 41 71 left 4737
object 42 71 left 4738
object 43 71 left 4739
object 43 71 right 4740
object 44 71 left 3268
object 44 71 right 3269
object 49 71 left 205
object 49 71 right 206
object 53 71 left 745
object 53 71 right 746
object 66 71 left 205
object 76 71 right 2704
object 77 71 right 2817
object 78 71 right 2704
object 79 71 right 2704
object 80 71 right 2676
object 82 71 right 3273
object 84 71 left 235
object 84 71 right 236
object 90 71 left 2647
object 91 71 left 2648
object 91 71 right 2649
object 96 71 left 2545
object 96 71 right 2546
object 97 71 left 3271
object 97 71 right 3272
object 0 72 left 747
object 0 72 right 748
object 3 72 left 2041
object 3 72 right 78
object 4 72 left 2042
object 4 72 right 2043
object 9 72 left 79
object 9 72 right 80
object 10 72 left 335
object 10 72 right 336
object 23 72 left 203
object 23 72 right 204
object 40 72 left 4736
object 41 72 left 4737
object 42 72 left 4738
object 43 72 left 4739
object 43 72 right 4740
object 44 72 left 3242
object 44 72 right 3243
object 45 72 left 3248
object 45 72 right 3249
object 46 72 left 237
object 46 72 right 238
object 49 72 left 227
object 49 72 right 228
object 50 72 left 221
object 50 72 right 222
object 51 72 left 223
object 51 72 right 224
object 52 72 left 739
object 52 72 right 740
object 53 72 left 3935
object 53 72 right 3936
object 56 72 left 3937
object 56 72 right 3938
object 57 72 left 221
object 57 72 right 222
object 58 72 left 229
object 58 72 right 230
object 66 72 left 203
object 66 72 right 204
object 75 72 right 3047
object 76 72 right 2703
object 77 72 right 2816
object 78 72 right 2703
object 79 72 right 2703
object 80 72 right 2675
object 82 72 left 3271
object 82 72 right 3272
object 91 72 right 2646
object 96 72 right 2554
object 2 73 left 255
object 2 73 right 256
object 3 73 right 254
object 4 73 left 253
object 4 73 right 254
object 5 73 left 253
object 5 73 right 254
object 6 73 left 253
object 6 73 right 254
object 7 73 left 253
object 7 73 right 254
object 8 73 left 253
object 8 73 right 254
object 9 73 left 253
object 9 73 right 254
object 10 73 left 251
object 10 73 right 252
object 11 73 left 343
object 11 73 right 344
object 40 73 left 4736
object 41 73 left 4737
object 42 73 left 4738
object 43 73 left 4739
object 43 73 right 4740
object 44 73 right 3273
object 46 73 left 219
object 46 73 right 220
object 66 73 left 207
object 66 73 right 208
object 67 73 left 747
object 67 73 right 748
object 75 73 right 3046
object 76 73 right 2702
object 77 73 right 2815
object 78 73 right 2702
object 79 73 right 2702
object 80 73 right 2674
object 88 73 left 747
object 88 73 right 748
object 91 73 right 2645
object 96 73 right 2553
object 98 73 right 3276
object 19 74 left 191
object 19 74 right 192
object 36 74 right 2670
object 41 74 right 4744
object 43 74 right 4730
object 44 74 left 3271
object 44 74 right 3272
object 45 74 left 747
object 45 74 right 748
object 46 74 left 217
object 46 74 right 218
object 66 74 right 206
object 67 74 left 745
object 67 74 right 746
object 75 74 right 3045
object 76 74 right 2701
object 77 74 right 2814
object 78 74 right 2701
object 79 74 right 2701
object 80 74 right 2673
object 91 74 right 2644
object 96 74 right 2552
object 98 74 left 3274
object 98 74 right 3275
object 16 75 left 747
object 16 75 right 748
object 19 75 left 747
object 19 75 right 748
object 23 75 left 207
object 23 75 right 208
object 24 75 left 745
object 24 75 right 746
object 36 75 right 2669
object 37 75 right 3273
object 38 75 left 4725
object 39 75 left 4726
object 40 75 left 4741
object 41 75 left 4742
object 41 75 right 4743
object 42 75 left 4727
object 43 75 left 4728
object 43 75 right 4729
object 44 75 left 3242
object 44 75 right 3243
object 45 75 left 747
object 45 75 right 748
object 46 75 left 219
object 46 75 right 220
object 61 75 left 211
object 61 75 right 212
object 62 75 left 231
object 62 75 right 232
object 72 75 left 3040
object 73 75 left 3041
object 74 75 left 3042
object 75 75 left 3043
object 75 75 right 3044
object 76 75 left 2699
object 76 75 right 2700
object 77 75 left 2812
object 77 75 right 2813
object 78 75 left 2699
object 78 75 right 2700
object 79 75 left 2699
object 79 75 right 2700
object 80 75 left 2671
object 80 75 right 2672
object 81 75 left 335
object 81 75 right 336
object 83 75 left 745
object 83 75 right 746
object 84 75 left 237
object 84 75 right 238
object 89 75 right 3273
object 90 75 left 2641
object 91 75 left 2642
object 91 75 right 2643
object 96 75 left 2550
object 96 75 right 2551
object 23 76 left 205
object 23 76 right 206
object 34 76 left 2665
object 35 76 left 2666
object 36 76 left 2667
object 36 76 right 2668
object 37 76 left 3271
object 37 76 right 3272
object 38 76 left 3248
object 38 76 right 3249
object 39 76 left 747
object 39 76 right 748
object 42 76 left 3248
object 42 76 right 3249
object 43 76 left 3248
object 43 76 right 3249
object 46 76 left 217
object 46 76 right 218
object 56 76 right 3273
object 57 76 left 745
object 57 76 right 746
object 61 76 right 3273
object 62 76 left 219
object 62 76 right 220
object 72 76 left 2838
object 73 76 left 2839
object 74 76 left 2840
object 75 76 left 2841
object 75 76 right 2842
object 76 76 left 3248
object 76 76 right 3249
object 77 76 left 3246
object 77 76 right 3247
object 78 76 left 3248
object 78 76 right 3249
object 79 76 left 3246
object 79 76 right 3247
object 80 76 left 3248
object 80 76 right 3249
object 81 76 right 3270
object 83 76 left 747
object 83 76 right 748
object 84 76 left 737
object 84 76 right 738
object 89 76 left 3271
object 89 76 right 3272
object 91 76 right 2640
object 96 76 right 2559
object 0 77 left 747
object 0 77 right 748
object 1 77 left 343
object 1 77 right 344
object 2 77 left 747
object 2 77 right 748
object 23 77 left 203
object 23 77 right 204
object 30 77 left 2843
object 31 77 left 2844
object 32 77 left 2845
object 33 77 left 2846
object 33 77 right 2847
object 34 77 left 3244
object 34 77 right 3245
object 43 77 left 747
object 43 77 right 748
object 46 77 left 215
object 46 77 right 216
object 56 77 left 3271
object 56 77 right 3272
object 60 77 left 745
object 60 77 right 746
object 61 77 left 3271
object 61 77 right 3272
object 62 77 left 217
object 62 77 right 218
object 72 77 left 2838
object 73 77 left 2839
object 74 77 left 2840
object 75 77 left 2841
object 75 77 right 2842
object 76 77 left 3244
object 76 77 right 3245
object 81 77 left 3268
object 81 77 right 3269
object 84 77 left 217
object 84 77 right 218
object 89 77 right 3270
object 91 77 right 2639
object 96 77 right 2558
object 99 77 right 3270
object 1 78 left 747
object 1 78 right 748
object 2 78 left 257
object 2 78 right 258
object 3 78 left 261
object 3 78 right 262
object 4 78 left 261
object 4 78 right 262
object 5 78 left 261
object 5 78 right 262
object 6 78 left 261
object 6 78 right 262
object 7 78 left 261
object 7 78 right 262
object 8 78 left 261
object 8 78 right 262
object 9 78 left 261
object 9 78 right 262
object 10 78 left 259
object 10 78 right 260
object 18 78 right 2670
object 19 78 left 747
object 19 78 right 748
object 24 78 left 747
object 24 78 right 748
object 25 78 left 415
object 25 78 right 416
object 30 78 left 2838
object 31 78 left 2839
object 32 78 left 2840
object 33 78 left 2841
object 33 78 right 2842
object 34 78 left 3242
object 34 78 right 3243
object 35 78 left 745
object 35 78 right 746
object 36 78 left 233
object 36 78 right 234
object 37 78 left 221
object 37 78 right 222
object 38 78 left 739
object 38 78 right 740
object 39 78 left 3935
object 39 78 right 3936
object 42 78 left 3937
object 42 78 right 3938
object 43 78 left 221
object 43 78 right 222
object 44 78 left 223
object 44 78 right 224
object 45 78 left 225
object 45 78 right 226
object 46 78 left 229
object 46 78 right 230
object 52 78 left 205
object 52 78 right 206
object 59 78 right 2717
object 61 78 left 745
object 61 78 right 746
object 62 78 left 215
object 62 78 right 216
object 66 78 left 203
object 72 78 left 2838
object 73 78 left 2839
object 74 78 left 2840
object 75 78 left 2841
object 75 78 right 2842
object 76 78 left 3244
object 76 78 right 3245
object 84 78 left 215
object 84 78 right 216
object 89 78 left 3268
object 89 78 right 3269
object 91 78 right 2638
object 96 78 right 2557
object 99 78 left 3268
object 99 78 right 3269
object 2 79 left 747
object 2 79 right 748
object 4 79 right 3286
object 9 79 right 2553
object 18 79 right 2669
object 25 79 left 745
object 25 79 right 746
object 30 79 left 2807
object 31 79 left 2808
object 32 79 left 2809
object 33 79 left 2810
object 33 79 right 2811
object 34 79 left 3244
object 34 79 right 3245
object 35 79 left 747
object 35 79 right 748
object 36 79 left 217
object 36 79 right 218
object 52 79 left 203
object 52 79 right 204
object 59 79 right 2716
object 60 79 left 335
object 60 79 right 336
object 61 79 left 747
object 61 79 right 748
object 62 79 left 235
object 62 79 right 236
object 63 79 left 747
object 63 79 right 748
object 66 79 left 207
object 66 79 right 208
object 67 79 left 745
object 67 79 right 746
object 70 79 left 2685
object 71 79 left 2686
object 72 79 left 2687
object 73 79 left 2688
object 74 79 left 2689
object 75 79 left 2690
object 75 79 right 2691
object 76 79 left 3244
object 76 79 right 3245
object 83 79 left 745
object 83 79 right 746
object 84 79 left 219
object 84 79 right 220
object 88 79 left 747
object 88 79 right 748
object 90 79 left 2635
object 91 79 left 2636
object 91 79 right 2637
object 96 79 left 2555
object 96 79 right 2556
object 99 79 left 745
object 99 79 right 746
object 3 80 left 3283
object 4 80 left 3284
object 4 80 right 3285
object 9 80 left 2565
object 9 80 right 2552
object 12 80 right 2670
object 16 80 left 2665
object 17 80 left 2666
object 18 80 left 2667
object 18 80 right 2668
object 23 80 left 207
object 23 80 right 208
object 30 80 left 2838
object 31 80 left 2839
object 32 80 left 2840
object 33 80 left 2841
object 33 80 right 2842
object 34 80 left 3242
object 34 80 right 3243
object 35 80 right 3276
object 36 80 left 219
object 36 80 right 220
object 52 80 left 203
object 52 80 right 204
object 54 80 right 2753
object 55 80 right 2827
object 56 80 right 2758
object 57 80 right 2758
object 58 80 right 2758
object 59 80 right 2715
object 66 80 left 205
object 66 80 right 206
object 70 80 right 3273
object 71 80 left 745
object 71 80 right 746
object 72 80 left 3246
object 72 80 right 3247
object 75 80 left 3248
object 75 80 right 3249
object 76 80 right 3276
object 81 80 right 2664
object 84 80 left 217
object 84 80 right 218
object 91 80 right 2634
object 96 80 right 2564
object 2 81 right 3273
object 4 81 right 2646
object 9 81 left 2550
object 9 81 right 2551
object 12 81 right 2669
object 13 81 right 3273
object 16 81 left 213
object 16 81 right 214
object 17 81 left 209
object 17 81 right 210
object 18 81 left 211
object 18 81 right 212
object 19 81 left 213
object 19 81 right 214
object 20 81 left 231
object 20 81 right 232
object 23 81 left 205
object 23 81 right 206
object 24 81 right 3273
object 30 81 left 2838
object 31 81 left 2839
object 32 81 left 2840
object 33 81 left 2841
object 33 81 right 2842
object 34 81 left 3242
object 34 81 right 3243
object 35 81 left 3274
object 35 81 right 3275
object 36 81 left 215
object 36 81 right 216
object 52 81 left 207
object 52 81 right 208
object 54 81 right 2752
object 55 81 right 2826
object 56 81 right 2757
object 57 81 right 2757
object 58 81 right 2757
object 59 81 right 2714
object 66 81 left 203
object 66 81 right 204
object 70 81 left 3271
object 70 81 right 3272
object 75 81 left 745
object 75 81 right 746
object 76 81 left 3274
object 76 81 right 3275
object 79 81 left 745
object 79 81 right 746
object 81 81 right 2663
object 84 81 left 215
object 84 81 right 216
object 91 81 right 2633
object 96 81 right 2563
object 99 81 right 3273
object 1 82 left 747
object 1 82 right 748
object 2 82 left 3271
object 2 82 right 3272
object 4 82 right 2645
object 9 82 right 2548
object 10 82 left 2665
object 11 82 left 2666
object 12 82 left 2667
object 12 82 right 2668
object 13 82 left 3271
object 13 82 right 3272
object 17 82 right 2779
object 19 82 right 3270
object 20 82 left 219
object 20 82 right 220
object 23 82 left 203
object 23 82 right 204
object 24 82 left 3271
object 24 82 right 3272
object 28 82 left 2685
object 29 82 left 2686
object 30 82 left 2687
object 31 82 left 2688
object 32 82 left 2689
object 33 82 left 2690
object 33 82 right 2691
object 34 82 left 3242
object 34 82 right 3243
object 35 82 left 747
object 35 82 right 748
object 36 82 left 219
object 36 82 right 220
object 52 82 left 205
object 52 82 right 206
object 53 82 left 745
object 53 82 right 746
object 54 82 left 2750
object 54 82 right 2751
object 55 82 left 2824
object 55 82 right 2825
object 56 82 left 2755
object 56 82 right 2756
object 57 82 left 2755
object 57 82 right 2756
object 58 82 left 2755
object 58 82 right 2756
object 59 82 left 2712
object 59 82 right 2713
object 62 82 left 237
object 62 82 right 238
object 66 82 left 227
object 66 82 right 228
object 67 82 left 221
object 67 82 right 222
object 68 82 left 223
object 68 82 right 224
object 69 82 left 225
object 69 82 right 226
object 70 82 left 223
object 70 82 right 224
object 71 82 left 739
object 71 82 right 740
object 72 82 left 3935
object 72 82 right 3936
object 75 82 left 3937
object 75 82 right 3938
object 76 82 left 221
object 76 82 right 222
object 77 82 left 223
object 77 82 right 224
object 78 82 left 225
object 78 82 right 226
object 79 82 left 2659
object 80 82 left 2660
object 81 82 left 2661
object 81 82 right 2662
object 83 82 left 225
object 83 82 right 226
object 84 82 left 229
object 84 82 right 230
object 88 82 left 745
object 88 82 right 746
object 91 82 right 2632
object 96 82 right 2562
object 98 82 left 747
object 98 82 right 748
object 99 82 left 3271
object 99 82 right 3272
object 1 83 left 745
object 1 83 right 746
object 4 83 right 2644
object 10 83 left 2547
object 17 83 right 2778
object 18 83 left 3242
object 18 83 right 3243
object 19 83 left 3268
object 19 83 right 3269
object 20 83 left 235
object 20 83 right 236
object 23 83 left 227
object 23 83 right 228
object 24 83 left 221
object 24 83 right 222
object 25 83 left 223
object 25 83 right 224
object 26 83 left 225
object 26 83 right 226
object 27 83 left 231
object 27 83 right 232
object 28 83 left 747
object 28 83 right 748
object 29 83 right 3265
object 30 83 left 747
object 30 83 right 748
object 33 83 left 341
object 33 83 right 342
object 35 83 right 3270
object 36 83 left 217
object 36 83 right 218
object 52 83 left 203
object 52 83 right 204
object 54 83 left 745
object 54 83 right 746
object 55 83 left 3248
object 55 83 right 3249
object 61 83 right 3270
object 62 83 left 219
object 62 83 right 220
object 63 83 left 737
object 63 83 right 738
object 90 83 left 2629
object 91 83 left 2630
object 91 83 right 2631
object 96 83 left 2560
object 96 83 right 2561
object 98 83 left 745
object 98 83 right 746
object 2 84 left 745
object 2 84 right 746
object 3 84 left 2641
object 4 84 left 2642
object 4 84 right 2643
object 9 84 left 2545
object 9 84 right 2546
object 12 84 right 2801
object 13 84 right 2806
object 14 84 right 2837
object 15 84 right 2806
object 16 84 right 2806
object 17 84 right 2777
object 24 84 left 745
object 24 84 right 746
object 27 84 left 205
object 27 84 right 206
object 29 84 left 747
object 29 84 right 748
object 35 84 left 3268
object 35 84 right 3269
object 36 84 left 215
object 36 84 right 216
object 52 84 left 227
object 52 84 right 228
object 53 84 left 223
object 53 84 right 224
object 54 84 left 231
object 54 84 right 232
object 58 84 left 745
object 58 84 right 746
object 61 84 left 3268
object 61 84 right 3269
object 62 84 left 217
object 62 84 right 218
object 91 84 right 2652
object 96 84 right 2574
object 99 84 left 745
object 99 84 right 746
object 1 85 right 3270
object 2 85 left 747
object 2 85 right 748
object 4 85 right 2640
object 9 85 right 2554
object 12 85 right 2800
object 13 85 right 2805
object 14 85 right 2836
object 15 85 right 2805
object 16 85 right 2805
object 17 85 right 2776
object 26 85 left 747
object 26 85 right 748
object 27 85 left 227
object 27 85 right 228
object 28 85 left 225
object 28 85 right 226
object 29 85 left 3935
object 29 85 right 3936
object 32 85 left 3937
object 32 85 right 3938
object 33 85 left 221
object 33 85 right 222
object 34 85 left 739
object 34 85 right 740
object 35 85 left 225
object 35 85 right 226
object 36 85 left 229
object 36 85 right 230
object 49 85 right 3273
object 54 85 left 205
object 54 85 right 206
object 62 85 left 215
object 62 85 right 216
object 91 85 right 2651
object 96 85 right 2573
object 98 85 right 3270
object 1 86 left 3268
object 1 86 right 3269
object 4 86 right 2639
object 9 86 right 2553
object 12 86 left 2798
object 12 86 right 2799
object 13 86 left 2803
object 13 86 right 2804
object 14 86 left 2834
object 14 86 right 2835
object 15 86 left 2803
object 15 86 right 2804
object 16 86 left 2803
object 16 86 right 2804
object 17 86 left 2774
object 17 86 right 2775
object 18 86 left 3242
object 18 86 right 3243
object 20 86 left 237
object 20 86 right 238
object 42 86 left 745
object 42 86 right 746
object 47 86 right 2664
object 49 86 left 3271
object 49 86 right 3272
object 54 86 left 207
object 54 86 right 208
object 58 86 left 745
object 58 86 right 746
object 62 86 left 219
object 62 86 right 220
object 69 86 right 3270
object 71 86 left 745
object 71 86 right 746
object 78 86 left 745
object 78 86 right 746
object 86 86 left 745
object 86 86 right 746
object 89 86 right 3273
object 91 86 right 2650
object 96 86 right 2572
object 98 86 left 3268
object 98 86 right 3269
object 1 87 left 745
object 1 87 right 746
object 2 87 left 747
object 2 87 right 748
object 4 87 right 2638
object 9 87 right 2552
object 13 87 left 3248
object 13 87 right 3249
object 14 87 left 3246
object 14 87 right 3247
object 15 87 left 3248
object 15 87 right 3249
object 16 87 left 3246
object 16 87 right 3247
object 17 87 left 3248
object 17 87 right 3249
object 20 87 left 219
object 20 87 right 220
object 21 87 left 737
object 21 87 right 738
object 45 87 left 745
object 45 87 right 746
object 47 87 right 2663
object 49 87 left 745
object 49 87 right 746
object 54 87 left 205
object 54 87 right 206
object 58 87 right 3270
object 61 87 right 3273
object 62 87 left 217
object 62 87 right 218
object 66 87 right 3273
object 69 87 left 3268
object 69 87 right 3269
object 74 87 right 3276
object 78 87 right 3270
object 86 87 right 3276
object 89 87 left 3271
object 89 87 right 3272
object 90 87 left 2647
object 91 87 left 2648
object 91 87 right 2649
object 96 87 left 2570
object 96 87 right 2571
object 98 87 left 745
object 98 87 right 746
object 0 88 left 745
object 0 88 right 746
object 2 88 left 747
object 2 88 right 748
object 3 88 left 2635
object 4 88 left 2636
object 4 88 right 2637
object 9 88 left 2550
object 9 88 right 2551
object 10 88 right 3273
object 14 88 right 3270
object 20 88 left 217
object 20 88 right 218
object 21 88 right 3276
object 31 88 left 745
object 31 88 right 746
object 32 88 left 747
object 32 88 right 748
object 43 88 right 3273
object 44 88 left 747
object 44 88 right 748
object 45 88 left 2659
object 46 88 left 2660
object 47 88 left 2661
object 47 88 right 2662
object 48 88 left 745
object 48 88 right 746
object 49 88 left 747
object 49 88 right 748
object 50 88 left 745
object 50 88 right 746
object 54 88 left 203
object 54 88 right 204
object 55 88 right 2134
object 58 88 left 3268
object 58 88 right 3269
object 59 88 right 2616
object 61 88 left 3271
object 61 88 right 3272
object 62 88 left 215
object 62 88 right 216
object 63 88 right 2610
object 66 88 left 3271
object 66 88 right 3272
object 67 88 right 2622
object 71 88 right 2628
object 74 88 left 3274
object 74 88 right 3275
object 75 88 right 2610
object 78 88 left 3268
object 78 88 right 3269
object 79 88 right 2616
object 83 88 right 2622
object 86 88 left 3274
object 86 88 right 3275
object 87 88 right 2628
object 89 88 right 3290
object 91 88 right 2138
object 96 88 right 2549
object 97 88 left 745
object 97 88 right 746
object 1 89 left 747
object 1 89 right 748
object 4 89 right 2634
object 9 89 left 77
object 9 89 right 78
object 10 89 left 3271
object 10 89 right 3272
object 14 89 left 3268
object 14 89 right 3269
object 17 89 right 3273
object 20 89 left 215
object 20 89 right 216
object 21 89 left 3274
object 21 89 right 3275
object 22 89 left 745
object 25 89 left 745
object 28 89 left 745
object 28 89 right 746
object 37 89 left 745
object 37 89 right 746
object 43 89 left 3271
object 43 89 right 3272
object 48 89 right 748
object 54 89 left 2131
object 55 89 left 2132
object 55 89 right 2133
object 56 89 left 2611
object 57 89 left 2612
object 58 89 left 2613
object 59 89 left 2614
object 59 89 right 2615
object 60 89 left 2605
object 61 89 left 2606
object 62 89 left 2607
object 63 89 left 2608
object 63 89 right 2609
object 64 89 left 2617
object 65 89 left 2618
object 66 89 left 2619
object 67 89 left 2620
object 67 89 right 2621
object 68 89 left 2623
object 69 89 left 2624
object 70 89 left 2625
object 71 89 left 2626
object 71 89 right 2627
object 72 89 left 2605
object 73 89 left 2606
object 74 89 left 2607
object 75 89 left 2608
object 75 89 right 2609
object 76 89 left 2611
object 77 89 left 2612
object 78 89 left 2613
object 79 89 left 2614
object 79 89 right 2615
object 80 89 left 2617
object 81 89 left 2618
object 82 89 left 2619
object 83 89 left 2620
object 83 89 right 2621
object 84 89 left 2623
object 85 89 left 2624
object 86 89 left 2625
object 87 89 left 2626
object 87 89 right 2627
object 88 89 left 3287
object 89 89 left 3288
object 89 89 right 3289
object 90 89 left 2135
object 91 89 left 2136
object 91 89 right 2137
object 96 89 right 2548
object 2 90 left 747
object 2 90 right 748
object 4 90 right 2633
object 10 90 right 3290
object 14 90 right 2610
object 17 90 left 3271
object 17 90 right 3272
object 18 90 right 2616
object 22 90 right 2622
object 26 90 right 2628
object 30 90 right 2616
object 34 90 right 2610
object 38 90 right 2628
object 42 90 right 2622
object 46 90 right 2610
object 47 90 right 3282
object 49 90 right 3290
object 53 90 right 2610
object 55 90 right 2138
object 97 90 left 2547
object 2 91 right 3276
object 4 91 right 2632
object 9 91 left 3287
object 10 91 left 3288
object 10 91 right 3289
object 11 91 left 2605
object 12 91 left 2606
object 13 91 left 2607
object 14 91 left 2608
object 14 91 right 2609
object 15 91 left 2611
object 16 91 left 2612
object 17 91 left 2613
object 18 91 left 2614
object 18 91 right 2615
object 19 91 left 2617
object 20 91 left 2618
object 21 91 left 2619
object 22 91 left 2620
object 22 91 right 2621
object 23 91 left 2623
object 24 91 left 2624
object 25 91 left 2625
object 26 91 left 2626
object 26 91 right 2627
object 27 91 left 2611
object 28 91 left 2612
object 29 91 left 2613
object 30 91 left 2614
object 30 91 right 2615
object 31 91 left 2605
object 32 91 left 2606
object 33 91 left 2607
object 34 91 left 2608
object 34 91 right 2609
object 35 91 left 2623
object 36 91 left 2624
object 37 91 left 2625
object 38 91 left 2626
object 38 91 right 2627
object 39 91 left 2617
object 40 91 left 2618
object 41 91 left 2619
object 42 91 left 2620
object 42 91 right 2621
object 43 91 left 2605
object 44 91 left 2606
object 45 91 left 2607
object 46 91 left 2608
object 46 91 right 2609
object 47 91 left 3280
object 47 91 right 3281
object 48 91 left 3287
object 49 91 left 3288
object 49 91 right 3289
object 50 91 left 2605
object 51 91 left 2606
object 52 91 left 2607
object 53 91 left 2608
object 53 91 right 2609
object 54 91 left 2135
object 55 91 left 2136
object 55 91 right 2137
object 96 91 left 2545
object 96 91 right 2546
object 99 91 right 3276
object 2 92 left 3274
object 2 92 right 3275
object 3 92 left 2629
object 4 92 left 2630
object 4 92 right 2631
object 96 92 right 798
object 99 92 left 3274
object 99 92 right 3275
object 2 93 right 3273
object 3 93 left 3277
object 4 93 left 3278
object 4 93 right 3279
object 96 93 left 796
object 96 93 right 797
object 99 93 right 3273
object 0 94 left 747
object 0 94 right 748
object 2 94 left 3271
object 2 94 right 3272
object 4 94 right 3286
object 56 94 left 790
object 57 94 left 791
object 57 94 right 792
object 58 94 left 2520
object 59 94 left 2521
object 60 94 left 2522
object 61 94 left 2523
object 61 94 right 2524
object 62 94 left 2525
object 63 94 left 2526
object 64 94 left 2527
object 65 94 left 2528
object 65 94 right 2529
object 66 94 left 2530
object 67 94 left 2531
object 68 94 left 2532
object 69 94 left 2533
object 69 94 right 2534
object 70 94 left 2540
object 71 94 left 2541
object 72 94 left 2542
object 73 94 left 2543
object 73 94 right 2544
object 74 94 left 2515
object 75 94 left 2516
object 77 94 left 2518
object 77 94 right 2519
object 78 94 left 2520
object 79 94 left 2521
object 80 94 left 2522
object 81 94 left 2523
object 81 94 right 2524
object 82 94 left 2530
object 83 94 left 2531
object 84 94 left 2532
object 85 94 left 2533
object 85 94 right 2534
object 86 94 left 2535
object 87 94 left 2536
object 88 94 left 2537
object 89 94 left 2538
object 89 94 right 2539
object 90 94 left 790
object 91 94 left 791
object 91 94 right 792
object 92 94 left 79
object 92 94 right 80
object 93 94 left 2515
object 94 94 left 2516
object 96 94 left 2518
object 96 94 right 2519
object 97 94 left 747
object 97 94 right 748
object 99 94 left 3271
object 99 94 right 3272
object 1 95 left 745
object 1 95 right 746
object 3 95 left 3283
object 4 95 left 3284
object 4 95 right 3285
object 56 95 left 77
object 56 95 right 78
object 76 95 right 2517
object 84 95 left 745
object 84 95 right 746
object 95 95 right 2517
object 98 95 left 745
object 98 95 right 746
object 3 96 left 2515
object 4 96 left 2516
object 6 96 left 2518
object 6 96 right 2519
object 7 96 left 2520
object 8 96 left 2521
object 9 96 left 2522
object 10 96 left 2523
object 10 96 right 2524
object 11 96 left 2525
object 12 96 left 2526
object 13 96 left 2527
object 14 96 left 2528
object 14 96 right 2529
object 15 96 left 2530
object 16 96 left 2531
object 17 96 left 2532
object 18 96 left 2533
object 18 96 right 2534
object 19 96 left 2540
object 20 96 left 2541
object 21 96 left 2542
object 22 96 left 2543
object 22 96 right 2544
object 23 96 left 2515
object 24 96 left 2516
object 26 96 left 2518
object 26 96 right 2519
object 27 96 left 2520
object 28 96 left 2521
object 29 96 left 2522
object 30 96 left 2523
object 30 96 right 2524
object 31 96 left 2525
object 32 96 left 2526
object 33 96 left 2527
object 34 96 left 2528
object 34 96 right 2529
object 35 96 left 2530
object 36 96 left 2531
object 37 96 left 2532
object 38 96 left 2533
object 38 96 right 2534
object 39 96 left 2535
object 40 96 left 2536
object 41 96 left 2537
object 42 96 left 2538
object 42 96 right 2539
object 43 96 left 2530
object 44 96 left 2531
object 45 96 left 2532
object 46 96 left 2533
object 46 96 right 2534
object 47 96 left 790
object 48 96 left 791
object 48 96 right 792
object 49 96 left 79
object 49 96 right 80
object 50 96 left 2515
object 51 96 left 2516
object 53 96 left 2518
object 53 96 right 2519
object 54 96 left 787
object 55 96 left 788
object 55 96 right 789
object 56 96 left 79
object 56 96 right 80
object 58 96 left 745
object 68 96 left 745
object 68 96 right 746
object 70 96 left 745
object 70 96 right 746
object 76 96 left 745
object 76 96 right 746
object 85 96 left 747
object 85 96 right 748
object 86 96 left 335
object 86 96 right 336
object 98 96 right 3276
object 5 97 right 2517
object 7 97 right 3270
object 10 97 right 760
object 11 97 left 747
object 11 97 right 748
object 12 97 left 745
object 12 97 right 746
object 14 97 left 745
object 14 97 right 746
object 24 97 left 745
object 24 97 right 746
object 25 97 right 2517
object 26 97 left 745
object 26 97 right 746
object 32 97 left 745
object 32 97 right 746
object 41 97 left 747
object 41 97 right 748
object 52 97 right 2517
object 56 97 right 3273
object 58 97 left 747
object 58 97 right 748
object 59 97 left 335
object 59 97 right 336
object 61 97 right 3276
object 63 97 right 3270
object 64 97 left 745
object 64 97 right 746
object 67 97 right 3273
object 70 97 left 745
object 70 97 right 746
object 71 97 left 335
object 71 97 right 336
object 74 97 left 745
object 74 97 right 746
object 76 97 right 3276
object 78 97 left 745
object 78 97 right 746
object 81 97 right 3270
object 85 97 right 3273
object 87 97 left 745
object 87 97 right 746
object 91 97 right 3270
object 98 97 left 3274
object 98 97 right 3275
object 1 98 left 745
object 1 98 right 746
object 2 98 right 3276
object 5 98 right 3273
object 7 98 left 3268
object 7 98 right 3269
object 12 98 right 3276
object 17 98 right 3276
object 19 98 right 3270
object 20 98 left 745
object 20 98 right 746
object 23 98 right 3273
object 26 98 left 747
object 26 98 right 748
object 30 98 left 745
object 30 98 right 746
object 32 98 right 3276
object 34 98 left 745
object 34 98 right 746
object 37 98 right 3270
object 41 98 right 3273
object 43 98 left 745
object 43 98 right 746
object 45 98 right 3276
object 49 98 right 3273
object 51 98 left 745
object 51 98 right 746
object 54 98 right 3270
object 56 98 left 3271
object 56 98 right 3272
object 60 98 right 3270
object 61 98 left 3274
object 61 98 right 3275
object 63 98 left 3268
object 63 98 right 3269
object 67 98 left 3271
object 67 98 right 3272
object 70 98 right 3270
object 73 98 right 3270
object 76 98 left 3274
object 76 98 right 3275
object 81 98 left 3268
object 81 98 right 3269
object 83 98 right 3276
object 85 98 left 3271
object 85 98 right 3272
object 88 98 right 3276
object 91 98 left 3268
object 91 98 right 3269
object 97 98 right 3270
object 98 98 left 745
object 98 98 right 746
object 1 99 left 747
object 1 99 right 748
object 2 99 left 3274
object 2 99 right 3275
object 5 99 left 3271
object 5 99 right 3272
object 7 99 left 745
object 7 99 right 746
object 8 99 left 745
object 8 99 right 746
object 9 99 left 745
object 9 99 right 746
object 12 99 left 3274
object 12 99 right 3275
object 17 99 left 3274
object 17 99 right 3275
object 19 99 left 3268
object 19 99 right 3269
object 23 99 left 3271
object 23 99 right 3272
object 32 99 left 3274
object 32 99 right 3275
object 37 99 left 3268
object 37 99 right 3269
object 41 99 left 3271
object 41 99 right 3272
object 45 99 left 3274
object 45 99 right 3275
object 49 99 left 3271
object 49 99 right 3272
object 54 99 left 3268
object 54 99 right 3269
object 60 99 left 3268
object 60 99 right 3269
object 63 99 left 745
object 63 99 right 746
object 69 99 left 745
object 69 99 right 746
object 70 99 left 3268
object 70 99 right 3269
object 73 99 left 3268
object 73 99 right 3269
object 83 99 left 3274
object 83 99 right 3275
object 86 99 left 745
object 86 99 right 746
object 87 99 left 745
object 87 99 right 746
object 88 99 left 3274
object 88 99 right 3275
object 94 99 left 745
object 94 99 right 746
object 95 99 left 745
object 95 99 right 746
object 97 99 left 3268
object 97 99 right 3269
object 98 99 left 747
object 98 99 right 748
