0,루어스마을,74,11,루어스대장간,5,17,0,99,362
0,루어스대장간,4,19,루어스마을,74,13,0,99,362
0,루어스대장간,5,19,루어스마을,74,13,0,99,362
0,루어스대장간,6,19,루어스마을,74,13,0,99,362

0,루어스마을,86,29,루어스잡화상점b,7,12,0,99,362
0,루어스잡화상점b,6,14,루어스마을,86,31,0,99,362
0,루어스잡화상점b,7,14,루어스마을,86,31,0,99,362
0,루어스잡화상점b,8,14,루어스마을,86,31,0,99,362

0,루어스마을,24,11,루어스식당,11,12,0,99,362
0,루어스식당,11,14,루어스마을,24,13,0,99,362
0,루어스식당,12,14,루어스마을,24,13,0,99,362

0,루어스마을,11,23,루어스은행a,17,11,0,99,362
0,루어스은행a,19,9,루어스마을,13,23,0,99,362
0,루어스은행a,19,10,루어스마을,13,23,0,99,362
0,루어스은행a,19,11,루어스마을,13,23,0,99,362
0,루어스은행a,19,12,루어스마을,13,23,0,99,362
0,루어스은행a,19,13,루어스마을,13,23,0,99,362
0,루어스은행a,19,14,루어스마을,13,23,0,99,362

0,루어스마을,9,81,루어스여관,17,10,0,99,362
0,루어스여관,19,9,루어스마을,11,81,0,99,362
0,루어스여관,19,10,루어스마을,11,81,0,99,362
0,루어스여관,19,11,루어스마을,11,81,0,99,362

0,루어스마을,9,89,루어스잡화상점a,11,7,0,99,362
0,루어스잡화상점a,14,7,루어스마을,11,89,0,99,362
0,루어스잡화상점a,14,8,루어스마을,11,89,0,99,362

0,루어스마을,30,93,루어스의상실,6,16,0,99,362
0,루어스의상실,3,19,루어스마을,32,93,0,99,362
0,루어스의상실,4,19,루어스마을,32,93,0,99,362
0,루어스의상실,5,19,루어스마을,32,93,0,99,362
0,루어스의상실,6,19,루어스마을,32,93,0,99,362
0,루어스의상실,7,19,루어스마을,32,93,0,99,362
0,루어스의상실,8,19,루어스마을,32,93,0,99,362
0,루어스의상실,9,19,루어스마을,32,93,0,99,362
0,루어스의상실,10,19,루어스마을,32,93,0,99,362

0,루어스마을,36,79,루어스시약상점,4,12,0,99,362
0,루어스시약상점,3,14,루어스마을,36,81,0,99,362
0,루어스시약상점,4,14,루어스마을,36,81,0,99,362

0,루어스마을,60,79,루어스은행b,9,16,0,99,362
0,루어스은행b,7,19,루어스마을,60,81,0,99,362
0,루어스은행b,8,19,루어스마을,60,81,0,99,362
0,루어스은행b,9,19,루어스마을,60,81,0,99,362
0,루어스은행b,10,19,루어스마을,60,81,0,99,362
0,루어스은행b,11,19,루어스마을,60,81,0,99,362

0,루어스마을,33,40,루어스성1층홀,5,13,0,99,362
0,루어스마을,33,41,루어스성1층홀,5,13,0,99,362
0,루어스마을,33,42,루어스성1층홀,5,13,0,99,362
0,루어스성1층홀,5,15,루어스마을,35,40,0,99,362

0,루어스성1층홀,5,0,루어스성1층복도,6,13,0,99,362
0,루어스성1층복도,6,15,루어스성1층홀,5,1,0,99,362

0,루어스성1층복도,8,0,루어스성1층식당,6,7,0,99,362
0,루어스성1층식당,6,9,루어스성1층복도,8,1,0,99,362

0,루어스성1층식당,0,5,루어스성1층침실,7,6,0,99,362
0,루어스성1층침실,9,6,루어스성1층식당,1,5,0,99,362

0,루어스성1층식당,8,0,루어스성1층무기고,6,7,0,99,362
0,루어스성1층무기고,6,9,루어스성1층식당,8,1,0,99,362

0,루어스성1층무기고,9,5,루어스성지하감옥,2,8,0,99,362
0,루어스성지하감옥,1,8,루어스성1층무기고,7,5,0,99,362

0,루어스성1층홀,14,6,루어스성2층복도,2,30,0,99,362
0,루어스성1층홀,15,6,루어스성2층복도,2,30,0,99,362
0,루어스성2층복도,2,32,루어스성1층홀,15,8,0,99,362

0,루어스성2층복도,0,28,루어스성2층빈방1,7,6,0,99,362
0,루어스성2층빈방1,9,6,루어스성2층복도,2,28,0,99,362

0,루어스성2층복도,0,22,길드마스터의방,16,11,0,99,362
0,길드마스터의방,19,11,루어스성2층복도,2,22,0,99,362

0,루어스성2층복도,0,16,루어스성2층식당,14,8,0,99,362
0,루어스성2층식당,15,9,루어스성2층복도,2,16,0,99,362
0,루어스성2층식당,5,0,루어스성2층주방,6,7,0,99,362
0,루어스성2층주방,6,9,루어스성2층식당,5,2,0,99,362

0,루어스성2층복도,0,10,루어스성2층바,6,6,0,99,362
0,루어스성2층바,9,6,루어스성2층복도,2,10,0,99,362

0,루어스성2층복도,0,4,루어스성2층침실,7,5,0,99,362
0,루어스성2층침실,9,6,루어스성2층복도,2,4,0,99,362

0,루어스성2층침실,5,0,루어스성2층무기고,7,7,0,99,362
0,루어스성2층무기고,6,9,루어스성2층침실,4,2,0,99,362

0,루어스성2층복도,2,0,루어스성2층홀,5,12,0,99,362
0,루어스성2층홀,5,15,루어스성2층복도,2,2,0,99,362

0,루어스성2층홀,14,6,루어스성3층집무실,8,12,0,99,362
0,루어스성2층홀,15,6,루어스성3층집무실,9,12,0,99,362
0,루어스성3층집무실,8,15,루어스성2층홀,15,8,0,99,362

0,루어스성3층집무실,0,8,루어스성3층복도,7,6,0,99,362
0,루어스성3층복도,9,6,루어스성3층집무실,2,8,0,99,362

0,루어스성3층복도,0,5,루어스성3층마법방,7,5,0,99,362
0,루어스성3층마법방,9,6,루어스성3층복도,2,5,0,99,362

0,루어스성3층복도,5,0,루어스성3층책방,7,7,0,99,362
0,루어스성3층책방,6,9,루어스성3층복도,5,2,0,99,362

0,루어스마을,0,36,루어스대평원1-0,6,47,0,99,362
0,루어스마을,0,37,루어스대평원1-0,7,47,0,99,362
0,루어스마을,0,38,루어스대평원1-0,8,47,0,99,362
0,루어스마을,0,39,루어스대평원1-0,9,47,0,99,362
0,루어스대평원1-0,6,49,루어스마을,2,36,0,99,362
0,루어스대평원1-0,7,49,루어스마을,2,37,0,99,362
0,루어스대평원1-0,8,49,루어스마을,2,38,0,99,362
0,루어스대평원1-0,9,49,루어스마을,2,39,0,99,362

0,루어스대평원1-0,49,45,루어스대평원2-0,2,45,0,99,362
0,루어스대평원1-0,49,44,루어스대평원2-0,2,44,0,99,362
0,루어스대평원1-0,49,43,루어스대평원2-0,2,43,0,99,362
0,루어스대평원1-0,49,42,루어스대평원2-0,2,42,0,99,362
0,루어스대평원1-0,49,41,루어스대평원2-0,2,41,0,99,362
0,루어스대평원1-0,49,40,루어스대평원2-0,2,40,0,99,362
0,루어스대평원1-0,49,39,루어스대평원2-0,2,39,0,99,362
0,루어스대평원1-0,49,38,루어스대평원2-0,2,38,0,99,362
0,루어스대평원1-0,49,37,루어스대평원2-0,2,37,0,99,362
0,루어스대평원1-0,49,36,루어스대평원2-0,2,36,0,99,362
0,루어스대평원1-0,49,35,루어스대평원2-0,2,35,0,99,362
0,루어스대평원1-0,49,34,루어스대평원2-0,2,34,0,99,362
0,루어스대평원1-0,49,33,루어스대평원2-0,2,33,0,99,362
0,루어스대평원1-0,49,32,루어스대평원2-0,2,32,0,99,362
0,루어스대평원1-0,49,31,루어스대평원2-0,2,31,0,99,362
0,루어스대평원1-0,49,30,루어스대평원2-0,2,30,0,99,362
0,루어스대평원1-0,49,29,루어스대평원2-0,2,29,0,99,362
0,루어스대평원1-0,49,28,루어스대평원2-0,2,28,0,99,362
0,루어스대평원1-0,49,27,루어스대평원2-0,2,27,0,99,362
0,루어스대평원1-0,49,26,루어스대평원2-0,2,26,0,99,362
0,루어스대평원1-0,49,25,루어스대평원2-0,2,25,0,99,362
0,루어스대평원1-0,49,24,루어스대평원2-0,2,24,0,99,362
0,루어스대평원1-0,49,23,루어스대평원2-0,2,23,0,99,362
0,루어스대평원1-0,49,22,루어스대평원2-0,2,22,0,99,362
0,루어스대평원1-0,49,21,루어스대평원2-0,2,21,0,99,362
0,루어스대평원1-0,49,20,루어스대평원2-0,2,20,0,99,362
0,루어스대평원1-0,49,19,루어스대평원2-0,2,19,0,99,362
0,루어스대평원1-0,49,18,루어스대평원2-0,2,18,0,99,362
0,루어스대평원1-0,49,17,루어스대평원2-0,2,17,0,99,362
0,루어스대평원1-0,49,16,루어스대평원2-0,2,16,0,99,362
0,루어스대평원1-0,49,15,루어스대평원2-0,2,15,0,99,362
0,루어스대평원1-0,49,14,루어스대평원2-0,2,14,0,99,362
0,루어스대평원1-0,49,13,루어스대평원2-0,2,13,0,99,362
0,루어스대평원1-0,49,12,루어스대평원2-0,2,12,0,99,362
0,루어스대평원1-0,49,11,루어스대평원2-0,2,11,0,99,362
0,루어스대평원1-0,49,10,루어스대평원2-0,2,10,0,99,362
0,루어스대평원1-0,49,9,루어스대평원2-0,2,9,0,99,362
0,루어스대평원1-0,49,8,루어스대평원2-0,2,8,0,99,362
0,루어스대평원1-0,49,7,루어스대평원2-0,2,7,0,99,362
0,루어스대평원1-0,49,6,루어스대평원2-0,2,6,0,99,362
0,루어스대평원1-0,49,5,루어스대평원2-0,2,5,0,99,362

0,루어스대평원1-1,49,45,루어스대평원2-1,2,45,0,99,362
0,루어스대평원1-1,49,44,루어스대평원2-1,2,44,0,99,362
0,루어스대평원1-1,49,43,루어스대평원2-1,2,43,0,99,362
0,루어스대평원1-1,49,42,루어스대평원2-1,2,42,0,99,362
0,루어스대평원1-1,49,41,루어스대평원2-1,2,41,0,99,362
0,루어스대평원1-1,49,40,루어스대평원2-1,2,40,0,99,362
0,루어스대평원1-1,49,39,루어스대평원2-1,2,39,0,99,362
0,루어스대평원1-1,49,38,루어스대평원2-1,2,38,0,99,362
0,루어스대평원1-1,49,37,루어스대평원2-1,2,37,0,99,362
0,루어스대평원1-1,49,36,루어스대평원2-1,2,36,0,99,362
0,루어스대평원1-1,49,35,루어스대평원2-1,2,35,0,99,362
0,루어스대평원1-1,49,34,루어스대평원2-1,2,34,0,99,362
0,루어스대평원1-1,49,33,루어스대평원2-1,2,33,0,99,362
0,루어스대평원1-1,49,32,루어스대평원2-1,2,32,0,99,362
0,루어스대평원1-1,49,31,루어스대평원2-1,2,31,0,99,362
0,루어스대평원1-1,49,30,루어스대평원2-1,2,30,0,99,362
0,루어스대평원1-1,49,29,루어스대평원2-1,2,29,0,99,362
0,루어스대평원1-1,49,28,루어스대평원2-1,2,28,0,99,362
0,루어스대평원1-1,49,27,루어스대평원2-1,2,27,0,99,362
0,루어스대평원1-1,49,26,루어스대평원2-1,2,26,0,99,362
0,루어스대평원1-1,49,25,루어스대평원2-1,2,25,0,99,362
0,루어스대평원1-1,49,24,루어스대평원2-1,2,24,0,99,362
0,루어스대평원1-1,49,23,루어스대평원2-1,2,23,0,99,362
0,루어스대평원1-1,49,22,루어스대평원2-1,2,22,0,99,362
0,루어스대평원1-1,49,21,루어스대평원2-1,2,21,0,99,362
0,루어스대평원1-1,49,20,루어스대평원2-1,2,20,0,99,362
0,루어스대평원1-1,49,19,루어스대평원2-1,2,19,0,99,362
0,루어스대평원1-1,49,18,루어스대평원2-1,2,18,0,99,362
0,루어스대평원1-1,49,17,루어스대평원2-1,2,17,0,99,362
0,루어스대평원1-1,49,16,루어스대평원2-1,2,16,0,99,362
0,루어스대평원1-1,49,15,루어스대평원2-1,2,15,0,99,362
0,루어스대평원1-1,49,14,루어스대평원2-1,2,14,0,99,362
0,루어스대평원1-1,49,13,루어스대평원2-1,2,13,0,99,362
0,루어스대평원1-1,49,12,루어스대평원2-1,2,12,0,99,362
0,루어스대평원1-1,49,11,루어스대평원2-1,2,11,0,99,362
0,루어스대평원1-1,49,10,루어스대평원2-1,2,10,0,99,362
0,루어스대평원1-1,49,9,루어스대평원2-1,2,9,0,99,362
0,루어스대평원1-1,49,8,루어스대평원2-1,2,8,0,99,362
0,루어스대평원1-1,49,7,루어스대평원2-1,2,7,0,99,362
0,루어스대평원1-1,49,6,루어스대평원2-1,2,6,0,99,362
0,루어스대평원1-1,49,5,루어스대평원2-1,2,5,0,99,362

0,루어스대평원1-2,49,45,루어스대평원2-2,2,45,0,99,362
0,루어스대평원1-2,49,44,루어스대평원2-2,2,44,0,99,362
0,루어스대평원1-2,49,43,루어스대평원2-2,2,43,0,99,362
0,루어스대평원1-2,49,42,루어스대평원2-2,2,42,0,99,362
0,루어스대평원1-2,49,41,루어스대평원2-2,2,41,0,99,362
0,루어스대평원1-2,49,40,루어스대평원2-2,2,40,0,99,362
0,루어스대평원1-2,49,39,루어스대평원2-2,2,39,0,99,362
0,루어스대평원1-2,49,38,루어스대평원2-2,2,38,0,99,362
0,루어스대평원1-2,49,37,루어스대평원2-2,2,37,0,99,362
0,루어스대평원1-2,49,36,루어스대평원2-2,2,36,0,99,362
0,루어스대평원1-2,49,35,루어스대평원2-2,2,35,0,99,362
0,루어스대평원1-2,49,34,루어스대평원2-2,2,34,0,99,362
0,루어스대평원1-2,49,33,루어스대평원2-2,2,33,0,99,362
0,루어스대평원1-2,49,32,루어스대평원2-2,2,32,0,99,362
0,루어스대평원1-2,49,31,루어스대평원2-2,2,31,0,99,362
0,루어스대평원1-2,49,30,루어스대평원2-2,2,30,0,99,362
0,루어스대평원1-2,49,29,루어스대평원2-2,2,29,0,99,362
0,루어스대평원1-2,49,28,루어스대평원2-2,2,28,0,99,362
0,루어스대평원1-2,49,27,루어스대평원2-2,2,27,0,99,362
0,루어스대평원1-2,49,26,루어스대평원2-2,2,26,0,99,362
0,루어스대평원1-2,49,25,루어스대평원2-2,2,25,0,99,362
0,루어스대평원1-2,49,24,루어스대평원2-2,2,24,0,99,362
0,루어스대평원1-2,49,23,루어스대평원2-2,2,23,0,99,362
0,루어스대평원1-2,49,22,루어스대평원2-2,2,22,0,99,362
0,루어스대평원1-2,49,21,루어스대평원2-2,2,21,0,99,362
0,루어스대평원1-2,49,20,루어스대평원2-2,2,20,0,99,362
0,루어스대평원1-2,49,19,루어스대평원2-2,2,19,0,99,362
0,루어스대평원1-2,49,18,루어스대평원2-2,2,18,0,99,362
0,루어스대평원1-2,49,17,루어스대평원2-2,2,17,0,99,362
0,루어스대평원1-2,49,16,루어스대평원2-2,2,16,0,99,362
0,루어스대평원1-2,49,15,루어스대평원2-2,2,15,0,99,362
0,루어스대평원1-2,49,14,루어스대평원2-2,2,14,0,99,362
0,루어스대평원1-2,49,13,루어스대평원2-2,2,13,0,99,362
0,루어스대평원1-2,49,12,루어스대평원2-2,2,12,0,99,362
0,루어스대평원1-2,49,11,루어스대평원2-2,2,11,0,99,362
0,루어스대평원1-2,49,10,루어스대평원2-2,2,10,0,99,362
0,루어스대평원1-2,49,9,루어스대평원2-2,2,9,0,99,362
0,루어스대평원1-2,49,8,루어스대평원2-2,2,8,0,99,362
0,루어스대평원1-2,49,7,루어스대평원2-2,2,7,0,99,362
0,루어스대평원1-2,49,6,루어스대평원2-2,2,6,0,99,362
0,루어스대평원1-2,49,5,루어스대평원2-2,2,5,0,99,362

0,루어스대평원1-3,49,45,루어스대평원2-3,2,45,0,99,362
0,루어스대평원1-3,49,44,루어스대평원2-3,2,44,0,99,362
0,루어스대평원1-3,49,43,루어스대평원2-3,2,43,0,99,362
0,루어스대평원1-3,49,42,루어스대평원2-3,2,42,0,99,362
0,루어스대평원1-3,49,41,루어스대평원2-3,2,41,0,99,362
0,루어스대평원1-3,49,40,루어스대평원2-3,2,40,0,99,362
0,루어스대평원1-3,49,39,루어스대평원2-3,2,39,0,99,362
0,루어스대평원1-3,49,38,루어스대평원2-3,2,38,0,99,362
0,루어스대평원1-3,49,37,루어스대평원2-3,2,37,0,99,362
0,루어스대평원1-3,49,36,루어스대평원2-3,2,36,0,99,362
0,루어스대평원1-3,49,35,루어스대평원2-3,2,35,0,99,362
0,루어스대평원1-3,49,34,루어스대평원2-3,2,34,0,99,362
0,루어스대평원1-3,49,33,루어스대평원2-3,2,33,0,99,362
0,루어스대평원1-3,49,32,루어스대평원2-3,2,32,0,99,362
0,루어스대평원1-3,49,31,루어스대평원2-3,2,31,0,99,362
0,루어스대평원1-3,49,30,루어스대평원2-3,2,30,0,99,362
0,루어스대평원1-3,49,29,루어스대평원2-3,2,29,0,99,362
0,루어스대평원1-3,49,28,루어스대평원2-3,2,28,0,99,362
0,루어스대평원1-3,49,27,루어스대평원2-3,2,27,0,99,362
0,루어스대평원1-3,49,26,루어스대평원2-3,2,26,0,99,362
0,루어스대평원1-3,49,25,루어스대평원2-3,2,25,0,99,362
0,루어스대평원1-3,49,24,루어스대평원2-3,2,24,0,99,362
0,루어스대평원1-3,49,23,루어스대평원2-3,2,23,0,99,362
0,루어스대평원1-3,49,22,루어스대평원2-3,2,22,0,99,362
0,루어스대평원1-3,49,21,루어스대평원2-3,2,21,0,99,362
0,루어스대평원1-3,49,20,루어스대평원2-3,2,20,0,99,362
0,루어스대평원1-3,49,19,루어스대평원2-3,2,19,0,99,362
0,루어스대평원1-3,49,18,루어스대평원2-3,2,18,0,99,362
0,루어스대평원1-3,49,17,루어스대평원2-3,2,17,0,99,362
0,루어스대평원1-3,49,16,루어스대평원2-3,2,16,0,99,362
0,루어스대평원1-3,49,15,루어스대평원2-3,2,15,0,99,362
0,루어스대평원1-3,49,14,루어스대평원2-3,2,14,0,99,362
0,루어스대평원1-3,49,13,루어스대평원2-3,2,13,0,99,362
0,루어스대평원1-3,49,12,루어스대평원2-3,2,12,0,99,362
0,루어스대평원1-3,49,11,루어스대평원2-3,2,11,0,99,362
0,루어스대평원1-3,49,10,루어스대평원2-3,2,10,0,99,362
0,루어스대평원1-3,49,9,루어스대평원2-3,2,9,0,99,362
0,루어스대평원1-3,49,8,루어스대평원2-3,2,8,0,99,362
0,루어스대평원1-3,49,7,루어스대평원2-3,2,7,0,99,362
0,루어스대평원1-3,49,6,루어스대평원2-3,2,6,0,99,362
0,루어스대평원1-3,49,5,루어스대평원2-3,2,5,0,99,362

0,루어스대평원1-4,49,45,루어스대평원2-4,2,45,0,99,362
0,루어스대평원1-4,49,44,루어스대평원2-4,2,44,0,99,362
0,루어스대평원1-4,49,43,루어스대평원2-4,2,43,0,99,362
0,루어스대평원1-4,49,42,루어스대평원2-4,2,42,0,99,362
0,루어스대평원1-4,49,41,루어스대평원2-4,2,41,0,99,362
0,루어스대평원1-4,49,40,루어스대평원2-4,2,40,0,99,362
0,루어스대평원1-4,49,39,루어스대평원2-4,2,39,0,99,362
0,루어스대평원1-4,49,38,루어스대평원2-4,2,38,0,99,362
0,루어스대평원1-4,49,37,루어스대평원2-4,2,37,0,99,362
0,루어스대평원1-4,49,36,루어스대평원2-4,2,36,0,99,362
0,루어스대평원1-4,49,35,루어스대평원2-4,2,35,0,99,362
0,루어스대평원1-4,49,34,루어스대평원2-4,2,34,0,99,362
0,루어스대평원1-4,49,33,루어스대평원2-4,2,33,0,99,362
0,루어스대평원1-4,49,32,루어스대평원2-4,2,32,0,99,362
0,루어스대평원1-4,49,31,루어스대평원2-4,2,31,0,99,362
0,루어스대평원1-4,49,30,루어스대평원2-4,2,30,0,99,362
0,루어스대평원1-4,49,29,루어스대평원2-4,2,29,0,99,362
0,루어스대평원1-4,49,28,루어스대평원2-4,2,28,0,99,362
0,루어스대평원1-4,49,27,루어스대평원2-4,2,27,0,99,362
0,루어스대평원1-4,49,26,루어스대평원2-4,2,26,0,99,362
0,루어스대평원1-4,49,25,루어스대평원2-4,2,25,0,99,362
0,루어스대평원1-4,49,24,루어스대평원2-4,2,24,0,99,362
0,루어스대평원1-4,49,23,루어스대평원2-4,2,23,0,99,362
0,루어스대평원1-4,49,22,루어스대평원2-4,2,22,0,99,362
0,루어스대평원1-4,49,21,루어스대평원2-4,2,21,0,99,362
0,루어스대평원1-4,49,20,루어스대평원2-4,2,20,0,99,362
0,루어스대평원1-4,49,19,루어스대평원2-4,2,19,0,99,362
0,루어스대평원1-4,49,18,루어스대평원2-4,2,18,0,99,362
0,루어스대평원1-4,49,17,루어스대평원2-4,2,17,0,99,362
0,루어스대평원1-4,49,16,루어스대평원2-4,2,16,0,99,362
0,루어스대평원1-4,49,15,루어스대평원2-4,2,15,0,99,362
0,루어스대평원1-4,49,14,루어스대평원2-4,2,14,0,99,362
0,루어스대평원1-4,49,13,루어스대평원2-4,2,13,0,99,362
0,루어스대평원1-4,49,12,루어스대평원2-4,2,12,0,99,362
0,루어스대평원1-4,49,11,루어스대평원2-4,2,11,0,99,362
0,루어스대평원1-4,49,10,루어스대평원2-4,2,10,0,99,362
0,루어스대평원1-4,49,9,루어스대평원2-4,2,9,0,99,362
0,루어스대평원1-4,49,8,루어스대평원2-4,2,8,0,99,362
0,루어스대평원1-4,49,7,루어스대평원2-4,2,7,0,99,362
0,루어스대평원1-4,49,6,루어스대평원2-4,2,6,0,99,362
0,루어스대평원1-4,49,5,루어스대평원2-4,2,5,0,99,362

0,루어스대평원1-5,49,45,루어스대평원2-5,2,45,0,99,362
0,루어스대평원1-5,49,44,루어스대평원2-5,2,44,0,99,362
0,루어스대평원1-5,49,43,루어스대평원2-5,2,43,0,99,362
0,루어스대평원1-5,49,42,루어스대평원2-5,2,42,0,99,362
0,루어스대평원1-5,49,41,루어스대평원2-5,2,41,0,99,362
0,루어스대평원1-5,49,40,루어스대평원2-5,2,40,0,99,362
0,루어스대평원1-5,49,39,루어스대평원2-5,2,39,0,99,362
0,루어스대평원1-5,49,38,루어스대평원2-5,2,38,0,99,362
0,루어스대평원1-5,49,37,루어스대평원2-5,2,37,0,99,362
0,루어스대평원1-5,49,36,루어스대평원2-5,2,36,0,99,362
0,루어스대평원1-5,49,35,루어스대평원2-5,2,35,0,99,362
0,루어스대평원1-5,49,34,루어스대평원2-5,2,34,0,99,362
0,루어스대평원1-5,49,33,루어스대평원2-5,2,33,0,99,362
0,루어스대평원1-5,49,32,루어스대평원2-5,2,32,0,99,362
0,루어스대평원1-5,49,31,루어스대평원2-5,2,31,0,99,362
0,루어스대평원1-5,49,30,루어스대평원2-5,2,30,0,99,362
0,루어스대평원1-5,49,29,루어스대평원2-5,2,29,0,99,362
0,루어스대평원1-5,49,28,루어스대평원2-5,2,28,0,99,362
0,루어스대평원1-5,49,27,루어스대평원2-5,2,27,0,99,362
0,루어스대평원1-5,49,26,루어스대평원2-5,2,26,0,99,362
0,루어스대평원1-5,49,25,루어스대평원2-5,2,25,0,99,362
0,루어스대평원1-5,49,24,루어스대평원2-5,2,24,0,99,362
0,루어스대평원1-5,49,23,루어스대평원2-5,2,23,0,99,362
0,루어스대평원1-5,49,22,루어스대평원2-5,2,22,0,99,362
0,루어스대평원1-5,49,21,루어스대평원2-5,2,21,0,99,362
0,루어스대평원1-5,49,20,루어스대평원2-5,2,20,0,99,362
0,루어스대평원1-5,49,19,루어스대평원2-5,2,19,0,99,362
0,루어스대평원1-5,49,18,루어스대평원2-5,2,18,0,99,362
0,루어스대평원1-5,49,17,루어스대평원2-5,2,17,0,99,362
0,루어스대평원1-5,49,16,루어스대평원2-5,2,16,0,99,362
0,루어스대평원1-5,49,15,루어스대평원2-5,2,15,0,99,362
0,루어스대평원1-5,49,14,루어스대평원2-5,2,14,0,99,362
0,루어스대평원1-5,49,13,루어스대평원2-5,2,13,0,99,362
0,루어스대평원1-5,49,12,루어스대평원2-5,2,12,0,99,362
0,루어스대평원1-5,49,11,루어스대평원2-5,2,11,0,99,362
0,루어스대평원1-5,49,10,루어스대평원2-5,2,10,0,99,362
0,루어스대평원1-5,49,9,루어스대평원2-5,2,9,0,99,362
0,루어스대평원1-5,49,8,루어스대평원2-5,2,8,0,99,362
0,루어스대평원1-5,49,7,루어스대평원2-5,2,7,0,99,362
0,루어스대평원1-5,49,6,루어스대평원2-5,2,6,0,99,362
0,루어스대평원1-5,49,5,루어스대평원2-5,2,5,0,99,362

0,루어스대평원1-6,49,45,루어스대평원2-6,2,45,0,99,362
0,루어스대평원1-6,49,44,루어스대평원2-6,2,44,0,99,362
0,루어스대평원1-6,49,43,루어스대평원2-6,2,43,0,99,362
0,루어스대평원1-6,49,42,루어스대평원2-6,2,42,0,99,362
0,루어스대평원1-6,49,41,루어스대평원2-6,2,41,0,99,362
0,루어스대평원1-6,49,40,루어스대평원2-6,2,40,0,99,362
0,루어스대평원1-6,49,39,루어스대평원2-6,2,39,0,99,362
0,루어스대평원1-6,49,38,루어스대평원2-6,2,38,0,99,362
0,루어스대평원1-6,49,37,루어스대평원2-6,2,37,0,99,362
0,루어스대평원1-6,49,36,루어스대평원2-6,2,36,0,99,362
0,루어스대평원1-6,49,35,루어스대평원2-6,2,35,0,99,362
0,루어스대평원1-6,49,34,루어스대평원2-6,2,34,0,99,362
0,루어스대평원1-6,49,33,루어스대평원2-6,2,33,0,99,362
0,루어스대평원1-6,49,32,루어스대평원2-6,2,32,0,99,362
0,루어스대평원1-6,49,31,루어스대평원2-6,2,31,0,99,362
0,루어스대평원1-6,49,30,루어스대평원2-6,2,30,0,99,362
0,루어스대평원1-6,49,29,루어스대평원2-6,2,29,0,99,362
0,루어스대평원1-6,49,28,루어스대평원2-6,2,28,0,99,362
0,루어스대평원1-6,49,27,루어스대평원2-6,2,27,0,99,362
0,루어스대평원1-6,49,26,루어스대평원2-6,2,26,0,99,362
0,루어스대평원1-6,49,25,루어스대평원2-6,2,25,0,99,362
0,루어스대평원1-6,49,24,루어스대평원2-6,2,24,0,99,362
0,루어스대평원1-6,49,23,루어스대평원2-6,2,23,0,99,362
0,루어스대평원1-6,49,22,루어스대평원2-6,2,22,0,99,362
0,루어스대평원1-6,49,21,루어스대평원2-6,2,21,0,99,362
0,루어스대평원1-6,49,20,루어스대평원2-6,2,20,0,99,362
0,루어스대평원1-6,49,19,루어스대평원2-6,2,19,0,99,362
0,루어스대평원1-6,49,18,루어스대평원2-6,2,18,0,99,362
0,루어스대평원1-6,49,17,루어스대평원2-6,2,17,0,99,362
0,루어스대평원1-6,49,16,루어스대평원2-6,2,16,0,99,362
0,루어스대평원1-6,49,15,루어스대평원2-6,2,15,0,99,362
0,루어스대평원1-6,49,14,루어스대평원2-6,2,14,0,99,362
0,루어스대평원1-6,49,13,루어스대평원2-6,2,13,0,99,362
0,루어스대평원1-6,49,12,루어스대평원2-6,2,12,0,99,362
0,루어스대평원1-6,49,11,루어스대평원2-6,2,11,0,99,362
0,루어스대평원1-6,49,10,루어스대평원2-6,2,10,0,99,362
0,루어스대평원1-6,49,9,루어스대평원2-6,2,9,0,99,362
0,루어스대평원1-6,49,8,루어스대평원2-6,2,8,0,99,362
0,루어스대평원1-6,49,7,루어스대평원2-6,2,7,0,99,362
0,루어스대평원1-6,49,6,루어스대평원2-6,2,6,0,99,362
0,루어스대평원1-6,49,5,루어스대평원2-6,2,5,0,99,362

0,루어스대평원1-7,49,45,루어스대평원2-7,2,45,0,99,362
0,루어스대평원1-7,49,44,루어스대평원2-7,2,44,0,99,362
0,루어스대평원1-7,49,43,루어스대평원2-7,2,43,0,99,362
0,루어스대평원1-7,49,42,루어스대평원2-7,2,42,0,99,362
0,루어스대평원1-7,49,41,루어스대평원2-7,2,41,0,99,362
0,루어스대평원1-7,49,40,루어스대평원2-7,2,40,0,99,362
0,루어스대평원1-7,49,39,루어스대평원2-7,2,39,0,99,362
0,루어스대평원1-7,49,38,루어스대평원2-7,2,38,0,99,362
0,루어스대평원1-7,49,37,루어스대평원2-7,2,37,0,99,362
0,루어스대평원1-7,49,36,루어스대평원2-7,2,36,0,99,362
0,루어스대평원1-7,49,35,루어스대평원2-7,2,35,0,99,362
0,루어스대평원1-7,49,34,루어스대평원2-7,2,34,0,99,362
0,루어스대평원1-7,49,33,루어스대평원2-7,2,33,0,99,362
0,루어스대평원1-7,49,32,루어스대평원2-7,2,32,0,99,362
0,루어스대평원1-7,49,31,루어스대평원2-7,2,31,0,99,362
0,루어스대평원1-7,49,30,루어스대평원2-7,2,30,0,99,362
0,루어스대평원1-7,49,29,루어스대평원2-7,2,29,0,99,362
0,루어스대평원1-7,49,28,루어스대평원2-7,2,28,0,99,362
0,루어스대평원1-7,49,27,루어스대평원2-7,2,27,0,99,362
0,루어스대평원1-7,49,26,루어스대평원2-7,2,26,0,99,362
0,루어스대평원1-7,49,25,루어스대평원2-7,2,25,0,99,362
0,루어스대평원1-7,49,24,루어스대평원2-7,2,24,0,99,362
0,루어스대평원1-7,49,23,루어스대평원2-7,2,23,0,99,362
0,루어스대평원1-7,49,22,루어스대평원2-7,2,22,0,99,362
0,루어스대평원1-7,49,21,루어스대평원2-7,2,21,0,99,362
0,루어스대평원1-7,49,20,루어스대평원2-7,2,20,0,99,362
0,루어스대평원1-7,49,19,루어스대평원2-7,2,19,0,99,362
0,루어스대평원1-7,49,18,루어스대평원2-7,2,18,0,99,362
0,루어스대평원1-7,49,17,루어스대평원2-7,2,17,0,99,362
0,루어스대평원1-7,49,16,루어스대평원2-7,2,16,0,99,362
0,루어스대평원1-7,49,15,루어스대평원2-7,2,15,0,99,362
0,루어스대평원1-7,49,14,루어스대평원2-7,2,14,0,99,362
0,루어스대평원1-7,49,13,루어스대평원2-7,2,13,0,99,362
0,루어스대평원1-7,49,12,루어스대평원2-7,2,12,0,99,362
0,루어스대평원1-7,49,11,루어스대평원2-7,2,11,0,99,362
0,루어스대평원1-7,49,10,루어스대평원2-7,2,10,0,99,362
0,루어스대평원1-7,49,9,루어스대평원2-7,2,9,0,99,362
0,루어스대평원1-7,49,8,루어스대평원2-7,2,8,0,99,362
0,루어스대평원1-7,49,7,루어스대평원2-7,2,7,0,99,362
0,루어스대평원1-7,49,6,루어스대평원2-7,2,6,0,99,362
0,루어스대평원1-7,49,5,루어스대평원2-7,2,5,0,99,362

0,루어스대평원1-8,49,45,루어스대평원2-8,2,45,0,99,362
0,루어스대평원1-8,49,44,루어스대평원2-8,2,44,0,99,362
0,루어스대평원1-8,49,43,루어스대평원2-8,2,43,0,99,362
0,루어스대평원1-8,49,42,루어스대평원2-8,2,42,0,99,362
0,루어스대평원1-8,49,41,루어스대평원2-8,2,41,0,99,362
0,루어스대평원1-8,49,40,루어스대평원2-8,2,40,0,99,362
0,루어스대평원1-8,49,39,루어스대평원2-8,2,39,0,99,362
0,루어스대평원1-8,49,38,루어스대평원2-8,2,38,0,99,362
0,루어스대평원1-8,49,37,루어스대평원2-8,2,37,0,99,362
0,루어스대평원1-8,49,36,루어스대평원2-8,2,36,0,99,362
0,루어스대평원1-8,49,35,루어스대평원2-8,2,35,0,99,362
0,루어스대평원1-8,49,34,루어스대평원2-8,2,34,0,99,362
0,루어스대평원1-8,49,33,루어스대평원2-8,2,33,0,99,362
0,루어스대평원1-8,49,32,루어스대평원2-8,2,32,0,99,362
0,루어스대평원1-8,49,31,루어스대평원2-8,2,31,0,99,362
0,루어스대평원1-8,49,30,루어스대평원2-8,2,30,0,99,362
0,루어스대평원1-8,49,29,루어스대평원2-8,2,29,0,99,362
0,루어스대평원1-8,49,28,루어스대평원2-8,2,28,0,99,362
0,루어스대평원1-8,49,27,루어스대평원2-8,2,27,0,99,362
0,루어스대평원1-8,49,26,루어스대평원2-8,2,26,0,99,362
0,루어스대평원1-8,49,25,루어스대평원2-8,2,25,0,99,362
0,루어스대평원1-8,49,24,루어스대평원2-8,2,24,0,99,362
0,루어스대평원1-8,49,23,루어스대평원2-8,2,23,0,99,362
0,루어스대평원1-8,49,22,루어스대평원2-8,2,22,0,99,362
0,루어스대평원1-8,49,21,루어스대평원2-8,2,21,0,99,362
0,루어스대평원1-8,49,20,루어스대평원2-8,2,20,0,99,362
0,루어스대평원1-8,49,19,루어스대평원2-8,2,19,0,99,362
0,루어스대평원1-8,49,18,루어스대평원2-8,2,18,0,99,362
0,루어스대평원1-8,49,17,루어스대평원2-8,2,17,0,99,362
0,루어스대평원1-8,49,16,루어스대평원2-8,2,16,0,99,362
0,루어스대평원1-8,49,15,루어스대평원2-8,2,15,0,99,362
0,루어스대평원1-8,49,14,루어스대평원2-8,2,14,0,99,362
0,루어스대평원1-8,49,13,루어스대평원2-8,2,13,0,99,362
0,루어스대평원1-8,49,12,루어스대평원2-8,2,12,0,99,362
0,루어스대평원1-8,49,11,루어스대평원2-8,2,11,0,99,362
0,루어스대평원1-8,49,10,루어스대평원2-8,2,10,0,99,362
0,루어스대평원1-8,49,9,루어스대평원2-8,2,9,0,99,362
0,루어스대평원1-8,49,8,루어스대평원2-8,2,8,0,99,362
0,루어스대평원1-8,49,7,루어스대평원2-8,2,7,0,99,362
0,루어스대평원1-8,49,6,루어스대평원2-8,2,6,0,99,362
0,루어스대평원1-8,49,5,루어스대평원2-8,2,5,0,99,362

0,루어스대평원1-9,49,45,루어스대평원2-9,2,45,0,99,362
0,루어스대평원1-9,49,44,루어스대평원2-9,2,44,0,99,362
0,루어스대평원1-9,49,43,루어스대평원2-9,2,43,0,99,362
0,루어스대평원1-9,49,42,루어스대평원2-9,2,42,0,99,362
0,루어스대평원1-9,49,41,루어스대평원2-9,2,41,0,99,362
0,루어스대평원1-9,49,40,루어스대평원2-9,2,40,0,99,362
0,루어스대평원1-9,49,39,루어스대평원2-9,2,39,0,99,362
0,루어스대평원1-9,49,38,루어스대평원2-9,2,38,0,99,362
0,루어스대평원1-9,49,37,루어스대평원2-9,2,37,0,99,362
0,루어스대평원1-9,49,36,루어스대평원2-9,2,36,0,99,362
0,루어스대평원1-9,49,35,루어스대평원2-9,2,35,0,99,362
0,루어스대평원1-9,49,34,루어스대평원2-9,2,34,0,99,362
0,루어스대평원1-9,49,33,루어스대평원2-9,2,33,0,99,362
0,루어스대평원1-9,49,32,루어스대평원2-9,2,32,0,99,362
0,루어스대평원1-9,49,31,루어스대평원2-9,2,31,0,99,362
0,루어스대평원1-9,49,30,루어스대평원2-9,2,30,0,99,362
0,루어스대평원1-9,49,29,루어스대평원2-9,2,29,0,99,362
0,루어스대평원1-9,49,28,루어스대평원2-9,2,28,0,99,362
0,루어스대평원1-9,49,27,루어스대평원2-9,2,27,0,99,362
0,루어스대평원1-9,49,26,루어스대평원2-9,2,26,0,99,362
0,루어스대평원1-9,49,25,루어스대평원2-9,2,25,0,99,362
0,루어스대평원1-9,49,24,루어스대평원2-9,2,24,0,99,362
0,루어스대평원1-9,49,23,루어스대평원2-9,2,23,0,99,362
0,루어스대평원1-9,49,22,루어스대평원2-9,2,22,0,99,362
0,루어스대평원1-9,49,21,루어스대평원2-9,2,21,0,99,362
0,루어스대평원1-9,49,20,루어스대평원2-9,2,20,0,99,362
0,루어스대평원1-9,49,19,루어스대평원2-9,2,19,0,99,362
0,루어스대평원1-9,49,18,루어스대평원2-9,2,18,0,99,362
0,루어스대평원1-9,49,17,루어스대평원2-9,2,17,0,99,362
0,루어스대평원1-9,49,16,루어스대평원2-9,2,16,0,99,362
0,루어스대평원1-9,49,15,루어스대평원2-9,2,15,0,99,362
0,루어스대평원1-9,49,14,루어스대평원2-9,2,14,0,99,362
0,루어스대평원1-9,49,13,루어스대평원2-9,2,13,0,99,362
0,루어스대평원1-9,49,12,루어스대평원2-9,2,12,0,99,362
0,루어스대평원1-9,49,11,루어스대평원2-9,2,11,0,99,362
0,루어스대평원1-9,49,10,루어스대평원2-9,2,10,0,99,362
0,루어스대평원1-9,49,9,루어스대평원2-9,2,9,0,99,362
0,루어스대평원1-9,49,8,루어스대평원2-9,2,8,0,99,362
0,루어스대평원1-9,49,7,루어스대평원2-9,2,7,0,99,362
0,루어스대평원1-9,49,6,루어스대평원2-9,2,6,0,99,362
0,루어스대평원1-9,49,5,루어스대평원2-9,2,5,0,99,362

0,루어스대평원2-0,0,45,루어스대평원1-0,47,45,0,99,362
0,루어스대평원2-0,0,44,루어스대평원1-0,47,44,0,99,362
0,루어스대평원2-0,0,43,루어스대평원1-0,47,43,0,99,362
0,루어스대평원2-0,0,42,루어스대평원1-0,47,42,0,99,362
0,루어스대평원2-0,0,41,루어스대평원1-0,47,41,0,99,362
0,루어스대평원2-0,0,40,루어스대평원1-0,47,40,0,99,362
0,루어스대평원2-0,0,39,루어스대평원1-0,47,39,0,99,362
0,루어스대평원2-0,0,38,루어스대평원1-0,47,38,0,99,362
0,루어스대평원2-0,0,37,루어스대평원1-0,47,37,0,99,362
0,루어스대평원2-0,0,36,루어스대평원1-0,47,36,0,99,362
0,루어스대평원2-0,0,35,루어스대평원1-0,47,35,0,99,362
0,루어스대평원2-0,0,34,루어스대평원1-0,47,34,0,99,362
0,루어스대평원2-0,0,33,루어스대평원1-0,47,33,0,99,362
0,루어스대평원2-0,0,32,루어스대평원1-0,47,32,0,99,362
0,루어스대평원2-0,0,31,루어스대평원1-0,47,31,0,99,362
0,루어스대평원2-0,0,30,루어스대평원1-0,47,30,0,99,362
0,루어스대평원2-0,0,29,루어스대평원1-0,47,29,0,99,362
0,루어스대평원2-0,0,28,루어스대평원1-0,47,28,0,99,362
0,루어스대평원2-0,0,27,루어스대평원1-0,47,27,0,99,362
0,루어스대평원2-0,0,26,루어스대평원1-0,47,26,0,99,362
0,루어스대평원2-0,0,25,루어스대평원1-0,47,25,0,99,362
0,루어스대평원2-0,0,24,루어스대평원1-0,47,24,0,99,362
0,루어스대평원2-0,0,23,루어스대평원1-0,47,23,0,99,362
0,루어스대평원2-0,0,22,루어스대평원1-0,47,22,0,99,362
0,루어스대평원2-0,0,21,루어스대평원1-0,47,21,0,99,362
0,루어스대평원2-0,0,20,루어스대평원1-0,47,20,0,99,362
0,루어스대평원2-0,0,19,루어스대평원1-0,47,19,0,99,362
0,루어스대평원2-0,0,18,루어스대평원1-0,47,18,0,99,362
0,루어스대평원2-0,0,17,루어스대평원1-0,47,17,0,99,362
0,루어스대평원2-0,0,16,루어스대평원1-0,47,16,0,99,362
0,루어스대평원2-0,0,15,루어스대평원1-0,47,15,0,99,362
0,루어스대평원2-0,0,14,루어스대평원1-0,47,14,0,99,362
0,루어스대평원2-0,0,13,루어스대평원1-0,47,13,0,99,362
0,루어스대평원2-0,0,12,루어스대평원1-0,47,12,0,99,362
0,루어스대평원2-0,0,11,루어스대평원1-0,47,11,0,99,362
0,루어스대평원2-0,0,10,루어스대평원1-0,47,10,0,99,362
0,루어스대평원2-0,0,9,루어스대평원1-0,47,9,0,99,362
0,루어스대평원2-0,0,8,루어스대평원1-0,47,8,0,99,362
0,루어스대평원2-0,0,7,루어스대평원1-0,47,7,0,99,362
0,루어스대평원2-0,0,6,루어스대평원1-0,47,6,0,99,362
0,루어스대평원2-0,0,5,루어스대평원1-0,47,5,0,99,362

0,루어스대평원2-1,0,45,루어스대평원1-1,47,45,0,99,362
0,루어스대평원2-1,0,44,루어스대평원1-1,47,44,0,99,362
0,루어스대평원2-1,0,43,루어스대평원1-1,47,43,0,99,362
0,루어스대평원2-1,0,42,루어스대평원1-1,47,42,0,99,362
0,루어스대평원2-1,0,41,루어스대평원1-1,47,41,0,99,362
0,루어스대평원2-1,0,40,루어스대평원1-1,47,40,0,99,362
0,루어스대평원2-1,0,39,루어스대평원1-1,47,39,0,99,362
0,루어스대평원2-1,0,38,루어스대평원1-1,47,38,0,99,362
0,루어스대평원2-1,0,37,루어스대평원1-1,47,37,0,99,362
0,루어스대평원2-1,0,36,루어스대평원1-1,47,36,0,99,362
0,루어스대평원2-1,0,35,루어스대평원1-1,47,35,0,99,362
0,루어스대평원2-1,0,34,루어스대평원1-1,47,34,0,99,362
0,루어스대평원2-1,0,33,루어스대평원1-1,47,33,0,99,362
0,루어스대평원2-1,0,32,루어스대평원1-1,47,32,0,99,362
0,루어스대평원2-1,0,31,루어스대평원1-1,47,31,0,99,362
0,루어스대평원2-1,0,30,루어스대평원1-1,47,30,0,99,362
0,루어스대평원2-1,0,29,루어스대평원1-1,47,29,0,99,362
0,루어스대평원2-1,0,28,루어스대평원1-1,47,28,0,99,362
0,루어스대평원2-1,0,27,루어스대평원1-1,47,27,0,99,362
0,루어스대평원2-1,0,26,루어스대평원1-1,47,26,0,99,362
0,루어스대평원2-1,0,25,루어스대평원1-1,47,25,0,99,362
0,루어스대평원2-1,0,24,루어스대평원1-1,47,24,0,99,362
0,루어스대평원2-1,0,23,루어스대평원1-1,47,23,0,99,362
0,루어스대평원2-1,0,22,루어스대평원1-1,47,22,0,99,362
0,루어스대평원2-1,0,21,루어스대평원1-1,47,21,0,99,362
0,루어스대평원2-1,0,20,루어스대평원1-1,47,20,0,99,362
0,루어스대평원2-1,0,19,루어스대평원1-1,47,19,0,99,362
0,루어스대평원2-1,0,18,루어스대평원1-1,47,18,0,99,362
0,루어스대평원2-1,0,17,루어스대평원1-1,47,17,0,99,362
0,루어스대평원2-1,0,16,루어스대평원1-1,47,16,0,99,362
0,루어스대평원2-1,0,15,루어스대평원1-1,47,15,0,99,362
0,루어스대평원2-1,0,14,루어스대평원1-1,47,14,0,99,362
0,루어스대평원2-1,0,13,루어스대평원1-1,47,13,0,99,362
0,루어스대평원2-1,0,12,루어스대평원1-1,47,12,0,99,362
0,루어스대평원2-1,0,11,루어스대평원1-1,47,11,0,99,362
0,루어스대평원2-1,0,10,루어스대평원1-1,47,10,0,99,362
0,루어스대평원2-1,0,9,루어스대평원1-1,47,9,0,99,362
0,루어스대평원2-1,0,8,루어스대평원1-1,47,8,0,99,362
0,루어스대평원2-1,0,7,루어스대평원1-1,47,7,0,99,362
0,루어스대평원2-1,0,6,루어스대평원1-1,47,6,0,99,362
0,루어스대평원2-1,0,5,루어스대평원1-1,47,5,0,99,362

0,루어스대평원2-2,0,45,루어스대평원1-2,47,45,0,99,362
0,루어스대평원2-2,0,44,루어스대평원1-2,47,44,0,99,362
0,루어스대평원2-2,0,43,루어스대평원1-2,47,43,0,99,362
0,루어스대평원2-2,0,42,루어스대평원1-2,47,42,0,99,362
0,루어스대평원2-2,0,41,루어스대평원1-2,47,41,0,99,362
0,루어스대평원2-2,0,40,루어스대평원1-2,47,40,0,99,362
0,루어스대평원2-2,0,39,루어스대평원1-2,47,39,0,99,362
0,루어스대평원2-2,0,38,루어스대평원1-2,47,38,0,99,362
0,루어스대평원2-2,0,37,루어스대평원1-2,47,37,0,99,362
0,루어스대평원2-2,0,36,루어스대평원1-2,47,36,0,99,362
0,루어스대평원2-2,0,35,루어스대평원1-2,47,35,0,99,362
0,루어스대평원2-2,0,34,루어스대평원1-2,47,34,0,99,362
0,루어스대평원2-2,0,33,루어스대평원1-2,47,33,0,99,362
0,루어스대평원2-2,0,32,루어스대평원1-2,47,32,0,99,362
0,루어스대평원2-2,0,31,루어스대평원1-2,47,31,0,99,362
0,루어스대평원2-2,0,30,루어스대평원1-2,47,30,0,99,362
0,루어스대평원2-2,0,29,루어스대평원1-2,47,29,0,99,362
0,루어스대평원2-2,0,28,루어스대평원1-2,47,28,0,99,362
0,루어스대평원2-2,0,27,루어스대평원1-2,47,27,0,99,362
0,루어스대평원2-2,0,26,루어스대평원1-2,47,26,0,99,362
0,루어스대평원2-2,0,25,루어스대평원1-2,47,25,0,99,362
0,루어스대평원2-2,0,24,루어스대평원1-2,47,24,0,99,362
0,루어스대평원2-2,0,23,루어스대평원1-2,47,23,0,99,362
0,루어스대평원2-2,0,22,루어스대평원1-2,47,22,0,99,362
0,루어스대평원2-2,0,21,루어스대평원1-2,47,21,0,99,362
0,루어스대평원2-2,0,20,루어스대평원1-2,47,20,0,99,362
0,루어스대평원2-2,0,19,루어스대평원1-2,47,19,0,99,362
0,루어스대평원2-2,0,18,루어스대평원1-2,47,18,0,99,362
0,루어스대평원2-2,0,17,루어스대평원1-2,47,17,0,99,362
0,루어스대평원2-2,0,16,루어스대평원1-2,47,16,0,99,362
0,루어스대평원2-2,0,15,루어스대평원1-2,47,15,0,99,362
0,루어스대평원2-2,0,14,루어스대평원1-2,47,14,0,99,362
0,루어스대평원2-2,0,13,루어스대평원1-2,47,13,0,99,362
0,루어스대평원2-2,0,12,루어스대평원1-2,47,12,0,99,362
0,루어스대평원2-2,0,11,루어스대평원1-2,47,11,0,99,362
0,루어스대평원2-2,0,10,루어스대평원1-2,47,10,0,99,362
0,루어스대평원2-2,0,9,루어스대평원1-2,47,9,0,99,362
0,루어스대평원2-2,0,8,루어스대평원1-2,47,8,0,99,362
0,루어스대평원2-2,0,7,루어스대평원1-2,47,7,0,99,362
0,루어스대평원2-2,0,6,루어스대평원1-2,47,6,0,99,362
0,루어스대평원2-2,0,5,루어스대평원1-2,47,5,0,99,362

0,루어스대평원2-3,0,45,루어스대평원1-3,47,45,0,99,362
0,루어스대평원2-3,0,44,루어스대평원1-3,47,44,0,99,362
0,루어스대평원2-3,0,43,루어스대평원1-3,47,43,0,99,362
0,루어스대평원2-3,0,42,루어스대평원1-3,47,42,0,99,362
0,루어스대평원2-3,0,41,루어스대평원1-3,47,41,0,99,362
0,루어스대평원2-3,0,40,루어스대평원1-3,47,40,0,99,362
0,루어스대평원2-3,0,39,루어스대평원1-3,47,39,0,99,362
0,루어스대평원2-3,0,38,루어스대평원1-3,47,38,0,99,362
0,루어스대평원2-3,0,37,루어스대평원1-3,47,37,0,99,362
0,루어스대평원2-3,0,36,루어스대평원1-3,47,36,0,99,362
0,루어스대평원2-3,0,35,루어스대평원1-3,47,35,0,99,362
0,루어스대평원2-3,0,34,루어스대평원1-3,47,34,0,99,362
0,루어스대평원2-3,0,33,루어스대평원1-3,47,33,0,99,362
0,루어스대평원2-3,0,32,루어스대평원1-3,47,32,0,99,362
0,루어스대평원2-3,0,31,루어스대평원1-3,47,31,0,99,362
0,루어스대평원2-3,0,30,루어스대평원1-3,47,30,0,99,362
0,루어스대평원2-3,0,29,루어스대평원1-3,47,29,0,99,362
0,루어스대평원2-3,0,28,루어스대평원1-3,47,28,0,99,362
0,루어스대평원2-3,0,27,루어스대평원1-3,47,27,0,99,362
0,루어스대평원2-3,0,26,루어스대평원1-3,47,26,0,99,362
0,루어스대평원2-3,0,25,루어스대평원1-3,47,25,0,99,362
0,루어스대평원2-3,0,24,루어스대평원1-3,47,24,0,99,362
0,루어스대평원2-3,0,23,루어스대평원1-3,47,23,0,99,362
0,루어스대평원2-3,0,22,루어스대평원1-3,47,22,0,99,362
0,루어스대평원2-3,0,21,루어스대평원1-3,47,21,0,99,362
0,루어스대평원2-3,0,20,루어스대평원1-3,47,20,0,99,362
0,루어스대평원2-3,0,19,루어스대평원1-3,47,19,0,99,362
0,루어스대평원2-3,0,18,루어스대평원1-3,47,18,0,99,362
0,루어스대평원2-3,0,17,루어스대평원1-3,47,17,0,99,362
0,루어스대평원2-3,0,16,루어스대평원1-3,47,16,0,99,362
0,루어스대평원2-3,0,15,루어스대평원1-3,47,15,0,99,362
0,루어스대평원2-3,0,14,루어스대평원1-3,47,14,0,99,362
0,루어스대평원2-3,0,13,루어스대평원1-3,47,13,0,99,362
0,루어스대평원2-3,0,12,루어스대평원1-3,47,12,0,99,362
0,루어스대평원2-3,0,11,루어스대평원1-3,47,11,0,99,362
0,루어스대평원2-3,0,10,루어스대평원1-3,47,10,0,99,362
0,루어스대평원2-3,0,9,루어스대평원1-3,47,9,0,99,362
0,루어스대평원2-3,0,8,루어스대평원1-3,47,8,0,99,362
0,루어스대평원2-3,0,7,루어스대평원1-3,47,7,0,99,362
0,루어스대평원2-3,0,6,루어스대평원1-3,47,6,0,99,362
0,루어스대평원2-3,0,5,루어스대평원1-3,47,5,0,99,362

0,루어스대평원2-4,0,45,루어스대평원1-4,47,45,0,99,362
0,루어스대평원2-4,0,44,루어스대평원1-4,47,44,0,99,362
0,루어스대평원2-4,0,43,루어스대평원1-4,47,43,0,99,362
0,루어스대평원2-4,0,42,루어스대평원1-4,47,42,0,99,362
0,루어스대평원2-4,0,41,루어스대평원1-4,47,41,0,99,362
0,루어스대평원2-4,0,40,루어스대평원1-4,47,40,0,99,362
0,루어스대평원2-4,0,39,루어스대평원1-4,47,39,0,99,362
0,루어스대평원2-4,0,38,루어스대평원1-4,47,38,0,99,362
0,루어스대평원2-4,0,37,루어스대평원1-4,47,37,0,99,362
0,루어스대평원2-4,0,36,루어스대평원1-4,47,36,0,99,362
0,루어스대평원2-4,0,35,루어스대평원1-4,47,35,0,99,362
0,루어스대평원2-4,0,34,루어스대평원1-4,47,34,0,99,362
0,루어스대평원2-4,0,33,루어스대평원1-4,47,33,0,99,362
0,루어스대평원2-4,0,32,루어스대평원1-4,47,32,0,99,362
0,루어스대평원2-4,0,31,루어스대평원1-4,47,31,0,99,362
0,루어스대평원2-4,0,30,루어스대평원1-4,47,30,0,99,362
0,루어스대평원2-4,0,29,루어스대평원1-4,47,29,0,99,362
0,루어스대평원2-4,0,28,루어스대평원1-4,47,28,0,99,362
0,루어스대평원2-4,0,27,루어스대평원1-4,47,27,0,99,362
0,루어스대평원2-4,0,26,루어스대평원1-4,47,26,0,99,362
0,루어스대평원2-4,0,25,루어스대평원1-4,47,25,0,99,362
0,루어스대평원2-4,0,24,루어스대평원1-4,47,24,0,99,362
0,루어스대평원2-4,0,23,루어스대평원1-4,47,23,0,99,362
0,루어스대평원2-4,0,22,루어스대평원1-4,47,22,0,99,362
0,루어스대평원2-4,0,21,루어스대평원1-4,47,21,0,99,362
0,루어스대평원2-4,0,20,루어스대평원1-4,47,20,0,99,362
0,루어스대평원2-4,0,19,루어스대평원1-4,47,19,0,99,362
0,루어스대평원2-4,0,18,루어스대평원1-4,47,18,0,99,362
0,루어스대평원2-4,0,17,루어스대평원1-4,47,17,0,99,362
0,루어스대평원2-4,0,16,루어스대평원1-4,47,16,0,99,362
0,루어스대평원2-4,0,15,루어스대평원1-4,47,15,0,99,362
0,루어스대평원2-4,0,14,루어스대평원1-4,47,14,0,99,362
0,루어스대평원2-4,0,13,루어스대평원1-4,47,13,0,99,362
0,루어스대평원2-4,0,12,루어스대평원1-4,47,12,0,99,362
0,루어스대평원2-4,0,11,루어스대평원1-4,47,11,0,99,362
0,루어스대평원2-4,0,10,루어스대평원1-4,47,10,0,99,362
0,루어스대평원2-4,0,9,루어스대평원1-4,47,9,0,99,362
0,루어스대평원2-4,0,8,루어스대평원1-4,47,8,0,99,362
0,루어스대평원2-4,0,7,루어스대평원1-4,47,7,0,99,362
0,루어스대평원2-4,0,6,루어스대평원1-4,47,6,0,99,362
0,루어스대평원2-4,0,5,루어스대평원1-4,47,5,0,99,362

0,루어스대평원2-5,0,45,루어스대평원1-5,47,45,0,99,362
0,루어스대평원2-5,0,44,루어스대평원1-5,47,44,0,99,362
0,루어스대평원2-5,0,43,루어스대평원1-5,47,43,0,99,362
0,루어스대평원2-5,0,42,루어스대평원1-5,47,42,0,99,362
0,루어스대평원2-5,0,41,루어스대평원1-5,47,41,0,99,362
0,루어스대평원2-5,0,40,루어스대평원1-5,47,40,0,99,362
0,루어스대평원2-5,0,39,루어스대평원1-5,47,39,0,99,362
0,루어스대평원2-5,0,38,루어스대평원1-5,47,38,0,99,362
0,루어스대평원2-5,0,37,루어스대평원1-5,47,37,0,99,362
0,루어스대평원2-5,0,36,루어스대평원1-5,47,36,0,99,362
0,루어스대평원2-5,0,35,루어스대평원1-5,47,35,0,99,362
0,루어스대평원2-5,0,34,루어스대평원1-5,47,34,0,99,362
0,루어스대평원2-5,0,33,루어스대평원1-5,47,33,0,99,362
0,루어스대평원2-5,0,32,루어스대평원1-5,47,32,0,99,362
0,루어스대평원2-5,0,31,루어스대평원1-5,47,31,0,99,362
0,루어스대평원2-5,0,30,루어스대평원1-5,47,30,0,99,362
0,루어스대평원2-5,0,29,루어스대평원1-5,47,29,0,99,362
0,루어스대평원2-5,0,28,루어스대평원1-5,47,28,0,99,362
0,루어스대평원2-5,0,27,루어스대평원1-5,47,27,0,99,362
0,루어스대평원2-5,0,26,루어스대평원1-5,47,26,0,99,362
0,루어스대평원2-5,0,25,루어스대평원1-5,47,25,0,99,362
0,루어스대평원2-5,0,24,루어스대평원1-5,47,24,0,99,362
0,루어스대평원2-5,0,23,루어스대평원1-5,47,23,0,99,362
0,루어스대평원2-5,0,22,루어스대평원1-5,47,22,0,99,362
0,루어스대평원2-5,0,21,루어스대평원1-5,47,21,0,99,362
0,루어스대평원2-5,0,20,루어스대평원1-5,47,20,0,99,362
0,루어스대평원2-5,0,19,루어스대평원1-5,47,19,0,99,362
0,루어스대평원2-5,0,18,루어스대평원1-5,47,18,0,99,362
0,루어스대평원2-5,0,17,루어스대평원1-5,47,17,0,99,362
0,루어스대평원2-5,0,16,루어스대평원1-5,47,16,0,99,362
0,루어스대평원2-5,0,15,루어스대평원1-5,47,15,0,99,362
0,루어스대평원2-5,0,14,루어스대평원1-5,47,14,0,99,362
0,루어스대평원2-5,0,13,루어스대평원1-5,47,13,0,99,362
0,루어스대평원2-5,0,12,루어스대평원1-5,47,12,0,99,362
0,루어스대평원2-5,0,11,루어스대평원1-5,47,11,0,99,362
0,루어스대평원2-5,0,10,루어스대평원1-5,47,10,0,99,362
0,루어스대평원2-5,0,9,루어스대평원1-5,47,9,0,99,362
0,루어스대평원2-5,0,8,루어스대평원1-5,47,8,0,99,362
0,루어스대평원2-5,0,7,루어스대평원1-5,47,7,0,99,362
0,루어스대평원2-5,0,6,루어스대평원1-5,47,6,0,99,362
0,루어스대평원2-5,0,5,루어스대평원1-5,47,5,0,99,362

0,루어스대평원2-6,0,45,루어스대평원1-6,47,45,0,99,362
0,루어스대평원2-6,0,44,루어스대평원1-6,47,44,0,99,362
0,루어스대평원2-6,0,43,루어스대평원1-6,47,43,0,99,362
0,루어스대평원2-6,0,42,루어스대평원1-6,47,42,0,99,362
0,루어스대평원2-6,0,41,루어스대평원1-6,47,41,0,99,362
0,루어스대평원2-6,0,40,루어스대평원1-6,47,40,0,99,362
0,루어스대평원2-6,0,39,루어스대평원1-6,47,39,0,99,362
0,루어스대평원2-6,0,38,루어스대평원1-6,47,38,0,99,362
0,루어스대평원2-6,0,37,루어스대평원1-6,47,37,0,99,362
0,루어스대평원2-6,0,36,루어스대평원1-6,47,36,0,99,362
0,루어스대평원2-6,0,35,루어스대평원1-6,47,35,0,99,362
0,루어스대평원2-6,0,34,루어스대평원1-6,47,34,0,99,362
0,루어스대평원2-6,0,33,루어스대평원1-6,47,33,0,99,362
0,루어스대평원2-6,0,32,루어스대평원1-6,47,32,0,99,362
0,루어스대평원2-6,0,31,루어스대평원1-6,47,31,0,99,362
0,루어스대평원2-6,0,30,루어스대평원1-6,47,30,0,99,362
0,루어스대평원2-6,0,29,루어스대평원1-6,47,29,0,99,362
0,루어스대평원2-6,0,28,루어스대평원1-6,47,28,0,99,362
0,루어스대평원2-6,0,27,루어스대평원1-6,47,27,0,99,362
0,루어스대평원2-6,0,26,루어스대평원1-6,47,26,0,99,362
0,루어스대평원2-6,0,25,루어스대평원1-6,47,25,0,99,362
0,루어스대평원2-6,0,24,루어스대평원1-6,47,24,0,99,362
0,루어스대평원2-6,0,23,루어스대평원1-6,47,23,0,99,362
0,루어스대평원2-6,0,22,루어스대평원1-6,47,22,0,99,362
0,루어스대평원2-6,0,21,루어스대평원1-6,47,21,0,99,362
0,루어스대평원2-6,0,20,루어스대평원1-6,47,20,0,99,362
0,루어스대평원2-6,0,19,루어스대평원1-6,47,19,0,99,362
0,루어스대평원2-6,0,18,루어스대평원1-6,47,18,0,99,362
0,루어스대평원2-6,0,17,루어스대평원1-6,47,17,0,99,362
0,루어스대평원2-6,0,16,루어스대평원1-6,47,16,0,99,362
0,루어스대평원2-6,0,15,루어스대평원1-6,47,15,0,99,362
0,루어스대평원2-6,0,14,루어스대평원1-6,47,14,0,99,362
0,루어스대평원2-6,0,13,루어스대평원1-6,47,13,0,99,362
0,루어스대평원2-6,0,12,루어스대평원1-6,47,12,0,99,362
0,루어스대평원2-6,0,11,루어스대평원1-6,47,11,0,99,362
0,루어스대평원2-6,0,10,루어스대평원1-6,47,10,0,99,362
0,루어스대평원2-6,0,9,루어스대평원1-6,47,9,0,99,362
0,루어스대평원2-6,0,8,루어스대평원1-6,47,8,0,99,362
0,루어스대평원2-6,0,7,루어스대평원1-6,47,7,0,99,362
0,루어스대평원2-6,0,6,루어스대평원1-6,47,6,0,99,362
0,루어스대평원2-6,0,5,루어스대평원1-6,47,5,0,99,362

0,루어스대평원2-7,0,45,루어스대평원1-7,47,45,0,99,362
0,루어스대평원2-7,0,44,루어스대평원1-7,47,44,0,99,362
0,루어스대평원2-7,0,43,루어스대평원1-7,47,43,0,99,362
0,루어스대평원2-7,0,42,루어스대평원1-7,47,42,0,99,362
0,루어스대평원2-7,0,41,루어스대평원1-7,47,41,0,99,362
0,루어스대평원2-7,0,40,루어스대평원1-7,47,40,0,99,362
0,루어스대평원2-7,0,39,루어스대평원1-7,47,39,0,99,362
0,루어스대평원2-7,0,38,루어스대평원1-7,47,38,0,99,362
0,루어스대평원2-7,0,37,루어스대평원1-7,47,37,0,99,362
0,루어스대평원2-7,0,36,루어스대평원1-7,47,36,0,99,362
0,루어스대평원2-7,0,35,루어스대평원1-7,47,35,0,99,362
0,루어스대평원2-7,0,34,루어스대평원1-7,47,34,0,99,362
0,루어스대평원2-7,0,33,루어스대평원1-7,47,33,0,99,362
0,루어스대평원2-7,0,32,루어스대평원1-7,47,32,0,99,362
0,루어스대평원2-7,0,31,루어스대평원1-7,47,31,0,99,362
0,루어스대평원2-7,0,30,루어스대평원1-7,47,30,0,99,362
0,루어스대평원2-7,0,29,루어스대평원1-7,47,29,0,99,362
0,루어스대평원2-7,0,28,루어스대평원1-7,47,28,0,99,362
0,루어스대평원2-7,0,27,루어스대평원1-7,47,27,0,99,362
0,루어스대평원2-7,0,26,루어스대평원1-7,47,26,0,99,362
0,루어스대평원2-7,0,25,루어스대평원1-7,47,25,0,99,362
0,루어스대평원2-7,0,24,루어스대평원1-7,47,24,0,99,362
0,루어스대평원2-7,0,23,루어스대평원1-7,47,23,0,99,362
0,루어스대평원2-7,0,22,루어스대평원1-7,47,22,0,99,362
0,루어스대평원2-7,0,21,루어스대평원1-7,47,21,0,99,362
0,루어스대평원2-7,0,20,루어스대평원1-7,47,20,0,99,362
0,루어스대평원2-7,0,19,루어스대평원1-7,47,19,0,99,362
0,루어스대평원2-7,0,18,루어스대평원1-7,47,18,0,99,362
0,루어스대평원2-7,0,17,루어스대평원1-7,47,17,0,99,362
0,루어스대평원2-7,0,16,루어스대평원1-7,47,16,0,99,362
0,루어스대평원2-7,0,15,루어스대평원1-7,47,15,0,99,362
0,루어스대평원2-7,0,14,루어스대평원1-7,47,14,0,99,362
0,루어스대평원2-7,0,13,루어스대평원1-7,47,13,0,99,362
0,루어스대평원2-7,0,12,루어스대평원1-7,47,12,0,99,362
0,루어스대평원2-7,0,11,루어스대평원1-7,47,11,0,99,362
0,루어스대평원2-7,0,10,루어스대평원1-7,47,10,0,99,362
0,루어스대평원2-7,0,9,루어스대평원1-7,47,9,0,99,362
0,루어스대평원2-7,0,8,루어스대평원1-7,47,8,0,99,362
0,루어스대평원2-7,0,7,루어스대평원1-7,47,7,0,99,362
0,루어스대평원2-7,0,6,루어스대평원1-7,47,6,0,99,362
0,루어스대평원2-7,0,5,루어스대평원1-7,47,5,0,99,362

0,루어스대평원2-8,0,45,루어스대평원1-8,47,45,0,99,362
0,루어스대평원2-8,0,44,루어스대평원1-8,47,44,0,99,362
0,루어스대평원2-8,0,43,루어스대평원1-8,47,43,0,99,362
0,루어스대평원2-8,0,42,루어스대평원1-8,47,42,0,99,362
0,루어스대평원2-8,0,41,루어스대평원1-8,47,41,0,99,362
0,루어스대평원2-8,0,40,루어스대평원1-8,47,40,0,99,362
0,루어스대평원2-8,0,39,루어스대평원1-8,47,39,0,99,362
0,루어스대평원2-8,0,38,루어스대평원1-8,47,38,0,99,362
0,루어스대평원2-8,0,37,루어스대평원1-8,47,37,0,99,362
0,루어스대평원2-8,0,36,루어스대평원1-8,47,36,0,99,362
0,루어스대평원2-8,0,35,루어스대평원1-8,47,35,0,99,362
0,루어스대평원2-8,0,34,루어스대평원1-8,47,34,0,99,362
0,루어스대평원2-8,0,33,루어스대평원1-8,47,33,0,99,362
0,루어스대평원2-8,0,32,루어스대평원1-8,47,32,0,99,362
0,루어스대평원2-8,0,31,루어스대평원1-8,47,31,0,99,362
0,루어스대평원2-8,0,30,루어스대평원1-8,47,30,0,99,362
0,루어스대평원2-8,0,29,루어스대평원1-8,47,29,0,99,362
0,루어스대평원2-8,0,28,루어스대평원1-8,47,28,0,99,362
0,루어스대평원2-8,0,27,루어스대평원1-8,47,27,0,99,362
0,루어스대평원2-8,0,26,루어스대평원1-8,47,26,0,99,362
0,루어스대평원2-8,0,25,루어스대평원1-8,47,25,0,99,362
0,루어스대평원2-8,0,24,루어스대평원1-8,47,24,0,99,362
0,루어스대평원2-8,0,23,루어스대평원1-8,47,23,0,99,362
0,루어스대평원2-8,0,22,루어스대평원1-8,47,22,0,99,362
0,루어스대평원2-8,0,21,루어스대평원1-8,47,21,0,99,362
0,루어스대평원2-8,0,20,루어스대평원1-8,47,20,0,99,362
0,루어스대평원2-8,0,19,루어스대평원1-8,47,19,0,99,362
0,루어스대평원2-8,0,18,루어스대평원1-8,47,18,0,99,362
0,루어스대평원2-8,0,17,루어스대평원1-8,47,17,0,99,362
0,루어스대평원2-8,0,16,루어스대평원1-8,47,16,0,99,362
0,루어스대평원2-8,0,15,루어스대평원1-8,47,15,0,99,362
0,루어스대평원2-8,0,14,루어스대평원1-8,47,14,0,99,362
0,루어스대평원2-8,0,13,루어스대평원1-8,47,13,0,99,362
0,루어스대평원2-8,0,12,루어스대평원1-8,47,12,0,99,362
0,루어스대평원2-8,0,11,루어스대평원1-8,47,11,0,99,362
0,루어스대평원2-8,0,10,루어스대평원1-8,47,10,0,99,362
0,루어스대평원2-8,0,9,루어스대평원1-8,47,9,0,99,362
0,루어스대평원2-8,0,8,루어스대평원1-8,47,8,0,99,362
0,루어스대평원2-8,0,7,루어스대평원1-8,47,7,0,99,362
0,루어스대평원2-8,0,6,루어스대평원1-8,47,6,0,99,362
0,루어스대평원2-8,0,5,루어스대평원1-8,47,5,0,99,362

0,루어스대평원2-9,0,45,루어스대평원1-9,47,45,0,99,362
0,루어스대평원2-9,0,44,루어스대평원1-9,47,44,0,99,362
0,루어스대평원2-9,0,43,루어스대평원1-9,47,43,0,99,362
0,루어스대평원2-9,0,42,루어스대평원1-9,47,42,0,99,362
0,루어스대평원2-9,0,41,루어스대평원1-9,47,41,0,99,362
0,루어스대평원2-9,0,40,루어스대평원1-9,47,40,0,99,362
0,루어스대평원2-9,0,39,루어스대평원1-9,47,39,0,99,362
0,루어스대평원2-9,0,38,루어스대평원1-9,47,38,0,99,362
0,루어스대평원2-9,0,37,루어스대평원1-9,47,37,0,99,362
0,루어스대평원2-9,0,36,루어스대평원1-9,47,36,0,99,362
0,루어스대평원2-9,0,35,루어스대평원1-9,47,35,0,99,362
0,루어스대평원2-9,0,34,루어스대평원1-9,47,34,0,99,362
0,루어스대평원2-9,0,33,루어스대평원1-9,47,33,0,99,362
0,루어스대평원2-9,0,32,루어스대평원1-9,47,32,0,99,362
0,루어스대평원2-9,0,31,루어스대평원1-9,47,31,0,99,362
0,루어스대평원2-9,0,30,루어스대평원1-9,47,30,0,99,362
0,루어스대평원2-9,0,29,루어스대평원1-9,47,29,0,99,362
0,루어스대평원2-9,0,28,루어스대평원1-9,47,28,0,99,362
0,루어스대평원2-9,0,27,루어스대평원1-9,47,27,0,99,362
0,루어스대평원2-9,0,26,루어스대평원1-9,47,26,0,99,362
0,루어스대평원2-9,0,25,루어스대평원1-9,47,25,0,99,362
0,루어스대평원2-9,0,24,루어스대평원1-9,47,24,0,99,362
0,루어스대평원2-9,0,23,루어스대평원1-9,47,23,0,99,362
0,루어스대평원2-9,0,22,루어스대평원1-9,47,22,0,99,362
0,루어스대평원2-9,0,21,루어스대평원1-9,47,21,0,99,362
0,루어스대평원2-9,0,20,루어스대평원1-9,47,20,0,99,362
0,루어스대평원2-9,0,19,루어스대평원1-9,47,19,0,99,362
0,루어스대평원2-9,0,18,루어스대평원1-9,47,18,0,99,362
0,루어스대평원2-9,0,17,루어스대평원1-9,47,17,0,99,362
0,루어스대평원2-9,0,16,루어스대평원1-9,47,16,0,99,362
0,루어스대평원2-9,0,15,루어스대평원1-9,47,15,0,99,362
0,루어스대평원2-9,0,14,루어스대평원1-9,47,14,0,99,362
0,루어스대평원2-9,0,13,루어스대평원1-9,47,13,0,99,362
0,루어스대평원2-9,0,12,루어스대평원1-9,47,12,0,99,362
0,루어스대평원2-9,0,11,루어스대평원1-9,47,11,0,99,362
0,루어스대평원2-9,0,10,루어스대평원1-9,47,10,0,99,362
0,루어스대평원2-9,0,9,루어스대평원1-9,47,9,0,99,362
0,루어스대평원2-9,0,8,루어스대평원1-9,47,8,0,99,362
0,루어스대평원2-9,0,7,루어스대평원1-9,47,7,0,99,362
0,루어스대평원2-9,0,6,루어스대평원1-9,47,6,0,99,362
0,루어스대평원2-9,0,5,루어스대평원1-9,47,5,0,99,362

0,루어스대평원1-0,45,0,루어스대평원1-1,45,47,0,99,362
0,루어스대평원1-0,44,0,루어스대평원1-1,44,47,0,99,362
0,루어스대평원1-0,43,0,루어스대평원1-1,43,47,0,99,362
0,루어스대평원1-0,42,0,루어스대평원1-1,42,47,0,99,362
0,루어스대평원1-0,41,0,루어스대평원1-1,41,47,0,99,362
0,루어스대평원1-0,40,0,루어스대평원1-1,40,47,0,99,362
0,루어스대평원1-0,39,0,루어스대평원1-1,39,47,0,99,362
0,루어스대평원1-0,38,0,루어스대평원1-1,38,47,0,99,362
0,루어스대평원1-0,37,0,루어스대평원1-1,37,47,0,99,362
0,루어스대평원1-0,36,0,루어스대평원1-1,36,47,0,99,362
0,루어스대평원1-0,35,0,루어스대평원1-1,35,47,0,99,362
0,루어스대평원1-0,34,0,루어스대평원1-1,34,47,0,99,362
0,루어스대평원1-0,33,0,루어스대평원1-1,33,47,0,99,362
0,루어스대평원1-0,32,0,루어스대평원1-1,32,47,0,99,362
0,루어스대평원1-0,31,0,루어스대평원1-1,31,47,0,99,362
0,루어스대평원1-0,30,0,루어스대평원1-1,30,47,0,99,362
0,루어스대평원1-0,29,0,루어스대평원1-1,29,47,0,99,362
0,루어스대평원1-0,28,0,루어스대평원1-1,28,47,0,99,362
0,루어스대평원1-0,27,0,루어스대평원1-1,27,47,0,99,362
0,루어스대평원1-0,26,0,루어스대평원1-1,26,47,0,99,362
0,루어스대평원1-0,25,0,루어스대평원1-1,25,47,0,99,362
0,루어스대평원1-0,24,0,루어스대평원1-1,24,47,0,99,362
0,루어스대평원1-0,23,0,루어스대평원1-1,23,47,0,99,362
0,루어스대평원1-0,22,0,루어스대평원1-1,22,47,0,99,362
0,루어스대평원1-0,21,0,루어스대평원1-1,21,47,0,99,362
0,루어스대평원1-0,20,0,루어스대평원1-1,20,47,0,99,362
0,루어스대평원1-0,19,0,루어스대평원1-1,19,47,0,99,362
0,루어스대평원1-0,18,0,루어스대평원1-1,18,47,0,99,362
0,루어스대평원1-0,17,0,루어스대평원1-1,17,47,0,99,362
0,루어스대평원1-0,16,0,루어스대평원1-1,16,47,0,99,362
0,루어스대평원1-0,15,0,루어스대평원1-1,15,47,0,99,362
0,루어스대평원1-0,14,0,루어스대평원1-1,14,47,0,99,362
0,루어스대평원1-0,13,0,루어스대평원1-1,13,47,0,99,362
0,루어스대평원1-0,12,0,루어스대평원1-1,12,47,0,99,362
0,루어스대평원1-0,11,0,루어스대평원1-1,11,47,0,99,362
0,루어스대평원1-0,10,0,루어스대평원1-1,10,47,0,99,362
0,루어스대평원1-0,9,0,루어스대평원1-1,9,47,0,99,362
0,루어스대평원1-0,8,0,루어스대평원1-1,8,47,0,99,362
0,루어스대평원1-0,7,0,루어스대평원1-1,7,47,0,99,362
0,루어스대평원1-0,6,0,루어스대평원1-1,6,47,0,99,362
0,루어스대평원1-0,5,0,루어스대평원1-1,5,47,0,99,362

0,루어스대평원1-1,45,49,루어스대평원1-0,45,2,0,99,362
0,루어스대평원1-1,44,49,루어스대평원1-0,44,2,0,99,362
0,루어스대평원1-1,43,49,루어스대평원1-0,43,2,0,99,362
0,루어스대평원1-1,42,49,루어스대평원1-0,42,2,0,99,362
0,루어스대평원1-1,41,49,루어스대평원1-0,41,2,0,99,362
0,루어스대평원1-1,40,49,루어스대평원1-0,40,2,0,99,362
0,루어스대평원1-1,39,49,루어스대평원1-0,39,2,0,99,362
0,루어스대평원1-1,38,49,루어스대평원1-0,38,2,0,99,362
0,루어스대평원1-1,37,49,루어스대평원1-0,37,2,0,99,362
0,루어스대평원1-1,36,49,루어스대평원1-0,36,2,0,99,362
0,루어스대평원1-1,35,49,루어스대평원1-0,35,2,0,99,362
0,루어스대평원1-1,34,49,루어스대평원1-0,34,2,0,99,362
0,루어스대평원1-1,33,49,루어스대평원1-0,33,2,0,99,362
0,루어스대평원1-1,32,49,루어스대평원1-0,32,2,0,99,362
0,루어스대평원1-1,31,49,루어스대평원1-0,31,2,0,99,362
0,루어스대평원1-1,30,49,루어스대평원1-0,30,2,0,99,362
0,루어스대평원1-1,29,49,루어스대평원1-0,29,2,0,99,362
0,루어스대평원1-1,28,49,루어스대평원1-0,28,2,0,99,362
0,루어스대평원1-1,27,49,루어스대평원1-0,27,2,0,99,362
0,루어스대평원1-1,26,49,루어스대평원1-0,26,2,0,99,362
0,루어스대평원1-1,25,49,루어스대평원1-0,25,2,0,99,362
0,루어스대평원1-1,24,49,루어스대평원1-0,24,2,0,99,362
0,루어스대평원1-1,23,49,루어스대평원1-0,23,2,0,99,362
0,루어스대평원1-1,22,49,루어스대평원1-0,22,2,0,99,362
0,루어스대평원1-1,21,49,루어스대평원1-0,21,2,0,99,362
0,루어스대평원1-1,20,49,루어스대평원1-0,20,2,0,99,362
0,루어스대평원1-1,19,49,루어스대평원1-0,19,2,0,99,362
0,루어스대평원1-1,18,49,루어스대평원1-0,18,2,0,99,362
0,루어스대평원1-1,17,49,루어스대평원1-0,17,2,0,99,362
0,루어스대평원1-1,16,49,루어스대평원1-0,16,2,0,99,362
0,루어스대평원1-1,15,49,루어스대평원1-0,15,2,0,99,362
0,루어스대평원1-1,14,49,루어스대평원1-0,14,2,0,99,362
0,루어스대평원1-1,13,49,루어스대평원1-0,13,2,0,99,362
0,루어스대평원1-1,12,49,루어스대평원1-0,12,2,0,99,362
0,루어스대평원1-1,11,49,루어스대평원1-0,11,2,0,99,362
0,루어스대평원1-1,10,49,루어스대평원1-0,10,2,0,99,362
0,루어스대평원1-1,9,49,루어스대평원1-0,9,2,0,99,362
0,루어스대평원1-1,8,49,루어스대평원1-0,8,2,0,99,362
0,루어스대평원1-1,7,49,루어스대평원1-0,7,2,0,99,362
0,루어스대평원1-1,6,49,루어스대평원1-0,6,2,0,99,362
0,루어스대평원1-1,5,49,루어스대평원1-0,5,2,0,99,362

0,루어스대평원1-1,45,0,루어스대평원1-2,45,47,0,99,362
0,루어스대평원1-1,44,0,루어스대평원1-2,44,47,0,99,362
0,루어스대평원1-1,43,0,루어스대평원1-2,43,47,0,99,362
0,루어스대평원1-1,42,0,루어스대평원1-2,42,47,0,99,362
0,루어스대평원1-1,41,0,루어스대평원1-2,41,47,0,99,362
0,루어스대평원1-1,40,0,루어스대평원1-2,40,47,0,99,362
0,루어스대평원1-1,39,0,루어스대평원1-2,39,47,0,99,362
0,루어스대평원1-1,38,0,루어스대평원1-2,38,47,0,99,362
0,루어스대평원1-1,37,0,루어스대평원1-2,37,47,0,99,362
0,루어스대평원1-1,36,0,루어스대평원1-2,36,47,0,99,362
0,루어스대평원1-1,35,0,루어스대평원1-2,35,47,0,99,362
0,루어스대평원1-1,34,0,루어스대평원1-2,34,47,0,99,362
0,루어스대평원1-1,33,0,루어스대평원1-2,33,47,0,99,362
0,루어스대평원1-1,32,0,루어스대평원1-2,32,47,0,99,362
0,루어스대평원1-1,31,0,루어스대평원1-2,31,47,0,99,362
0,루어스대평원1-1,30,0,루어스대평원1-2,30,47,0,99,362
0,루어스대평원1-1,29,0,루어스대평원1-2,29,47,0,99,362
0,루어스대평원1-1,28,0,루어스대평원1-2,28,47,0,99,362
0,루어스대평원1-1,27,0,루어스대평원1-2,27,47,0,99,362
0,루어스대평원1-1,26,0,루어스대평원1-2,26,47,0,99,362
0,루어스대평원1-1,25,0,루어스대평원1-2,25,47,0,99,362
0,루어스대평원1-1,24,0,루어스대평원1-2,24,47,0,99,362
0,루어스대평원1-1,23,0,루어스대평원1-2,23,47,0,99,362
0,루어스대평원1-1,22,0,루어스대평원1-2,22,47,0,99,362
0,루어스대평원1-1,21,0,루어스대평원1-2,21,47,0,99,362
0,루어스대평원1-1,20,0,루어스대평원1-2,20,47,0,99,362
0,루어스대평원1-1,19,0,루어스대평원1-2,19,47,0,99,362
0,루어스대평원1-1,18,0,루어스대평원1-2,18,47,0,99,362
0,루어스대평원1-1,17,0,루어스대평원1-2,17,47,0,99,362
0,루어스대평원1-1,16,0,루어스대평원1-2,16,47,0,99,362
0,루어스대평원1-1,15,0,루어스대평원1-2,15,47,0,99,362
0,루어스대평원1-1,14,0,루어스대평원1-2,14,47,0,99,362
0,루어스대평원1-1,13,0,루어스대평원1-2,13,47,0,99,362
0,루어스대평원1-1,12,0,루어스대평원1-2,12,47,0,99,362
0,루어스대평원1-1,11,0,루어스대평원1-2,11,47,0,99,362
0,루어스대평원1-1,10,0,루어스대평원1-2,10,47,0,99,362
0,루어스대평원1-1,9,0,루어스대평원1-2,9,47,0,99,362
0,루어스대평원1-1,8,0,루어스대평원1-2,8,47,0,99,362
0,루어스대평원1-1,7,0,루어스대평원1-2,7,47,0,99,362
0,루어스대평원1-1,6,0,루어스대평원1-2,6,47,0,99,362
0,루어스대평원1-1,5,0,루어스대평원1-2,5,47,0,99,362

0,루어스대평원1-2,45,49,루어스대평원1-1,45,2,0,99,362
0,루어스대평원1-2,44,49,루어스대평원1-1,44,2,0,99,362
0,루어스대평원1-2,43,49,루어스대평원1-1,43,2,0,99,362
0,루어스대평원1-2,42,49,루어스대평원1-1,42,2,0,99,362
0,루어스대평원1-2,41,49,루어스대평원1-1,41,2,0,99,362
0,루어스대평원1-2,40,49,루어스대평원1-1,40,2,0,99,362
0,루어스대평원1-2,39,49,루어스대평원1-1,39,2,0,99,362
0,루어스대평원1-2,38,49,루어스대평원1-1,38,2,0,99,362
0,루어스대평원1-2,37,49,루어스대평원1-1,37,2,0,99,362
0,루어스대평원1-2,36,49,루어스대평원1-1,36,2,0,99,362
0,루어스대평원1-2,35,49,루어스대평원1-1,35,2,0,99,362
0,루어스대평원1-2,34,49,루어스대평원1-1,34,2,0,99,362
0,루어스대평원1-2,33,49,루어스대평원1-1,33,2,0,99,362
0,루어스대평원1-2,32,49,루어스대평원1-1,32,2,0,99,362
0,루어스대평원1-2,31,49,루어스대평원1-1,31,2,0,99,362
0,루어스대평원1-2,30,49,루어스대평원1-1,30,2,0,99,362
0,루어스대평원1-2,29,49,루어스대평원1-1,29,2,0,99,362
0,루어스대평원1-2,28,49,루어스대평원1-1,28,2,0,99,362
0,루어스대평원1-2,27,49,루어스대평원1-1,27,2,0,99,362
0,루어스대평원1-2,26,49,루어스대평원1-1,26,2,0,99,362
0,루어스대평원1-2,25,49,루어스대평원1-1,25,2,0,99,362
0,루어스대평원1-2,24,49,루어스대평원1-1,24,2,0,99,362
0,루어스대평원1-2,23,49,루어스대평원1-1,23,2,0,99,362
0,루어스대평원1-2,22,49,루어스대평원1-1,22,2,0,99,362
0,루어스대평원1-2,21,49,루어스대평원1-1,21,2,0,99,362
0,루어스대평원1-2,20,49,루어스대평원1-1,20,2,0,99,362
0,루어스대평원1-2,19,49,루어스대평원1-1,19,2,0,99,362
0,루어스대평원1-2,18,49,루어스대평원1-1,18,2,0,99,362
0,루어스대평원1-2,17,49,루어스대평원1-1,17,2,0,99,362
0,루어스대평원1-2,16,49,루어스대평원1-1,16,2,0,99,362
0,루어스대평원1-2,15,49,루어스대평원1-1,15,2,0,99,362
0,루어스대평원1-2,14,49,루어스대평원1-1,14,2,0,99,362
0,루어스대평원1-2,13,49,루어스대평원1-1,13,2,0,99,362
0,루어스대평원1-2,12,49,루어스대평원1-1,12,2,0,99,362
0,루어스대평원1-2,11,49,루어스대평원1-1,11,2,0,99,362
0,루어스대평원1-2,10,49,루어스대평원1-1,10,2,0,99,362
0,루어스대평원1-2,9,49,루어스대평원1-1,9,2,0,99,362
0,루어스대평원1-2,8,49,루어스대평원1-1,8,2,0,99,362
0,루어스대평원1-2,7,49,루어스대평원1-1,7,2,0,99,362
0,루어스대평원1-2,6,49,루어스대평원1-1,6,2,0,99,362
0,루어스대평원1-2,5,49,루어스대평원1-1,5,2,0,99,362

0,루어스대평원1-2,45,0,루어스대평원1-3,45,47,0,99,362
0,루어스대평원1-2,44,0,루어스대평원1-3,44,47,0,99,362
0,루어스대평원1-2,43,0,루어스대평원1-3,43,47,0,99,362
0,루어스대평원1-2,42,0,루어스대평원1-3,42,47,0,99,362
0,루어스대평원1-2,41,0,루어스대평원1-3,41,47,0,99,362
0,루어스대평원1-2,40,0,루어스대평원1-3,40,47,0,99,362
0,루어스대평원1-2,39,0,루어스대평원1-3,39,47,0,99,362
0,루어스대평원1-2,38,0,루어스대평원1-3,38,47,0,99,362
0,루어스대평원1-2,37,0,루어스대평원1-3,37,47,0,99,362
0,루어스대평원1-2,36,0,루어스대평원1-3,36,47,0,99,362
0,루어스대평원1-2,35,0,루어스대평원1-3,35,47,0,99,362
0,루어스대평원1-2,34,0,루어스대평원1-3,34,47,0,99,362
0,루어스대평원1-2,33,0,루어스대평원1-3,33,47,0,99,362
0,루어스대평원1-2,32,0,루어스대평원1-3,32,47,0,99,362
0,루어스대평원1-2,31,0,루어스대평원1-3,31,47,0,99,362
0,루어스대평원1-2,30,0,루어스대평원1-3,30,47,0,99,362
0,루어스대평원1-2,29,0,루어스대평원1-3,29,47,0,99,362
0,루어스대평원1-2,28,0,루어스대평원1-3,28,47,0,99,362
0,루어스대평원1-2,27,0,루어스대평원1-3,27,47,0,99,362
0,루어스대평원1-2,26,0,루어스대평원1-3,26,47,0,99,362
0,루어스대평원1-2,25,0,루어스대평원1-3,25,47,0,99,362
0,루어스대평원1-2,24,0,루어스대평원1-3,24,47,0,99,362
0,루어스대평원1-2,23,0,루어스대평원1-3,23,47,0,99,362
0,루어스대평원1-2,22,0,루어스대평원1-3,22,47,0,99,362
0,루어스대평원1-2,21,0,루어스대평원1-3,21,47,0,99,362
0,루어스대평원1-2,20,0,루어스대평원1-3,20,47,0,99,362
0,루어스대평원1-2,19,0,루어스대평원1-3,19,47,0,99,362
0,루어스대평원1-2,18,0,루어스대평원1-3,18,47,0,99,362
0,루어스대평원1-2,17,0,루어스대평원1-3,17,47,0,99,362
0,루어스대평원1-2,16,0,루어스대평원1-3,16,47,0,99,362
0,루어스대평원1-2,15,0,루어스대평원1-3,15,47,0,99,362
0,루어스대평원1-2,14,0,루어스대평원1-3,14,47,0,99,362
0,루어스대평원1-2,13,0,루어스대평원1-3,13,47,0,99,362
0,루어스대평원1-2,12,0,루어스대평원1-3,12,47,0,99,362
0,루어스대평원1-2,11,0,루어스대평원1-3,11,47,0,99,362
0,루어스대평원1-2,10,0,루어스대평원1-3,10,47,0,99,362
0,루어스대평원1-2,9,0,루어스대평원1-3,9,47,0,99,362
0,루어스대평원1-2,8,0,루어스대평원1-3,8,47,0,99,362
0,루어스대평원1-2,7,0,루어스대평원1-3,7,47,0,99,362
0,루어스대평원1-2,6,0,루어스대평원1-3,6,47,0,99,362
0,루어스대평원1-2,5,0,루어스대평원1-3,5,47,0,99,362

0,루어스대평원1-3,45,49,루어스대평원1-2,45,2,0,99,362
0,루어스대평원1-3,44,49,루어스대평원1-2,44,2,0,99,362
0,루어스대평원1-3,43,49,루어스대평원1-2,43,2,0,99,362
0,루어스대평원1-3,42,49,루어스대평원1-2,42,2,0,99,362
0,루어스대평원1-3,41,49,루어스대평원1-2,41,2,0,99,362
0,루어스대평원1-3,40,49,루어스대평원1-2,40,2,0,99,362
0,루어스대평원1-3,39,49,루어스대평원1-2,39,2,0,99,362
0,루어스대평원1-3,38,49,루어스대평원1-2,38,2,0,99,362
0,루어스대평원1-3,37,49,루어스대평원1-2,37,2,0,99,362
0,루어스대평원1-3,36,49,루어스대평원1-2,36,2,0,99,362
0,루어스대평원1-3,35,49,루어스대평원1-2,35,2,0,99,362
0,루어스대평원1-3,34,49,루어스대평원1-2,34,2,0,99,362
0,루어스대평원1-3,33,49,루어스대평원1-2,33,2,0,99,362
0,루어스대평원1-3,32,49,루어스대평원1-2,32,2,0,99,362
0,루어스대평원1-3,31,49,루어스대평원1-2,31,2,0,99,362
0,루어스대평원1-3,30,49,루어스대평원1-2,30,2,0,99,362
0,루어스대평원1-3,29,49,루어스대평원1-2,29,2,0,99,362
0,루어스대평원1-3,28,49,루어스대평원1-2,28,2,0,99,362
0,루어스대평원1-3,27,49,루어스대평원1-2,27,2,0,99,362
0,루어스대평원1-3,26,49,루어스대평원1-2,26,2,0,99,362
0,루어스대평원1-3,25,49,루어스대평원1-2,25,2,0,99,362
0,루어스대평원1-3,24,49,루어스대평원1-2,24,2,0,99,362
0,루어스대평원1-3,23,49,루어스대평원1-2,23,2,0,99,362
0,루어스대평원1-3,22,49,루어스대평원1-2,22,2,0,99,362
0,루어스대평원1-3,21,49,루어스대평원1-2,21,2,0,99,362
0,루어스대평원1-3,20,49,루어스대평원1-2,20,2,0,99,362
0,루어스대평원1-3,19,49,루어스대평원1-2,19,2,0,99,362
0,루어스대평원1-3,18,49,루어스대평원1-2,18,2,0,99,362
0,루어스대평원1-3,17,49,루어스대평원1-2,17,2,0,99,362
0,루어스대평원1-3,16,49,루어스대평원1-2,16,2,0,99,362
0,루어스대평원1-3,15,49,루어스대평원1-2,15,2,0,99,362
0,루어스대평원1-3,14,49,루어스대평원1-2,14,2,0,99,362
0,루어스대평원1-3,13,49,루어스대평원1-2,13,2,0,99,362
0,루어스대평원1-3,12,49,루어스대평원1-2,12,2,0,99,362
0,루어스대평원1-3,11,49,루어스대평원1-2,11,2,0,99,362
0,루어스대평원1-3,10,49,루어스대평원1-2,10,2,0,99,362
0,루어스대평원1-3,9,49,루어스대평원1-2,9,2,0,99,362
0,루어스대평원1-3,8,49,루어스대평원1-2,8,2,0,99,362
0,루어스대평원1-3,7,49,루어스대평원1-2,7,2,0,99,362
0,루어스대평원1-3,6,49,루어스대평원1-2,6,2,0,99,362
0,루어스대평원1-3,5,49,루어스대평원1-2,5,2,0,99,362

0,루어스대평원1-3,45,0,루어스대평원1-4,45,47,0,99,362
0,루어스대평원1-3,44,0,루어스대평원1-4,44,47,0,99,362
0,루어스대평원1-3,43,0,루어스대평원1-4,43,47,0,99,362
0,루어스대평원1-3,42,0,루어스대평원1-4,42,47,0,99,362
0,루어스대평원1-3,41,0,루어스대평원1-4,41,47,0,99,362
0,루어스대평원1-3,40,0,루어스대평원1-4,40,47,0,99,362
0,루어스대평원1-3,39,0,루어스대평원1-4,39,47,0,99,362
0,루어스대평원1-3,38,0,루어스대평원1-4,38,47,0,99,362
0,루어스대평원1-3,37,0,루어스대평원1-4,37,47,0,99,362
0,루어스대평원1-3,36,0,루어스대평원1-4,36,47,0,99,362
0,루어스대평원1-3,35,0,루어스대평원1-4,35,47,0,99,362
0,루어스대평원1-3,34,0,루어스대평원1-4,34,47,0,99,362
0,루어스대평원1-3,33,0,루어스대평원1-4,33,47,0,99,362
0,루어스대평원1-3,32,0,루어스대평원1-4,32,47,0,99,362
0,루어스대평원1-3,31,0,루어스대평원1-4,31,47,0,99,362
0,루어스대평원1-3,30,0,루어스대평원1-4,30,47,0,99,362
0,루어스대평원1-3,29,0,루어스대평원1-4,29,47,0,99,362
0,루어스대평원1-3,28,0,루어스대평원1-4,28,47,0,99,362
0,루어스대평원1-3,27,0,루어스대평원1-4,27,47,0,99,362
0,루어스대평원1-3,26,0,루어스대평원1-4,26,47,0,99,362
0,루어스대평원1-3,25,0,루어스대평원1-4,25,47,0,99,362
0,루어스대평원1-3,24,0,루어스대평원1-4,24,47,0,99,362
0,루어스대평원1-3,23,0,루어스대평원1-4,23,47,0,99,362
0,루어스대평원1-3,22,0,루어스대평원1-4,22,47,0,99,362
0,루어스대평원1-3,21,0,루어스대평원1-4,21,47,0,99,362
0,루어스대평원1-3,20,0,루어스대평원1-4,20,47,0,99,362
0,루어스대평원1-3,19,0,루어스대평원1-4,19,47,0,99,362
0,루어스대평원1-3,18,0,루어스대평원1-4,18,47,0,99,362
0,루어스대평원1-3,17,0,루어스대평원1-4,17,47,0,99,362
0,루어스대평원1-3,16,0,루어스대평원1-4,16,47,0,99,362
0,루어스대평원1-3,15,0,루어스대평원1-4,15,47,0,99,362
0,루어스대평원1-3,14,0,루어스대평원1-4,14,47,0,99,362
0,루어스대평원1-3,13,0,루어스대평원1-4,13,47,0,99,362
0,루어스대평원1-3,12,0,루어스대평원1-4,12,47,0,99,362
0,루어스대평원1-3,11,0,루어스대평원1-4,11,47,0,99,362
0,루어스대평원1-3,10,0,루어스대평원1-4,10,47,0,99,362
0,루어스대평원1-3,9,0,루어스대평원1-4,9,47,0,99,362
0,루어스대평원1-3,8,0,루어스대평원1-4,8,47,0,99,362
0,루어스대평원1-3,7,0,루어스대평원1-4,7,47,0,99,362
0,루어스대평원1-3,6,0,루어스대평원1-4,6,47,0,99,362
0,루어스대평원1-3,5,0,루어스대평원1-4,5,47,0,99,362

0,루어스대평원1-4,45,49,루어스대평원1-3,45,2,0,99,362
0,루어스대평원1-4,44,49,루어스대평원1-3,44,2,0,99,362
0,루어스대평원1-4,43,49,루어스대평원1-3,43,2,0,99,362
0,루어스대평원1-4,42,49,루어스대평원1-3,42,2,0,99,362
0,루어스대평원1-4,41,49,루어스대평원1-3,41,2,0,99,362
0,루어스대평원1-4,40,49,루어스대평원1-3,40,2,0,99,362
0,루어스대평원1-4,39,49,루어스대평원1-3,39,2,0,99,362
0,루어스대평원1-4,38,49,루어스대평원1-3,38,2,0,99,362
0,루어스대평원1-4,37,49,루어스대평원1-3,37,2,0,99,362
0,루어스대평원1-4,36,49,루어스대평원1-3,36,2,0,99,362
0,루어스대평원1-4,35,49,루어스대평원1-3,35,2,0,99,362
0,루어스대평원1-4,34,49,루어스대평원1-3,34,2,0,99,362
0,루어스대평원1-4,33,49,루어스대평원1-3,33,2,0,99,362
0,루어스대평원1-4,32,49,루어스대평원1-3,32,2,0,99,362
0,루어스대평원1-4,31,49,루어스대평원1-3,31,2,0,99,362
0,루어스대평원1-4,30,49,루어스대평원1-3,30,2,0,99,362
0,루어스대평원1-4,29,49,루어스대평원1-3,29,2,0,99,362
0,루어스대평원1-4,28,49,루어스대평원1-3,28,2,0,99,362
0,루어스대평원1-4,27,49,루어스대평원1-3,27,2,0,99,362
0,루어스대평원1-4,26,49,루어스대평원1-3,26,2,0,99,362
0,루어스대평원1-4,25,49,루어스대평원1-3,25,2,0,99,362
0,루어스대평원1-4,24,49,루어스대평원1-3,24,2,0,99,362
0,루어스대평원1-4,23,49,루어스대평원1-3,23,2,0,99,362
0,루어스대평원1-4,22,49,루어스대평원1-3,22,2,0,99,362
0,루어스대평원1-4,21,49,루어스대평원1-3,21,2,0,99,362
0,루어스대평원1-4,20,49,루어스대평원1-3,20,2,0,99,362
0,루어스대평원1-4,19,49,루어스대평원1-3,19,2,0,99,362
0,루어스대평원1-4,18,49,루어스대평원1-3,18,2,0,99,362
0,루어스대평원1-4,17,49,루어스대평원1-3,17,2,0,99,362
0,루어스대평원1-4,16,49,루어스대평원1-3,16,2,0,99,362
0,루어스대평원1-4,15,49,루어스대평원1-3,15,2,0,99,362
0,루어스대평원1-4,14,49,루어스대평원1-3,14,2,0,99,362
0,루어스대평원1-4,13,49,루어스대평원1-3,13,2,0,99,362
0,루어스대평원1-4,12,49,루어스대평원1-3,12,2,0,99,362
0,루어스대평원1-4,11,49,루어스대평원1-3,11,2,0,99,362
0,루어스대평원1-4,10,49,루어스대평원1-3,10,2,0,99,362
0,루어스대평원1-4,9,49,루어스대평원1-3,9,2,0,99,362
0,루어스대평원1-4,8,49,루어스대평원1-3,8,2,0,99,362
0,루어스대평원1-4,7,49,루어스대평원1-3,7,2,0,99,362
0,루어스대평원1-4,6,49,루어스대평원1-3,6,2,0,99,362
0,루어스대평원1-4,5,49,루어스대평원1-3,5,2,0,99,362

0,루어스대평원1-4,45,0,루어스대평원1-5,45,47,0,99,362
0,루어스대평원1-4,44,0,루어스대평원1-5,44,47,0,99,362
0,루어스대평원1-4,43,0,루어스대평원1-5,43,47,0,99,362
0,루어스대평원1-4,42,0,루어스대평원1-5,42,47,0,99,362
0,루어스대평원1-4,41,0,루어스대평원1-5,41,47,0,99,362
0,루어스대평원1-4,40,0,루어스대평원1-5,40,47,0,99,362
0,루어스대평원1-4,39,0,루어스대평원1-5,39,47,0,99,362
0,루어스대평원1-4,38,0,루어스대평원1-5,38,47,0,99,362
0,루어스대평원1-4,37,0,루어스대평원1-5,37,47,0,99,362
0,루어스대평원1-4,36,0,루어스대평원1-5,36,47,0,99,362
0,루어스대평원1-4,35,0,루어스대평원1-5,35,47,0,99,362
0,루어스대평원1-4,34,0,루어스대평원1-5,34,47,0,99,362
0,루어스대평원1-4,33,0,루어스대평원1-5,33,47,0,99,362
0,루어스대평원1-4,32,0,루어스대평원1-5,32,47,0,99,362
0,루어스대평원1-4,31,0,루어스대평원1-5,31,47,0,99,362
0,루어스대평원1-4,30,0,루어스대평원1-5,30,47,0,99,362
0,루어스대평원1-4,29,0,루어스대평원1-5,29,47,0,99,362
0,루어스대평원1-4,28,0,루어스대평원1-5,28,47,0,99,362
0,루어스대평원1-4,27,0,루어스대평원1-5,27,47,0,99,362
0,루어스대평원1-4,26,0,루어스대평원1-5,26,47,0,99,362
0,루어스대평원1-4,25,0,루어스대평원1-5,25,47,0,99,362
0,루어스대평원1-4,24,0,루어스대평원1-5,24,47,0,99,362
0,루어스대평원1-4,23,0,루어스대평원1-5,23,47,0,99,362
0,루어스대평원1-4,22,0,루어스대평원1-5,22,47,0,99,362
0,루어스대평원1-4,21,0,루어스대평원1-5,21,47,0,99,362
0,루어스대평원1-4,20,0,루어스대평원1-5,20,47,0,99,362
0,루어스대평원1-4,19,0,루어스대평원1-5,19,47,0,99,362
0,루어스대평원1-4,18,0,루어스대평원1-5,18,47,0,99,362
0,루어스대평원1-4,17,0,루어스대평원1-5,17,47,0,99,362
0,루어스대평원1-4,16,0,루어스대평원1-5,16,47,0,99,362
0,루어스대평원1-4,15,0,루어스대평원1-5,15,47,0,99,362
0,루어스대평원1-4,14,0,루어스대평원1-5,14,47,0,99,362
0,루어스대평원1-4,13,0,루어스대평원1-5,13,47,0,99,362
0,루어스대평원1-4,12,0,루어스대평원1-5,12,47,0,99,362
0,루어스대평원1-4,11,0,루어스대평원1-5,11,47,0,99,362
0,루어스대평원1-4,10,0,루어스대평원1-5,10,47,0,99,362
0,루어스대평원1-4,9,0,루어스대평원1-5,9,47,0,99,362
0,루어스대평원1-4,8,0,루어스대평원1-5,8,47,0,99,362
0,루어스대평원1-4,7,0,루어스대평원1-5,7,47,0,99,362
0,루어스대평원1-4,6,0,루어스대평원1-5,6,47,0,99,362
0,루어스대평원1-4,5,0,루어스대평원1-5,5,47,0,99,362

0,루어스대평원1-5,45,49,루어스대평원1-4,45,2,0,99,362
0,루어스대평원1-5,44,49,루어스대평원1-4,44,2,0,99,362
0,루어스대평원1-5,43,49,루어스대평원1-4,43,2,0,99,362
0,루어스대평원1-5,42,49,루어스대평원1-4,42,2,0,99,362
0,루어스대평원1-5,41,49,루어스대평원1-4,41,2,0,99,362
0,루어스대평원1-5,40,49,루어스대평원1-4,40,2,0,99,362
0,루어스대평원1-5,39,49,루어스대평원1-4,39,2,0,99,362
0,루어스대평원1-5,38,49,루어스대평원1-4,38,2,0,99,362
0,루어스대평원1-5,37,49,루어스대평원1-4,37,2,0,99,362
0,루어스대평원1-5,36,49,루어스대평원1-4,36,2,0,99,362
0,루어스대평원1-5,35,49,루어스대평원1-4,35,2,0,99,362
0,루어스대평원1-5,34,49,루어스대평원1-4,34,2,0,99,362
0,루어스대평원1-5,33,49,루어스대평원1-4,33,2,0,99,362
0,루어스대평원1-5,32,49,루어스대평원1-4,32,2,0,99,362
0,루어스대평원1-5,31,49,루어스대평원1-4,31,2,0,99,362
0,루어스대평원1-5,30,49,루어스대평원1-4,30,2,0,99,362
0,루어스대평원1-5,29,49,루어스대평원1-4,29,2,0,99,362
0,루어스대평원1-5,28,49,루어스대평원1-4,28,2,0,99,362
0,루어스대평원1-5,27,49,루어스대평원1-4,27,2,0,99,362
0,루어스대평원1-5,26,49,루어스대평원1-4,26,2,0,99,362
0,루어스대평원1-5,25,49,루어스대평원1-4,25,2,0,99,362
0,루어스대평원1-5,24,49,루어스대평원1-4,24,2,0,99,362
0,루어스대평원1-5,23,49,루어스대평원1-4,23,2,0,99,362
0,루어스대평원1-5,22,49,루어스대평원1-4,22,2,0,99,362
0,루어스대평원1-5,21,49,루어스대평원1-4,21,2,0,99,362
0,루어스대평원1-5,20,49,루어스대평원1-4,20,2,0,99,362
0,루어스대평원1-5,19,49,루어스대평원1-4,19,2,0,99,362
0,루어스대평원1-5,18,49,루어스대평원1-4,18,2,0,99,362
0,루어스대평원1-5,17,49,루어스대평원1-4,17,2,0,99,362
0,루어스대평원1-5,16,49,루어스대평원1-4,16,2,0,99,362
0,루어스대평원1-5,15,49,루어스대평원1-4,15,2,0,99,362
0,루어스대평원1-5,14,49,루어스대평원1-4,14,2,0,99,362
0,루어스대평원1-5,13,49,루어스대평원1-4,13,2,0,99,362
0,루어스대평원1-5,12,49,루어스대평원1-4,12,2,0,99,362
0,루어스대평원1-5,11,49,루어스대평원1-4,11,2,0,99,362
0,루어스대평원1-5,10,49,루어스대평원1-4,10,2,0,99,362
0,루어스대평원1-5,9,49,루어스대평원1-4,9,2,0,99,362
0,루어스대평원1-5,8,49,루어스대평원1-4,8,2,0,99,362
0,루어스대평원1-5,7,49,루어스대평원1-4,7,2,0,99,362
0,루어스대평원1-5,6,49,루어스대평원1-4,6,2,0,99,362
0,루어스대평원1-5,5,49,루어스대평원1-4,5,2,0,99,362

0,루어스대평원1-5,45,0,루어스대평원1-6,45,47,0,99,362
0,루어스대평원1-5,44,0,루어스대평원1-6,44,47,0,99,362
0,루어스대평원1-5,43,0,루어스대평원1-6,43,47,0,99,362
0,루어스대평원1-5,42,0,루어스대평원1-6,42,47,0,99,362
0,루어스대평원1-5,41,0,루어스대평원1-6,41,47,0,99,362
0,루어스대평원1-5,40,0,루어스대평원1-6,40,47,0,99,362
0,루어스대평원1-5,39,0,루어스대평원1-6,39,47,0,99,362
0,루어스대평원1-5,38,0,루어스대평원1-6,38,47,0,99,362
0,루어스대평원1-5,37,0,루어스대평원1-6,37,47,0,99,362
0,루어스대평원1-5,36,0,루어스대평원1-6,36,47,0,99,362
0,루어스대평원1-5,35,0,루어스대평원1-6,35,47,0,99,362
0,루어스대평원1-5,34,0,루어스대평원1-6,34,47,0,99,362
0,루어스대평원1-5,33,0,루어스대평원1-6,33,47,0,99,362
0,루어스대평원1-5,32,0,루어스대평원1-6,32,47,0,99,362
0,루어스대평원1-5,31,0,루어스대평원1-6,31,47,0,99,362
0,루어스대평원1-5,30,0,루어스대평원1-6,30,47,0,99,362
0,루어스대평원1-5,29,0,루어스대평원1-6,29,47,0,99,362
0,루어스대평원1-5,28,0,루어스대평원1-6,28,47,0,99,362
0,루어스대평원1-5,27,0,루어스대평원1-6,27,47,0,99,362
0,루어스대평원1-5,26,0,루어스대평원1-6,26,47,0,99,362
0,루어스대평원1-5,25,0,루어스대평원1-6,25,47,0,99,362
0,루어스대평원1-5,24,0,루어스대평원1-6,24,47,0,99,362
0,루어스대평원1-5,23,0,루어스대평원1-6,23,47,0,99,362
0,루어스대평원1-5,22,0,루어스대평원1-6,22,47,0,99,362
0,루어스대평원1-5,21,0,루어스대평원1-6,21,47,0,99,362
0,루어스대평원1-5,20,0,루어스대평원1-6,20,47,0,99,362
0,루어스대평원1-5,19,0,루어스대평원1-6,19,47,0,99,362
0,루어스대평원1-5,18,0,루어스대평원1-6,18,47,0,99,362
0,루어스대평원1-5,17,0,루어스대평원1-6,17,47,0,99,362
0,루어스대평원1-5,16,0,루어스대평원1-6,16,47,0,99,362
0,루어스대평원1-5,15,0,루어스대평원1-6,15,47,0,99,362
0,루어스대평원1-5,14,0,루어스대평원1-6,14,47,0,99,362
0,루어스대평원1-5,13,0,루어스대평원1-6,13,47,0,99,362
0,루어스대평원1-5,12,0,루어스대평원1-6,12,47,0,99,362
0,루어스대평원1-5,11,0,루어스대평원1-6,11,47,0,99,362
0,루어스대평원1-5,10,0,루어스대평원1-6,10,47,0,99,362
0,루어스대평원1-5,9,0,루어스대평원1-6,9,47,0,99,362
0,루어스대평원1-5,8,0,루어스대평원1-6,8,47,0,99,362
0,루어스대평원1-5,7,0,루어스대평원1-6,7,47,0,99,362
0,루어스대평원1-5,6,0,루어스대평원1-6,6,47,0,99,362
0,루어스대평원1-5,5,0,루어스대평원1-6,5,47,0,99,362

0,루어스대평원1-6,45,49,루어스대평원1-5,45,2,0,99,362
0,루어스대평원1-6,44,49,루어스대평원1-5,44,2,0,99,362
0,루어스대평원1-6,43,49,루어스대평원1-5,43,2,0,99,362
0,루어스대평원1-6,42,49,루어스대평원1-5,42,2,0,99,362
0,루어스대평원1-6,41,49,루어스대평원1-5,41,2,0,99,362
0,루어스대평원1-6,40,49,루어스대평원1-5,40,2,0,99,362
0,루어스대평원1-6,39,49,루어스대평원1-5,39,2,0,99,362
0,루어스대평원1-6,38,49,루어스대평원1-5,38,2,0,99,362
0,루어스대평원1-6,37,49,루어스대평원1-5,37,2,0,99,362
0,루어스대평원1-6,36,49,루어스대평원1-5,36,2,0,99,362
0,루어스대평원1-6,35,49,루어스대평원1-5,35,2,0,99,362
0,루어스대평원1-6,34,49,루어스대평원1-5,34,2,0,99,362
0,루어스대평원1-6,33,49,루어스대평원1-5,33,2,0,99,362
0,루어스대평원1-6,32,49,루어스대평원1-5,32,2,0,99,362
0,루어스대평원1-6,31,49,루어스대평원1-5,31,2,0,99,362
0,루어스대평원1-6,30,49,루어스대평원1-5,30,2,0,99,362
0,루어스대평원1-6,29,49,루어스대평원1-5,29,2,0,99,362
0,루어스대평원1-6,28,49,루어스대평원1-5,28,2,0,99,362
0,루어스대평원1-6,27,49,루어스대평원1-5,27,2,0,99,362
0,루어스대평원1-6,26,49,루어스대평원1-5,26,2,0,99,362
0,루어스대평원1-6,25,49,루어스대평원1-5,25,2,0,99,362
0,루어스대평원1-6,24,49,루어스대평원1-5,24,2,0,99,362
0,루어스대평원1-6,23,49,루어스대평원1-5,23,2,0,99,362
0,루어스대평원1-6,22,49,루어스대평원1-5,22,2,0,99,362
0,루어스대평원1-6,21,49,루어스대평원1-5,21,2,0,99,362
0,루어스대평원1-6,20,49,루어스대평원1-5,20,2,0,99,362
0,루어스대평원1-6,19,49,루어스대평원1-5,19,2,0,99,362
0,루어스대평원1-6,18,49,루어스대평원1-5,18,2,0,99,362
0,루어스대평원1-6,17,49,루어스대평원1-5,17,2,0,99,362
0,루어스대평원1-6,16,49,루어스대평원1-5,16,2,0,99,362
0,루어스대평원1-6,15,49,루어스대평원1-5,15,2,0,99,362
0,루어스대평원1-6,14,49,루어스대평원1-5,14,2,0,99,362
0,루어스대평원1-6,13,49,루어스대평원1-5,13,2,0,99,362
0,루어스대평원1-6,12,49,루어스대평원1-5,12,2,0,99,362
0,루어스대평원1-6,11,49,루어스대평원1-5,11,2,0,99,362
0,루어스대평원1-6,10,49,루어스대평원1-5,10,2,0,99,362
0,루어스대평원1-6,9,49,루어스대평원1-5,9,2,0,99,362
0,루어스대평원1-6,8,49,루어스대평원1-5,8,2,0,99,362
0,루어스대평원1-6,7,49,루어스대평원1-5,7,2,0,99,362
0,루어스대평원1-6,6,49,루어스대평원1-5,6,2,0,99,362
0,루어스대평원1-6,5,49,루어스대평원1-5,5,2,0,99,362

0,루어스대평원1-6,45,0,루어스대평원1-7,45,47,0,99,362
0,루어스대평원1-6,44,0,루어스대평원1-7,44,47,0,99,362
0,루어스대평원1-6,43,0,루어스대평원1-7,43,47,0,99,362
0,루어스대평원1-6,42,0,루어스대평원1-7,42,47,0,99,362
0,루어스대평원1-6,41,0,루어스대평원1-7,41,47,0,99,362
0,루어스대평원1-6,40,0,루어스대평원1-7,40,47,0,99,362
0,루어스대평원1-6,39,0,루어스대평원1-7,39,47,0,99,362
0,루어스대평원1-6,38,0,루어스대평원1-7,38,47,0,99,362
0,루어스대평원1-6,37,0,루어스대평원1-7,37,47,0,99,362
0,루어스대평원1-6,36,0,루어스대평원1-7,36,47,0,99,362
0,루어스대평원1-6,35,0,루어스대평원1-7,35,47,0,99,362
0,루어스대평원1-6,34,0,루어스대평원1-7,34,47,0,99,362
0,루어스대평원1-6,33,0,루어스대평원1-7,33,47,0,99,362
0,루어스대평원1-6,32,0,루어스대평원1-7,32,47,0,99,362
0,루어스대평원1-6,31,0,루어스대평원1-7,31,47,0,99,362
0,루어스대평원1-6,30,0,루어스대평원1-7,30,47,0,99,362
0,루어스대평원1-6,29,0,루어스대평원1-7,29,47,0,99,362
0,루어스대평원1-6,28,0,루어스대평원1-7,28,47,0,99,362
0,루어스대평원1-6,27,0,루어스대평원1-7,27,47,0,99,362
0,루어스대평원1-6,26,0,루어스대평원1-7,26,47,0,99,362
0,루어스대평원1-6,25,0,루어스대평원1-7,25,47,0,99,362
0,루어스대평원1-6,24,0,루어스대평원1-7,24,47,0,99,362
0,루어스대평원1-6,23,0,루어스대평원1-7,23,47,0,99,362
0,루어스대평원1-6,22,0,루어스대평원1-7,22,47,0,99,362
0,루어스대평원1-6,21,0,루어스대평원1-7,21,47,0,99,362
0,루어스대평원1-6,20,0,루어스대평원1-7,20,47,0,99,362
0,루어스대평원1-6,19,0,루어스대평원1-7,19,47,0,99,362
0,루어스대평원1-6,18,0,루어스대평원1-7,18,47,0,99,362
0,루어스대평원1-6,17,0,루어스대평원1-7,17,47,0,99,362
0,루어스대평원1-6,16,0,루어스대평원1-7,16,47,0,99,362
0,루어스대평원1-6,15,0,루어스대평원1-7,15,47,0,99,362
0,루어스대평원1-6,14,0,루어스대평원1-7,14,47,0,99,362
0,루어스대평원1-6,13,0,루어스대평원1-7,13,47,0,99,362
0,루어스대평원1-6,12,0,루어스대평원1-7,12,47,0,99,362
0,루어스대평원1-6,11,0,루어스대평원1-7,11,47,0,99,362
0,루어스대평원1-6,10,0,루어스대평원1-7,10,47,0,99,362
0,루어스대평원1-6,9,0,루어스대평원1-7,9,47,0,99,362
0,루어스대평원1-6,8,0,루어스대평원1-7,8,47,0,99,362
0,루어스대평원1-6,7,0,루어스대평원1-7,7,47,0,99,362
0,루어스대평원1-6,6,0,루어스대평원1-7,6,47,0,99,362
0,루어스대평원1-6,5,0,루어스대평원1-7,5,47,0,99,362

0,루어스대평원1-7,45,49,루어스대평원1-6,45,2,0,99,362
0,루어스대평원1-7,44,49,루어스대평원1-6,44,2,0,99,362
0,루어스대평원1-7,43,49,루어스대평원1-6,43,2,0,99,362
0,루어스대평원1-7,42,49,루어스대평원1-6,42,2,0,99,362
0,루어스대평원1-7,41,49,루어스대평원1-6,41,2,0,99,362
0,루어스대평원1-7,40,49,루어스대평원1-6,40,2,0,99,362
0,루어스대평원1-7,39,49,루어스대평원1-6,39,2,0,99,362
0,루어스대평원1-7,38,49,루어스대평원1-6,38,2,0,99,362
0,루어스대평원1-7,37,49,루어스대평원1-6,37,2,0,99,362
0,루어스대평원1-7,36,49,루어스대평원1-6,36,2,0,99,362
0,루어스대평원1-7,35,49,루어스대평원1-6,35,2,0,99,362
0,루어스대평원1-7,34,49,루어스대평원1-6,34,2,0,99,362
0,루어스대평원1-7,33,49,루어스대평원1-6,33,2,0,99,362
0,루어스대평원1-7,32,49,루어스대평원1-6,32,2,0,99,362
0,루어스대평원1-7,31,49,루어스대평원1-6,31,2,0,99,362
0,루어스대평원1-7,30,49,루어스대평원1-6,30,2,0,99,362
0,루어스대평원1-7,29,49,루어스대평원1-6,29,2,0,99,362
0,루어스대평원1-7,28,49,루어스대평원1-6,28,2,0,99,362
0,루어스대평원1-7,27,49,루어스대평원1-6,27,2,0,99,362
0,루어스대평원1-7,26,49,루어스대평원1-6,26,2,0,99,362
0,루어스대평원1-7,25,49,루어스대평원1-6,25,2,0,99,362
0,루어스대평원1-7,24,49,루어스대평원1-6,24,2,0,99,362
0,루어스대평원1-7,23,49,루어스대평원1-6,23,2,0,99,362
0,루어스대평원1-7,22,49,루어스대평원1-6,22,2,0,99,362
0,루어스대평원1-7,21,49,루어스대평원1-6,21,2,0,99,362
0,루어스대평원1-7,20,49,루어스대평원1-6,20,2,0,99,362
0,루어스대평원1-7,19,49,루어스대평원1-6,19,2,0,99,362
0,루어스대평원1-7,18,49,루어스대평원1-6,18,2,0,99,362
0,루어스대평원1-7,17,49,루어스대평원1-6,17,2,0,99,362
0,루어스대평원1-7,16,49,루어스대평원1-6,16,2,0,99,362
0,루어스대평원1-7,15,49,루어스대평원1-6,15,2,0,99,362
0,루어스대평원1-7,14,49,루어스대평원1-6,14,2,0,99,362
0,루어스대평원1-7,13,49,루어스대평원1-6,13,2,0,99,362
0,루어스대평원1-7,12,49,루어스대평원1-6,12,2,0,99,362
0,루어스대평원1-7,11,49,루어스대평원1-6,11,2,0,99,362
0,루어스대평원1-7,10,49,루어스대평원1-6,10,2,0,99,362
0,루어스대평원1-7,9,49,루어스대평원1-6,9,2,0,99,362
0,루어스대평원1-7,8,49,루어스대평원1-6,8,2,0,99,362
0,루어스대평원1-7,7,49,루어스대평원1-6,7,2,0,99,362
0,루어스대평원1-7,6,49,루어스대평원1-6,6,2,0,99,362
0,루어스대평원1-7,5,49,루어스대평원1-6,5,2,0,99,362

0,루어스대평원1-7,45,0,루어스대평원1-8,45,47,0,99,362
0,루어스대평원1-7,44,0,루어스대평원1-8,44,47,0,99,362
0,루어스대평원1-7,43,0,루어스대평원1-8,43,47,0,99,362
0,루어스대평원1-7,42,0,루어스대평원1-8,42,47,0,99,362
0,루어스대평원1-7,41,0,루어스대평원1-8,41,47,0,99,362
0,루어스대평원1-7,40,0,루어스대평원1-8,40,47,0,99,362
0,루어스대평원1-7,39,0,루어스대평원1-8,39,47,0,99,362
0,루어스대평원1-7,38,0,루어스대평원1-8,38,47,0,99,362
0,루어스대평원1-7,37,0,루어스대평원1-8,37,47,0,99,362
0,루어스대평원1-7,36,0,루어스대평원1-8,36,47,0,99,362
0,루어스대평원1-7,35,0,루어스대평원1-8,35,47,0,99,362
0,루어스대평원1-7,34,0,루어스대평원1-8,34,47,0,99,362
0,루어스대평원1-7,33,0,루어스대평원1-8,33,47,0,99,362
0,루어스대평원1-7,32,0,루어스대평원1-8,32,47,0,99,362
0,루어스대평원1-7,31,0,루어스대평원1-8,31,47,0,99,362
0,루어스대평원1-7,30,0,루어스대평원1-8,30,47,0,99,362
0,루어스대평원1-7,29,0,루어스대평원1-8,29,47,0,99,362
0,루어스대평원1-7,28,0,루어스대평원1-8,28,47,0,99,362
0,루어스대평원1-7,27,0,루어스대평원1-8,27,47,0,99,362
0,루어스대평원1-7,26,0,루어스대평원1-8,26,47,0,99,362
0,루어스대평원1-7,25,0,루어스대평원1-8,25,47,0,99,362
0,루어스대평원1-7,24,0,루어스대평원1-8,24,47,0,99,362
0,루어스대평원1-7,23,0,루어스대평원1-8,23,47,0,99,362
0,루어스대평원1-7,22,0,루어스대평원1-8,22,47,0,99,362
0,루어스대평원1-7,21,0,루어스대평원1-8,21,47,0,99,362
0,루어스대평원1-7,20,0,루어스대평원1-8,20,47,0,99,362
0,루어스대평원1-7,19,0,루어스대평원1-8,19,47,0,99,362
0,루어스대평원1-7,18,0,루어스대평원1-8,18,47,0,99,362
0,루어스대평원1-7,17,0,루어스대평원1-8,17,47,0,99,362
0,루어스대평원1-7,16,0,루어스대평원1-8,16,47,0,99,362
0,루어스대평원1-7,15,0,루어스대평원1-8,15,47,0,99,362
0,루어스대평원1-7,14,0,루어스대평원1-8,14,47,0,99,362
0,루어스대평원1-7,13,0,루어스대평원1-8,13,47,0,99,362
0,루어스대평원1-7,12,0,루어스대평원1-8,12,47,0,99,362
0,루어스대평원1-7,11,0,루어스대평원1-8,11,47,0,99,362
0,루어스대평원1-7,10,0,루어스대평원1-8,10,47,0,99,362
0,루어스대평원1-7,9,0,루어스대평원1-8,9,47,0,99,362
0,루어스대평원1-7,8,0,루어스대평원1-8,8,47,0,99,362
0,루어스대평원1-7,7,0,루어스대평원1-8,7,47,0,99,362
0,루어스대평원1-7,6,0,루어스대평원1-8,6,47,0,99,362
0,루어스대평원1-7,5,0,루어스대평원1-8,5,47,0,99,362

0,루어스대평원1-8,45,49,루어스대평원1-7,45,2,0,99,362
0,루어스대평원1-8,44,49,루어스대평원1-7,44,2,0,99,362
0,루어스대평원1-8,43,49,루어스대평원1-7,43,2,0,99,362
0,루어스대평원1-8,42,49,루어스대평원1-7,42,2,0,99,362
0,루어스대평원1-8,41,49,루어스대평원1-7,41,2,0,99,362
0,루어스대평원1-8,40,49,루어스대평원1-7,40,2,0,99,362
0,루어스대평원1-8,39,49,루어스대평원1-7,39,2,0,99,362
0,루어스대평원1-8,38,49,루어스대평원1-7,38,2,0,99,362
0,루어스대평원1-8,37,49,루어스대평원1-7,37,2,0,99,362
0,루어스대평원1-8,36,49,루어스대평원1-7,36,2,0,99,362
0,루어스대평원1-8,35,49,루어스대평원1-7,35,2,0,99,362
0,루어스대평원1-8,34,49,루어스대평원1-7,34,2,0,99,362
0,루어스대평원1-8,33,49,루어스대평원1-7,33,2,0,99,362
0,루어스대평원1-8,32,49,루어스대평원1-7,32,2,0,99,362
0,루어스대평원1-8,31,49,루어스대평원1-7,31,2,0,99,362
0,루어스대평원1-8,30,49,루어스대평원1-7,30,2,0,99,362
0,루어스대평원1-8,29,49,루어스대평원1-7,29,2,0,99,362
0,루어스대평원1-8,28,49,루어스대평원1-7,28,2,0,99,362
0,루어스대평원1-8,27,49,루어스대평원1-7,27,2,0,99,362
0,루어스대평원1-8,26,49,루어스대평원1-7,26,2,0,99,362
0,루어스대평원1-8,25,49,루어스대평원1-7,25,2,0,99,362
0,루어스대평원1-8,24,49,루어스대평원1-7,24,2,0,99,362
0,루어스대평원1-8,23,49,루어스대평원1-7,23,2,0,99,362
0,루어스대평원1-8,22,49,루어스대평원1-7,22,2,0,99,362
0,루어스대평원1-8,21,49,루어스대평원1-7,21,2,0,99,362
0,루어스대평원1-8,20,49,루어스대평원1-7,20,2,0,99,362
0,루어스대평원1-8,19,49,루어스대평원1-7,19,2,0,99,362
0,루어스대평원1-8,18,49,루어스대평원1-7,18,2,0,99,362
0,루어스대평원1-8,17,49,루어스대평원1-7,17,2,0,99,362
0,루어스대평원1-8,16,49,루어스대평원1-7,16,2,0,99,362
0,루어스대평원1-8,15,49,루어스대평원1-7,15,2,0,99,362
0,루어스대평원1-8,14,49,루어스대평원1-7,14,2,0,99,362
0,루어스대평원1-8,13,49,루어스대평원1-7,13,2,0,99,362
0,루어스대평원1-8,12,49,루어스대평원1-7,12,2,0,99,362
0,루어스대평원1-8,11,49,루어스대평원1-7,11,2,0,99,362
0,루어스대평원1-8,10,49,루어스대평원1-7,10,2,0,99,362
0,루어스대평원1-8,9,49,루어스대평원1-7,9,2,0,99,362
0,루어스대평원1-8,8,49,루어스대평원1-7,8,2,0,99,362
0,루어스대평원1-8,7,49,루어스대평원1-7,7,2,0,99,362
0,루어스대평원1-8,6,49,루어스대평원1-7,6,2,0,99,362
0,루어스대평원1-8,5,49,루어스대평원1-7,5,2,0,99,362

0,루어스대평원1-8,45,0,루어스대평원1-9,45,47,0,99,362
0,루어스대평원1-8,44,0,루어스대평원1-9,44,47,0,99,362
0,루어스대평원1-8,43,0,루어스대평원1-9,43,47,0,99,362
0,루어스대평원1-8,42,0,루어스대평원1-9,42,47,0,99,362
0,루어스대평원1-8,41,0,루어스대평원1-9,41,47,0,99,362
0,루어스대평원1-8,40,0,루어스대평원1-9,40,47,0,99,362
0,루어스대평원1-8,39,0,루어스대평원1-9,39,47,0,99,362
0,루어스대평원1-8,38,0,루어스대평원1-9,38,47,0,99,362
0,루어스대평원1-8,37,0,루어스대평원1-9,37,47,0,99,362
0,루어스대평원1-8,36,0,루어스대평원1-9,36,47,0,99,362
0,루어스대평원1-8,35,0,루어스대평원1-9,35,47,0,99,362
0,루어스대평원1-8,34,0,루어스대평원1-9,34,47,0,99,362
0,루어스대평원1-8,33,0,루어스대평원1-9,33,47,0,99,362
0,루어스대평원1-8,32,0,루어스대평원1-9,32,47,0,99,362
0,루어스대평원1-8,31,0,루어스대평원1-9,31,47,0,99,362
0,루어스대평원1-8,30,0,루어스대평원1-9,30,47,0,99,362
0,루어스대평원1-8,29,0,루어스대평원1-9,29,47,0,99,362
0,루어스대평원1-8,28,0,루어스대평원1-9,28,47,0,99,362
0,루어스대평원1-8,27,0,루어스대평원1-9,27,47,0,99,362
0,루어스대평원1-8,26,0,루어스대평원1-9,26,47,0,99,362
0,루어스대평원1-8,25,0,루어스대평원1-9,25,47,0,99,362
0,루어스대평원1-8,24,0,루어스대평원1-9,24,47,0,99,362
0,루어스대평원1-8,23,0,루어스대평원1-9,23,47,0,99,362
0,루어스대평원1-8,22,0,루어스대평원1-9,22,47,0,99,362
0,루어스대평원1-8,21,0,루어스대평원1-9,21,47,0,99,362
0,루어스대평원1-8,20,0,루어스대평원1-9,20,47,0,99,362
0,루어스대평원1-8,19,0,루어스대평원1-9,19,47,0,99,362
0,루어스대평원1-8,18,0,루어스대평원1-9,18,47,0,99,362
0,루어스대평원1-8,17,0,루어스대평원1-9,17,47,0,99,362
0,루어스대평원1-8,16,0,루어스대평원1-9,16,47,0,99,362
0,루어스대평원1-8,15,0,루어스대평원1-9,15,47,0,99,362
0,루어스대평원1-8,14,0,루어스대평원1-9,14,47,0,99,362
0,루어스대평원1-8,13,0,루어스대평원1-9,13,47,0,99,362
0,루어스대평원1-8,12,0,루어스대평원1-9,12,47,0,99,362
0,루어스대평원1-8,11,0,루어스대평원1-9,11,47,0,99,362
0,루어스대평원1-8,10,0,루어스대평원1-9,10,47,0,99,362
0,루어스대평원1-8,9,0,루어스대평원1-9,9,47,0,99,362
0,루어스대평원1-8,8,0,루어스대평원1-9,8,47,0,99,362
0,루어스대평원1-8,7,0,루어스대평원1-9,7,47,0,99,362
0,루어스대평원1-8,6,0,루어스대평원1-9,6,47,0,99,362
0,루어스대평원1-8,5,0,루어스대평원1-9,5,47,0,99,362

0,루어스대평원1-9,45,49,루어스대평원1-8,45,2,0,99,362
0,루어스대평원1-9,44,49,루어스대평원1-8,44,2,0,99,362
0,루어스대평원1-9,43,49,루어스대평원1-8,43,2,0,99,362
0,루어스대평원1-9,42,49,루어스대평원1-8,42,2,0,99,362
0,루어스대평원1-9,41,49,루어스대평원1-8,41,2,0,99,362
0,루어스대평원1-9,40,49,루어스대평원1-8,40,2,0,99,362
0,루어스대평원1-9,39,49,루어스대평원1-8,39,2,0,99,362
0,루어스대평원1-9,38,49,루어스대평원1-8,38,2,0,99,362
0,루어스대평원1-9,37,49,루어스대평원1-8,37,2,0,99,362
0,루어스대평원1-9,36,49,루어스대평원1-8,36,2,0,99,362
0,루어스대평원1-9,35,49,루어스대평원1-8,35,2,0,99,362
0,루어스대평원1-9,34,49,루어스대평원1-8,34,2,0,99,362
0,루어스대평원1-9,33,49,루어스대평원1-8,33,2,0,99,362
0,루어스대평원1-9,32,49,루어스대평원1-8,32,2,0,99,362
0,루어스대평원1-9,31,49,루어스대평원1-8,31,2,0,99,362
0,루어스대평원1-9,30,49,루어스대평원1-8,30,2,0,99,362
0,루어스대평원1-9,29,49,루어스대평원1-8,29,2,0,99,362
0,루어스대평원1-9,28,49,루어스대평원1-8,28,2,0,99,362
0,루어스대평원1-9,27,49,루어스대평원1-8,27,2,0,99,362
0,루어스대평원1-9,26,49,루어스대평원1-8,26,2,0,99,362
0,루어스대평원1-9,25,49,루어스대평원1-8,25,2,0,99,362
0,루어스대평원1-9,24,49,루어스대평원1-8,24,2,0,99,362
0,루어스대평원1-9,23,49,루어스대평원1-8,23,2,0,99,362
0,루어스대평원1-9,22,49,루어스대평원1-8,22,2,0,99,362
0,루어스대평원1-9,21,49,루어스대평원1-8,21,2,0,99,362
0,루어스대평원1-9,20,49,루어스대평원1-8,20,2,0,99,362
0,루어스대평원1-9,19,49,루어스대평원1-8,19,2,0,99,362
0,루어스대평원1-9,18,49,루어스대평원1-8,18,2,0,99,362
0,루어스대평원1-9,17,49,루어스대평원1-8,17,2,0,99,362
0,루어스대평원1-9,16,49,루어스대평원1-8,16,2,0,99,362
0,루어스대평원1-9,15,49,루어스대평원1-8,15,2,0,99,362
0,루어스대평원1-9,14,49,루어스대평원1-8,14,2,0,99,362
0,루어스대평원1-9,13,49,루어스대평원1-8,13,2,0,99,362
0,루어스대평원1-9,12,49,루어스대평원1-8,12,2,0,99,362
0,루어스대평원1-9,11,49,루어스대평원1-8,11,2,0,99,362
0,루어스대평원1-9,10,49,루어스대평원1-8,10,2,0,99,362
0,루어스대평원1-9,9,49,루어스대평원1-8,9,2,0,99,362
0,루어스대평원1-9,8,49,루어스대평원1-8,8,2,0,99,362
0,루어스대평원1-9,7,49,루어스대평원1-8,7,2,0,99,362
0,루어스대평원1-9,6,49,루어스대평원1-8,6,2,0,99,362
0,루어스대평원1-9,5,49,루어스대평원1-8,5,2,0,99,362

0,루어스대평원2-0,45,0,루어스대평원2-1,45,47,0,99,362
0,루어스대평원2-0,44,0,루어스대평원2-1,44,47,0,99,362
0,루어스대평원2-0,43,0,루어스대평원2-1,43,47,0,99,362
0,루어스대평원2-0,42,0,루어스대평원2-1,42,47,0,99,362
0,루어스대평원2-0,41,0,루어스대평원2-1,41,47,0,99,362
0,루어스대평원2-0,40,0,루어스대평원2-1,40,47,0,99,362
0,루어스대평원2-0,39,0,루어스대평원2-1,39,47,0,99,362
0,루어스대평원2-0,38,0,루어스대평원2-1,38,47,0,99,362
0,루어스대평원2-0,37,0,루어스대평원2-1,37,47,0,99,362
0,루어스대평원2-0,36,0,루어스대평원2-1,36,47,0,99,362
0,루어스대평원2-0,35,0,루어스대평원2-1,35,47,0,99,362
0,루어스대평원2-0,34,0,루어스대평원2-1,34,47,0,99,362
0,루어스대평원2-0,33,0,루어스대평원2-1,33,47,0,99,362
0,루어스대평원2-0,32,0,루어스대평원2-1,32,47,0,99,362
0,루어스대평원2-0,31,0,루어스대평원2-1,31,47,0,99,362
0,루어스대평원2-0,30,0,루어스대평원2-1,30,47,0,99,362
0,루어스대평원2-0,29,0,루어스대평원2-1,29,47,0,99,362
0,루어스대평원2-0,28,0,루어스대평원2-1,28,47,0,99,362
0,루어스대평원2-0,27,0,루어스대평원2-1,27,47,0,99,362
0,루어스대평원2-0,26,0,루어스대평원2-1,26,47,0,99,362
0,루어스대평원2-0,25,0,루어스대평원2-1,25,47,0,99,362
0,루어스대평원2-0,24,0,루어스대평원2-1,24,47,0,99,362
0,루어스대평원2-0,23,0,루어스대평원2-1,23,47,0,99,362
0,루어스대평원2-0,22,0,루어스대평원2-1,22,47,0,99,362
0,루어스대평원2-0,21,0,루어스대평원2-1,21,47,0,99,362
0,루어스대평원2-0,20,0,루어스대평원2-1,20,47,0,99,362
0,루어스대평원2-0,19,0,루어스대평원2-1,19,47,0,99,362
0,루어스대평원2-0,18,0,루어스대평원2-1,18,47,0,99,362
0,루어스대평원2-0,17,0,루어스대평원2-1,17,47,0,99,362
0,루어스대평원2-0,16,0,루어스대평원2-1,16,47,0,99,362
0,루어스대평원2-0,15,0,루어스대평원2-1,15,47,0,99,362
0,루어스대평원2-0,14,0,루어스대평원2-1,14,47,0,99,362
0,루어스대평원2-0,13,0,루어스대평원2-1,13,47,0,99,362
0,루어스대평원2-0,12,0,루어스대평원2-1,12,47,0,99,362
0,루어스대평원2-0,11,0,루어스대평원2-1,11,47,0,99,362
0,루어스대평원2-0,10,0,루어스대평원2-1,10,47,0,99,362
0,루어스대평원2-0,9,0,루어스대평원2-1,9,47,0,99,362
0,루어스대평원2-0,8,0,루어스대평원2-1,8,47,0,99,362
0,루어스대평원2-0,7,0,루어스대평원2-1,7,47,0,99,362
0,루어스대평원2-0,6,0,루어스대평원2-1,6,47,0,99,362
0,루어스대평원2-0,5,0,루어스대평원2-1,5,47,0,99,362

0,루어스대평원2-1,45,49,루어스대평원2-0,45,2,0,99,362
0,루어스대평원2-1,44,49,루어스대평원2-0,44,2,0,99,362
0,루어스대평원2-1,43,49,루어스대평원2-0,43,2,0,99,362
0,루어스대평원2-1,42,49,루어스대평원2-0,42,2,0,99,362
0,루어스대평원2-1,41,49,루어스대평원2-0,41,2,0,99,362
0,루어스대평원2-1,40,49,루어스대평원2-0,40,2,0,99,362
0,루어스대평원2-1,39,49,루어스대평원2-0,39,2,0,99,362
0,루어스대평원2-1,38,49,루어스대평원2-0,38,2,0,99,362
0,루어스대평원2-1,37,49,루어스대평원2-0,37,2,0,99,362
0,루어스대평원2-1,36,49,루어스대평원2-0,36,2,0,99,362
0,루어스대평원2-1,35,49,루어스대평원2-0,35,2,0,99,362
0,루어스대평원2-1,34,49,루어스대평원2-0,34,2,0,99,362
0,루어스대평원2-1,33,49,루어스대평원2-0,33,2,0,99,362
0,루어스대평원2-1,32,49,루어스대평원2-0,32,2,0,99,362
0,루어스대평원2-1,31,49,루어스대평원2-0,31,2,0,99,362
0,루어스대평원2-1,30,49,루어스대평원2-0,30,2,0,99,362
0,루어스대평원2-1,29,49,루어스대평원2-0,29,2,0,99,362
0,루어스대평원2-1,28,49,루어스대평원2-0,28,2,0,99,362
0,루어스대평원2-1,27,49,루어스대평원2-0,27,2,0,99,362
0,루어스대평원2-1,26,49,루어스대평원2-0,26,2,0,99,362
0,루어스대평원2-1,25,49,루어스대평원2-0,25,2,0,99,362
0,루어스대평원2-1,24,49,루어스대평원2-0,24,2,0,99,362
0,루어스대평원2-1,23,49,루어스대평원2-0,23,2,0,99,362
0,루어스대평원2-1,22,49,루어스대평원2-0,22,2,0,99,362
0,루어스대평원2-1,21,49,루어스대평원2-0,21,2,0,99,362
0,루어스대평원2-1,20,49,루어스대평원2-0,20,2,0,99,362
0,루어스대평원2-1,19,49,루어스대평원2-0,19,2,0,99,362
0,루어스대평원2-1,18,49,루어스대평원2-0,18,2,0,99,362
0,루어스대평원2-1,17,49,루어스대평원2-0,17,2,0,99,362
0,루어스대평원2-1,16,49,루어스대평원2-0,16,2,0,99,362
0,루어스대평원2-1,15,49,루어스대평원2-0,15,2,0,99,362
0,루어스대평원2-1,14,49,루어스대평원2-0,14,2,0,99,362
0,루어스대평원2-1,13,49,루어스대평원2-0,13,2,0,99,362
0,루어스대평원2-1,12,49,루어스대평원2-0,12,2,0,99,362
0,루어스대평원2-1,11,49,루어스대평원2-0,11,2,0,99,362
0,루어스대평원2-1,10,49,루어스대평원2-0,10,2,0,99,362
0,루어스대평원2-1,9,49,루어스대평원2-0,9,2,0,99,362
0,루어스대평원2-1,8,49,루어스대평원2-0,8,2,0,99,362
0,루어스대평원2-1,7,49,루어스대평원2-0,7,2,0,99,362
0,루어스대평원2-1,6,49,루어스대평원2-0,6,2,0,99,362
0,루어스대평원2-1,5,49,루어스대평원2-0,5,2,0,99,362

0,루어스대평원2-1,45,0,루어스대평원2-2,45,47,0,99,362
0,루어스대평원2-1,44,0,루어스대평원2-2,44,47,0,99,362
0,루어스대평원2-1,43,0,루어스대평원2-2,43,47,0,99,362
0,루어스대평원2-1,42,0,루어스대평원2-2,42,47,0,99,362
0,루어스대평원2-1,41,0,루어스대평원2-2,41,47,0,99,362
0,루어스대평원2-1,40,0,루어스대평원2-2,40,47,0,99,362
0,루어스대평원2-1,39,0,루어스대평원2-2,39,47,0,99,362
0,루어스대평원2-1,38,0,루어스대평원2-2,38,47,0,99,362
0,루어스대평원2-1,37,0,루어스대평원2-2,37,47,0,99,362
0,루어스대평원2-1,36,0,루어스대평원2-2,36,47,0,99,362
0,루어스대평원2-1,35,0,루어스대평원2-2,35,47,0,99,362
0,루어스대평원2-1,34,0,루어스대평원2-2,34,47,0,99,362
0,루어스대평원2-1,33,0,루어스대평원2-2,33,47,0,99,362
0,루어스대평원2-1,32,0,루어스대평원2-2,32,47,0,99,362
0,루어스대평원2-1,31,0,루어스대평원2-2,31,47,0,99,362
0,루어스대평원2-1,30,0,루어스대평원2-2,30,47,0,99,362
0,루어스대평원2-1,29,0,루어스대평원2-2,29,47,0,99,362
0,루어스대평원2-1,28,0,루어스대평원2-2,28,47,0,99,362
0,루어스대평원2-1,27,0,루어스대평원2-2,27,47,0,99,362
0,루어스대평원2-1,26,0,루어스대평원2-2,26,47,0,99,362
0,루어스대평원2-1,25,0,루어스대평원2-2,25,47,0,99,362
0,루어스대평원2-1,24,0,루어스대평원2-2,24,47,0,99,362
0,루어스대평원2-1,23,0,루어스대평원2-2,23,47,0,99,362
0,루어스대평원2-1,22,0,루어스대평원2-2,22,47,0,99,362
0,루어스대평원2-1,21,0,루어스대평원2-2,21,47,0,99,362
0,루어스대평원2-1,20,0,루어스대평원2-2,20,47,0,99,362
0,루어스대평원2-1,19,0,루어스대평원2-2,19,47,0,99,362
0,루어스대평원2-1,18,0,루어스대평원2-2,18,47,0,99,362
0,루어스대평원2-1,17,0,루어스대평원2-2,17,47,0,99,362
0,루어스대평원2-1,16,0,루어스대평원2-2,16,47,0,99,362
0,루어스대평원2-1,15,0,루어스대평원2-2,15,47,0,99,362
0,루어스대평원2-1,14,0,루어스대평원2-2,14,47,0,99,362
0,루어스대평원2-1,13,0,루어스대평원2-2,13,47,0,99,362
0,루어스대평원2-1,12,0,루어스대평원2-2,12,47,0,99,362
0,루어스대평원2-1,11,0,루어스대평원2-2,11,47,0,99,362
0,루어스대평원2-1,10,0,루어스대평원2-2,10,47,0,99,362
0,루어스대평원2-1,9,0,루어스대평원2-2,9,47,0,99,362
0,루어스대평원2-1,8,0,루어스대평원2-2,8,47,0,99,362
0,루어스대평원2-1,7,0,루어스대평원2-2,7,47,0,99,362
0,루어스대평원2-1,6,0,루어스대평원2-2,6,47,0,99,362
0,루어스대평원2-1,5,0,루어스대평원2-2,5,47,0,99,362

0,루어스대평원2-2,45,49,루어스대평원2-1,45,2,0,99,362
0,루어스대평원2-2,44,49,루어스대평원2-1,44,2,0,99,362
0,루어스대평원2-2,43,49,루어스대평원2-1,43,2,0,99,362
0,루어스대평원2-2,42,49,루어스대평원2-1,42,2,0,99,362
0,루어스대평원2-2,41,49,루어스대평원2-1,41,2,0,99,362
0,루어스대평원2-2,40,49,루어스대평원2-1,40,2,0,99,362
0,루어스대평원2-2,39,49,루어스대평원2-1,39,2,0,99,362
0,루어스대평원2-2,38,49,루어스대평원2-1,38,2,0,99,362
0,루어스대평원2-2,37,49,루어스대평원2-1,37,2,0,99,362
0,루어스대평원2-2,36,49,루어스대평원2-1,36,2,0,99,362
0,루어스대평원2-2,35,49,루어스대평원2-1,35,2,0,99,362
0,루어스대평원2-2,34,49,루어스대평원2-1,34,2,0,99,362
0,루어스대평원2-2,33,49,루어스대평원2-1,33,2,0,99,362
0,루어스대평원2-2,32,49,루어스대평원2-1,32,2,0,99,362
0,루어스대평원2-2,31,49,루어스대평원2-1,31,2,0,99,362
0,루어스대평원2-2,30,49,루어스대평원2-1,30,2,0,99,362
0,루어스대평원2-2,29,49,루어스대평원2-1,29,2,0,99,362
0,루어스대평원2-2,28,49,루어스대평원2-1,28,2,0,99,362
0,루어스대평원2-2,27,49,루어스대평원2-1,27,2,0,99,362
0,루어스대평원2-2,26,49,루어스대평원2-1,26,2,0,99,362
0,루어스대평원2-2,25,49,루어스대평원2-1,25,2,0,99,362
0,루어스대평원2-2,24,49,루어스대평원2-1,24,2,0,99,362
0,루어스대평원2-2,23,49,루어스대평원2-1,23,2,0,99,362
0,루어스대평원2-2,22,49,루어스대평원2-1,22,2,0,99,362
0,루어스대평원2-2,21,49,루어스대평원2-1,21,2,0,99,362
0,루어스대평원2-2,20,49,루어스대평원2-1,20,2,0,99,362
0,루어스대평원2-2,19,49,루어스대평원2-1,19,2,0,99,362
0,루어스대평원2-2,18,49,루어스대평원2-1,18,2,0,99,362
0,루어스대평원2-2,17,49,루어스대평원2-1,17,2,0,99,362
0,루어스대평원2-2,16,49,루어스대평원2-1,16,2,0,99,362
0,루어스대평원2-2,15,49,루어스대평원2-1,15,2,0,99,362
0,루어스대평원2-2,14,49,루어스대평원2-1,14,2,0,99,362
0,루어스대평원2-2,13,49,루어스대평원2-1,13,2,0,99,362
0,루어스대평원2-2,12,49,루어스대평원2-1,12,2,0,99,362
0,루어스대평원2-2,11,49,루어스대평원2-1,11,2,0,99,362
0,루어스대평원2-2,10,49,루어스대평원2-1,10,2,0,99,362
0,루어스대평원2-2,9,49,루어스대평원2-1,9,2,0,99,362
0,루어스대평원2-2,8,49,루어스대평원2-1,8,2,0,99,362
0,루어스대평원2-2,7,49,루어스대평원2-1,7,2,0,99,362
0,루어스대평원2-2,6,49,루어스대평원2-1,6,2,0,99,362
0,루어스대평원2-2,5,49,루어스대평원2-1,5,2,0,99,362

0,루어스대평원2-2,45,0,루어스대평원2-3,45,47,0,99,362
0,루어스대평원2-2,44,0,루어스대평원2-3,44,47,0,99,362
0,루어스대평원2-2,43,0,루어스대평원2-3,43,47,0,99,362
0,루어스대평원2-2,42,0,루어스대평원2-3,42,47,0,99,362
0,루어스대평원2-2,41,0,루어스대평원2-3,41,47,0,99,362
0,루어스대평원2-2,40,0,루어스대평원2-3,40,47,0,99,362
0,루어스대평원2-2,39,0,루어스대평원2-3,39,47,0,99,362
0,루어스대평원2-2,38,0,루어스대평원2-3,38,47,0,99,362
0,루어스대평원2-2,37,0,루어스대평원2-3,37,47,0,99,362
0,루어스대평원2-2,36,0,루어스대평원2-3,36,47,0,99,362
0,루어스대평원2-2,35,0,루어스대평원2-3,35,47,0,99,362
0,루어스대평원2-2,34,0,루어스대평원2-3,34,47,0,99,362
0,루어스대평원2-2,33,0,루어스대평원2-3,33,47,0,99,362
0,루어스대평원2-2,32,0,루어스대평원2-3,32,47,0,99,362
0,루어스대평원2-2,31,0,루어스대평원2-3,31,47,0,99,362
0,루어스대평원2-2,30,0,루어스대평원2-3,30,47,0,99,362
0,루어스대평원2-2,29,0,루어스대평원2-3,29,47,0,99,362
0,루어스대평원2-2,28,0,루어스대평원2-3,28,47,0,99,362
0,루어스대평원2-2,27,0,루어스대평원2-3,27,47,0,99,362
0,루어스대평원2-2,26,0,루어스대평원2-3,26,47,0,99,362
0,루어스대평원2-2,25,0,루어스대평원2-3,25,47,0,99,362
0,루어스대평원2-2,24,0,루어스대평원2-3,24,47,0,99,362
0,루어스대평원2-2,23,0,루어스대평원2-3,23,47,0,99,362
0,루어스대평원2-2,22,0,루어스대평원2-3,22,47,0,99,362
0,루어스대평원2-2,21,0,루어스대평원2-3,21,47,0,99,362
0,루어스대평원2-2,20,0,루어스대평원2-3,20,47,0,99,362
0,루어스대평원2-2,19,0,루어스대평원2-3,19,47,0,99,362
0,루어스대평원2-2,18,0,루어스대평원2-3,18,47,0,99,362
0,루어스대평원2-2,17,0,루어스대평원2-3,17,47,0,99,362
0,루어스대평원2-2,16,0,루어스대평원2-3,16,47,0,99,362
0,루어스대평원2-2,15,0,루어스대평원2-3,15,47,0,99,362
0,루어스대평원2-2,14,0,루어스대평원2-3,14,47,0,99,362
0,루어스대평원2-2,13,0,루어스대평원2-3,13,47,0,99,362
0,루어스대평원2-2,12,0,루어스대평원2-3,12,47,0,99,362
0,루어스대평원2-2,11,0,루어스대평원2-3,11,47,0,99,362
0,루어스대평원2-2,10,0,루어스대평원2-3,10,47,0,99,362
0,루어스대평원2-2,9,0,루어스대평원2-3,9,47,0,99,362
0,루어스대평원2-2,8,0,루어스대평원2-3,8,47,0,99,362
0,루어스대평원2-2,7,0,루어스대평원2-3,7,47,0,99,362
0,루어스대평원2-2,6,0,루어스대평원2-3,6,47,0,99,362
0,루어스대평원2-2,5,0,루어스대평원2-3,5,47,0,99,362

0,루어스대평원2-3,45,49,루어스대평원2-2,45,2,0,99,362
0,루어스대평원2-3,44,49,루어스대평원2-2,44,2,0,99,362
0,루어스대평원2-3,43,49,루어스대평원2-2,43,2,0,99,362
0,루어스대평원2-3,42,49,루어스대평원2-2,42,2,0,99,362
0,루어스대평원2-3,41,49,루어스대평원2-2,41,2,0,99,362
0,루어스대평원2-3,40,49,루어스대평원2-2,40,2,0,99,362
0,루어스대평원2-3,39,49,루어스대평원2-2,39,2,0,99,362
0,루어스대평원2-3,38,49,루어스대평원2-2,38,2,0,99,362
0,루어스대평원2-3,37,49,루어스대평원2-2,37,2,0,99,362
0,루어스대평원2-3,36,49,루어스대평원2-2,36,2,0,99,362
0,루어스대평원2-3,35,49,루어스대평원2-2,35,2,0,99,362
0,루어스대평원2-3,34,49,루어스대평원2-2,34,2,0,99,362
0,루어스대평원2-3,33,49,루어스대평원2-2,33,2,0,99,362
0,루어스대평원2-3,32,49,루어스대평원2-2,32,2,0,99,362
0,루어스대평원2-3,31,49,루어스대평원2-2,31,2,0,99,362
0,루어스대평원2-3,30,49,루어스대평원2-2,30,2,0,99,362
0,루어스대평원2-3,29,49,루어스대평원2-2,29,2,0,99,362
0,루어스대평원2-3,28,49,루어스대평원2-2,28,2,0,99,362
0,루어스대평원2-3,27,49,루어스대평원2-2,27,2,0,99,362
0,루어스대평원2-3,26,49,루어스대평원2-2,26,2,0,99,362
0,루어스대평원2-3,25,49,루어스대평원2-2,25,2,0,99,362
0,루어스대평원2-3,24,49,루어스대평원2-2,24,2,0,99,362
0,루어스대평원2-3,23,49,루어스대평원2-2,23,2,0,99,362
0,루어스대평원2-3,22,49,루어스대평원2-2,22,2,0,99,362
0,루어스대평원2-3,21,49,루어스대평원2-2,21,2,0,99,362
0,루어스대평원2-3,20,49,루어스대평원2-2,20,2,0,99,362
0,루어스대평원2-3,19,49,루어스대평원2-2,19,2,0,99,362
0,루어스대평원2-3,18,49,루어스대평원2-2,18,2,0,99,362
0,루어스대평원2-3,17,49,루어스대평원2-2,17,2,0,99,362
0,루어스대평원2-3,16,49,루어스대평원2-2,16,2,0,99,362
0,루어스대평원2-3,15,49,루어스대평원2-2,15,2,0,99,362
0,루어스대평원2-3,14,49,루어스대평원2-2,14,2,0,99,362
0,루어스대평원2-3,13,49,루어스대평원2-2,13,2,0,99,362
0,루어스대평원2-3,12,49,루어스대평원2-2,12,2,0,99,362
0,루어스대평원2-3,11,49,루어스대평원2-2,11,2,0,99,362
0,루어스대평원2-3,10,49,루어스대평원2-2,10,2,0,99,362
0,루어스대평원2-3,9,49,루어스대평원2-2,9,2,0,99,362
0,루어스대평원2-3,8,49,루어스대평원2-2,8,2,0,99,362
0,루어스대평원2-3,7,49,루어스대평원2-2,7,2,0,99,362
0,루어스대평원2-3,6,49,루어스대평원2-2,6,2,0,99,362
0,루어스대평원2-3,5,49,루어스대평원2-2,5,2,0,99,362

0,루어스대평원2-3,45,0,루어스대평원2-4,45,47,0,99,362
0,루어스대평원2-3,44,0,루어스대평원2-4,44,47,0,99,362
0,루어스대평원2-3,43,0,루어스대평원2-4,43,47,0,99,362
0,루어스대평원2-3,42,0,루어스대평원2-4,42,47,0,99,362
0,루어스대평원2-3,41,0,루어스대평원2-4,41,47,0,99,362
0,루어스대평원2-3,40,0,루어스대평원2-4,40,47,0,99,362
0,루어스대평원2-3,39,0,루어스대평원2-4,39,47,0,99,362
0,루어스대평원2-3,38,0,루어스대평원2-4,38,47,0,99,362
0,루어스대평원2-3,37,0,루어스대평원2-4,37,47,0,99,362
0,루어스대평원2-3,36,0,루어스대평원2-4,36,47,0,99,362
0,루어스대평원2-3,35,0,루어스대평원2-4,35,47,0,99,362
0,루어스대평원2-3,34,0,루어스대평원2-4,34,47,0,99,362
0,루어스대평원2-3,33,0,루어스대평원2-4,33,47,0,99,362
0,루어스대평원2-3,32,0,루어스대평원2-4,32,47,0,99,362
0,루어스대평원2-3,31,0,루어스대평원2-4,31,47,0,99,362
0,루어스대평원2-3,30,0,루어스대평원2-4,30,47,0,99,362
0,루어스대평원2-3,29,0,루어스대평원2-4,29,47,0,99,362
0,루어스대평원2-3,28,0,루어스대평원2-4,28,47,0,99,362
0,루어스대평원2-3,27,0,루어스대평원2-4,27,47,0,99,362
0,루어스대평원2-3,26,0,루어스대평원2-4,26,47,0,99,362
0,루어스대평원2-3,25,0,루어스대평원2-4,25,47,0,99,362
0,루어스대평원2-3,24,0,루어스대평원2-4,24,47,0,99,362
0,루어스대평원2-3,23,0,루어스대평원2-4,23,47,0,99,362
0,루어스대평원2-3,22,0,루어스대평원2-4,22,47,0,99,362
0,루어스대평원2-3,21,0,루어스대평원2-4,21,47,0,99,362
0,루어스대평원2-3,20,0,루어스대평원2-4,20,47,0,99,362
0,루어스대평원2-3,19,0,루어스대평원2-4,19,47,0,99,362
0,루어스대평원2-3,18,0,루어스대평원2-4,18,47,0,99,362
0,루어스대평원2-3,17,0,루어스대평원2-4,17,47,0,99,362
0,루어스대평원2-3,16,0,루어스대평원2-4,16,47,0,99,362
0,루어스대평원2-3,15,0,루어스대평원2-4,15,47,0,99,362
0,루어스대평원2-3,14,0,루어스대평원2-4,14,47,0,99,362
0,루어스대평원2-3,13,0,루어스대평원2-4,13,47,0,99,362
0,루어스대평원2-3,12,0,루어스대평원2-4,12,47,0,99,362
0,루어스대평원2-3,11,0,루어스대평원2-4,11,47,0,99,362
0,루어스대평원2-3,10,0,루어스대평원2-4,10,47,0,99,362
0,루어스대평원2-3,9,0,루어스대평원2-4,9,47,0,99,362
0,루어스대평원2-3,8,0,루어스대평원2-4,8,47,0,99,362
0,루어스대평원2-3,7,0,루어스대평원2-4,7,47,0,99,362
0,루어스대평원2-3,6,0,루어스대평원2-4,6,47,0,99,362
0,루어스대평원2-3,5,0,루어스대평원2-4,5,47,0,99,362

0,루어스대평원2-4,45,49,루어스대평원2-3,45,2,0,99,362
0,루어스대평원2-4,44,49,루어스대평원2-3,44,2,0,99,362
0,루어스대평원2-4,43,49,루어스대평원2-3,43,2,0,99,362
0,루어스대평원2-4,42,49,루어스대평원2-3,42,2,0,99,362
0,루어스대평원2-4,41,49,루어스대평원2-3,41,2,0,99,362
0,루어스대평원2-4,40,49,루어스대평원2-3,40,2,0,99,362
0,루어스대평원2-4,39,49,루어스대평원2-3,39,2,0,99,362
0,루어스대평원2-4,38,49,루어스대평원2-3,38,2,0,99,362
0,루어스대평원2-4,37,49,루어스대평원2-3,37,2,0,99,362
0,루어스대평원2-4,36,49,루어스대평원2-3,36,2,0,99,362
0,루어스대평원2-4,35,49,루어스대평원2-3,35,2,0,99,362
0,루어스대평원2-4,34,49,루어스대평원2-3,34,2,0,99,362
0,루어스대평원2-4,33,49,루어스대평원2-3,33,2,0,99,362
0,루어스대평원2-4,32,49,루어스대평원2-3,32,2,0,99,362
0,루어스대평원2-4,31,49,루어스대평원2-3,31,2,0,99,362
0,루어스대평원2-4,30,49,루어스대평원2-3,30,2,0,99,362
0,루어스대평원2-4,29,49,루어스대평원2-3,29,2,0,99,362
0,루어스대평원2-4,28,49,루어스대평원2-3,28,2,0,99,362
0,루어스대평원2-4,27,49,루어스대평원2-3,27,2,0,99,362
0,루어스대평원2-4,26,49,루어스대평원2-3,26,2,0,99,362
0,루어스대평원2-4,25,49,루어스대평원2-3,25,2,0,99,362
0,루어스대평원2-4,24,49,루어스대평원2-3,24,2,0,99,362
0,루어스대평원2-4,23,49,루어스대평원2-3,23,2,0,99,362
0,루어스대평원2-4,22,49,루어스대평원2-3,22,2,0,99,362
0,루어스대평원2-4,21,49,루어스대평원2-3,21,2,0,99,362
0,루어스대평원2-4,20,49,루어스대평원2-3,20,2,0,99,362
0,루어스대평원2-4,19,49,루어스대평원2-3,19,2,0,99,362
0,루어스대평원2-4,18,49,루어스대평원2-3,18,2,0,99,362
0,루어스대평원2-4,17,49,루어스대평원2-3,17,2,0,99,362
0,루어스대평원2-4,16,49,루어스대평원2-3,16,2,0,99,362
0,루어스대평원2-4,15,49,루어스대평원2-3,15,2,0,99,362
0,루어스대평원2-4,14,49,루어스대평원2-3,14,2,0,99,362
0,루어스대평원2-4,13,49,루어스대평원2-3,13,2,0,99,362
0,루어스대평원2-4,12,49,루어스대평원2-3,12,2,0,99,362
0,루어스대평원2-4,11,49,루어스대평원2-3,11,2,0,99,362
0,루어스대평원2-4,10,49,루어스대평원2-3,10,2,0,99,362
0,루어스대평원2-4,9,49,루어스대평원2-3,9,2,0,99,362
0,루어스대평원2-4,8,49,루어스대평원2-3,8,2,0,99,362
0,루어스대평원2-4,7,49,루어스대평원2-3,7,2,0,99,362
0,루어스대평원2-4,6,49,루어스대평원2-3,6,2,0,99,362
0,루어스대평원2-4,5,49,루어스대평원2-3,5,2,0,99,362

0,루어스대평원2-4,45,0,루어스대평원2-5,45,47,0,99,362
0,루어스대평원2-4,44,0,루어스대평원2-5,44,47,0,99,362
0,루어스대평원2-4,43,0,루어스대평원2-5,43,47,0,99,362
0,루어스대평원2-4,42,0,루어스대평원2-5,42,47,0,99,362
0,루어스대평원2-4,41,0,루어스대평원2-5,41,47,0,99,362
0,루어스대평원2-4,40,0,루어스대평원2-5,40,47,0,99,362
0,루어스대평원2-4,39,0,루어스대평원2-5,39,47,0,99,362
0,루어스대평원2-4,38,0,루어스대평원2-5,38,47,0,99,362
0,루어스대평원2-4,37,0,루어스대평원2-5,37,47,0,99,362
0,루어스대평원2-4,36,0,루어스대평원2-5,36,47,0,99,362
0,루어스대평원2-4,35,0,루어스대평원2-5,35,47,0,99,362
0,루어스대평원2-4,34,0,루어스대평원2-5,34,47,0,99,362
0,루어스대평원2-4,33,0,루어스대평원2-5,33,47,0,99,362
0,루어스대평원2-4,32,0,루어스대평원2-5,32,47,0,99,362
0,루어스대평원2-4,31,0,루어스대평원2-5,31,47,0,99,362
0,루어스대평원2-4,30,0,루어스대평원2-5,30,47,0,99,362
0,루어스대평원2-4,29,0,루어스대평원2-5,29,47,0,99,362
0,루어스대평원2-4,28,0,루어스대평원2-5,28,47,0,99,362
0,루어스대평원2-4,27,0,루어스대평원2-5,27,47,0,99,362
0,루어스대평원2-4,26,0,루어스대평원2-5,26,47,0,99,362
0,루어스대평원2-4,25,0,루어스대평원2-5,25,47,0,99,362
0,루어스대평원2-4,24,0,루어스대평원2-5,24,47,0,99,362
0,루어스대평원2-4,23,0,루어스대평원2-5,23,47,0,99,362
0,루어스대평원2-4,22,0,루어스대평원2-5,22,47,0,99,362
0,루어스대평원2-4,21,0,루어스대평원2-5,21,47,0,99,362
0,루어스대평원2-4,20,0,루어스대평원2-5,20,47,0,99,362
0,루어스대평원2-4,19,0,루어스대평원2-5,19,47,0,99,362
0,루어스대평원2-4,18,0,루어스대평원2-5,18,47,0,99,362
0,루어스대평원2-4,17,0,루어스대평원2-5,17,47,0,99,362
0,루어스대평원2-4,16,0,루어스대평원2-5,16,47,0,99,362
0,루어스대평원2-4,15,0,루어스대평원2-5,15,47,0,99,362
0,루어스대평원2-4,14,0,루어스대평원2-5,14,47,0,99,362
0,루어스대평원2-4,13,0,루어스대평원2-5,13,47,0,99,362
0,루어스대평원2-4,12,0,루어스대평원2-5,12,47,0,99,362
0,루어스대평원2-4,11,0,루어스대평원2-5,11,47,0,99,362
0,루어스대평원2-4,10,0,루어스대평원2-5,10,47,0,99,362
0,루어스대평원2-4,9,0,루어스대평원2-5,9,47,0,99,362
0,루어스대평원2-4,8,0,루어스대평원2-5,8,47,0,99,362
0,루어스대평원2-4,7,0,루어스대평원2-5,7,47,0,99,362
0,루어스대평원2-4,6,0,루어스대평원2-5,6,47,0,99,362
0,루어스대평원2-4,5,0,루어스대평원2-5,5,47,0,99,362

0,루어스대평원2-5,45,49,루어스대평원2-4,45,2,0,99,362
0,루어스대평원2-5,44,49,루어스대평원2-4,44,2,0,99,362
0,루어스대평원2-5,43,49,루어스대평원2-4,43,2,0,99,362
0,루어스대평원2-5,42,49,루어스대평원2-4,42,2,0,99,362
0,루어스대평원2-5,41,49,루어스대평원2-4,41,2,0,99,362
0,루어스대평원2-5,40,49,루어스대평원2-4,40,2,0,99,362
0,루어스대평원2-5,39,49,루어스대평원2-4,39,2,0,99,362
0,루어스대평원2-5,38,49,루어스대평원2-4,38,2,0,99,362
0,루어스대평원2-5,37,49,루어스대평원2-4,37,2,0,99,362
0,루어스대평원2-5,36,49,루어스대평원2-4,36,2,0,99,362
0,루어스대평원2-5,35,49,루어스대평원2-4,35,2,0,99,362
0,루어스대평원2-5,34,49,루어스대평원2-4,34,2,0,99,362
0,루어스대평원2-5,33,49,루어스대평원2-4,33,2,0,99,362
0,루어스대평원2-5,32,49,루어스대평원2-4,32,2,0,99,362
0,루어스대평원2-5,31,49,루어스대평원2-4,31,2,0,99,362
0,루어스대평원2-5,30,49,루어스대평원2-4,30,2,0,99,362
0,루어스대평원2-5,29,49,루어스대평원2-4,29,2,0,99,362
0,루어스대평원2-5,28,49,루어스대평원2-4,28,2,0,99,362
0,루어스대평원2-5,27,49,루어스대평원2-4,27,2,0,99,362
0,루어스대평원2-5,26,49,루어스대평원2-4,26,2,0,99,362
0,루어스대평원2-5,25,49,루어스대평원2-4,25,2,0,99,362
0,루어스대평원2-5,24,49,루어스대평원2-4,24,2,0,99,362
0,루어스대평원2-5,23,49,루어스대평원2-4,23,2,0,99,362
0,루어스대평원2-5,22,49,루어스대평원2-4,22,2,0,99,362
0,루어스대평원2-5,21,49,루어스대평원2-4,21,2,0,99,362
0,루어스대평원2-5,20,49,루어스대평원2-4,20,2,0,99,362
0,루어스대평원2-5,19,49,루어스대평원2-4,19,2,0,99,362
0,루어스대평원2-5,18,49,루어스대평원2-4,18,2,0,99,362
0,루어스대평원2-5,17,49,루어스대평원2-4,17,2,0,99,362
0,루어스대평원2-5,16,49,루어스대평원2-4,16,2,0,99,362
0,루어스대평원2-5,15,49,루어스대평원2-4,15,2,0,99,362
0,루어스대평원2-5,14,49,루어스대평원2-4,14,2,0,99,362
0,루어스대평원2-5,13,49,루어스대평원2-4,13,2,0,99,362
0,루어스대평원2-5,12,49,루어스대평원2-4,12,2,0,99,362
0,루어스대평원2-5,11,49,루어스대평원2-4,11,2,0,99,362
0,루어스대평원2-5,10,49,루어스대평원2-4,10,2,0,99,362
0,루어스대평원2-5,9,49,루어스대평원2-4,9,2,0,99,362
0,루어스대평원2-5,8,49,루어스대평원2-4,8,2,0,99,362
0,루어스대평원2-5,7,49,루어스대평원2-4,7,2,0,99,362
0,루어스대평원2-5,6,49,루어스대평원2-4,6,2,0,99,362
0,루어스대평원2-5,5,49,루어스대평원2-4,5,2,0,99,362

0,루어스대평원2-5,45,0,루어스대평원2-6,45,47,0,99,362
0,루어스대평원2-5,44,0,루어스대평원2-6,44,47,0,99,362
0,루어스대평원2-5,43,0,루어스대평원2-6,43,47,0,99,362
0,루어스대평원2-5,42,0,루어스대평원2-6,42,47,0,99,362
0,루어스대평원2-5,41,0,루어스대평원2-6,41,47,0,99,362
0,루어스대평원2-5,40,0,루어스대평원2-6,40,47,0,99,362
0,루어스대평원2-5,39,0,루어스대평원2-6,39,47,0,99,362
0,루어스대평원2-5,38,0,루어스대평원2-6,38,47,0,99,362
0,루어스대평원2-5,37,0,루어스대평원2-6,37,47,0,99,362
0,루어스대평원2-5,36,0,루어스대평원2-6,36,47,0,99,362
0,루어스대평원2-5,35,0,루어스대평원2-6,35,47,0,99,362
0,루어스대평원2-5,34,0,루어스대평원2-6,34,47,0,99,362
0,루어스대평원2-5,33,0,루어스대평원2-6,33,47,0,99,362
0,루어스대평원2-5,32,0,루어스대평원2-6,32,47,0,99,362
0,루어스대평원2-5,31,0,루어스대평원2-6,31,47,0,99,362
0,루어스대평원2-5,30,0,루어스대평원2-6,30,47,0,99,362
0,루어스대평원2-5,29,0,루어스대평원2-6,29,47,0,99,362
0,루어스대평원2-5,28,0,루어스대평원2-6,28,47,0,99,362
0,루어스대평원2-5,27,0,루어스대평원2-6,27,47,0,99,362
0,루어스대평원2-5,26,0,루어스대평원2-6,26,47,0,99,362
0,루어스대평원2-5,25,0,루어스대평원2-6,25,47,0,99,362
0,루어스대평원2-5,24,0,루어스대평원2-6,24,47,0,99,362
0,루어스대평원2-5,23,0,루어스대평원2-6,23,47,0,99,362
0,루어스대평원2-5,22,0,루어스대평원2-6,22,47,0,99,362
0,루어스대평원2-5,21,0,루어스대평원2-6,21,47,0,99,362
0,루어스대평원2-5,20,0,루어스대평원2-6,20,47,0,99,362
0,루어스대평원2-5,19,0,루어스대평원2-6,19,47,0,99,362
0,루어스대평원2-5,18,0,루어스대평원2-6,18,47,0,99,362
0,루어스대평원2-5,17,0,루어스대평원2-6,17,47,0,99,362
0,루어스대평원2-5,16,0,루어스대평원2-6,16,47,0,99,362
0,루어스대평원2-5,15,0,루어스대평원2-6,15,47,0,99,362
0,루어스대평원2-5,14,0,루어스대평원2-6,14,47,0,99,362
0,루어스대평원2-5,13,0,루어스대평원2-6,13,47,0,99,362
0,루어스대평원2-5,12,0,루어스대평원2-6,12,47,0,99,362
0,루어스대평원2-5,11,0,루어스대평원2-6,11,47,0,99,362
0,루어스대평원2-5,10,0,루어스대평원2-6,10,47,0,99,362
0,루어스대평원2-5,9,0,루어스대평원2-6,9,47,0,99,362
0,루어스대평원2-5,8,0,루어스대평원2-6,8,47,0,99,362
0,루어스대평원2-5,7,0,루어스대평원2-6,7,47,0,99,362
0,루어스대평원2-5,6,0,루어스대평원2-6,6,47,0,99,362
0,루어스대평원2-5,5,0,루어스대평원2-6,5,47,0,99,362

0,루어스대평원2-6,45,49,루어스대평원2-5,45,2,0,99,362
0,루어스대평원2-6,44,49,루어스대평원2-5,44,2,0,99,362
0,루어스대평원2-6,43,49,루어스대평원2-5,43,2,0,99,362
0,루어스대평원2-6,42,49,루어스대평원2-5,42,2,0,99,362
0,루어스대평원2-6,41,49,루어스대평원2-5,41,2,0,99,362
0,루어스대평원2-6,40,49,루어스대평원2-5,40,2,0,99,362
0,루어스대평원2-6,39,49,루어스대평원2-5,39,2,0,99,362
0,루어스대평원2-6,38,49,루어스대평원2-5,38,2,0,99,362
0,루어스대평원2-6,37,49,루어스대평원2-5,37,2,0,99,362
0,루어스대평원2-6,36,49,루어스대평원2-5,36,2,0,99,362
0,루어스대평원2-6,35,49,루어스대평원2-5,35,2,0,99,362
0,루어스대평원2-6,34,49,루어스대평원2-5,34,2,0,99,362
0,루어스대평원2-6,33,49,루어스대평원2-5,33,2,0,99,362
0,루어스대평원2-6,32,49,루어스대평원2-5,32,2,0,99,362
0,루어스대평원2-6,31,49,루어스대평원2-5,31,2,0,99,362
0,루어스대평원2-6,30,49,루어스대평원2-5,30,2,0,99,362
0,루어스대평원2-6,29,49,루어스대평원2-5,29,2,0,99,362
0,루어스대평원2-6,28,49,루어스대평원2-5,28,2,0,99,362
0,루어스대평원2-6,27,49,루어스대평원2-5,27,2,0,99,362
0,루어스대평원2-6,26,49,루어스대평원2-5,26,2,0,99,362
0,루어스대평원2-6,25,49,루어스대평원2-5,25,2,0,99,362
0,루어스대평원2-6,24,49,루어스대평원2-5,24,2,0,99,362
0,루어스대평원2-6,23,49,루어스대평원2-5,23,2,0,99,362
0,루어스대평원2-6,22,49,루어스대평원2-5,22,2,0,99,362
0,루어스대평원2-6,21,49,루어스대평원2-5,21,2,0,99,362
0,루어스대평원2-6,20,49,루어스대평원2-5,20,2,0,99,362
0,루어스대평원2-6,19,49,루어스대평원2-5,19,2,0,99,362
0,루어스대평원2-6,18,49,루어스대평원2-5,18,2,0,99,362
0,루어스대평원2-6,17,49,루어스대평원2-5,17,2,0,99,362
0,루어스대평원2-6,16,49,루어스대평원2-5,16,2,0,99,362
0,루어스대평원2-6,15,49,루어스대평원2-5,15,2,0,99,362
0,루어스대평원2-6,14,49,루어스대평원2-5,14,2,0,99,362
0,루어스대평원2-6,13,49,루어스대평원2-5,13,2,0,99,362
0,루어스대평원2-6,12,49,루어스대평원2-5,12,2,0,99,362
0,루어스대평원2-6,11,49,루어스대평원2-5,11,2,0,99,362
0,루어스대평원2-6,10,49,루어스대평원2-5,10,2,0,99,362
0,루어스대평원2-6,9,49,루어스대평원2-5,9,2,0,99,362
0,루어스대평원2-6,8,49,루어스대평원2-5,8,2,0,99,362
0,루어스대평원2-6,7,49,루어스대평원2-5,7,2,0,99,362
0,루어스대평원2-6,6,49,루어스대평원2-5,6,2,0,99,362
0,루어스대평원2-6,5,49,루어스대평원2-5,5,2,0,99,362

0,루어스대평원2-6,45,0,루어스대평원2-7,45,47,0,99,362
0,루어스대평원2-6,44,0,루어스대평원2-7,44,47,0,99,362
0,루어스대평원2-6,43,0,루어스대평원2-7,43,47,0,99,362
0,루어스대평원2-6,42,0,루어스대평원2-7,42,47,0,99,362
0,루어스대평원2-6,41,0,루어스대평원2-7,41,47,0,99,362
0,루어스대평원2-6,40,0,루어스대평원2-7,40,47,0,99,362
0,루어스대평원2-6,39,0,루어스대평원2-7,39,47,0,99,362
0,루어스대평원2-6,38,0,루어스대평원2-7,38,47,0,99,362
0,루어스대평원2-6,37,0,루어스대평원2-7,37,47,0,99,362
0,루어스대평원2-6,36,0,루어스대평원2-7,36,47,0,99,362
0,루어스대평원2-6,35,0,루어스대평원2-7,35,47,0,99,362
0,루어스대평원2-6,34,0,루어스대평원2-7,34,47,0,99,362
0,루어스대평원2-6,33,0,루어스대평원2-7,33,47,0,99,362
0,루어스대평원2-6,32,0,루어스대평원2-7,32,47,0,99,362
0,루어스대평원2-6,31,0,루어스대평원2-7,31,47,0,99,362
0,루어스대평원2-6,30,0,루어스대평원2-7,30,47,0,99,362
0,루어스대평원2-6,29,0,루어스대평원2-7,29,47,0,99,362
0,루어스대평원2-6,28,0,루어스대평원2-7,28,47,0,99,362
0,루어스대평원2-6,27,0,루어스대평원2-7,27,47,0,99,362
0,루어스대평원2-6,26,0,루어스대평원2-7,26,47,0,99,362
0,루어스대평원2-6,25,0,루어스대평원2-7,25,47,0,99,362
0,루어스대평원2-6,24,0,루어스대평원2-7,24,47,0,99,362
0,루어스대평원2-6,23,0,루어스대평원2-7,23,47,0,99,362
0,루어스대평원2-6,22,0,루어스대평원2-7,22,47,0,99,362
0,루어스대평원2-6,21,0,루어스대평원2-7,21,47,0,99,362
0,루어스대평원2-6,20,0,루어스대평원2-7,20,47,0,99,362
0,루어스대평원2-6,19,0,루어스대평원2-7,19,47,0,99,362
0,루어스대평원2-6,18,0,루어스대평원2-7,18,47,0,99,362
0,루어스대평원2-6,17,0,루어스대평원2-7,17,47,0,99,362
0,루어스대평원2-6,16,0,루어스대평원2-7,16,47,0,99,362
0,루어스대평원2-6,15,0,루어스대평원2-7,15,47,0,99,362
0,루어스대평원2-6,14,0,루어스대평원2-7,14,47,0,99,362
0,루어스대평원2-6,13,0,루어스대평원2-7,13,47,0,99,362
0,루어스대평원2-6,12,0,루어스대평원2-7,12,47,0,99,362
0,루어스대평원2-6,11,0,루어스대평원2-7,11,47,0,99,362
0,루어스대평원2-6,10,0,루어스대평원2-7,10,47,0,99,362
0,루어스대평원2-6,9,0,루어스대평원2-7,9,47,0,99,362
0,루어스대평원2-6,8,0,루어스대평원2-7,8,47,0,99,362
0,루어스대평원2-6,7,0,루어스대평원2-7,7,47,0,99,362
0,루어스대평원2-6,6,0,루어스대평원2-7,6,47,0,99,362
0,루어스대평원2-6,5,0,루어스대평원2-7,5,47,0,99,362

0,루어스대평원2-7,45,49,루어스대평원2-6,45,2,0,99,362
0,루어스대평원2-7,44,49,루어스대평원2-6,44,2,0,99,362
0,루어스대평원2-7,43,49,루어스대평원2-6,43,2,0,99,362
0,루어스대평원2-7,42,49,루어스대평원2-6,42,2,0,99,362
0,루어스대평원2-7,41,49,루어스대평원2-6,41,2,0,99,362
0,루어스대평원2-7,40,49,루어스대평원2-6,40,2,0,99,362
0,루어스대평원2-7,39,49,루어스대평원2-6,39,2,0,99,362
0,루어스대평원2-7,38,49,루어스대평원2-6,38,2,0,99,362
0,루어스대평원2-7,37,49,루어스대평원2-6,37,2,0,99,362
0,루어스대평원2-7,36,49,루어스대평원2-6,36,2,0,99,362
0,루어스대평원2-7,35,49,루어스대평원2-6,35,2,0,99,362
0,루어스대평원2-7,34,49,루어스대평원2-6,34,2,0,99,362
0,루어스대평원2-7,33,49,루어스대평원2-6,33,2,0,99,362
0,루어스대평원2-7,32,49,루어스대평원2-6,32,2,0,99,362
0,루어스대평원2-7,31,49,루어스대평원2-6,31,2,0,99,362
0,루어스대평원2-7,30,49,루어스대평원2-6,30,2,0,99,362
0,루어스대평원2-7,29,49,루어스대평원2-6,29,2,0,99,362
0,루어스대평원2-7,28,49,루어스대평원2-6,28,2,0,99,362
0,루어스대평원2-7,27,49,루어스대평원2-6,27,2,0,99,362
0,루어스대평원2-7,26,49,루어스대평원2-6,26,2,0,99,362
0,루어스대평원2-7,25,49,루어스대평원2-6,25,2,0,99,362
0,루어스대평원2-7,24,49,루어스대평원2-6,24,2,0,99,362
0,루어스대평원2-7,23,49,루어스대평원2-6,23,2,0,99,362
0,루어스대평원2-7,22,49,루어스대평원2-6,22,2,0,99,362
0,루어스대평원2-7,21,49,루어스대평원2-6,21,2,0,99,362
0,루어스대평원2-7,20,49,루어스대평원2-6,20,2,0,99,362
0,루어스대평원2-7,19,49,루어스대평원2-6,19,2,0,99,362
0,루어스대평원2-7,18,49,루어스대평원2-6,18,2,0,99,362
0,루어스대평원2-7,17,49,루어스대평원2-6,17,2,0,99,362
0,루어스대평원2-7,16,49,루어스대평원2-6,16,2,0,99,362
0,루어스대평원2-7,15,49,루어스대평원2-6,15,2,0,99,362
0,루어스대평원2-7,14,49,루어스대평원2-6,14,2,0,99,362
0,루어스대평원2-7,13,49,루어스대평원2-6,13,2,0,99,362
0,루어스대평원2-7,12,49,루어스대평원2-6,12,2,0,99,362
0,루어스대평원2-7,11,49,루어스대평원2-6,11,2,0,99,362
0,루어스대평원2-7,10,49,루어스대평원2-6,10,2,0,99,362
0,루어스대평원2-7,9,49,루어스대평원2-6,9,2,0,99,362
0,루어스대평원2-7,8,49,루어스대평원2-6,8,2,0,99,362
0,루어스대평원2-7,7,49,루어스대평원2-6,7,2,0,99,362
0,루어스대평원2-7,6,49,루어스대평원2-6,6,2,0,99,362
0,루어스대평원2-7,5,49,루어스대평원2-6,5,2,0,99,362

0,루어스대평원2-7,45,0,루어스대평원2-8,45,47,0,99,362
0,루어스대평원2-7,44,0,루어스대평원2-8,44,47,0,99,362
0,루어스대평원2-7,43,0,루어스대평원2-8,43,47,0,99,362
0,루어스대평원2-7,42,0,루어스대평원2-8,42,47,0,99,362
0,루어스대평원2-7,41,0,루어스대평원2-8,41,47,0,99,362
0,루어스대평원2-7,40,0,루어스대평원2-8,40,47,0,99,362
0,루어스대평원2-7,39,0,루어스대평원2-8,39,47,0,99,362
0,루어스대평원2-7,38,0,루어스대평원2-8,38,47,0,99,362
0,루어스대평원2-7,37,0,루어스대평원2-8,37,47,0,99,362
0,루어스대평원2-7,36,0,루어스대평원2-8,36,47,0,99,362
0,루어스대평원2-7,35,0,루어스대평원2-8,35,47,0,99,362
0,루어스대평원2-7,34,0,루어스대평원2-8,34,47,0,99,362
0,루어스대평원2-7,33,0,루어스대평원2-8,33,47,0,99,362
0,루어스대평원2-7,32,0,루어스대평원2-8,32,47,0,99,362
0,루어스대평원2-7,31,0,루어스대평원2-8,31,47,0,99,362
0,루어스대평원2-7,30,0,루어스대평원2-8,30,47,0,99,362
0,루어스대평원2-7,29,0,루어스대평원2-8,29,47,0,99,362
0,루어스대평원2-7,28,0,루어스대평원2-8,28,47,0,99,362
0,루어스대평원2-7,27,0,루어스대평원2-8,27,47,0,99,362
0,루어스대평원2-7,26,0,루어스대평원2-8,26,47,0,99,362
0,루어스대평원2-7,25,0,루어스대평원2-8,25,47,0,99,362
0,루어스대평원2-7,24,0,루어스대평원2-8,24,47,0,99,362
0,루어스대평원2-7,23,0,루어스대평원2-8,23,47,0,99,362
0,루어스대평원2-7,22,0,루어스대평원2-8,22,47,0,99,362
0,루어스대평원2-7,21,0,루어스대평원2-8,21,47,0,99,362
0,루어스대평원2-7,20,0,루어스대평원2-8,20,47,0,99,362
0,루어스대평원2-7,19,0,루어스대평원2-8,19,47,0,99,362
0,루어스대평원2-7,18,0,루어스대평원2-8,18,47,0,99,362
0,루어스대평원2-7,17,0,루어스대평원2-8,17,47,0,99,362
0,루어스대평원2-7,16,0,루어스대평원2-8,16,47,0,99,362
0,루어스대평원2-7,15,0,루어스대평원2-8,15,47,0,99,362
0,루어스대평원2-7,14,0,루어스대평원2-8,14,47,0,99,362
0,루어스대평원2-7,13,0,루어스대평원2-8,13,47,0,99,362
0,루어스대평원2-7,12,0,루어스대평원2-8,12,47,0,99,362
0,루어스대평원2-7,11,0,루어스대평원2-8,11,47,0,99,362
0,루어스대평원2-7,10,0,루어스대평원2-8,10,47,0,99,362
0,루어스대평원2-7,9,0,루어스대평원2-8,9,47,0,99,362
0,루어스대평원2-7,8,0,루어스대평원2-8,8,47,0,99,362
0,루어스대평원2-7,7,0,루어스대평원2-8,7,47,0,99,362
0,루어스대평원2-7,6,0,루어스대평원2-8,6,47,0,99,362
0,루어스대평원2-7,5,0,루어스대평원2-8,5,47,0,99,362

0,루어스대평원2-8,45,49,루어스대평원2-7,45,2,0,99,362
0,루어스대평원2-8,44,49,루어스대평원2-7,44,2,0,99,362
0,루어스대평원2-8,43,49,루어스대평원2-7,43,2,0,99,362
0,루어스대평원2-8,42,49,루어스대평원2-7,42,2,0,99,362
0,루어스대평원2-8,41,49,루어스대평원2-7,41,2,0,99,362
0,루어스대평원2-8,40,49,루어스대평원2-7,40,2,0,99,362
0,루어스대평원2-8,39,49,루어스대평원2-7,39,2,0,99,362
0,루어스대평원2-8,38,49,루어스대평원2-7,38,2,0,99,362
0,루어스대평원2-8,37,49,루어스대평원2-7,37,2,0,99,362
0,루어스대평원2-8,36,49,루어스대평원2-7,36,2,0,99,362
0,루어스대평원2-8,35,49,루어스대평원2-7,35,2,0,99,362
0,루어스대평원2-8,34,49,루어스대평원2-7,34,2,0,99,362
0,루어스대평원2-8,33,49,루어스대평원2-7,33,2,0,99,362
0,루어스대평원2-8,32,49,루어스대평원2-7,32,2,0,99,362
0,루어스대평원2-8,31,49,루어스대평원2-7,31,2,0,99,362
0,루어스대평원2-8,30,49,루어스대평원2-7,30,2,0,99,362
0,루어스대평원2-8,29,49,루어스대평원2-7,29,2,0,99,362
0,루어스대평원2-8,28,49,루어스대평원2-7,28,2,0,99,362
0,루어스대평원2-8,27,49,루어스대평원2-7,27,2,0,99,362
0,루어스대평원2-8,26,49,루어스대평원2-7,26,2,0,99,362
0,루어스대평원2-8,25,49,루어스대평원2-7,25,2,0,99,362
0,루어스대평원2-8,24,49,루어스대평원2-7,24,2,0,99,362
0,루어스대평원2-8,23,49,루어스대평원2-7,23,2,0,99,362
0,루어스대평원2-8,22,49,루어스대평원2-7,22,2,0,99,362
0,루어스대평원2-8,21,49,루어스대평원2-7,21,2,0,99,362
0,루어스대평원2-8,20,49,루어스대평원2-7,20,2,0,99,362
0,루어스대평원2-8,19,49,루어스대평원2-7,19,2,0,99,362
0,루어스대평원2-8,18,49,루어스대평원2-7,18,2,0,99,362
0,루어스대평원2-8,17,49,루어스대평원2-7,17,2,0,99,362
0,루어스대평원2-8,16,49,루어스대평원2-7,16,2,0,99,362
0,루어스대평원2-8,15,49,루어스대평원2-7,15,2,0,99,362
0,루어스대평원2-8,14,49,루어스대평원2-7,14,2,0,99,362
0,루어스대평원2-8,13,49,루어스대평원2-7,13,2,0,99,362
0,루어스대평원2-8,12,49,루어스대평원2-7,12,2,0,99,362
0,루어스대평원2-8,11,49,루어스대평원2-7,11,2,0,99,362
0,루어스대평원2-8,10,49,루어스대평원2-7,10,2,0,99,362
0,루어스대평원2-8,9,49,루어스대평원2-7,9,2,0,99,362
0,루어스대평원2-8,8,49,루어스대평원2-7,8,2,0,99,362
0,루어스대평원2-8,7,49,루어스대평원2-7,7,2,0,99,362
0,루어스대평원2-8,6,49,루어스대평원2-7,6,2,0,99,362
0,루어스대평원2-8,5,49,루어스대평원2-7,5,2,0,99,362

0,루어스대평원2-8,45,0,루어스대평원2-9,45,47,0,99,362
0,루어스대평원2-8,44,0,루어스대평원2-9,44,47,0,99,362
0,루어스대평원2-8,43,0,루어스대평원2-9,43,47,0,99,362
0,루어스대평원2-8,42,0,루어스대평원2-9,42,47,0,99,362
0,루어스대평원2-8,41,0,루어스대평원2-9,41,47,0,99,362
0,루어스대평원2-8,40,0,루어스대평원2-9,40,47,0,99,362
0,루어스대평원2-8,39,0,루어스대평원2-9,39,47,0,99,362
0,루어스대평원2-8,38,0,루어스대평원2-9,38,47,0,99,362
0,루어스대평원2-8,37,0,루어스대평원2-9,37,47,0,99,362
0,루어스대평원2-8,36,0,루어스대평원2-9,36,47,0,99,362
0,루어스대평원2-8,35,0,루어스대평원2-9,35,47,0,99,362
0,루어스대평원2-8,34,0,루어스대평원2-9,34,47,0,99,362
0,루어스대평원2-8,33,0,루어스대평원2-9,33,47,0,99,362
0,루어스대평원2-8,32,0,루어스대평원2-9,32,47,0,99,362
0,루어스대평원2-8,31,0,루어스대평원2-9,31,47,0,99,362
0,루어스대평원2-8,30,0,루어스대평원2-9,30,47,0,99,362
0,루어스대평원2-8,29,0,루어스대평원2-9,29,47,0,99,362
0,루어스대평원2-8,28,0,루어스대평원2-9,28,47,0,99,362
0,루어스대평원2-8,27,0,루어스대평원2-9,27,47,0,99,362
0,루어스대평원2-8,26,0,루어스대평원2-9,26,47,0,99,362
0,루어스대평원2-8,25,0,루어스대평원2-9,25,47,0,99,362
0,루어스대평원2-8,24,0,루어스대평원2-9,24,47,0,99,362
0,루어스대평원2-8,23,0,루어스대평원2-9,23,47,0,99,362
0,루어스대평원2-8,22,0,루어스대평원2-9,22,47,0,99,362
0,루어스대평원2-8,21,0,루어스대평원2-9,21,47,0,99,362
0,루어스대평원2-8,20,0,루어스대평원2-9,20,47,0,99,362
0,루어스대평원2-8,19,0,루어스대평원2-9,19,47,0,99,362
0,루어스대평원2-8,18,0,루어스대평원2-9,18,47,0,99,362
0,루어스대평원2-8,17,0,루어스대평원2-9,17,47,0,99,362
0,루어스대평원2-8,16,0,루어스대평원2-9,16,47,0,99,362
0,루어스대평원2-8,15,0,루어스대평원2-9,15,47,0,99,362
0,루어스대평원2-8,14,0,루어스대평원2-9,14,47,0,99,362
0,루어스대평원2-8,13,0,루어스대평원2-9,13,47,0,99,362
0,루어스대평원2-8,12,0,루어스대평원2-9,12,47,0,99,362
0,루어스대평원2-8,11,0,루어스대평원2-9,11,47,0,99,362
0,루어스대평원2-8,10,0,루어스대평원2-9,10,47,0,99,362
0,루어스대평원2-8,9,0,루어스대평원2-9,9,47,0,99,362
0,루어스대평원2-8,8,0,루어스대평원2-9,8,47,0,99,362
0,루어스대평원2-8,7,0,루어스대평원2-9,7,47,0,99,362
0,루어스대평원2-8,6,0,루어스대평원2-9,6,47,0,99,362
0,루어스대평원2-8,5,0,루어스대평원2-9,5,47,0,99,362

0,루어스대평원2-9,45,49,루어스대평원2-8,45,2,0,99,362
0,루어스대평원2-9,44,49,루어스대평원2-8,44,2,0,99,362
0,루어스대평원2-9,43,49,루어스대평원2-8,43,2,0,99,362
0,루어스대평원2-9,42,49,루어스대평원2-8,42,2,0,99,362
0,루어스대평원2-9,41,49,루어스대평원2-8,41,2,0,99,362
0,루어스대평원2-9,40,49,루어스대평원2-8,40,2,0,99,362
0,루어스대평원2-9,39,49,루어스대평원2-8,39,2,0,99,362
0,루어스대평원2-9,38,49,루어스대평원2-8,38,2,0,99,362
0,루어스대평원2-9,37,49,루어스대평원2-8,37,2,0,99,362
0,루어스대평원2-9,36,49,루어스대평원2-8,36,2,0,99,362
0,루어스대평원2-9,35,49,루어스대평원2-8,35,2,0,99,362
0,루어스대평원2-9,34,49,루어스대평원2-8,34,2,0,99,362
0,루어스대평원2-9,33,49,루어스대평원2-8,33,2,0,99,362
0,루어스대평원2-9,32,49,루어스대평원2-8,32,2,0,99,362
0,루어스대평원2-9,31,49,루어스대평원2-8,31,2,0,99,362
0,루어스대평원2-9,30,49,루어스대평원2-8,30,2,0,99,362
0,루어스대평원2-9,29,49,루어스대평원2-8,29,2,0,99,362
0,루어스대평원2-9,28,49,루어스대평원2-8,28,2,0,99,362
0,루어스대평원2-9,27,49,루어스대평원2-8,27,2,0,99,362
0,루어스대평원2-9,26,49,루어스대평원2-8,26,2,0,99,362
0,루어스대평원2-9,25,49,루어스대평원2-8,25,2,0,99,362
0,루어스대평원2-9,24,49,루어스대평원2-8,24,2,0,99,362
0,루어스대평원2-9,23,49,루어스대평원2-8,23,2,0,99,362
0,루어스대평원2-9,22,49,루어스대평원2-8,22,2,0,99,362
0,루어스대평원2-9,21,49,루어스대평원2-8,21,2,0,99,362
0,루어스대평원2-9,20,49,루어스대평원2-8,20,2,0,99,362
0,루어스대평원2-9,19,49,루어스대평원2-8,19,2,0,99,362
0,루어스대평원2-9,18,49,루어스대평원2-8,18,2,0,99,362
0,루어스대평원2-9,17,49,루어스대평원2-8,17,2,0,99,362
0,루어스대평원2-9,16,49,루어스대평원2-8,16,2,0,99,362
0,루어스대평원2-9,15,49,루어스대평원2-8,15,2,0,99,362
0,루어스대평원2-9,14,49,루어스대평원2-8,14,2,0,99,362
0,루어스대평원2-9,13,49,루어스대평원2-8,13,2,0,99,362
0,루어스대평원2-9,12,49,루어스대평원2-8,12,2,0,99,362
0,루어스대평원2-9,11,49,루어스대평원2-8,11,2,0,99,362
0,루어스대평원2-9,10,49,루어스대평원2-8,10,2,0,99,362
0,루어스대평원2-9,9,49,루어스대평원2-8,9,2,0,99,362
0,루어스대평원2-9,8,49,루어스대평원2-8,8,2,0,99,362
0,루어스대평원2-9,7,49,루어스대평원2-8,7,2,0,99,362
0,루어스대평원2-9,6,49,루어스대평원2-8,6,2,0,99,362
0,루어스대평원2-9,5,49,루어스대평원2-8,5,2,0,99,362


0,루어스대평원2-9,9,12,대평원던전대기소,10,2,0,99,362
0,루어스대평원2-9,8,13,대평원던전대기소,10,2,0,99,362
0,대평원던전대기소,9,0,루어스대평원2-9,11,15,0,99,362
0,대평원던전대기소,10,0,루어스대평원2-9,11,15,0,99,362
0,대평원던전대기소,11,0,루어스대평원2-9,11,15,0,99,362

0,대평원던전대기소,25,17,대평원던전1-1층,19,2,99,362
0,대평원던전대기소,25,18,대평원던전1-1층,20,2,0,99,362

0,대평원던전1-1층,19,0,대평원던전대기소,21,17,0,99,362
0,대평원던전1-1층,20,0,대평원던전대기소,21,17,0,99,362

0,대평원던전1-1층,45,45,대평원던전1-2층,47,47,0,99,362
0,대평원던전1-2층,49,47,대평원던전1-1층,45,43,0,99,362
0,대평원던전1-2층,49,48,대평원던전1-1층,45,43,0,99,362

0,대평원던전1-2층,30,6,대평원던전1-3층,9,2,0,99,362
0,대평원던전1-3층,9,0,대평원던전1-2층,30,4,0,99,362
0,대평원던전1-3층,10,0,대평원던전1-2층,30,4,0,99,362

0,대평원던전1-3층,44,45,대평원던전1-4층,16,22,0,99,362
0,대평원던전1-4층,16,24,대평원던전1-3층,42,45,0,99,362
0,대평원던전1-4층,17,24,대평원던전1-3층,42,45,0,99,362

0,대평원던전1-4층,20,1,대평원던전결계,5,20,0,99,362
0,대평원던전결계,5,24,대평원던전1-4층,19,2,0,99,362
0,대평원던전결계,6,24,대평원던전1-4층,19,2,0,99,362

0,대평원던전대기소,8,25,대평원던전2-1층,4,17,0,99,362
0,대평원던전대기소,9,25,대평원던전2-1층,4,17,0,99,362
0,대평원던전2-1층,3,19,대평원던전대기소,8,22,0,99,362
0,대평원던전2-1층,15,1,대평원던전2-2층,12,22,0,99,362
0,대평원던전2-2층,12,24,대평원던전2-1층,14,2,0,99,362
0,대평원던전2-2층,20,2,대평원던전2-3층,12,23,0,99,362
0,대평원던전2-3층,12,25,대평원던전2-2층,19,3,0,99,362
0,대평원던전2-3층,20,3,대평원던전2-4층,27,27,0,99,362
0,대평원던전2-4층,27,29,대평원던전2-3층,19,4,0,99,362
0,대평원던전2-4층,16,9,대평원던전결계,21,22,0,99,362
0,대평원던전결계,21,24,대평원던전2-4층,17,10,0,99,362
0,대평원던전결계,22,24,대평원던전2-4층,17,10,0,99,362
0,대평원던전결계,0,3,대평원던전3-5층,13,5,0,99,362
0,대평원던전3-5층,11,5,대평원던전결계,3,3,0,99,362
0,대평원던전3-5층,0,39,대평원던전3-6층,3,30,0,99,362
0,대평원던전3-6층,1,30,대평원던전3-5층,2,39,0,99,362
0,대평원던전3-6층,29,1,대평원던전3-7층,30,3,0,99,362
0,대평원던전3-7층,30,1,대평원던전3-6층,29,3,0,99,362
0,대평원던전3-7층,1,29,대평원던전3-8층,3,29,0,99,362
0,대평원던전3-8층,1,29,대평원던전3-7층,3,29,0,99,362
0,대평원던전결계,14,0,대평원던전4-5층,3,32,0,99,362
0,대평원던전4-5층,1,32,대평원던전결계,14,2,0,99,362
0,대평원던전4-5층,39,37,대평원던전4-6층,4,26,0,99,362
0,대평원던전4-6층,4,28,대평원던전4-5층,41,37,0,99,362
0,대평원던전4-6층,4,1,대평원던전4-7층,4,3,0,99,362
0,대평원던전4-7층,4,1,대평원던전4-6층,4,3,0,99,362
0,대평원던전4-7층,4,28,대평원던전4-8층,7,26,0,99,362
0,대평원던전4-8층,4,28,대평원던전4-7층,4,26,0,99,362
0,대평원던전4-6층,26,1,대평원던전흔적의방1,2,2,0,99,362
0,대평원던전흔적의방1,0,1,대평원던전4-6층,26,3,0,99,362
0,대평원던전흔적의방1,0,2,대평원던전4-6층,26,3,0,99,362
0,대평원던전흔적의방1,0,3,대평원던전4-6층,26,3,0,99,362
0,대평원던전흔적의방1,0,4,대평원던전4-6층,26,3,0,99,362
0,대평원던전흔적의방1,29,2,대평원던전흔적의방2,2,3,0,99,362
0,대평원던전흔적의방1,29,3,대평원던전흔적의방2,2,4,0,99,362
0,대평원던전흔적의방2,0,1,대평원던전흔적의방1,27,2,0,99,362
0,대평원던전흔적의방2,0,2,대평원던전흔적의방1,27,2,0,99,362
0,대평원던전흔적의방2,0,3,대평원던전흔적의방1,27,2,0,99,362
0,대평원던전흔적의방2,0,4,대평원던전흔적의방1,27,2,0,99,362
0,대평원던전흔적의방2,0,5,대평원던전흔적의방1,27,3,0,99,362
0,대평원던전흔적의방2,0,6,대평원던전흔적의방1,27,3,0,99,362
0,대평원던전흔적의방2,0,7,대평원던전흔적의방1,27,3,0,99,362
0,대평원던전흔적의방2,0,8,대평원던전흔적의방1,27,3,0,99,362
0,대평원던전흔적의방2,29,2,대평원던전흔적의방3,2,10,0,99,362
0,대평원던전흔적의방2,29,3,대평원던전흔적의방3,2,10,0,99,362
0,대평원던전흔적의방2,29,4,대평원던전흔적의방3,2,10,0,99,362
0,대평원던전흔적의방2,29,5,대평원던전흔적의방3,2,10,0,99,362
0,대평원던전흔적의방2,29,6,대평원던전흔적의방3,2,10,0,99,362
0,대평원던전흔적의방3,1,10,대평원던전흔적의방2,27,5,0,99,362

3,대평원던전흔적의방3,2,13,대평원R,0,0,0,99,0
3,대평원던전흔적의방3,8,2,대평원R,0,0,0,99,0
3,대평원던전흔적의방3,13,10,대평원R,0,0,0,99,0

3,대평원던전3-8층,19,19,대평원R,0,0,90,99,0

3,대평원던전4-8층,14,14,대평원R,0,0,0,99,0
3,대평원던전4-8층,4,1,대평원R,0,0,90,99,362
0,대평원던전의미로,22,48,대평원던전4-8층,5,2,90,99,362
3,대평원던전의미로,4,1,대평원R,0,0,0,99,362
3,대평원던전의끝1,12,12,대평원R,0,0,0,99,0